,BestArm,NumberFunctionEval,Algorithm,CostFunction,EuclideanDistance,TrueRewardDifference,CumulativeRegret,TimeToComplete,Continuous,Differentiability,Separability,Scalability,Modality,Ndimensions,OptimizationSuccessful,BBOB,BaseClass,SD,MaxFeval,MaxFevalPerDimensions,FevalPerDimensions,SolveAt1,SolveAt1e-1,SolveAt1e-3,SolveAt1e-6,SolveEarlierAt1,SolveEarlierAt1e-1,SolveEarlierAt1e-3,SolveEarlierAt1e-6,simNumber
0,[ 1.28174207  1.53492065  0.63567785  2.40162743 -0.99998866  0.66351496],600000,NiaPyNelderMead,BentCigarN6,3.4074879575555252,10696551.293180915,6445197302367.037,38.40186332099984,Continuous,Differentiable,Non-Separable,Scalable,Multimodal,6,True,True,BentCigar,3.0,600000,100000.0,100000.0,False,False,False,False,,,,,0
1,[-0.50762177  0.03166843 -0.09216891 -0.55048966  0.20261049 -0.18065241],600000,NiaPyPSO,BentCigarN6,0.8024356838920905,5326.230011418156,2044163744239.3752,44.179358895000405,Continuous,Differentiable,Non-Separable,Scalable,Multimodal,6,True,True,BentCigar,3.0,600000,100000.0,100000.0,False,False,False,False,,,,,0
2,[-2.64300696  0.3839241  -0.57497518  1.27853895  0.25320545  0.10516396],600000,NiaPySimulatedAnnealing,BentCigarN6,3.0287479708469656,736496.5757555447,2.655973563779159e+16,52.03700408899931,Continuous,Differentiable,Non-Separable,Scalable,Multimodal,6,True,True,BentCigar,3.0,600000,100000.0,100000.0,False,False,False,False,,,,,0
3,[ 1.35873619  2.28069774  1.27320452  1.01102601 -2.46403068  2.27784556],600000,NiaPyCuckooSearch,BentCigarN6,4.577225922047702,2737537.0854391013,1289229768840993.8,37.52588809000008,Continuous,Differentiable,Non-Separable,Scalable,Multimodal,6,True,True,BentCigar,3.0,600000,100000.0,100000.0,False,False,False,False,,,,,0
4,[ 0.02661102  0.07641556  0.02357945 -0.05381683  0.01212819  0.05579153],600000,NiaPyDifferentialEvolution,BentCigarN6,0.11514995585304047,3.0580701246828212,3961650083867.3423,134.9441421699994,Continuous,Differentiable,Non-Separable,Scalable,Multimodal,6,True,True,BentCigar,3.0,600000,100000.0,100000.0,False,False,False,False,,,,,0
5,[ 0.11553379  0.22575143  0.51395931  0.03129579 -0.40976422  0.02762001],600000,RandomSearch1,BentCigarN6,0.7057725901685551,356643.493622105,2453558056465421.0,41.67523584599985,Continuous,Differentiable,Non-Separable,Scalable,Multimodal,6,True,True,BentCigar,3.0,600000,100000.0,100000.0,False,False,False,False,,,,,0
6,[-0.93111283 -0.40887486  0.3486775   0.39594017 -0.91844322 -0.31619616],599999,RandomSearch2,BentCigarN6,1.5020027711620791,439803.39737583965,566714906594692.8,39.78212415099915,Continuous,Differentiable,Non-Separable,Scalable,Multimodal,6,True,True,BentCigar,3.0,600000,100000.0,99999.83333333333,False,False,False,False,,,,,0
7,[-0.04978262  0.08660115 -0.10501882  0.03693572  0.04577708  0.21187134],6166,CMAES,BentCigarN6,0.2633557909378869,0.7359665073589958,40291122007.33811,1.6821391790017515,Continuous,Differentiable,Non-Separable,Scalable,Multimodal,6,True,True,BentCigar,3.0,600000,100000.0,1027.6666666666667,True,False,False,False,789.0,,,,0
