,BestArm,NumberFunctionEval,Algorithm,CostFunction,EuclideanDistance,TrueRewardDifference,CumulativeRegret,TimeToComplete,Continuous,Differentiability,Separability,Scalability,Modality,Ndimensions,OptimizationSuccessful,BBOB,BaseClass,SD,MaxFeval,MaxFevalPerDimensions,FevalPerDimensions,SolveAt1,SolveAt1e-1,SolveAt1e-3,SolveAt1e-6,SolveEarlierAt1,SolveEarlierAt1e-1,SolveEarlierAt1e-3,SolveEarlierAt1e-6,simNumber
0,[ 6.16091122 -1.87956622  2.6015534   2.31470084  1.32678096 -0.69167525],120,NiaPyNelderMead,BentCigarN6,7.473572013595496,23220530.86773689,81621741294.03319,0.009378384999990885,Continuous,Differentiable,Non-Separable,Scalable,Multimodal,6,True,True,BentCigar,3.0,120,20.0,20.0,False,False,False,False,,,,,9
1,[3.7106234  0.450772   3.75311315 0.41920202 1.92741608 1.31370688],120,NiaPyPSO,BentCigarN6,5.802953434857268,34711531.61581483,621418299551.3027,0.00906962199999839,Continuous,Differentiable,Non-Separable,Scalable,Multimodal,6,True,True,BentCigar,3.0,120,20.0,20.0,False,False,False,False,,,,,9
2,[ 7.69587341  4.92887816 -1.87257951  0.75214506  5.0274745  -1.81269202],120,NiaPySimulatedAnnealing,BentCigarN6,10.777473537184088,2808823505.3838964,1424337509803.3135,0.011508403000007661,Continuous,Differentiable,Non-Separable,Scalable,Multimodal,6,True,True,BentCigar,3.0,120,20.0,20.0,False,False,False,False,,,,,9
3,[-1.63549065  1.52918207  0.11996598 -3.67368311 -1.65343434  0.71921626],120,NiaPyCuckooSearch,BentCigarN6,4.666335180150735,18406193.459416986,2421094464745.6963,0.007988748000002488,Continuous,Differentiable,Non-Separable,Scalable,Multimodal,6,True,True,BentCigar,3.0,120,20.0,20.0,False,False,False,False,,,,,9
4,[-1.83660517  3.72454357 -3.58590899 -0.3485896  -3.78071016 -0.79939551],120,NiaPyDifferentialEvolution,BentCigarN6,6.720000282970773,45096802.94102442,462985934753.9828,0.02328371800000184,Continuous,Differentiable,Non-Separable,Scalable,Multimodal,6,True,True,BentCigar,3.0,120,20.0,20.0,False,False,False,False,,,,,9
5,[-3.60448267 -2.39252902  1.07145629 -1.29308693 -2.11869781 -0.53690656],120,RandomSearch1,BentCigarN6,5.129691208424893,39381437.4996527,822929649860.2646,0.00957086600000423,Continuous,Differentiable,Non-Separable,Scalable,Multimodal,6,True,True,BentCigar,3.0,120,20.0,20.0,False,False,False,False,,,,,9
6,[-4.19196081  0.90415859 -1.05332785 -0.49431696 -0.03791199  1.66613785],119,RandomSearch2,BentCigarN6,4.745665353791494,10888352.272588426,378583709541.2333,0.008170599999999695,Continuous,Differentiable,Non-Separable,Scalable,Multimodal,6,True,True,BentCigar,3.0,120,20.0,19.833333333333332,False,False,False,False,,,,,9
7,[-0.52014999  0.75266969  0.85858153  5.88331546  3.70765983  2.63441183],127,CMAES,BentCigarN6,7.5415182661311535,50663367.38345224,50470226379.77901,0.07407765300000335,Continuous,Differentiable,Non-Separable,Scalable,Multimodal,6,True,True,BentCigar,3.0,120,20.0,21.166666666666668,False,False,False,False,,,,,9
