,BestArm,NumberFunctionEval,Algorithm,CostFunction,EuclideanDistance,TrueRewardDifference,CumulativeRegret,TimeToComplete,Continuous,Differentiability,Separability,Scalability,Modality,Ndimensions,OptimizationSuccessful,BBOB,BaseClass,SD,MaxFeval,MaxFevalPerDimensions,FevalPerDimensions,SolveAt1,SolveAt1e-1,SolveAt1e-3,SolveAt1e-6,SolveEarlierAt1,SolveEarlierAt1e-1,SolveEarlierAt1e-3,SolveEarlierAt1e-6,simNumber
0,[ 5.48173583 -1.45358914  0.35681504 -0.7390389  -0.53207307 -0.11952553],600000,NiaPyNelderMead,BentCigarN6,5.756147380732191,51499148.90648898,30940479330184.86,44.6508180919991,Continuous,Differentiable,Non-Separable,Scalable,Multimodal,6,True,True,BentCigar,3.0,600000,100000.0,100000.0,False,False,False,False,,,,,6
1,[-0.24144986 -0.46136961 -0.87077554  0.24314807  0.00657336  0.4490557 ],600000,NiaPyPSO,BentCigarN6,1.1358808053363136,3520.4651848988215,1440664013567.576,48.81914393899933,Continuous,Differentiable,Non-Separable,Scalable,Multimodal,6,True,True,BentCigar,3.0,600000,100000.0,100000.0,False,False,False,False,,,,,6
2,[-0.02676161  1.64737076  0.60099839  0.60334128  0.59767965 -0.79117804],600000,NiaPySimulatedAnnealing,BentCigarN6,2.1030810791160053,2309283.3731144783,8657030301118073.0,49.916714413999216,Continuous,Differentiable,Non-Separable,Scalable,Multimodal,6,True,True,BentCigar,3.0,600000,100000.0,100000.0,False,False,False,False,,,,,6
3,[ 0.13793809 -0.43239235  0.23791245  1.59334961  0.57802026 -0.71409882],600000,NiaPyCuckooSearch,BentCigarN6,1.9092930423972985,936313.0262781056,1.1829593390749926e+17,37.83426139400035,Continuous,Differentiable,Non-Separable,Scalable,Multimodal,6,True,True,BentCigar,3.0,600000,100000.0,100000.0,False,False,False,False,,,,,6
4,[-0.08498531  0.11552339  0.02236526  0.09034039  0.05420471  0.30929999],600000,NiaPyDifferentialEvolution,BentCigarN6,0.35753934497979284,2.3675749106007067,1662868521271.0842,129.2646194329991,Continuous,Differentiable,Non-Separable,Scalable,Multimodal,6,True,True,BentCigar,3.0,600000,100000.0,100000.0,False,False,False,False,29051.0,,,,6
5,[ 0.30992753  0.80638951  0.69491164  0.60187385  0.708152   -0.63943215],600000,RandomSearch1,BentCigarN6,1.581716210608503,438489.9497914834,9307889508015362.0,44.86856460499985,Continuous,Differentiable,Non-Separable,Scalable,Multimodal,6,True,True,BentCigar,3.0,600000,100000.0,100000.0,False,False,False,False,,,,,6
6,[-2.88436254  1.90376867 -4.72765663 -2.73150483 -1.83810634 -1.87384654],599999,RandomSearch2,BentCigarN6,6.974645088329741,1277672.5796601656,2397240664454324.5,40.83792115899996,Continuous,Differentiable,Non-Separable,Scalable,Multimodal,6,True,True,BentCigar,3.0,600000,100000.0,99999.83333333333,False,False,False,False,,,,,6
7,[6.83585113 8.02967877 7.05038347 3.03050633 7.39781759 6.04185252],6301,CMAES,BentCigarN6,16.165647665811232,313.32506975895075,4634130133.830701,1.6644807180000498,Continuous,Differentiable,Non-Separable,Scalable,Multimodal,6,True,True,BentCigar,3.0,600000,100000.0,1050.1666666666667,False,False,False,False,,,,,6
