,BestArm,NumberFunctionEval,Algorithm,CostFunction,EuclideanDistance,TrueRewardDifference,CumulativeRegret,TimeToComplete,Continuous,Differentiability,Separability,Scalability,Modality,Ndimensions,OptimizationSuccessful,BBOB,BaseClass,SD,MaxFeval,MaxFevalPerDimensions,FevalPerDimensions,SolveAt1,SolveAt1e-1,SolveAt1e-3,SolveAt1e-6,SolveEarlierAt1,SolveEarlierAt1e-1,SolveEarlierAt1e-3,SolveEarlierAt1e-6,simNumber
0,[2.41469652 2.67589067 2.63675457 1.969877   2.30204185 0.61209138],600000,NiaPyNelderMead,BentCigarN6,5.431214667126483,45765436.67808526,27468875851628.098,38.49598120999872,Continuous,Differentiable,Non-Separable,Scalable,Multimodal,6,True,True,BentCigar,0.0,600000,100000.0,100000.0,False,False,False,False,,,,,6
1,[-0.71465547 -1.3866585   0.31191889 -1.10279536  1.52887754  1.06466098],600000,NiaPyPSO,BentCigarN6,2.686628887677127,620.7120731830031,1533528389258.9944,38.18574408299901,Continuous,Differentiable,Non-Separable,Scalable,Multimodal,6,True,True,BentCigar,0.0,600000,100000.0,100000.0,False,False,False,False,,,,,6
2,[ 0.65909016  0.32629395  1.27710376  0.11622431 -0.53734817  0.95322166],600000,NiaPySimulatedAnnealing,BentCigarN6,1.8392238253614563,3089839.8887829036,7453972138440563.0,46.37882445100149,Continuous,Differentiable,Non-Separable,Scalable,Multimodal,6,True,True,BentCigar,0.0,600000,100000.0,100000.0,False,False,False,False,,,,,6
3,[ 1.08730871  0.66305309  4.0237413  -2.81984377  0.339435   -0.51005307],600000,NiaPyCuckooSearch,BentCigarN6,5.112657115372773,1155297.6131073125,3813070275311110.5,32.61873075999938,Continuous,Differentiable,Non-Separable,Scalable,Multimodal,6,True,True,BentCigar,0.0,600000,100000.0,100000.0,False,False,False,False,,,,,6
4,[ 0.01394905 -0.04565496 -0.04238031 -0.00210245  0.02027738  0.01601923],600000,NiaPyDifferentialEvolution,BentCigarN6,0.06890028863992591,4.814127906204326,148514433936806.34,128.99530294800024,Continuous,Differentiable,Non-Separable,Scalable,Multimodal,6,True,True,BentCigar,0.0,600000,100000.0,100000.0,False,False,False,False,,,,,6
5,[ 1.0723594   1.21565538 -0.22973735  1.01487026 -1.57033382 -1.91958438],600000,RandomSearch1,BentCigarN6,3.1402652891975675,89002.9522852751,2.9289801037846856e+16,38.20973170800062,Continuous,Differentiable,Non-Separable,Scalable,Multimodal,6,True,True,BentCigar,0.0,600000,100000.0,100000.0,False,False,False,False,,,,,6
6,[ 0.7762846  -1.15302653 -1.04716676 -0.35273597  0.22648195 -2.14832448],599999,RandomSearch2,BentCigarN6,2.796365669659188,861683.5642575083,1476620493846402.8,36.85383441900012,Continuous,Differentiable,Non-Separable,Scalable,Multimodal,6,True,True,BentCigar,0.0,600000,100000.0,99999.83333333333,False,False,False,False,,,,,6
7,"[2.62038584e-08 4.35184007e-08 7.05855854e-09 1.14299848e-08
 1.21089625e-08 6.03534750e-08]",15193,CMAES,BentCigarN6,8.09328741026564e-08,4.845925862735928e-14,16142274532.178932,4.064773626998431,Continuous,Differentiable,Non-Separable,Scalable,Multimodal,6,True,True,BentCigar,0.0,600000,100000.0,2532.1666666666665,True,True,True,True,7804.0,9805.0,10936.0,13459.0,6
