,BestArm,NumberFunctionEval,Algorithm,CostFunction,EuclideanDistance,TrueRewardDifference,CumulativeRegret,TimeToComplete,Continuous,Differentiability,Separability,Scalability,Modality,Ndimensions,OptimizationSuccessful,BBOB,BaseClass,SD,MaxFeval,MaxFevalPerDimensions,FevalPerDimensions,SolveAt1,SolveAt1e-1,SolveAt1e-3,SolveAt1e-6,SolveEarlierAt1,SolveEarlierAt1e-1,SolveEarlierAt1e-3,SolveEarlierAt1e-6,simNumber
0,[0.79493174 2.90767236 4.60433101 0.55073942 2.66454756 1.98335917],600000,NiaPyNelderMead,BentCigarN6,6.451602926727743,75267838.26881784,47995322891846.37,44.25219755100079,Continuous,Differentiable,Non-Separable,Scalable,Multimodal,6,True,True,BentCigar,3.0,600000,100000.0,100000.0,False,False,False,False,,,,,1
1,[-1.13365751 -0.98144863  0.81757832  1.40050423 -2.31817554  2.58691249],600000,NiaPyPSO,BentCigarN6,4.116348044852289,3840.3875834549153,3223855254452.9116,42.72585885800072,Continuous,Differentiable,Non-Separable,Scalable,Multimodal,6,True,True,BentCigar,3.0,600000,100000.0,100000.0,False,False,False,False,,,,,1
2,[ 1.44593242 -0.51630626 -0.84712658 -0.69491485 -0.20375075  0.22476575],600000,NiaPySimulatedAnnealing,BentCigarN6,1.9104598422697006,487550.3966836102,1.7856416824148614e+17,51.349418863999745,Continuous,Differentiable,Non-Separable,Scalable,Multimodal,6,True,True,BentCigar,3.0,600000,100000.0,100000.0,False,False,False,False,,,,,1
3,[-4.06287661  1.43899263 -1.09035497 -2.08030083  1.8789919   0.96042475],600000,NiaPyCuckooSearch,BentCigarN6,5.342959659876839,867372.1092447467,3.748607728445765e+17,37.90954208700168,Continuous,Differentiable,Non-Separable,Scalable,Multimodal,6,True,True,BentCigar,3.0,600000,100000.0,100000.0,False,False,False,False,,,,,1
4,[ 0.08215786  0.19169046 -0.16056422  0.23054267 -0.01861736 -0.32332887],600000,NiaPyDifferentialEvolution,BentCigarN6,0.47677468811420787,0.5658779564516816,2309601338223.6694,129.04846302899932,Continuous,Differentiable,Non-Separable,Scalable,Multimodal,6,True,True,BentCigar,3.0,600000,100000.0,100000.0,True,False,False,False,9755.0,,,,1
5,[-4.499175   -1.21801635  2.37523181 -0.79869388 -0.38077029  0.44375655],600000,RandomSearch1,BentCigarN6,5.324254261208752,885421.3563712942,2.6678369785650324e+16,42.34774386400022,Continuous,Differentiable,Non-Separable,Scalable,Multimodal,6,True,True,BentCigar,3.0,600000,100000.0,100000.0,False,False,False,False,,,,,1
6,[ 0.5141334  -1.50203158  0.40258133 -1.27985422 -0.08462914  0.24752222],599999,RandomSearch2,BentCigarN6,2.094984468752814,1206966.8017038445,7853185606199872.0,38.86133897400032,Continuous,Differentiable,Non-Separable,Scalable,Multimodal,6,True,True,BentCigar,3.0,600000,100000.0,99999.83333333333,False,False,False,False,,,,,1
7,[ 0.61080592 -0.0236595  -0.08037101 -0.01464708 -0.15623029 -0.04541242],4546,CMAES,BentCigarN6,0.6377992415062459,0.8541404352906672,29959673173.969246,1.1826192869993974,Continuous,Differentiable,Non-Separable,Scalable,Multimodal,6,True,True,BentCigar,3.0,600000,100000.0,757.6666666666666,True,False,False,False,846.0,,,,1
