,BestArm,NumberFunctionEval,Algorithm,CostFunction,EuclideanDistance,TrueRewardDifference,CumulativeRegret,TimeToComplete,Continuous,Differentiability,Separability,Scalability,Modality,Ndimensions,OptimizationSuccessful,BBOB,BaseClass,SD,MaxFeval,MaxFevalPerDimensions,FevalPerDimensions,SolveAt1,SolveAt1e-1,SolveAt1e-3,SolveAt1e-6,SolveEarlierAt1,SolveEarlierAt1e-1,SolveEarlierAt1e-3,SolveEarlierAt1e-6,simNumber
0,[0.86160255 4.04287163 4.45003345 2.22975067 0.79231318 6.16600938],120,NiaPyNelderMead,BentCigarN6,8.972691209193142,86864403.64789051,17732860321.955757,0.008156168999988722,Continuous,Differentiable,Non-Separable,Scalable,Multimodal,6,True,True,BentCigar,3.0,120,20.0,20.0,False,False,False,False,,,,,8
1,[ 0.63816193  2.01467688  1.63979088 -2.13300008  0.90281406  1.30066355],120,NiaPyPSO,BentCigarN6,3.769824393245678,14938825.958632315,35182709257.44359,0.008292296999997006,Continuous,Differentiable,Non-Separable,Scalable,Multimodal,6,True,True,BentCigar,3.0,120,20.0,20.0,False,False,False,False,,,,,8
2,[ 0.15267432  0.8207464   7.08342795 -2.40635799  8.05983813  4.71274649],120,NiaPySimulatedAnnealing,BentCigarN6,11.993056929442341,124502283.65006545,18655411218.70626,0.009421260999999959,Continuous,Differentiable,Non-Separable,Scalable,Multimodal,6,True,True,BentCigar,3.0,120,20.0,20.0,False,False,False,False,,,,,8
3,[ 2.32143546  7.74381241  0.95458834 -0.32114668 -0.39719599 -3.14134791],120,NiaPyCuckooSearch,BentCigarN6,8.740474739819078,45663585.58918458,48023609518.048225,0.008212751000002072,Continuous,Differentiable,Non-Separable,Scalable,Multimodal,6,True,True,BentCigar,3.0,120,20.0,20.0,False,False,False,False,,,,,8
4,[ 1.9700287  -0.6201265  -4.10842802  0.51620182  2.73860971 -2.43043172],120,NiaPyDifferentialEvolution,BentCigarN6,5.900694581697765,34177499.9694223,8379901467142.359,0.02271167099999616,Continuous,Differentiable,Non-Separable,Scalable,Multimodal,6,True,True,BentCigar,3.0,120,20.0,20.0,False,False,False,False,,,,,8
5,[-2.5638302   2.38961028 -3.3807564  -1.31087011 -0.95464233  7.22645144],120,RandomSearch1,BentCigarN6,8.86365044456534,19392562.039573625,221270528648.57312,0.008768618000004835,Continuous,Differentiable,Non-Separable,Scalable,Multimodal,6,True,True,BentCigar,3.0,120,20.0,20.0,False,False,False,False,,,,,8
6,[ 1.54930837 -4.96823718 -0.11174518 -3.13852832 -2.01154555  5.82007675],119,RandomSearch2,BentCigarN6,8.65252523042918,53923722.17627538,2871453522812.7847,0.008231241000004275,Continuous,Differentiable,Non-Separable,Scalable,Multimodal,6,True,True,BentCigar,3.0,120,20.0,19.833333333333332,False,False,False,False,,,,,8
7,[-0.12701621 -1.28185914 -0.06823943 -2.14951928 -0.38816093  0.74391322],127,CMAES,BentCigarN6,2.6435698460727854,6785870.016851934,228697810759.96567,0.0737002259999997,Continuous,Differentiable,Non-Separable,Scalable,Multimodal,6,True,True,BentCigar,3.0,120,20.0,21.166666666666668,False,False,False,False,,,,,8
