,BestArm,NumberFunctionEval,Algorithm,CostFunction,EuclideanDistance,TrueRewardDifference,CumulativeRegret,TimeToComplete,Continuous,Differentiability,Separability,Scalability,Modality,Ndimensions,OptimizationSuccessful,BBOB,BaseClass,SD,MaxFeval,MaxFevalPerDimensions,FevalPerDimensions,SolveAt1,SolveAt1e-1,SolveAt1e-3,SolveAt1e-6,SolveEarlierAt1,SolveEarlierAt1e-1,SolveEarlierAt1e-3,SolveEarlierAt1e-6,simNumber
0,[-2.65930579  8.08937852  3.5070032   0.5115686   3.23775029  3.71856391],600000,NiaPyNelderMead,BentCigarN6,10.458559678189982,107361156.74013379,64588301778772.266,41.273303027999646,Continuous,Differentiable,Non-Separable,Scalable,Multimodal,6,True,True,BentCigar,3.0,600000,100000.0,100000.0,False,False,False,False,,,,,3
1,[ 0.04809091  0.00493349 -0.00867906  0.0400783   0.01046689  0.08020888],600000,NiaPyPSO,BentCigarN6,0.10277009188641753,1818.6274481619732,1426809488722.6272,45.44640057799916,Continuous,Differentiable,Non-Separable,Scalable,Multimodal,6,True,True,BentCigar,3.0,600000,100000.0,100000.0,False,False,False,False,,,,,3
2,[-0.42528985 -1.57828413  0.74030751 -1.47103063 -0.33650217 -1.76383242],600000,NiaPySimulatedAnnealing,BentCigarN6,2.9339695128408176,3039607.129565066,8631180956866562.0,49.86554862199955,Continuous,Differentiable,Non-Separable,Scalable,Multimodal,6,True,True,BentCigar,3.0,600000,100000.0,100000.0,False,False,False,False,,,,,3
3,[-0.98556017  3.86245612  4.83613271  2.95747722 -0.23993374 -2.8854038 ],600000,NiaPyCuckooSearch,BentCigarN6,7.510517325275247,1674880.416121367,798008796587618.8,37.945868370001335,Continuous,Differentiable,Non-Separable,Scalable,Multimodal,6,True,True,BentCigar,3.0,600000,100000.0,100000.0,False,False,False,False,,,,,3
4,[-0.17241412 -0.14473122 -0.10089237 -0.07357541 -0.38539931 -0.17403578],600000,NiaPyDifferentialEvolution,BentCigarN6,0.49506307559826973,5.556707915908392,5982146835212.239,132.98231225000018,Continuous,Differentiable,Non-Separable,Scalable,Multimodal,6,True,True,BentCigar,3.0,600000,100000.0,100000.0,False,False,False,False,,,,,3
5,[-0.14029638  0.19367247 -1.3329608  -0.82285289 -0.64289307  1.03339081],600000,RandomSearch1,BentCigarN6,1.9980669482618734,520771.0381940981,967404616419052.6,43.306997855999725,Continuous,Differentiable,Non-Separable,Scalable,Multimodal,6,True,True,BentCigar,3.0,600000,100000.0,100000.0,False,False,False,False,,,,,3
6,[ 0.27391732 -0.56889484  0.75649741  0.97354517 -0.70005921 -0.18407596],599999,RandomSearch2,BentCigarN6,1.5629195250104604,1072779.0317709465,559576041174859.0,40.144160125999406,Continuous,Differentiable,Non-Separable,Scalable,Multimodal,6,True,True,BentCigar,3.0,600000,100000.0,99999.83333333333,False,False,False,False,,,,,3
7,[11.46316758  6.64087304  2.2397929   8.74020084  0.70634722  3.46103097],5536,CMAES,BentCigarN6,16.413130423241135,429.13131769005554,94108236074.82574,1.4911332889987534,Continuous,Differentiable,Non-Separable,Scalable,Multimodal,6,True,True,BentCigar,3.0,600000,100000.0,922.6666666666666,False,False,False,False,,,,,3
