,BestArm,NumberFunctionEval,Algorithm,CostFunction,EuclideanDistance,TrueRewardDifference,CumulativeRegret,TimeToComplete,Continuous,Differentiability,Separability,Scalability,Modality,Ndimensions,OptimizationSuccessful,BBOB,BaseClass,SD,MaxFeval,MaxFevalPerDimensions,FevalPerDimensions,SolveAt1,SolveAt1e-1,SolveAt1e-3,SolveAt1e-6,SolveEarlierAt1,SolveEarlierAt1e-1,SolveEarlierAt1e-3,SolveEarlierAt1e-6,simNumber
0,[ 0.20378681  1.84181138 -1.48878677  3.13818958  0.2763951   1.47352365],600000,NiaPyNelderMead,BentCigarN6,4.212622024741451,17107639.374327395,10308177056688.01,36.01221565399828,Continuous,Differentiable,Non-Separable,Scalable,Multimodal,6,True,True,BentCigar,0.0,600000,100000.0,100000.0,False,False,False,False,,,,,5
1,[ 0.49242795  0.01790173 -0.19495771 -0.35841554 -0.09738667  0.03114325],600000,NiaPyPSO,BentCigarN6,0.6478657513461934,2456.2658364983904,2054509846593.4236,39.90949133700087,Continuous,Differentiable,Non-Separable,Scalable,Multimodal,6,True,True,BentCigar,0.0,600000,100000.0,100000.0,False,False,False,False,,,,,5
2,[ 0.62147284  3.4361783  -0.43605905 -2.1315102  -1.28781627  3.01515724],600000,NiaPySimulatedAnnealing,BentCigarN6,5.260862763479698,503641.63454432006,318290847750983.5,41.16491451799993,Continuous,Differentiable,Non-Separable,Scalable,Multimodal,6,True,True,BentCigar,0.0,600000,100000.0,100000.0,False,False,False,False,,,,,5
3,[-0.53032506  2.76890081  0.30329809 -1.81300277 -0.62350526 -1.15671153],600000,NiaPyCuckooSearch,BentCigarN6,3.6129995192650806,618877.9599022022,755222768508781.4,29.711577899000986,Continuous,Differentiable,Non-Separable,Scalable,Multimodal,6,True,True,BentCigar,0.0,600000,100000.0,100000.0,False,False,False,False,,,,,5
4,[-4.02360794 -1.52793533  7.41067777 -0.26073754 -2.36416875 -2.1584991 ],600000,NiaPyDifferentialEvolution,BentCigarN6,9.151969653377249,94.14103368749613,809530869180.7867,121.66510893000122,Continuous,Differentiable,Non-Separable,Scalable,Multimodal,6,True,True,BentCigar,0.0,600000,100000.0,100000.0,False,False,False,False,,,,,5
5,[ 3.44459322  3.4141619  -0.28447016 -1.50913191 -2.53901232  0.68154943],600000,RandomSearch1,BentCigarN6,5.726361805016767,411498.3447185003,2.0314740121396376e+16,37.743094849000045,Continuous,Differentiable,Non-Separable,Scalable,Multimodal,6,True,True,BentCigar,0.0,600000,100000.0,100000.0,False,False,False,False,,,,,5
6,[ 0.62693028  0.00483374 -0.2476523   0.48499113 -0.33692264  0.14545284],599999,RandomSearch2,BentCigarN6,0.9079021915803468,236755.84465083125,9914399238102404.0,38.99770839499979,Continuous,Differentiable,Non-Separable,Scalable,Multimodal,6,True,True,BentCigar,0.0,600000,100000.0,99999.83333333333,False,False,False,False,,,,,5
7,"[-1.69659182e-10  2.31720531e-09 -6.35325854e-10  1.89894805e-09
  3.19983973e-10  1.85655305e-09]",7327,CMAES,BentCigarN6,3.599589741381421e-09,4.786019490526095e-15,6912477495.486793,1.8866090119990986,Continuous,Differentiable,Non-Separable,Scalable,Multimodal,6,True,True,BentCigar,0.0,600000,100000.0,1221.1666666666667,True,True,True,True,4438.0,4842.0,5314.0,6237.0,5
