,BestArm,NumberFunctionEval,Algorithm,CostFunction,EuclideanDistance,TrueRewardDifference,CumulativeRegret,TimeToComplete,Continuous,Differentiability,Separability,Scalability,Modality,Ndimensions,OptimizationSuccessful,BBOB,BaseClass,SD,MaxFeval,MaxFevalPerDimensions,FevalPerDimensions,SolveAt1,SolveAt1e-1,SolveAt1e-3,SolveAt1e-6,SolveEarlierAt1,SolveEarlierAt1e-1,SolveEarlierAt1e-3,SolveEarlierAt1e-6,simNumber
0,[6.08055535 4.80122948 0.2909444  2.75852919 1.99438355 2.21217288],600000,NiaPyNelderMead,BentCigarN6,8.751592111703195,13570025.40755635,8154008978524.027,30.96499143999972,Continuous,Differentiable,Non-Separable,Scalable,Multimodal,6,True,True,BentCigar,3.0,600000,100000.0,100000.0,False,False,False,False,,,,,2
1,[ 0.52336112  0.26540656 -0.06599906 -0.19603628  0.29567219  0.1674042 ],600000,NiaPyPSO,BentCigarN6,0.708928635016302,1824.9663773794398,1274919897347.0408,48.09479266999915,Continuous,Differentiable,Non-Separable,Scalable,Multimodal,6,True,True,BentCigar,3.0,600000,100000.0,100000.0,False,False,False,False,,,,,2
2,[ 0.21733654 -0.31056439  0.06126351  0.34199732 -0.13836664 -0.07642336],600000,NiaPySimulatedAnnealing,BentCigarN6,0.5379467012660621,191604.88853579573,1.1047026711988016e+16,48.48476172899973,Continuous,Differentiable,Non-Separable,Scalable,Multimodal,6,True,True,BentCigar,3.0,600000,100000.0,100000.0,False,False,False,False,,,,,2
3,[ 3.16768671  1.4506587  -1.04475256 -0.55282364 -2.18231691  3.88314904],600000,NiaPyCuckooSearch,BentCigarN6,5.777293933486729,1181377.310681896,4444253892833491.0,36.76460267400034,Continuous,Differentiable,Non-Separable,Scalable,Multimodal,6,True,True,BentCigar,3.0,600000,100000.0,100000.0,False,False,False,False,,,,,2
4,[-0.35901745  0.10250011 -0.07918869  0.06428481 -0.2061823   0.03562279],600000,NiaPyDifferentialEvolution,BentCigarN6,0.4399810354996769,1.5252468732703721,3165487217228.7827,133.1991506909999,Continuous,Differentiable,Non-Separable,Scalable,Multimodal,6,True,True,BentCigar,3.0,600000,100000.0,100000.0,False,False,False,False,27468.0,,,,2
5,[ 0.87622918  0.39221067 -1.138971    1.4371229  -1.85861345  1.76202164],600000,RandomSearch1,BentCigarN6,3.2929239561159047,315103.27174161305,5.138253022313227e+16,45.2715771990006,Continuous,Differentiable,Non-Separable,Scalable,Multimodal,6,True,True,BentCigar,3.0,600000,100000.0,100000.0,False,False,False,False,,,,,2
6,[ 0.54893549  2.13638736  0.35279806  1.86267244 -0.12146841  0.09708633],599999,RandomSearch2,BentCigarN6,2.9126751567297533,276752.7167740554,1892762570401646.8,40.02849965199857,Continuous,Differentiable,Non-Separable,Scalable,Multimodal,6,True,True,BentCigar,3.0,600000,100000.0,99999.83333333333,False,False,False,False,,,,,2
7,[ 5.85706903 -2.27656149  1.22080371 -8.10620828  1.01647304  0.48215217],5356,CMAES,BentCigarN6,10.39012282717012,115.71557127685206,60682452952.68352,1.3640134670004045,Continuous,Differentiable,Non-Separable,Scalable,Multimodal,6,True,True,BentCigar,3.0,600000,100000.0,892.6666666666666,False,False,False,False,,,,,2
