,BestArm,NumberFunctionEval,Algorithm,CostFunction,EuclideanDistance,TrueRewardDifference,CumulativeRegret,TimeToComplete,Continuous,Differentiability,Separability,Scalability,Modality,Ndimensions,OptimizationSuccessful,BBOB,BaseClass,SD,MaxFeval,MaxFevalPerDimensions,FevalPerDimensions,SolveAt1,SolveAt1e-1,SolveAt1e-3,SolveAt1e-6,SolveEarlierAt1,SolveEarlierAt1e-1,SolveEarlierAt1e-3,SolveEarlierAt1e-6,simNumber
0,[ 2.94861309  3.18624858 -0.28494676  5.27002831  0.34690163 -2.62793247],600000,NiaPyNelderMead,BentCigarN6,7.329888266819376,37945628.31104458,22778305946981.61,33.06317308500002,Continuous,Differentiable,Non-Separable,Scalable,Multimodal,6,True,True,BentCigar,0.0,600000,100000.0,100000.0,False,False,False,False,,,,,4
1,[-1.55362503 -0.48694302  1.35439799 -3.07180974 -0.76787765  0.74086519],600000,NiaPyPSO,BentCigarN6,3.8806945949931047,1423.9993560846408,1827711968429.1692,38.81748952900125,Continuous,Differentiable,Non-Separable,Scalable,Multimodal,6,True,True,BentCigar,0.0,600000,100000.0,100000.0,False,False,False,False,,,,,4
2,[ 0.02879723  0.05037148  0.59292999  0.14065093 -1.27374232  0.48251169],600000,NiaPySimulatedAnnealing,BentCigarN6,1.4933024621449182,944345.8449440697,4502815181828513.0,43.73019430800014,Continuous,Differentiable,Non-Separable,Scalable,Multimodal,6,True,True,BentCigar,0.0,600000,100000.0,100000.0,False,False,False,False,,,,,4
3,[-0.24832037  0.2594775   0.46005583  0.57386072  0.14871521  0.26130691],600000,NiaPyCuckooSearch,BentCigarN6,0.8719842784030373,678648.9614958764,6379413724488563.0,33.732336383000074,Continuous,Differentiable,Non-Separable,Scalable,Multimodal,6,True,True,BentCigar,0.0,600000,100000.0,100000.0,False,False,False,False,,,,,4
4,[ 1.44474872 -0.17061665  0.51195826  0.22904247 -0.80776061 -0.66891651],600000,NiaPyDifferentialEvolution,BentCigarN6,1.8790681448843738,10.9660801417703,1611414157813.3062,125.03963668600045,Continuous,Differentiable,Non-Separable,Scalable,Multimodal,6,True,True,BentCigar,0.0,600000,100000.0,100000.0,False,False,False,False,,,,,4
5,[ 4.2660112   0.08530324 -0.78972706 -1.06681181 -0.66806407 -0.5438683 ],600000,RandomSearch1,BentCigarN6,4.550822648722254,229424.5591469856,1347496162162108.8,36.69021748100022,Continuous,Differentiable,Non-Separable,Scalable,Multimodal,6,True,True,BentCigar,0.0,600000,100000.0,100000.0,False,False,False,False,,,,,4
6,[-0.05292585  0.48901702  0.1427971  -0.09599768  0.72778968 -0.90965044],599999,RandomSearch2,BentCigarN6,1.2762002556352916,1157447.4967594044,1.1337004797745235e+17,37.457108040000094,Continuous,Differentiable,Non-Separable,Scalable,Multimodal,6,True,True,BentCigar,0.0,600000,100000.0,99999.83333333333,False,False,False,False,,,,,4
7,"[ 2.50695940e-10 -1.87942603e-08 -1.35593975e-07  1.91757563e-08
  1.33009102e-07 -6.12210773e-09]",11935,CMAES,BentCigarN6,1.9192609008473384e-07,6.978342147881121e-14,21089362150.403194,3.1551043939998635,Continuous,Differentiable,Non-Separable,Scalable,Multimodal,6,True,True,BentCigar,0.0,600000,100000.0,1989.1666666666667,True,True,True,True,6438.0,7947.0,8868.0,10630.0,4
