,BestArm,NumberFunctionEval,Algorithm,CostFunction,EuclideanDistance,TrueRewardDifference,CumulativeRegret,TimeToComplete,Continuous,Differentiability,Separability,Scalability,Modality,Ndimensions,OptimizationSuccessful,BBOB,BaseClass,SD,MaxFeval,MaxFevalPerDimensions,FevalPerDimensions,SolveAt1,SolveAt1e-1,SolveAt1e-3,SolveAt1e-6,SolveEarlierAt1,SolveEarlierAt1e-1,SolveEarlierAt1e-3,SolveEarlierAt1e-6,simNumber
0,[ 0.39388435  0.50233405  2.36362007  1.44388889 -0.1454716   2.38443939],600000,NiaPyNelderMead,BentCigarN6,3.7129115991490793,10650362.573728733,6394852324444.763,35.85112308399948,Continuous,Differentiable,Non-Separable,Scalable,Multimodal,6,True,True,BentCigar,0.0,600000,100000.0,100000.0,False,False,False,False,,,,,3
1,[-0.97676576  0.41041005  1.11619137  1.84921434  1.7424656   2.85657902],600000,NiaPyPSO,BentCigarN6,4.12119092597482,3805.4016998802467,2302630589996.5903,39.18805670800066,Continuous,Differentiable,Non-Separable,Scalable,Multimodal,6,True,True,BentCigar,0.0,600000,100000.0,100000.0,False,False,False,False,,,,,3
2,[-4.36906681 -1.5771304  -0.43099239 -4.13835401 -1.16331685 -0.65374614],600000,NiaPySimulatedAnnealing,BentCigarN6,6.377186174344596,299223.79150806874,1476989448241822.5,41.911212668999724,Continuous,Differentiable,Non-Separable,Scalable,Multimodal,6,True,True,BentCigar,0.0,600000,100000.0,100000.0,False,False,False,False,,,,,3
3,[-0.65330749  1.37168439 -0.1463122  -0.34458169  0.2560525   0.1320845 ],600000,NiaPyCuckooSearch,BentCigarN6,1.5910630883156307,2437241.0145187546,9111528930006350.0,30.902474763999635,Continuous,Differentiable,Non-Separable,Scalable,Multimodal,6,True,True,BentCigar,0.0,600000,100000.0,100000.0,False,False,False,False,,,,,3
4,[-1.03410887  0.8855133  -0.77419942  0.16752957  1.08473427 -1.58339509],600000,NiaPyDifferentialEvolution,BentCigarN6,2.482892329439803,9.060126271206254,10223684848983.33,125.08109998100008,Continuous,Differentiable,Non-Separable,Scalable,Multimodal,6,True,True,BentCigar,0.0,600000,100000.0,100000.0,False,False,False,False,,,,,3
5,[-0.18023206 -0.2222772  -0.2747692   0.19481804  0.5647434   0.35860788],600000,RandomSearch1,BentCigarN6,0.8017965139546881,514655.15574711957,2.2292243305892132e+16,38.6010744590003,Continuous,Differentiable,Non-Separable,Scalable,Multimodal,6,True,True,BentCigar,0.0,600000,100000.0,100000.0,False,False,False,False,,,,,3
6,[-1.08914456  0.86217901 -0.25711384  0.64286434  2.32238545 -0.12949944],599999,RandomSearch2,BentCigarN6,2.7962859074904087,936494.5288437676,617075652392022.9,35.89700351399915,Continuous,Differentiable,Non-Separable,Scalable,Multimodal,6,True,True,BentCigar,0.0,600000,100000.0,99999.83333333333,False,False,False,False,,,,,3
7,"[-1.61113917e-08 -2.61617021e-08 -2.76167670e-09  2.73022920e-08
  3.00074473e-08  3.04469975e-10]",3268,CMAES,BentCigarN6,5.09665890845245e-08,7.211917397896484e-15,28187258712.97779,0.8362228000005416,Continuous,Differentiable,Non-Separable,Scalable,Multimodal,6,True,True,BentCigar,0.0,600000,100000.0,544.6666666666666,True,True,True,True,1470.0,1660.0,1900.0,2352.0,3
