,BestArm,NumberFunctionEval,Algorithm,CostFunction,EuclideanDistance,TrueRewardDifference,CumulativeRegret,TimeToComplete,Continuous,Differentiability,Separability,Scalability,Modality,Ndimensions,OptimizationSuccessful,BBOB,BaseClass,SD,MaxFeval,MaxFevalPerDimensions,FevalPerDimensions,SolveAt1,SolveAt1e-1,SolveAt1e-3,SolveAt1e-6,SolveEarlierAt1,SolveEarlierAt1e-1,SolveEarlierAt1e-3,SolveEarlierAt1e-6,simNumber
0,[-0.1933568   2.40646735  2.48285871  0.39069025  4.15992073 -1.68737912],600000,NiaPyNelderMead,BentCigarN6,5.683122994910625,32040851.563176315,19237336984171.51,32.15076305900038,Continuous,Differentiable,Non-Separable,Scalable,Multimodal,6,True,True,BentCigar,0.0,600000,100000.0,100000.0,False,False,False,False,,,,,7
1,[ 1.77887818  0.5732667   2.20547421 -0.88190838 -0.2802789   0.06607567],600000,NiaPyPSO,BentCigarN6,3.0360901548103367,2817.447528451328,2515079946430.8467,40.10678806799842,Continuous,Differentiable,Non-Separable,Scalable,Multimodal,6,True,True,BentCigar,0.0,600000,100000.0,100000.0,False,False,False,False,,,,,7
2,[-2.39025556  3.68665888  2.00572213 -0.13698952 -1.14517493 -0.33152345],600000,NiaPySimulatedAnnealing,BentCigarN6,4.976725446660755,3353629.5323481294,4.446775753238303e+16,42.85658288800005,Continuous,Differentiable,Non-Separable,Scalable,Multimodal,6,True,True,BentCigar,0.0,600000,100000.0,100000.0,False,False,False,False,,,,,7
3,[-1.03214868  1.20799957  1.14425126  0.03103587  1.07393537 -1.16399063],600000,NiaPyCuckooSearch,BentCigarN6,2.5185470839817254,406969.0319804358,2396757603495290.0,33.201889175999895,Continuous,Differentiable,Non-Separable,Scalable,Multimodal,6,True,True,BentCigar,0.0,600000,100000.0,100000.0,False,False,False,False,,,,,7
4,[ 0.05281185  0.22345149 -0.30913193 -0.24485488  0.17512978 -0.52227924],600000,NiaPyDifferentialEvolution,BentCigarN6,0.7153196264254603,38.16769688117568,801341654901.9426,120.52491981300045,Continuous,Differentiable,Non-Separable,Scalable,Multimodal,6,True,True,BentCigar,0.0,600000,100000.0,100000.0,False,False,False,False,,,,,7
5,[-2.3162711  -0.82640733 -0.61375469 -0.16996998  0.45021991  0.37113128],600000,RandomSearch1,BentCigarN6,2.6065459715407826,494566.1369725925,1.7528079554782704e+16,41.093581690000065,Continuous,Differentiable,Non-Separable,Scalable,Multimodal,6,True,True,BentCigar,0.0,600000,100000.0,100000.0,False,False,False,False,,,,,7
6,[-0.56899922  1.06715993  0.79143853  1.13224297 -0.05966382 -0.4468277 ],599999,RandomSearch2,BentCigarN6,1.8905433850827296,1704143.8317294873,1399338217680415.2,35.49389843899917,Continuous,Differentiable,Non-Separable,Scalable,Multimodal,6,True,True,BentCigar,0.0,600000,100000.0,99999.83333333333,False,False,False,False,,,,,7
7,"[ 1.77876436e-08  8.09865894e-08  4.52386498e-08  3.04446122e-08
 -6.52703520e-09 -7.73900612e-08]",9253,CMAES,BentCigarN6,1.2601770328820758e-07,7.015317013457072e-14,45128667106.28762,2.367648116000055,Continuous,Differentiable,Non-Separable,Scalable,Multimodal,6,True,True,BentCigar,0.0,600000,100000.0,1542.1666666666667,True,True,True,True,3776.0,5229.0,6048.0,7821.0,7
