,BestArm,NumberFunctionEval,Algorithm,CostFunction,EuclideanDistance,TrueRewardDifference,CumulativeRegret,TimeToComplete,Continuous,Differentiability,Separability,Scalability,Modality,Ndimensions,OptimizationSuccessful,BBOB,BaseClass,SD,MaxFeval,MaxFevalPerDimensions,FevalPerDimensions,SolveAt1,SolveAt1e-1,SolveAt1e-3,SolveAt1e-6,SolveEarlierAt1,SolveEarlierAt1e-1,SolveEarlierAt1e-3,SolveEarlierAt1e-6,simNumber
0,[-510.82995903  309.68023434],40,NiaPyNelderMead,ChenV,597.3271831388082,1999.999999995554,80020.13904037021,0.0031048879999957535,Continuous,Differentiable,Non-Separable,Non-Scalable,Multimodal,2,True,False,ChenV,3.0,40,20.0,20.0,False,False,False,False,,,,,5
1,[-356.75998785 -478.3883816 ],40,NiaPyPSO,ChenV,597.5803635094718,1999.9999999627905,79972.59915875294,0.002536837000008063,Continuous,Differentiable,Non-Separable,Non-Scalable,Multimodal,2,True,False,ChenV,3.0,40,20.0,20.0,False,False,False,False,,,,,5
2,[-417.96494217  464.9794892 ],40,NiaPySimulatedAnnealing,ChenV,624.9437877944206,1999.9999999900506,79970.72425815297,0.0026697099999921647,Continuous,Differentiable,Non-Separable,Non-Scalable,Multimodal,2,True,False,ChenV,3.0,40,20.0,20.0,False,False,False,False,,,,,5
3,[141.24704596 186.46466407],40,NiaPyCuckooSearch,ChenV,233.1121513695716,1999.99999976971,80018.4374732535,0.0019661339999998972,Continuous,Differentiable,Non-Separable,Non-Scalable,Multimodal,2,True,False,ChenV,3.0,40,20.0,20.0,False,False,False,False,,,,,5
4,[ 178.88712135 -294.90421956],40,NiaPyDifferentialEvolution,ChenV,345.3355065367489,1999.99999972313,79972.07377148108,0.00703138400000114,Continuous,Differentiable,Non-Separable,Non-Scalable,Multimodal,2,True,False,ChenV,3.0,40,20.0,20.0,False,False,False,False,,,,,5
5,[ 323.53117686 -429.34359582],40,RandomSearch1,ChenV,537.9382363473951,1999.9999999745314,80006.43076337111,0.0014977909999913663,Continuous,Differentiable,Non-Separable,Non-Scalable,Multimodal,2,True,False,ChenV,3.0,40,20.0,20.0,False,False,False,False,,,,,5
6,[-106.32332512 -236.54201952],39,RandomSearch2,ChenV,260.1572928631542,1999.9999928211594,77999.45361901283,0.001635923000009143,Continuous,Differentiable,Non-Separable,Non-Scalable,Multimodal,2,True,False,ChenV,3.0,40,20.0,19.5,False,False,False,False,,,,,5
7,[-106.34570262 -236.63645382],43,CMAES,ChenV,260.25259675734526,1999.9999928024154,86049.04458279515,0.05432987599999706,Continuous,Differentiable,Non-Separable,Non-Scalable,Multimodal,2,True,False,ChenV,3.0,40,20.0,21.5,False,False,False,False,,,,,5
