,BestArm,NumberFunctionEval,Algorithm,CostFunction,EuclideanDistance,TrueRewardDifference,CumulativeRegret,TimeToComplete,Continuous,Differentiability,Separability,Scalability,Modality,Ndimensions,OptimizationSuccessful,BBOB,BaseClass,SD,MaxFeval,MaxFevalPerDimensions,FevalPerDimensions,SolveAt1,SolveAt1e-1,SolveAt1e-3,SolveAt1e-6,SolveEarlierAt1,SolveEarlierAt1e-1,SolveEarlierAt1e-3,SolveEarlierAt1e-6,simNumber
0,[-117.77874911 -513.09441812],40,NiaPyNelderMead,ChenV,527.2296753458874,1999.9999998671888,79999.99999484475,0.003045219000000543,Continuous,Differentiable,Non-Separable,Non-Scalable,Multimodal,2,True,False,ChenV,0.0,40,20.0,20.0,False,False,False,False,,,,,6
1,[ 80.72507625 210.66783552],40,NiaPyPSO,ChenV,224.79115539201896,1999.9999246040186,79999.9998108336,0.0018216339999952424,Continuous,Differentiable,Non-Separable,Non-Scalable,Multimodal,2,True,False,ChenV,0.0,40,20.0,20.0,False,False,False,False,,,,,6
2,[-78.62350601  36.86497186],40,NiaPySimulatedAnnealing,ChenV,86.88645981473171,1999.999999818222,79999.99999282544,0.0019200269999970487,Continuous,Differentiable,Non-Separable,Non-Scalable,Multimodal,2,True,False,ChenV,0.0,40,20.0,20.0,False,False,False,False,,,,,6
3,[165.87537815 405.4931846 ],40,NiaPyCuckooSearch,ChenV,437.2931626622926,1999.9999218904306,79999.99929374622,0.0013834180000031893,Continuous,Differentiable,Non-Separable,Non-Scalable,Multimodal,2,True,False,ChenV,0.0,40,20.0,20.0,False,False,False,False,,,,,6
4,[35.76546716 64.94382419],40,NiaPyDifferentialEvolution,ChenV,73.32064136248646,1999.999989290505,79999.99997393228,0.005754469999999401,Continuous,Differentiable,Non-Separable,Non-Scalable,Multimodal,2,True,False,ChenV,0.0,40,20.0,20.0,False,False,False,False,,,,,6
5,[-178.22634561 -439.08321613],40,RandomSearch1,ChenV,474.69171638182,1999.999862116242,79999.9997658486,0.001138781999998173,Continuous,Differentiable,Non-Separable,Non-Scalable,Multimodal,2,True,False,ChenV,0.0,40,20.0,20.0,False,False,False,False,,,,,6
6,[  54.86309362 -101.1803533 ],39,RandomSearch2,ChenV,115.54901072111709,1999.9999797462317,77999.99992327605,0.001492700999989438,Continuous,Differentiable,Non-Separable,Non-Scalable,Multimodal,2,True,False,ChenV,0.0,40,20.0,19.5,False,False,False,False,,,,,6
7,[ 93.53689559 152.36360942],43,CMAES,ChenV,177.96533781547242,1999.9999990439999,85999.99998398362,0.0524450750000085,Continuous,Differentiable,Non-Separable,Non-Scalable,Multimodal,2,True,False,ChenV,0.0,40,20.0,21.5,False,False,False,False,,,,,6
