,BestArm,NumberFunctionEval,Algorithm,CostFunction,EuclideanDistance,TrueRewardDifference,CumulativeRegret,TimeToComplete,Continuous,Differentiability,Separability,Scalability,Modality,Ndimensions,OptimizationSuccessful,BBOB,BaseClass,SD,MaxFeval,MaxFevalPerDimensions,FevalPerDimensions,SolveAt1,SolveAt1e-1,SolveAt1e-3,SolveAt1e-6,SolveEarlierAt1,SolveEarlierAt1e-1,SolveEarlierAt1e-3,SolveEarlierAt1e-6,simNumber
0,[395.93693596 445.61093071],40,NiaPyNelderMead,ChenV,595.3017894186038,1999.9999999782244,79996.09775707156,0.0027728230000008125,Continuous,Differentiable,Non-Separable,Non-Scalable,Multimodal,2,True,False,ChenV,3.0,40,20.0,20.0,False,False,False,False,,,,,3
1,[246.92321218 481.07359263],40,NiaPyPSO,ChenV,539.9227830067598,1999.9999996609563,80001.39521280039,0.0020880670000025248,Continuous,Differentiable,Non-Separable,Non-Scalable,Multimodal,2,True,False,ChenV,3.0,40,20.0,20.0,False,False,False,False,,,,,3
2,[ 19.8072896 286.5185093],40,NiaPySimulatedAnnealing,ChenV,286.4552181305231,1999.9999998794744,79980.57343865003,0.0024646130000007815,Continuous,Differentiable,Non-Separable,Non-Scalable,Multimodal,2,True,False,ChenV,3.0,40,20.0,20.0,False,False,False,False,,,,,3
3,[ 227.61893919 -443.65012713],40,NiaPyCuckooSearch,ChenV,499.0994696736934,1999.999990167122,79999.49915347117,0.0023077919999963115,Continuous,Differentiable,Non-Separable,Non-Scalable,Multimodal,2,True,False,ChenV,3.0,40,20.0,20.0,False,False,False,False,,,,,3
4,[-254.83447168  140.36369059],40,NiaPyDifferentialEvolution,ChenV,290.92731647361666,1999.9999999823933,80009.22883429239,0.006703329999993457,Continuous,Differentiable,Non-Separable,Non-Scalable,Multimodal,2,True,False,ChenV,3.0,40,20.0,20.0,False,False,False,False,,,,,3
5,[ 9.91757655 86.91308943],40,RandomSearch1,ChenV,86.71598167604766,1999.9999983030036,79994.46837907801,0.0017292859999997745,Continuous,Differentiable,Non-Separable,Non-Scalable,Multimodal,2,True,False,ChenV,3.0,40,20.0,20.0,False,False,False,False,,,,,3
6,[-90.91335639 -26.94304981],39,RandomSearch2,ChenV,95.40161041250398,1999.9999998220508,78014.00194367862,0.0014221219999939194,Continuous,Differentiable,Non-Separable,Non-Scalable,Multimodal,2,True,False,ChenV,3.0,40,20.0,19.5,False,False,False,False,,,,,3
7,[-106.76728758 -236.89188843],43,CMAES,ChenV,260.6586114734394,1999.999993176844,86023.98922323651,0.05299734300000125,Continuous,Differentiable,Non-Separable,Non-Scalable,Multimodal,2,True,False,ChenV,3.0,40,20.0,21.5,False,False,False,False,,,,,3
