,BestArm,NumberFunctionEval,Algorithm,CostFunction,EuclideanDistance,TrueRewardDifference,CumulativeRegret,TimeToComplete,Continuous,Differentiability,Separability,Scalability,Modality,Ndimensions,OptimizationSuccessful,BBOB,BaseClass,SD,MaxFeval,MaxFevalPerDimensions,FevalPerDimensions,SolveAt1,SolveAt1e-1,SolveAt1e-3,SolveAt1e-6,SolveEarlierAt1,SolveEarlierAt1e-1,SolveEarlierAt1e-3,SolveEarlierAt1e-6,simNumber
0,[193.22024781 174.06912465],20000,NiaPyNelderMead,ChenBird,259.3594705201972,2000.003997257462,40000255.917239465,1.32362100499995,Continuous,Differentiable,Non-Separable,Non-Scalable,Multimodal,2,True,False,ChenBird,3.0,20000,10000.0,10000.0,False,False,False,False,,,,,5
1,[-268.67718016  117.68657148],20000,NiaPyPSO,ChenBird,293.5797112418317,2000.0039999773007,40000507.550911866,1.1811633709999114,Continuous,Differentiable,Non-Separable,Non-Scalable,Multimodal,2,True,False,ChenBird,3.0,20000,10000.0,10000.0,False,False,False,False,,,,,5
2,[313.25647751 185.65240824],20000,NiaPySimulatedAnnealing,ChenBird,363.4529247442191,2000.0039999225855,40000110.840112895,1.2621633159997145,Continuous,Differentiable,Non-Separable,Non-Scalable,Multimodal,2,True,False,ChenBird,3.0,20000,10000.0,10000.0,False,False,False,False,,,,,5
3,[500. 500.],20000,NiaPyCuckooSearch,ChenBird,706.399674405361,1000.003999984,39859161.1166851,0.9484390750003513,Continuous,Differentiable,Non-Separable,Non-Scalable,Multimodal,2,True,False,ChenBird,3.0,20000,10000.0,10000.0,False,False,False,False,,,,,5
4,[-500. -500.],20000,NiaPyDifferentialEvolution,ChenBird,707.8138879677341,1000.003999984,21838338.43773756,3.702378831999795,Continuous,Differentiable,Non-Separable,Non-Scalable,Multimodal,2,True,False,ChenBird,3.0,20000,10000.0,10000.0,False,False,False,False,,,,,5
5,[  2.80496073 -44.51319883],20000,RandomSearch1,ChenBird,45.07217448624136,2000.003999536868,40000444.90549362,0.7611842690002959,Continuous,Differentiable,Non-Separable,Non-Scalable,Multimodal,2,True,False,ChenBird,3.0,20000,10000.0,10000.0,False,False,False,False,,,,,5
6,[-443.87130102  469.60482317],19999,RandomSearch2,ChenBird,646.1618901593909,2000.0039999828016,39997809.38897946,0.8694526660001429,Continuous,Differentiable,Non-Separable,Non-Scalable,Multimodal,2,True,False,ChenBird,3.0,20000,10000.0,9999.5,False,False,False,False,,,,,5
7,[-199.96409464  422.71893744],3091,CMAES,ChenBird,467.39136104397073,2000.003999981421,6181786.908113947,0.9209844890001477,Continuous,Differentiable,Non-Separable,Non-Scalable,Multimodal,2,True,False,ChenBird,3.0,20000,10000.0,1545.5,False,False,False,False,,,,,5
