,BestArm,NumberFunctionEval,Algorithm,CostFunction,EuclideanDistance,TrueRewardDifference,CumulativeRegret,TimeToComplete,Continuous,Differentiability,Separability,Scalability,Modality,Ndimensions,OptimizationSuccessful,BBOB,BaseClass,SD,MaxFeval,MaxFevalPerDimensions,FevalPerDimensions,SolveAt1,SolveAt1e-1,SolveAt1e-3,SolveAt1e-6,SolveEarlierAt1,SolveEarlierAt1e-1,SolveEarlierAt1e-3,SolveEarlierAt1e-6,simNumber
0,[ -27.20740521 -249.20855714],2000,NiaPyNelderMead,ChenV,251.44969659715355,1999.9999997983568,4000255.142213264,0.10813049399996544,Continuous,Differentiable,Non-Separable,Non-Scalable,Multimodal,2,True,False,ChenV,3.0,2000,1000.0,1000.0,False,False,False,False,,,,,2
1,[425.42478068 149.5696376 ],2000,NiaPyPSO,ChenV,450.34549223619024,1999.9999999915121,3999981.062706496,0.09584556800001565,Continuous,Differentiable,Non-Separable,Non-Scalable,Multimodal,2,True,False,ChenV,3.0,2000,1000.0,1000.0,False,False,False,False,,,,,2
2,[-400.27709568  234.14121116],2000,NiaPySimulatedAnnealing,ChenV,463.6999628975805,1999.9999999928023,3999905.0854296694,0.10229013800000075,Continuous,Differentiable,Non-Separable,Non-Scalable,Multimodal,2,True,False,ChenV,3.0,2000,1000.0,1000.0,False,False,False,False,,,,,2
3,[-58.76947796 -93.7146076 ],2000,NiaPyCuckooSearch,ChenV,111.43620235442648,1999.999997790967,4000074.234489871,0.071560508999994,Continuous,Differentiable,Non-Separable,Non-Scalable,Multimodal,2,True,False,ChenV,3.0,2000,1000.0,1000.0,False,False,False,False,,,,,2
4,[-500.          405.33018631],2000,NiaPyDifferentialEvolution,ChenV,643.5034146974485,1999.9999999949061,3999964.4333490245,0.34695838200002527,Continuous,Differentiable,Non-Separable,Non-Scalable,Multimodal,2,True,False,ChenV,3.0,2000,1000.0,1000.0,False,False,False,False,,,,,2
5,[383.59403939 -15.98539601],2000,RandomSearch1,ChenV,383.5692008958008,1999.9999999916424,3999938.1261210646,0.053159062999952766,Continuous,Differentiable,Non-Separable,Non-Scalable,Multimodal,2,True,False,ChenV,3.0,2000,1000.0,1000.0,False,False,False,False,,,,,2
6,[ 178.45782725 -135.43200449],1999,RandomSearch2,ChenV,224.157356025412,1999.9999999608415,3997868.036436509,0.061526334000006955,Continuous,Differentiable,Non-Separable,Non-Scalable,Multimodal,2,True,False,ChenV,3.0,2000,1000.0,999.5,False,False,False,False,,,,,2
7,[-266.30284451 -104.6733439 ],2005,CMAES,ChenV,286.7624557385795,1999.999999977714,4010369.0400420646,0.5717907359999685,Continuous,Differentiable,Non-Separable,Non-Scalable,Multimodal,2,True,False,ChenV,3.0,2000,1000.0,1002.5,False,False,False,False,,,,,2
