,BestArm,NumberFunctionEval,Algorithm,CostFunction,EuclideanDistance,TrueRewardDifference,CumulativeRegret,TimeToComplete,Continuous,Differentiability,Separability,Scalability,Modality,Ndimensions,OptimizationSuccessful,BBOB,BaseClass,SD,MaxFeval,MaxFevalPerDimensions,FevalPerDimensions,SolveAt1,SolveAt1e-1,SolveAt1e-3,SolveAt1e-6,SolveEarlierAt1,SolveEarlierAt1e-1,SolveEarlierAt1e-3,SolveEarlierAt1e-6,simNumber
0,[  10.93145674 -220.57549288],20000,NiaPyNelderMead,ChenV,221.54869543238775,1999.9999998731496,40000402.831754476,1.043296638000129,Continuous,Differentiable,Non-Separable,Non-Scalable,Multimodal,2,True,False,ChenV,3.0,20000,10000.0,10000.0,False,False,False,False,,,,,1
1,[ -55.62365931 -346.78810922],20000,NiaPyPSO,ChenV,351.99550567526194,1999.9999998500762,40000490.18157122,0.9125126930000533,Continuous,Differentiable,Non-Separable,Non-Scalable,Multimodal,2,True,False,ChenV,3.0,20000,10000.0,10000.0,False,False,False,False,,,,,1
2,[-498.44892464 -272.98016885],20000,NiaPySimulatedAnnealing,ChenV,568.9922346399295,1999.999999992785,40000366.07905025,0.9809195109999109,Continuous,Differentiable,Non-Separable,Non-Scalable,Multimodal,2,True,False,ChenV,3.0,20000,10000.0,10000.0,False,False,False,False,,,,,1
3,[-347.87568323 -448.11582828],20000,NiaPyCuckooSearch,ChenV,568.1054547978716,1999.9999999641125,39999386.16109436,0.668177372999935,Continuous,Differentiable,Non-Separable,Non-Scalable,Multimodal,2,True,False,ChenV,3.0,20000,10000.0,10000.0,False,False,False,False,,,,,1
4,[ 16.86701733 500.        ],20000,NiaPyDifferentialEvolution,ChenV,499.5496252621191,1999.9999999666852,40000513.69256951,3.3738413539999783,Continuous,Differentiable,Non-Separable,Non-Scalable,Multimodal,2,True,False,ChenV,3.0,20000,10000.0,10000.0,False,False,False,False,,,,,1
5,[-297.82324387  -83.00549194],20000,RandomSearch1,ChenV,309.74312945624683,1999.9999999835684,39999154.17991176,0.5258924979998483,Continuous,Differentiable,Non-Separable,Non-Scalable,Multimodal,2,True,False,ChenV,3.0,20000,10000.0,10000.0,False,False,False,False,,,,,1
6,[ 79.02378774 197.33723787],19999,RandomSearch2,ChenV,211.75672762603946,1991.9597678811651,39998362.38257663,0.6171442630000001,Continuous,Differentiable,Non-Separable,Non-Scalable,Multimodal,2,True,False,ChenV,3.0,20000,10000.0,9999.5,False,False,False,False,,,,,1
7,[-690.02439632  -62.72901888],3211,CMAES,ChenV,693.322842827971,1999.9999999972595,6421767.513672173,0.8851875090001613,Continuous,Differentiable,Non-Separable,Non-Scalable,Multimodal,2,True,False,ChenV,3.0,20000,10000.0,1605.5,False,False,False,False,,,,,1
