,BestArm,NumberFunctionEval,Algorithm,CostFunction,EuclideanDistance,TrueRewardDifference,CumulativeRegret,TimeToComplete,Continuous,Differentiability,Separability,Scalability,Modality,Ndimensions,OptimizationSuccessful,BBOB,BaseClass,SD,MaxFeval,MaxFevalPerDimensions,FevalPerDimensions,SolveAt1,SolveAt1e-1,SolveAt1e-3,SolveAt1e-6,SolveEarlierAt1,SolveEarlierAt1e-1,SolveEarlierAt1e-3,SolveEarlierAt1e-6,simNumber
0,[257.49935182 380.05968822],20000,NiaPyNelderMead,ChenBird,458.3821808930707,2000.0039999174267,40000060.68181073,1.2998005519998515,Continuous,Differentiable,Non-Separable,Non-Scalable,Multimodal,2,True,False,ChenBird,3.0,20000,10000.0,10000.0,False,False,False,False,,,,,7
1,[ 164.7910394  -213.05276388],20000,NiaPyPSO,ChenBird,269.43705867742966,2000.0039999769951,39999542.8238367,1.1597425710001517,Continuous,Differentiable,Non-Separable,Non-Scalable,Multimodal,2,True,False,ChenBird,3.0,20000,10000.0,10000.0,False,False,False,False,,,,,7
2,[ 456.37797402 -135.30986032],20000,NiaPySimulatedAnnealing,ChenBird,475.67745937346217,2000.0039999811436,40000421.52429937,1.2450683759998356,Continuous,Differentiable,Non-Separable,Non-Scalable,Multimodal,2,True,False,ChenBird,3.0,20000,10000.0,10000.0,False,False,False,False,,,,,7
3,[500. 500.],20000,NiaPyCuckooSearch,ChenBird,706.399674405361,1000.003999984,39955831.79218598,0.9304157120000127,Continuous,Differentiable,Non-Separable,Non-Scalable,Multimodal,2,True,False,ChenBird,3.0,20000,10000.0,10000.0,False,False,False,False,,,,,7
4,[500. 500.],20000,NiaPyDifferentialEvolution,ChenBird,706.399674405361,1000.003999984,22298084.806287523,3.650464071999977,Continuous,Differentiable,Non-Separable,Non-Scalable,Multimodal,2,True,False,ChenBird,3.0,20000,10000.0,10000.0,False,False,False,False,,,,,7
5,[ -57.52863286 -271.59452928],20000,RandomSearch1,ChenBird,278.2135063161921,2000.0039999621772,39999930.97952646,0.767453469999964,Continuous,Differentiable,Non-Separable,Non-Scalable,Multimodal,2,True,False,ChenBird,3.0,20000,10000.0,10000.0,False,False,False,False,,,,,7
6,[-133.65995062  388.04998813],19999,RandomSearch2,ChenBird,410.11447871046755,2000.003999980326,39998005.43991894,0.8484293470000921,Continuous,Differentiable,Non-Separable,Non-Scalable,Multimodal,2,True,False,ChenBird,3.0,20000,10000.0,9999.5,False,False,False,False,,,,,7
7,[-200.11435042  418.56404808],3541,CMAES,ChenBird,463.70644365524436,2000.0039999813876,7082169.007262493,1.0553799080003046,Continuous,Differentiable,Non-Separable,Non-Scalable,Multimodal,2,True,False,ChenBird,3.0,20000,10000.0,1770.5,False,False,False,False,,,,,7
