,BestArm,NumberFunctionEval,Algorithm,CostFunction,EuclideanDistance,TrueRewardDifference,CumulativeRegret,TimeToComplete,Continuous,Differentiability,Separability,Scalability,Modality,Ndimensions,OptimizationSuccessful,BBOB,BaseClass,SD,MaxFeval,MaxFevalPerDimensions,FevalPerDimensions,SolveAt1,SolveAt1e-1,SolveAt1e-3,SolveAt1e-6,SolveEarlierAt1,SolveEarlierAt1e-1,SolveEarlierAt1e-3,SolveEarlierAt1e-6,simNumber
0,[-153.50476573 -359.49074302],40,NiaPyNelderMead,ChenV,391.7098891516188,1999.9999896034028,79999.99960472636,0.0027680349999883447,Continuous,Differentiable,Non-Separable,Non-Scalable,Multimodal,2,True,False,ChenV,0.0,40,20.0,20.0,False,False,False,False,,,,,5
1,[-54.06371848 112.35887976],40,NiaPyPSO,ChenV,124.20881513071788,1999.9998658639622,79999.99969532253,0.0018057980000065754,Continuous,Differentiable,Non-Separable,Non-Scalable,Multimodal,2,True,False,ChenV,0.0,40,20.0,20.0,False,False,False,False,,,,,5
2,[-161.6185754   339.07888036],40,NiaPySimulatedAnnealing,ChenV,375.14216850238614,1999.9999951268917,79999.9998310068,0.0019326649999982237,Continuous,Differentiable,Non-Separable,Non-Scalable,Multimodal,2,True,False,ChenV,0.0,40,20.0,20.0,False,False,False,False,,,,,5
3,[ 73.33736734 118.9909357 ],40,NiaPyCuckooSearch,ChenV,138.95671662595348,1999.999998464666,79999.99999430495,0.0013590970000052494,Continuous,Differentiable,Non-Separable,Non-Scalable,Multimodal,2,True,False,ChenV,0.0,40,20.0,20.0,False,False,False,False,,,,,5
4,[-176.48790891 -437.56100986],40,NiaPyDifferentialEvolution,ChenV,472.6283879770738,1999.999590924955,79999.99953084115,0.005503258999993932,Continuous,Differentiable,Non-Separable,Non-Scalable,Multimodal,2,True,False,ChenV,0.0,40,20.0,20.0,False,False,False,False,,,,,5
5,[ 115.48458238 -255.23160856],40,RandomSearch1,ChenV,280.64102008694954,1999.9999984721599,79999.99999499225,0.0010179659999920432,Continuous,Differentiable,Non-Separable,Non-Scalable,Multimodal,2,True,False,ChenV,0.0,40,20.0,20.0,False,False,False,False,,,,,5
6,[-133.45493806 -329.39165243],39,RandomSearch2,ChenV,356.2153004182734,1999.9996907636246,77999.9993658395,0.001126529000003984,Continuous,Differentiable,Non-Separable,Non-Scalable,Multimodal,2,True,False,ChenV,0.0,40,20.0,19.5,False,False,False,False,,,,,5
7,[ 90.01986581 150.94857727],43,CMAES,ChenV,174.93332951438506,1999.9999988448371,85999.9999840072,0.05435439400000064,Continuous,Differentiable,Non-Separable,Non-Scalable,Multimodal,2,True,False,ChenV,0.0,40,20.0,21.5,False,False,False,False,,,,,5
