,BestArm,NumberFunctionEval,Algorithm,CostFunction,EuclideanDistance,TrueRewardDifference,CumulativeRegret,TimeToComplete,Continuous,Differentiability,Separability,Scalability,Modality,Ndimensions,OptimizationSuccessful,BBOB,BaseClass,SD,MaxFeval,MaxFevalPerDimensions,FevalPerDimensions,SolveAt1,SolveAt1e-1,SolveAt1e-3,SolveAt1e-6,SolveEarlierAt1,SolveEarlierAt1e-1,SolveEarlierAt1e-3,SolveEarlierAt1e-6,simNumber
0,[-121.73573923 -242.41793058],40,NiaPyNelderMead,ChenV,272.0874100284242,1999.9999983788332,79999.99993985667,0.0027765990000006013,Continuous,Differentiable,Non-Separable,Non-Scalable,Multimodal,2,True,False,ChenV,0.0,40,20.0,20.0,False,False,False,False,,,,,1
1,[-165.11180245 -387.75620695],40,NiaPyPSO,ChenV,422.2629142665743,1999.999990213174,79999.99996766006,0.0017444010000104981,Continuous,Differentiable,Non-Separable,Non-Scalable,Multimodal,2,True,False,ChenV,0.0,40,20.0,20.0,False,False,False,False,,,,,1
2,[-151.32583338 -324.03028988],40,NiaPySimulatedAnnealing,ChenV,358.4432326979628,1999.9999978959115,79999.99992518066,0.0019078800000045248,Continuous,Differentiable,Non-Separable,Non-Scalable,Multimodal,2,True,False,ChenV,0.0,40,20.0,20.0,False,False,False,False,,,,,1
3,[ 103.39896335 -237.00021897],40,NiaPyCuckooSearch,ChenV,259.08113494998946,1999.999998979528,79999.99999533208,0.0013739099999980908,Continuous,Differentiable,Non-Separable,Non-Scalable,Multimodal,2,True,False,ChenV,0.0,40,20.0,20.0,False,False,False,False,,,,,1
4,[-147.48027666 -361.16473369],40,NiaPyDifferentialEvolution,ChenV,390.931527228464,1999.9998968983527,79999.99987956122,0.005648936000000049,Continuous,Differentiable,Non-Separable,Non-Scalable,Multimodal,2,True,False,ChenV,0.0,40,20.0,20.0,False,False,False,False,,,,,1
5,[-200.88596674 -494.58160033],40,RandomSearch1,ChenV,534.6376755796812,1999.9998994302427,79999.99983093792,0.0013940580000024738,Continuous,Differentiable,Non-Separable,Non-Scalable,Multimodal,2,True,False,ChenV,0.0,40,20.0,20.0,False,False,False,False,,,,,1
6,[ 58.06833154 -91.4107264 ],39,RandomSearch2,ChenV,108.69865834951723,1999.9999980343382,77999.99999315206,0.0014584399999932884,Continuous,Differentiable,Non-Separable,Non-Scalable,Multimodal,2,True,False,ChenV,0.0,40,20.0,19.5,False,False,False,False,,,,,1
7,[110.32160982 138.07068743],43,CMAES,ChenV,175.92556388118456,1999.9999996615045,85999.9999876833,0.05224183699999685,Continuous,Differentiable,Non-Separable,Non-Scalable,Multimodal,2,True,False,ChenV,0.0,40,20.0,21.5,False,False,False,False,,,,,1
