,BestArm,NumberFunctionEval,Algorithm,CostFunction,EuclideanDistance,TrueRewardDifference,CumulativeRegret,TimeToComplete,Continuous,Differentiability,Separability,Scalability,Modality,Ndimensions,OptimizationSuccessful,BBOB,BaseClass,SD,MaxFeval,MaxFevalPerDimensions,FevalPerDimensions,SolveAt1,SolveAt1e-1,SolveAt1e-3,SolveAt1e-6,SolveEarlierAt1,SolveEarlierAt1e-1,SolveEarlierAt1e-3,SolveEarlierAt1e-6,simNumber
0,[-156.86305488  315.54426249],40,NiaPyNelderMead,ChenV,351.91062907615805,1999.990120727981,79999.71299420242,0.0022319009999876016,Continuous,Differentiable,Non-Separable,Non-Scalable,Multimodal,2,True,False,ChenV,0.0,40,20.0,20.0,False,False,False,False,,,,,4
1,[-230.85980528  482.27398009],40,NiaPyPSO,ChenV,534.1985155945343,1999.9999972401367,79999.99998614367,0.0017889639999992824,Continuous,Differentiable,Non-Separable,Non-Scalable,Multimodal,2,True,False,ChenV,0.0,40,20.0,20.0,False,False,False,False,,,,,4
2,[278.35733349 228.96867738],40,NiaPySimulatedAnnealing,ChenV,359.670544371186,1999.9999999696759,79999.99999879292,0.0019195340000095484,Continuous,Differentiable,Non-Separable,Non-Scalable,Multimodal,2,True,False,ChenV,0.0,40,20.0,20.0,False,False,False,False,,,,,4
3,[-0.36050214  9.915628  ],40,NiaPyCuckooSearch,ChenV,9.223898133516354,1999.9999320797303,79999.99987930647,0.0013094349999960286,Continuous,Differentiable,Non-Separable,Non-Scalable,Multimodal,2,True,False,ChenV,0.0,40,20.0,20.0,False,False,False,False,,,,,4
4,[-164.97809752 -412.28908184],40,NiaPyDifferentialEvolution,ChenV,444.8871513979151,1999.9621151927645,79999.9620806495,0.005650263999996241,Continuous,Differentiable,Non-Separable,Non-Scalable,Multimodal,2,True,False,ChenV,0.0,40,20.0,20.0,False,False,False,False,,,,,4
5,[ -52.2776038  -111.15383885],40,RandomSearch1,ChenV,123.65279007044579,1999.9999840207136,79999.99996681562,0.0010010609999966391,Continuous,Differentiable,Non-Separable,Non-Scalable,Multimodal,2,True,False,ChenV,0.0,40,20.0,20.0,False,False,False,False,,,,,4
6,[14.65729175 48.07906621],39,RandomSearch2,ChenV,49.45966025066525,1999.9999540585502,77999.99990452918,0.0011348869999920908,Continuous,Differentiable,Non-Separable,Non-Scalable,Multimodal,2,True,False,ChenV,0.0,40,20.0,19.5,False,False,False,False,,,,,4
7,[110.49862803 143.74177361],43,CMAES,ChenV,180.49583577784543,1999.9999996351012,85999.99998740718,0.05246198999999763,Continuous,Differentiable,Non-Separable,Non-Scalable,Multimodal,2,True,False,ChenV,0.0,40,20.0,21.5,False,False,False,False,,,,,4
