,BestArm,NumberFunctionEval,Algorithm,CostFunction,EuclideanDistance,TrueRewardDifference,CumulativeRegret,TimeToComplete,Continuous,Differentiability,Separability,Scalability,Modality,Ndimensions,OptimizationSuccessful,BBOB,BaseClass,SD,MaxFeval,MaxFevalPerDimensions,FevalPerDimensions,SolveAt1,SolveAt1e-1,SolveAt1e-3,SolveAt1e-6,SolveEarlierAt1,SolveEarlierAt1e-1,SolveEarlierAt1e-3,SolveEarlierAt1e-6,simNumber
0,[438.82163217 364.98137171],20000,NiaPyNelderMead,ChenV,570.0070160667973,1999.999999987681,39999861.15547266,1.0316540339999847,Continuous,Differentiable,Non-Separable,Non-Scalable,Multimodal,2,True,False,ChenV,3.0,20000,10000.0,10000.0,False,False,False,False,,,,,7
1,[-240.40464797 -188.90021566],20000,NiaPyPSO,ChenV,306.4933871040814,1999.9999999610247,40001106.235609606,0.924421964999965,Continuous,Differentiable,Non-Separable,Non-Scalable,Multimodal,2,True,False,ChenV,3.0,20000,10000.0,10000.0,False,False,False,False,,,,,7
2,[ -28.49698503 -256.66672581],20000,NiaPySimulatedAnnealing,ChenV,259.004757256112,1999.9999998076607,40000103.582365446,1.003824517999874,Continuous,Differentiable,Non-Separable,Non-Scalable,Multimodal,2,True,False,ChenV,3.0,20000,10000.0,10000.0,False,False,False,False,,,,,7
3,[-432.58066232  -34.37347326],20000,NiaPyCuckooSearch,ChenV,434.3896178699933,1999.9999999930703,40000050.22347791,0.692740047000143,Continuous,Differentiable,Non-Separable,Non-Scalable,Multimodal,2,True,False,ChenV,3.0,20000,10000.0,10000.0,False,False,False,False,,,,,7
4,[ 500. -500.],20000,NiaPyDifferentialEvolution,ChenV,707.3429197870291,1999.9999999939346,39999697.874025874,3.407519735000051,Continuous,Differentiable,Non-Separable,Non-Scalable,Multimodal,2,True,False,ChenV,3.0,20000,10000.0,10000.0,False,False,False,False,,,,,7
5,[-141.83336608  285.16822519],20000,RandomSearch1,ChenV,318.0199654326067,1690.3199483372941,39999363.73251451,0.5268329850000555,Continuous,Differentiable,Non-Separable,Non-Scalable,Multimodal,2,True,False,ChenV,3.0,20000,10000.0,10000.0,False,False,False,False,,,,,7
6,[174.30172344 114.72727015],19999,RandomSearch2,ChenV,207.94909226634203,1999.9999999345716,39998111.11645506,0.6223315350000576,Continuous,Differentiable,Non-Separable,Non-Scalable,Multimodal,2,True,False,ChenV,3.0,20000,10000.0,9999.5,False,False,False,False,,,,,7
7,[-198.65786185   72.83636114],3151,CMAES,ChenV,211.70748217846486,1999.9999999713345,6302019.397984185,0.8995761250000669,Continuous,Differentiable,Non-Separable,Non-Scalable,Multimodal,2,True,False,ChenV,3.0,20000,10000.0,1575.5,False,False,False,False,,,,,7
