,BestArm,NumberFunctionEval,Algorithm,CostFunction,EuclideanDistance,TrueRewardDifference,CumulativeRegret,TimeToComplete,Continuous,Differentiability,Separability,Scalability,Modality,Ndimensions,OptimizationSuccessful,BBOB,BaseClass,SD,MaxFeval,MaxFevalPerDimensions,FevalPerDimensions,SolveAt1,SolveAt1e-1,SolveAt1e-3,SolveAt1e-6,SolveEarlierAt1,SolveEarlierAt1e-1,SolveEarlierAt1e-3,SolveEarlierAt1e-6,simNumber
0,[186.47856885 147.90403952],20000,NiaPyNelderMead,ChenV,237.25904899574445,1999.9999999345039,40000737.11660525,1.0403194539999276,Continuous,Differentiable,Non-Separable,Non-Scalable,Multimodal,2,True,False,ChenV,3.0,20000,10000.0,10000.0,False,False,False,False,,,,,4
1,[-264.08354769   56.5672934 ],20000,NiaPyPSO,ChenV,270.30416512430514,1999.9999999833756,40000054.24553278,0.9174130690000766,Continuous,Differentiable,Non-Separable,Non-Scalable,Multimodal,2,True,False,ChenV,3.0,20000,10000.0,10000.0,False,False,False,False,,,,,4
2,[  96.11577773 -431.29800669],20000,NiaPySimulatedAnnealing,ChenV,442.4987180077654,1999.999999968853,39999521.00967682,0.9999539870000262,Continuous,Differentiable,Non-Separable,Non-Scalable,Multimodal,2,True,False,ChenV,3.0,20000,10000.0,10000.0,False,False,False,False,,,,,4
3,[-428.29485467 -110.11561584],20000,NiaPyCuckooSearch,ChenV,442.7807339284087,1999.9999999921638,39999844.17158589,0.689283684999964,Continuous,Differentiable,Non-Separable,Non-Scalable,Multimodal,2,True,False,ChenV,3.0,20000,10000.0,10000.0,False,False,False,False,,,,,4
4,[500.          -5.47288032],20000,NiaPyDifferentialEvolution,ChenV,499.6495188041189,1999.9999999950192,39999715.28636422,3.429809057000057,Continuous,Differentiable,Non-Separable,Non-Scalable,Multimodal,2,True,False,ChenV,3.0,20000,10000.0,10000.0,False,False,False,False,,,,,4
5,[173.20711921 104.13375419],20000,RandomSearch1,ChenV,201.39534670271166,1999.9999999371705,39999403.4640806,0.532431625000072,Continuous,Differentiable,Non-Separable,Non-Scalable,Multimodal,2,True,False,ChenV,3.0,20000,10000.0,10000.0,False,False,False,False,,,,,4
6,[-28.53449584 177.1064921 ],19999,RandomSearch2,ChenV,178.7399587224541,1999.9999998277774,39998570.66325135,0.617341561000103,Continuous,Differentiable,Non-Separable,Non-Scalable,Multimodal,2,True,False,ChenV,3.0,20000,10000.0,9999.5,False,False,False,False,,,,,4
7,[-196.9951739    73.71234999],3031,CMAES,ChenV,210.44720714683245,1999.9999999708634,6062121.973440275,0.8559066389998407,Continuous,Differentiable,Non-Separable,Non-Scalable,Multimodal,2,True,False,ChenV,3.0,20000,10000.0,1515.5,False,False,False,False,,,,,4
