,BestArm,NumberFunctionEval,Algorithm,CostFunction,EuclideanDistance,TrueRewardDifference,CumulativeRegret,TimeToComplete,Continuous,Differentiability,Separability,Scalability,Modality,Ndimensions,OptimizationSuccessful,BBOB,BaseClass,SD,MaxFeval,MaxFevalPerDimensions,FevalPerDimensions,SolveAt1,SolveAt1e-1,SolveAt1e-3,SolveAt1e-6,SolveEarlierAt1,SolveEarlierAt1e-1,SolveEarlierAt1e-3,SolveEarlierAt1e-6,simNumber
0,[ -68.73364882 -167.2629385 ],200000,NiaPyNelderMead,ChenV,181.6505971473654,1999.9997311006266,399999946.2217366,9.821872759999678,Continuous,Differentiable,Non-Separable,Non-Scalable,Multimodal,2,True,False,ChenV,0.0,200000,100000.0,100000.0,False,False,False,False,,,,,9
1,[176.61500017 441.28749243],200000,NiaPyPSO,ChenV,474.503318864088,1000.010244052121,399797234.55876076,7.931138542000554,Continuous,Differentiable,Non-Separable,Non-Scalable,Multimodal,2,True,False,ChenV,0.0,200000,100000.0,100000.0,False,False,False,False,,,,,9
2,[330.19635353 -66.65337526],200000,NiaPySimulatedAnnealing,ChenV,336.6191243321855,1999.999999989292,399999999.99836165,8.482349510000859,Continuous,Differentiable,Non-Separable,Non-Scalable,Multimodal,2,True,False,ChenV,0.0,200000,100000.0,100000.0,False,False,False,False,,,,,9
3,[ -87.11872068 -218.03999641],200000,NiaPyCuckooSearch,ChenV,235.6151311601865,1881.0930564328492,399999413.319495,5.533837359000245,Continuous,Differentiable,Non-Separable,Non-Scalable,Multimodal,2,True,False,ChenV,0.0,200000,100000.0,100000.0,False,False,False,False,,,,,9
4,[0.38888889 0.72222222],200000,NiaPyDifferentialEvolution,ChenV,1.7674124480113427e-12,2.2737367544323206e-13,9039073.935275832,31.38362536099885,Continuous,Differentiable,Non-Separable,Non-Scalable,Multimodal,2,True,False,ChenV,0.0,200000,100000.0,100000.0,True,True,True,True,5657.0,5726.0,6436.0,7537.0,9
5,[ -93.51692313 -234.04596275],200000,RandomSearch1,ChenV,252.85253054878478,1681.2597900629396,399998727.0130039,4.366308453998499,Continuous,Differentiable,Non-Separable,Non-Scalable,Multimodal,2,True,False,ChenV,0.0,200000,100000.0,100000.0,False,False,False,False,,,,,9
6,[ -77.73857867 -194.6029201 ],199999,RandomSearch2,ChenV,210.37065482280892,1870.2117282334693,399997436.1699549,5.051342737000596,Continuous,Differentiable,Non-Separable,Non-Scalable,Multimodal,2,True,False,ChenV,0.0,200000,100000.0,99999.5,False,False,False,False,,,,,9
7,[-142.54102304 -356.60255759],775,CMAES,ChenV,384.85056579265165,999.9999999975826,1079354.5142487907,0.245834064000519,Continuous,Differentiable,Non-Separable,Non-Scalable,Multimodal,2,True,False,ChenV,0.0,200000,100000.0,387.5,False,False,False,False,,,,,9
