,BestArm,NumberFunctionEval,Algorithm,CostFunction,EuclideanDistance,TrueRewardDifference,CumulativeRegret,TimeToComplete,Continuous,Differentiability,Separability,Scalability,Modality,Ndimensions,OptimizationSuccessful,BBOB,BaseClass,SD,MaxFeval,MaxFevalPerDimensions,FevalPerDimensions,SolveAt1,SolveAt1e-1,SolveAt1e-3,SolveAt1e-6,SolveEarlierAt1,SolveEarlierAt1e-1,SolveEarlierAt1e-3,SolveEarlierAt1e-6,simNumber
0,[-312.71572945  -93.5005572 ],20000,NiaPyNelderMead,ChenV,326.97466903319406,1999.99999998489,39999214.0859342,1.0539510710000286,Continuous,Differentiable,Non-Separable,Non-Scalable,Multimodal,2,True,False,ChenV,3.0,20000,10000.0,10000.0,False,False,False,False,,,,,5
1,[ 64.63899849 161.34827893],20000,NiaPyPSO,ChenV,172.99944126782484,1089.268309907125,39998249.33397432,0.9006582430001799,Continuous,Differentiable,Non-Separable,Non-Scalable,Multimodal,2,True,False,ChenV,3.0,20000,10000.0,10000.0,False,False,False,False,,,,,5
2,[-160.48742688 -444.5829342 ],20000,NiaPySimulatedAnnealing,ChenV,473.47425623134467,1999.999996636004,39999621.5799237,0.9793336539999018,Continuous,Differentiable,Non-Separable,Non-Scalable,Multimodal,2,True,False,ChenV,3.0,20000,10000.0,10000.0,False,False,False,False,,,,,5
3,[  51.77048534 -127.08874552],20000,NiaPyCuckooSearch,ChenV,137.75235725780573,1999.9999983109274,40000283.6299501,0.6739756220001709,Continuous,Differentiable,Non-Separable,Non-Scalable,Multimodal,2,True,False,ChenV,3.0,20000,10000.0,10000.0,False,False,False,False,,,,,5
4,[500.        232.5281433],20000,NiaPyDifferentialEvolution,ChenV,550.7678706986734,1999.9999999933,40000025.38921014,3.3519891990001724,Continuous,Differentiable,Non-Separable,Non-Scalable,Multimodal,2,True,False,ChenV,3.0,20000,10000.0,10000.0,False,False,False,False,,,,,5
5,[ 51.26647125 127.91128292],20000,RandomSearch1,ChenV,136.9875379246176,1793.1350782581517,39999543.9883893,0.5212484579999455,Continuous,Differentiable,Non-Separable,Non-Scalable,Multimodal,2,True,False,ChenV,3.0,20000,10000.0,10000.0,False,False,False,False,,,,,5
6,[-273.16322619 -121.02554631],19999,RandomSearch2,ChenV,299.42157371875896,1999.9999999779857,39998084.26429372,0.6177255860000059,Continuous,Differentiable,Non-Separable,Non-Scalable,Multimodal,2,True,False,ChenV,3.0,20000,10000.0,9999.5,False,False,False,False,,,,,5
7,[-187.41571208   64.86394228],3277,CMAES,ChenV,198.4558600730985,1999.9999999677457,6554064.413284197,0.9181215769999653,Continuous,Differentiable,Non-Separable,Non-Scalable,Multimodal,2,True,False,ChenV,3.0,20000,10000.0,1638.5,False,False,False,False,,,,,5
