,BestArm,NumberFunctionEval,Algorithm,CostFunction,EuclideanDistance,TrueRewardDifference,CumulativeRegret,TimeToComplete,Continuous,Differentiability,Separability,Scalability,Modality,Ndimensions,OptimizationSuccessful,BBOB,BaseClass,SD,MaxFeval,MaxFevalPerDimensions,FevalPerDimensions,SolveAt1,SolveAt1e-1,SolveAt1e-3,SolveAt1e-6,SolveEarlierAt1,SolveEarlierAt1e-1,SolveEarlierAt1e-3,SolveEarlierAt1e-6,simNumber
0,[ 45.14932483 106.23286007],200,NiaPyNelderMead,ChenBird,114.77368996274241,2000.0039997159784,400000.79994409106,0.013990120000002548,Continuous,Differentiable,Non-Separable,Non-Scalable,Multimodal,2,True,False,ChenBird,0.0,200,100.0,100.0,False,False,False,False,,,,,9
1,[37.61116711 56.03433182],200,NiaPyPSO,ChenBird,66.7929692028501,2000.0039970376406,400000.7999510231,0.010675613000003636,Continuous,Differentiable,Non-Separable,Non-Scalable,Multimodal,2,True,False,ChenBird,0.0,200,100.0,100.0,False,False,False,False,,,,,9
2,[261.81116829 293.73758612],200,NiaPySimulatedAnnealing,ChenBird,392.77450093804674,2000.0039990029309,400000.7998250753,0.011314601000009361,Continuous,Differentiable,Non-Separable,Non-Scalable,Multimodal,2,True,False,ChenBird,0.0,200,100.0,100.0,False,False,False,False,,,,,9
3,[74.78390461 74.33888789],200,NiaPyCuckooSearch,ChenBird,104.73910372737458,1999.9989505215958,400000.66692436684,0.009414547000005768,Continuous,Differentiable,Non-Separable,Non-Scalable,Multimodal,2,True,False,ChenBird,0.0,200,100.0,100.0,False,False,False,False,,,,,9
4,[-500. -500.],200,NiaPyDifferentialEvolution,ChenBird,707.8138879677341,1000.003999984,356000.7982254439,0.03362006199999712,Continuous,Differentiable,Non-Separable,Non-Scalable,Multimodal,2,True,False,ChenBird,0.0,200,100.0,100.0,False,False,False,False,,,,,9
5,[-289.82853699 -289.83641783],200,RandomSearch1,ChenBird,410.5921271899802,1984.1580382929867,399984.9539462963,0.007046895000001996,Continuous,Differentiable,Non-Separable,Non-Scalable,Multimodal,2,True,False,ChenBird,0.0,200,100.0,100.0,False,False,False,False,,,,,9
6,[-27.96682274 -31.33293448],199,RandomSearch2,ChenBird,42.70475049020549,2000.003911727628,398000.7957085855,0.007718233000005625,Continuous,Differentiable,Non-Separable,Non-Scalable,Multimodal,2,True,False,ChenBird,0.0,200,100.0,99.5,False,False,False,False,,,,,9
7,[298.89365914 297.48506202],205,CMAES,ChenBird,420.99750935134983,2000.003495989045,410000.8189824802,0.09593658000000005,Continuous,Differentiable,Non-Separable,Non-Scalable,Multimodal,2,True,False,ChenBird,0.0,200,100.0,102.5,False,False,False,False,,,,,9
