,BestArm,NumberFunctionEval,Algorithm,CostFunction,EuclideanDistance,TrueRewardDifference,CumulativeRegret,TimeToComplete,Continuous,Differentiability,Separability,Scalability,Modality,Ndimensions,OptimizationSuccessful,BBOB,BaseClass,SD,MaxFeval,MaxFevalPerDimensions,FevalPerDimensions,SolveAt1,SolveAt1e-1,SolveAt1e-3,SolveAt1e-6,SolveEarlierAt1,SolveEarlierAt1e-1,SolveEarlierAt1e-3,SolveEarlierAt1e-6,simNumber
0,[-18.19504646 441.09035687],20000,NiaPyNelderMead,ChenV,440.76008969632824,1999.9999999674776,40000402.85303697,1.048115523999968,Continuous,Differentiable,Non-Separable,Non-Scalable,Multimodal,2,True,False,ChenV,3.0,20000,10000.0,10000.0,False,False,False,False,,,,,6
1,[-95.47620581 192.45034196],20000,NiaPyPSO,ChenV,214.35901726021285,1810.7323782284059,39998905.86062695,0.9195892639997965,Continuous,Differentiable,Non-Separable,Non-Scalable,Multimodal,2,True,False,ChenV,3.0,20000,10000.0,10000.0,False,False,False,False,,,,,6
2,[-173.06725393 -306.66606117],20000,NiaPySimulatedAnnealing,ChenV,352.9512576067318,1999.9999996055585,39999985.75674575,0.9810573639999802,Continuous,Differentiable,Non-Separable,Non-Scalable,Multimodal,2,True,False,ChenV,3.0,20000,10000.0,10000.0,False,False,False,False,,,,,6
3,[-158.48760406 -121.79548343],20000,NiaPyCuckooSearch,ChenV,200.62982881165814,1999.9999999119998,40000658.39384898,0.6744849770000201,Continuous,Differentiable,Non-Separable,Non-Scalable,Multimodal,2,True,False,ChenV,3.0,20000,10000.0,10000.0,False,False,False,False,,,,,6
4,[500. 500.],20000,NiaPyDifferentialEvolution,ChenV,706.3211463126352,1999.9999999884362,39999810.6920549,3.370902962000173,Continuous,Differentiable,Non-Separable,Non-Scalable,Multimodal,2,True,False,ChenV,3.0,20000,10000.0,10000.0,False,False,False,False,,,,,6
5,[-100.45870295  107.42860007],20000,RandomSearch1,ChenV,146.8212786145481,1999.999999840629,39999983.46158759,0.5241334250001728,Continuous,Differentiable,Non-Separable,Non-Scalable,Multimodal,2,True,False,ChenV,3.0,20000,10000.0,10000.0,False,False,False,False,,,,,6
6,[ 155.93212404 -310.36485948],19999,RandomSearch2,ChenV,347.80579409480475,1272.0944429444285,39997150.20529178,0.6151665610000236,Continuous,Differentiable,Non-Separable,Non-Scalable,Multimodal,2,True,False,ChenV,3.0,20000,10000.0,9999.5,False,False,False,False,,,,,6
7,[-210.44516679   79.43235854],3391,CMAES,ChenV,225.04729412522659,1999.9999999744675,6782210.084706133,0.9567868299998281,Continuous,Differentiable,Non-Separable,Non-Scalable,Multimodal,2,True,False,ChenV,3.0,20000,10000.0,1695.5,False,False,False,False,,,,,6
