,BestArm,NumberFunctionEval,Algorithm,CostFunction,EuclideanDistance,TrueRewardDifference,CumulativeRegret,TimeToComplete,Continuous,Differentiability,Separability,Scalability,Modality,Ndimensions,OptimizationSuccessful,BBOB,BaseClass,SD,MaxFeval,MaxFevalPerDimensions,FevalPerDimensions,SolveAt1,SolveAt1e-1,SolveAt1e-3,SolveAt1e-6,SolveEarlierAt1,SolveEarlierAt1e-1,SolveEarlierAt1e-3,SolveEarlierAt1e-6,simNumber
0,[-486.26854168  -34.55556372],20000,NiaPyNelderMead,ChenBird,488.02920580314066,2000.0039999790993,39999974.89970795,1.321499261000099,Continuous,Differentiable,Non-Separable,Non-Scalable,Multimodal,2,True,False,ChenBird,3.0,20000,10000.0,10000.0,False,False,False,False,,,,,6
1,[207.64272778 -15.47259735],20000,NiaPyPSO,ChenBird,207.757631719056,2000.0039999639107,40000658.74984482,1.168426056000044,Continuous,Differentiable,Non-Separable,Non-Scalable,Multimodal,2,True,False,ChenBird,3.0,20000,10000.0,10000.0,False,False,False,False,,,,,6
2,[158.60852716 384.99504288],20000,NiaPySimulatedAnnealing,ChenBird,415.73398268844954,2000.0039999644882,39999309.5950599,1.2394771129997935,Continuous,Differentiable,Non-Separable,Non-Scalable,Multimodal,2,True,False,ChenBird,3.0,20000,10000.0,10000.0,False,False,False,False,,,,,6
3,[500. 500.],20000,NiaPyCuckooSearch,ChenBird,706.399674405361,1000.003999984,39956737.78399528,0.9300462609999158,Continuous,Differentiable,Non-Separable,Non-Scalable,Multimodal,2,True,False,ChenBird,3.0,20000,10000.0,10000.0,False,False,False,False,,,,,6
4,[-500. -500.],20000,NiaPyDifferentialEvolution,ChenBird,707.8138879677341,1000.003999984,22137924.899873137,3.6909543810002106,Continuous,Differentiable,Non-Separable,Non-Scalable,Multimodal,2,True,False,ChenBird,3.0,20000,10000.0,10000.0,False,False,False,False,,,,,6
5,[277.55228019 -16.07338771],20000,RandomSearch1,ChenBird,277.54755112883083,2000.003999972401,39999681.59453919,0.7693838999998661,Continuous,Differentiable,Non-Separable,Non-Scalable,Multimodal,2,True,False,ChenBird,3.0,20000,10000.0,10000.0,False,False,False,False,,,,,6
6,[158.69283016 158.68931279],19999,RandomSearch2,ChenBird,223.7159587444387,1925.220238265778,39998383.43052019,0.8504155919999903,Continuous,Differentiable,Non-Separable,Non-Scalable,Multimodal,2,True,False,ChenBird,3.0,20000,10000.0,9999.5,False,False,False,False,,,,,6
7,[-192.23384112  414.75166197],2791,CMAES,ChenBird,456.8925179504024,2000.003999981286,5581919.844676156,0.8074065850000807,Continuous,Differentiable,Non-Separable,Non-Scalable,Multimodal,2,True,False,ChenBird,3.0,20000,10000.0,1395.5,False,False,False,False,,,,,6
