,BestArm,NumberFunctionEval,Algorithm,CostFunction,EuclideanDistance,TrueRewardDifference,CumulativeRegret,TimeToComplete,Continuous,Differentiability,Separability,Scalability,Modality,Ndimensions,OptimizationSuccessful,BBOB,BaseClass,SD,MaxFeval,MaxFevalPerDimensions,FevalPerDimensions,SolveAt1,SolveAt1e-1,SolveAt1e-3,SolveAt1e-6,SolveEarlierAt1,SolveEarlierAt1e-1,SolveEarlierAt1e-3,SolveEarlierAt1e-6,simNumber
0,[-337.97045494  471.6128702 ],2000,NiaPyNelderMead,ChenV,579.8491596200597,1999.999999972791,3999849.391993619,0.1058150740000201,Continuous,Differentiable,Non-Separable,Non-Scalable,Multimodal,2,True,False,ChenV,3.0,2000,1000.0,1000.0,False,False,False,False,,,,,5
1,[ -46.50580735 -160.73760354],2000,NiaPyPSO,ChenV,168.13205485783666,1999.999996788834,4000129.8944763253,0.09098959499999637,Continuous,Differentiable,Non-Separable,Non-Scalable,Multimodal,2,True,False,ChenV,3.0,2000,1000.0,1000.0,False,False,False,False,,,,,5
2,[341.3889918  186.62805419],2000,NiaPySimulatedAnnealing,ChenV,388.38389326349613,1999.9999999846068,4000050.4426115323,0.0986877220000224,Continuous,Differentiable,Non-Separable,Non-Scalable,Multimodal,2,True,False,ChenV,3.0,2000,1000.0,1000.0,False,False,False,False,,,,,5
3,[145.13734304 222.11968048],2000,NiaPyCuckooSearch,ChenV,264.5164446763692,1999.9999996794381,4000213.351668709,0.06832966700000043,Continuous,Differentiable,Non-Separable,Non-Scalable,Multimodal,2,True,False,ChenV,3.0,2000,1000.0,1000.0,False,False,False,False,,,,,5
4,[-173.9002155  -286.39940406],2000,NiaPyDifferentialEvolution,ChenV,335.88021702494586,1999.9999997144932,3999935.3513180725,0.3263974960000269,Continuous,Differentiable,Non-Separable,Non-Scalable,Multimodal,2,True,False,ChenV,3.0,2000,1000.0,1000.0,False,False,False,False,,,,,5
5,[226.20865913 181.01280985],2000,RandomSearch1,ChenV,288.96239308398305,1999.9999999551674,3999929.114032644,0.05187345999996751,Continuous,Differentiable,Non-Separable,Non-Scalable,Multimodal,2,True,False,ChenV,3.0,2000,1000.0,1000.0,False,False,False,False,,,,,5
6,[ 241.2048141  -426.94351679],1999,RandomSearch2,ChenV,490.80576011816646,1999.999999650739,3998012.051595717,0.06017372100001239,Continuous,Differentiable,Non-Separable,Non-Scalable,Multimodal,2,True,False,ChenV,3.0,2000,1000.0,999.5,False,False,False,False,,,,,5
7,[-269.99275575 -104.01180542],2005,CMAES,ChenV,289.9576698470967,1999.9999999784454,4010060.774005949,0.5659877229999779,Continuous,Differentiable,Non-Separable,Non-Scalable,Multimodal,2,True,False,ChenV,3.0,2000,1000.0,1002.5,False,False,False,False,,,,,5
