,BestArm,NumberFunctionEval,Algorithm,CostFunction,EuclideanDistance,TrueRewardDifference,CumulativeRegret,TimeToComplete,Continuous,Differentiability,Separability,Scalability,Modality,Ndimensions,OptimizationSuccessful,BBOB,BaseClass,SD,MaxFeval,MaxFevalPerDimensions,FevalPerDimensions,SolveAt1,SolveAt1e-1,SolveAt1e-3,SolveAt1e-6,SolveEarlierAt1,SolveEarlierAt1e-1,SolveEarlierAt1e-3,SolveEarlierAt1e-6,simNumber
0,[-172.42479521 -347.78087366],2000,NiaPyNelderMead,ChenV,388.99740006136204,1999.9999991021814,4000054.945719267,0.10845213099997864,Continuous,Differentiable,Non-Separable,Non-Scalable,Multimodal,2,True,False,ChenV,3.0,2000,1000.0,1000.0,False,False,False,False,,,,,3
1,[-237.92562712 -409.92784357],2000,NiaPyPSO,ChenV,474.79183341852445,1999.9999998163835,4000082.450182328,0.09022101599998678,Continuous,Differentiable,Non-Separable,Non-Scalable,Multimodal,2,True,False,ChenV,3.0,2000,1000.0,1000.0,False,False,False,False,,,,,3
2,[269.65405359 218.95641007],2000,NiaPySimulatedAnnealing,ChenV,346.59759039587044,1999.999999968055,4000001.9221073478,0.09846921700000166,Continuous,Differentiable,Non-Separable,Non-Scalable,Multimodal,2,True,False,ChenV,3.0,2000,1000.0,1000.0,False,False,False,False,,,,,3
3,[-180.68353013 -222.27000256],2000,NiaPyCuckooSearch,ChenV,287.2503320162508,1999.9999998786116,3999930.305685781,0.06874240500002315,Continuous,Differentiable,Non-Separable,Non-Scalable,Multimodal,2,True,False,ChenV,3.0,2000,1000.0,1000.0,False,False,False,False,,,,,3
4,[ 383.0777914  -183.18993291],2000,NiaPyDifferentialEvolution,ChenV,424.58741963261673,1999.9999999922386,3999911.865496583,0.33392555599999696,Continuous,Differentiable,Non-Separable,Non-Scalable,Multimodal,2,True,False,ChenV,3.0,2000,1000.0,1000.0,False,False,False,False,,,,,3
5,[-297.72548955  220.27775787],2000,RandomSearch1,ChenV,370.23886325966595,1999.9999999862382,3999979.105821092,0.053228886999988845,Continuous,Differentiable,Non-Separable,Non-Scalable,Multimodal,2,True,False,ChenV,3.0,2000,1000.0,1000.0,False,False,False,False,,,,,3
6,[355.44603474 197.45267633],1999,RandomSearch2,ChenV,405.9167998400948,1999.9999999856911,3998119.7304479955,0.06105994499995404,Continuous,Differentiable,Non-Separable,Non-Scalable,Multimodal,2,True,False,ChenV,3.0,2000,1000.0,999.5,False,False,False,False,,,,,3
7,[-267.1726875  -106.00610198],2005,CMAES,ChenV,288.06272293855994,1999.9999999777967,4010076.145979647,0.5751293090000331,Continuous,Differentiable,Non-Separable,Non-Scalable,Multimodal,2,True,False,ChenV,3.0,2000,1000.0,1002.5,False,False,False,False,,,,,3
