,BestArm,NumberFunctionEval,Algorithm,CostFunction,EuclideanDistance,TrueRewardDifference,CumulativeRegret,TimeToComplete,Continuous,Differentiability,Separability,Scalability,Modality,Ndimensions,OptimizationSuccessful,BBOB,BaseClass,SD,MaxFeval,MaxFevalPerDimensions,FevalPerDimensions,SolveAt1,SolveAt1e-1,SolveAt1e-3,SolveAt1e-6,SolveEarlierAt1,SolveEarlierAt1e-1,SolveEarlierAt1e-3,SolveEarlierAt1e-6,simNumber
0,[ -60.29446897 -147.25780154],40,NiaPyNelderMead,ChenV,159.93923018467484,1999.999550370372,79999.98353336976,0.0023596860000054676,Continuous,Differentiable,Non-Separable,Non-Scalable,Multimodal,2,True,False,ChenV,0.0,40,20.0,20.0,False,False,False,False,,,,,7
1,[-160.7251413  -460.82030246],40,NiaPyPSO,ChenV,488.8550222869127,1999.9999981880571,79999.9999942528,0.002065138999995497,Continuous,Differentiable,Non-Separable,Non-Scalable,Multimodal,2,True,False,ChenV,0.0,40,20.0,20.0,False,False,False,False,,,,,7
2,[471.36827789 210.05539524],40,NiaPySimulatedAnnealing,ChenV,515.4046586766343,1999.9999999925772,79999.99999970364,0.001907525999996551,Continuous,Differentiable,Non-Separable,Non-Scalable,Multimodal,2,True,False,ChenV,0.0,40,20.0,20.0,False,False,False,False,,,,,7
3,[ 157.32101533 -303.77258816],40,NiaPyCuckooSearch,ChenV,342.5562462763179,1999.9999885958493,79999.99997722128,0.0013615759999936472,Continuous,Differentiable,Non-Separable,Non-Scalable,Multimodal,2,True,False,ChenV,0.0,40,20.0,20.0,False,False,False,False,,,,,7
4,[ -22.16730789 -115.4535569 ],40,NiaPyDifferentialEvolution,ChenV,118.34523086215277,1999.9999982129552,79999.99999677968,0.005516198999998778,Continuous,Differentiable,Non-Separable,Non-Scalable,Multimodal,2,True,False,ChenV,0.0,40,20.0,20.0,False,False,False,False,,,,,7
5,[ 89.49070196 238.16739808],40,RandomSearch1,ChenV,253.61258768511922,1999.9999710342233,79999.99995791573,0.0009724819999945566,Continuous,Differentiable,Non-Separable,Non-Scalable,Multimodal,2,True,False,ChenV,0.0,40,20.0,20.0,False,False,False,False,,,,,7
6,[-15.66950502  22.36268317],39,RandomSearch2,ChenV,26.947756211860042,1999.9999892514977,77999.9999703136,0.0011317469999880814,Continuous,Differentiable,Non-Separable,Non-Scalable,Multimodal,2,True,False,ChenV,0.0,40,20.0,19.5,False,False,False,False,,,,,7
7,[102.41734726 139.39023583],43,CMAES,ChenV,172.15871838663566,1999.9999995302212,85999.99998683218,0.05262956299999644,Continuous,Differentiable,Non-Separable,Non-Scalable,Multimodal,2,True,False,ChenV,0.0,40,20.0,21.5,False,False,False,False,,,,,7
