,BestArm,NumberFunctionEval,Algorithm,CostFunction,EuclideanDistance,TrueRewardDifference,CumulativeRegret,TimeToComplete,Continuous,Differentiability,Separability,Scalability,Modality,Ndimensions,OptimizationSuccessful,BBOB,BaseClass,SD,MaxFeval,MaxFevalPerDimensions,FevalPerDimensions,SolveAt1,SolveAt1e-1,SolveAt1e-3,SolveAt1e-6,SolveEarlierAt1,SolveEarlierAt1e-1,SolveEarlierAt1e-3,SolveEarlierAt1e-6,simNumber
0,[  -6.7965036  -265.51443351],200000,NiaPyNelderMead,ChenV,266.33360043086714,1999.9999998859041,399999999.9771813,9.744730444001107,Continuous,Differentiable,Non-Separable,Non-Scalable,Multimodal,2,True,False,ChenV,0.0,200000,100000.0,100000.0,False,False,False,False,,,,,8
1,[-70.45382505 142.4076453 ],200000,NiaPyPSO,ChenV,158.40911979041257,1000.0230911996978,399912519.53839034,8.051716758000111,Continuous,Differentiable,Non-Separable,Non-Scalable,Multimodal,2,True,False,ChenV,0.0,200000,100000.0,100000.0,False,False,False,False,,,,,8
2,[-356.18631771 -399.3462832 ],200000,NiaPySimulatedAnnealing,ChenV,535.911081234931,1999.9999999733072,399999999.99674624,8.32804375500018,Continuous,Differentiable,Non-Separable,Non-Scalable,Multimodal,2,True,False,ChenV,0.0,200000,100000.0,100000.0,False,False,False,False,,,,,8
3,[-35.17439713 -88.18695919],200000,NiaPyCuckooSearch,ChenV,95.75797539924001,1129.995637294538,399995354.9901032,5.598006924999936,Continuous,Differentiable,Non-Separable,Non-Scalable,Multimodal,2,True,False,ChenV,0.0,200000,100000.0,100000.0,False,False,False,False,,,,,8
4,[0.38888889 0.72222222],200000,NiaPyDifferentialEvolution,ChenV,1.2114747245689566e-11,2.2737367544323206e-13,8579567.494551755,31.19821803100058,Continuous,Differentiable,Non-Separable,Non-Scalable,Multimodal,2,True,False,ChenV,0.0,200000,100000.0,100000.0,True,True,True,True,5067.0,5703.0,6309.0,7177.0,8
5,[35.64850199 88.87123019],200000,RandomSearch1,ChenV,94.93939077833625,1000.0982698865868,399997581.3464809,4.327117069999076,Continuous,Differentiable,Non-Separable,Non-Scalable,Multimodal,2,True,False,ChenV,0.0,200000,100000.0,100000.0,False,False,False,False,,,,,8
6,[-136.4019395   274.30362486],199999,RandomSearch2,ChenV,305.87336366196934,1060.6709422630754,399995947.3358806,5.0038288600007945,Continuous,Differentiable,Non-Separable,Non-Scalable,Multimodal,2,True,False,ChenV,0.0,200000,100000.0,99999.5,False,False,False,False,,,,,8
7,[0.38888889 0.72222222],1537,CMAES,ChenV,5.926083698698797e-10,2.3214852262753993e-10,1465407.6839347275,0.45138965000114695,Continuous,Differentiable,Non-Separable,Non-Scalable,Multimodal,2,True,False,ChenV,0.0,200000,100000.0,768.5,True,True,True,True,1145.0,1189.0,1245.0,1285.0,8
