,BestArm,NumberFunctionEval,Algorithm,CostFunction,EuclideanDistance,TrueRewardDifference,CumulativeRegret,TimeToComplete,Continuous,Differentiability,Separability,Scalability,Modality,Ndimensions,OptimizationSuccessful,BBOB,BaseClass,SD,MaxFeval,MaxFevalPerDimensions,FevalPerDimensions,SolveAt1,SolveAt1e-1,SolveAt1e-3,SolveAt1e-6,SolveEarlierAt1,SolveEarlierAt1e-1,SolveEarlierAt1e-3,SolveEarlierAt1e-6,simNumber
0,[ 157.13228455 -513.56134842],2000,NiaPyNelderMead,ChenV,537.6393615794099,1999.9999999675863,3999922.8022699384,0.10409956900002726,Continuous,Differentiable,Non-Separable,Non-Scalable,Multimodal,2,True,False,ChenV,3.0,2000,1000.0,1000.0,False,False,False,False,,,,,1
1,[ 88.48005202 281.02465446],2000,NiaPyPSO,ChenV,293.81883285165713,1999.9999982633947,4000020.7028900716,0.09019075499998053,Continuous,Differentiable,Non-Separable,Non-Scalable,Multimodal,2,True,False,ChenV,3.0,2000,1000.0,1000.0,False,False,False,False,,,,,1
2,[369.05259393 409.4496119 ],2000,NiaPySimulatedAnnealing,ChenV,550.4280211729151,1999.9999999754834,3999992.596006738,0.09870384900000317,Continuous,Differentiable,Non-Separable,Non-Scalable,Multimodal,2,True,False,ChenV,3.0,2000,1000.0,1000.0,False,False,False,False,,,,,1
3,[-335.97959213 -146.18143611],2000,NiaPyCuckooSearch,ChenV,367.0482800081222,1999.9999999855356,4000160.739450754,0.06909640600002831,Continuous,Differentiable,Non-Separable,Non-Scalable,Multimodal,2,True,False,ChenV,3.0,2000,1000.0,1000.0,False,False,False,False,,,,,1
4,[-500.          320.86606301],2000,NiaPyDifferentialEvolution,ChenV,594.0379776751862,1999.9999999953095,3999710.451388094,0.33023901299998215,Continuous,Differentiable,Non-Separable,Non-Scalable,Multimodal,2,True,False,ChenV,3.0,2000,1000.0,1000.0,False,False,False,False,,,,,1
5,[355.76160526 153.55549007],2000,RandomSearch1,ChenV,386.84334723379885,1999.9999999871086,4000023.9449402886,0.05302835800000594,Continuous,Differentiable,Non-Separable,Non-Scalable,Multimodal,2,True,False,ChenV,3.0,2000,1000.0,1000.0,False,False,False,False,,,,,1
6,[ 386.3094655  -437.64508399],1999,RandomSearch2,ChenV,584.0381722172524,1999.9999999878332,3997695.8322788877,0.061762211999962346,Continuous,Differentiable,Non-Separable,Non-Scalable,Multimodal,2,True,False,ChenV,3.0,2000,1000.0,999.5,False,False,False,False,,,,,1
7,[-264.86276473 -109.42107997],2005,CMAES,ChenV,287.2107009944146,1999.9999999771248,4010035.265822135,0.5678025219999654,Continuous,Differentiable,Non-Separable,Non-Scalable,Multimodal,2,True,False,ChenV,3.0,2000,1000.0,1002.5,False,False,False,False,,,,,1
