,BestArm,NumberFunctionEval,Algorithm,CostFunction,EuclideanDistance,TrueRewardDifference,CumulativeRegret,TimeToComplete,Continuous,Differentiability,Separability,Scalability,Modality,Ndimensions,OptimizationSuccessful,BBOB,BaseClass,SD,MaxFeval,MaxFevalPerDimensions,FevalPerDimensions,SolveAt1,SolveAt1e-1,SolveAt1e-3,SolveAt1e-6,SolveEarlierAt1,SolveEarlierAt1e-1,SolveEarlierAt1e-3,SolveEarlierAt1e-6,simNumber
0,[-444.69163162  448.56444136],2000,NiaPyNelderMead,ChenV,631.3947441786603,1999.9999999923223,3999943.306643392,0.1041851319999978,Continuous,Differentiable,Non-Separable,Non-Scalable,Multimodal,2,True,False,ChenV,3.0,2000,1000.0,1000.0,False,False,False,False,,,,,0
1,[-462.0515336  -433.40232108],2000,NiaPyPSO,ChenV,634.283267515962,1999.999999987468,3999924.3695273455,0.09165022700000236,Continuous,Differentiable,Non-Separable,Non-Scalable,Multimodal,2,True,False,ChenV,3.0,2000,1000.0,1000.0,False,False,False,False,,,,,0
2,[378.52659738 408.38172447],2000,NiaPySimulatedAnnealing,ChenV,556.0345280245056,1999.9999999776435,4000140.940927512,0.10001974300001848,Continuous,Differentiable,Non-Separable,Non-Scalable,Multimodal,2,True,False,ChenV,3.0,2000,1000.0,1000.0,False,False,False,False,,,,,0
3,[408.36362764 253.40346369],2000,NiaPyCuckooSearch,ChenV,479.8866504199916,1999.9999999885074,4000106.3893989897,0.0689026530000092,Continuous,Differentiable,Non-Separable,Non-Scalable,Multimodal,2,True,False,ChenV,3.0,2000,1000.0,1000.0,False,False,False,False,,,,,0
4,[ 500.         -383.97492929],2000,NiaPyDifferentialEvolution,ChenV,630.5578171178131,1999.9999999950103,4000219.048775318,0.3420724300000302,Continuous,Differentiable,Non-Separable,Non-Scalable,Multimodal,2,True,False,ChenV,3.0,2000,1000.0,1000.0,False,False,False,False,,,,,0
5,[ 414.23687662 -161.19289783],2000,RandomSearch1,ChenV,444.39471536933956,1999.9999999933787,3999938.8403064013,0.05329528400000072,Continuous,Differentiable,Non-Separable,Non-Scalable,Multimodal,2,True,False,ChenV,3.0,2000,1000.0,1000.0,False,False,False,False,,,,,0
6,[-274.29453579 -273.18861452],1999,RandomSearch2,ChenV,387.915107053078,1999.9999999618467,3998160.9542727857,0.06130317199995261,Continuous,Differentiable,Non-Separable,Non-Scalable,Multimodal,2,True,False,ChenV,3.0,2000,1000.0,999.5,False,False,False,False,,,,,0
7,[-266.72654448 -107.42582064],2005,CMAES,ChenV,288.17816349699103,1999.9999999776212,4010047.9102646858,0.5784662469999944,Continuous,Differentiable,Non-Separable,Non-Scalable,Multimodal,2,True,False,ChenV,3.0,2000,1000.0,1002.5,False,False,False,False,,,,,0
