,BestArm,NumberFunctionEval,Algorithm,CostFunction,EuclideanDistance,TrueRewardDifference,CumulativeRegret,TimeToComplete,Continuous,Differentiability,Separability,Scalability,Modality,Ndimensions,OptimizationSuccessful,BBOB,BaseClass,SD,MaxFeval,MaxFevalPerDimensions,FevalPerDimensions,SolveAt1,SolveAt1e-1,SolveAt1e-3,SolveAt1e-6,SolveEarlierAt1,SolveEarlierAt1e-1,SolveEarlierAt1e-3,SolveEarlierAt1e-6,simNumber
0,[-423.56081135  -76.88954979],20000,NiaPyNelderMead,ChenBird,431.06462872180595,2000.0039999756793,39999779.875635765,1.3128071650003221,Continuous,Differentiable,Non-Separable,Non-Scalable,Multimodal,2,True,False,ChenBird,3.0,20000,10000.0,10000.0,False,False,False,False,,,,,3
1,[319.02654758 319.02533171],20000,NiaPyPSO,ChenBird,450.463703816178,1596.5071750211632,40000188.59931718,1.1528836239999691,Continuous,Differentiable,Non-Separable,Non-Scalable,Multimodal,2,True,False,ChenBird,3.0,20000,10000.0,10000.0,False,False,False,False,,,,,3
2,[-470.66233707 -124.95935109],20000,NiaPySimulatedAnnealing,ChenBird,487.57973363203206,2000.0039999756325,40000498.738436766,1.2337423620001573,Continuous,Differentiable,Non-Separable,Non-Scalable,Multimodal,2,True,False,ChenBird,3.0,20000,10000.0,10000.0,False,False,False,False,,,,,3
3,[ -4.99489493 365.33270228],20000,NiaPyCuckooSearch,ChenBird,364.87408036779544,2000.0039999767082,39999662.99682175,0.9390697250000812,Continuous,Differentiable,Non-Separable,Non-Scalable,Multimodal,2,True,False,ChenBird,3.0,20000,10000.0,10000.0,False,False,False,False,,,,,3
4,[500. 500.],20000,NiaPyDifferentialEvolution,ChenBird,706.399674405361,1000.003999984,21980450.68547687,3.675099471000067,Continuous,Differentiable,Non-Separable,Non-Scalable,Multimodal,2,True,False,ChenBird,3.0,20000,10000.0,10000.0,False,False,False,False,,,,,3
5,[ 0.25776078 -0.653736  ],20000,RandomSearch1,ChenBird,1.1788921043191736,1974.5530046259537,39999433.452357225,0.7712108539999463,Continuous,Differentiable,Non-Separable,Non-Scalable,Multimodal,2,True,False,ChenBird,3.0,20000,10000.0,10000.0,False,False,False,False,,,,,3
6,[-366.7971632  -293.88136548],19999,RandomSearch2,ChenBird,470.709671067438,2000.0039997959138,39997851.13460725,0.855474010999842,Continuous,Differentiable,Non-Separable,Non-Scalable,Multimodal,2,True,False,ChenBird,3.0,20000,10000.0,9999.5,False,False,False,False,,,,,3
7,[-200.88382932  421.71279618],3031,CMAES,ChenBird,466.8786420195439,2000.0039999814203,6061951.8623291245,0.8754477450002014,Continuous,Differentiable,Non-Separable,Non-Scalable,Multimodal,2,True,False,ChenBird,3.0,20000,10000.0,1515.5,False,False,False,False,,,,,3
