,BestArm,NumberFunctionEval,Algorithm,CostFunction,EuclideanDistance,TrueRewardDifference,CumulativeRegret,TimeToComplete,Continuous,Differentiability,Separability,Scalability,Modality,Ndimensions,OptimizationSuccessful,BBOB,BaseClass,SD,MaxFeval,MaxFevalPerDimensions,FevalPerDimensions,SolveAt1,SolveAt1e-1,SolveAt1e-3,SolveAt1e-6,SolveEarlierAt1,SolveEarlierAt1e-1,SolveEarlierAt1e-3,SolveEarlierAt1e-6,simNumber
0,[-551.20355948  453.35757692],40,NiaPyNelderMead,ChenV,713.5355586220392,1999.999999995774,79974.70417809508,0.003026324999993335,Continuous,Differentiable,Non-Separable,Non-Scalable,Multimodal,2,True,False,ChenV,3.0,40,20.0,20.0,False,False,False,False,,,,,0
1,[-225.42030791  -69.68138424],40,NiaPyPSO,ChenV,236.5300428345246,1999.9999999707318,80019.0708390128,0.0021802100000059,Continuous,Differentiable,Non-Separable,Non-Scalable,Multimodal,2,True,False,ChenV,3.0,40,20.0,20.0,False,False,False,False,,,,,0
2,[221.57173593 417.78615909],40,NiaPySimulatedAnnealing,ChenV,472.08492801479207,1999.9999996602037,80034.1831173666,0.0024957349999965572,Continuous,Differentiable,Non-Separable,Non-Scalable,Multimodal,2,True,False,ChenV,3.0,40,20.0,20.0,False,False,False,False,,,,,0
3,[-275.00599776   11.40886013],40,NiaPyCuckooSearch,ChenV,275.6021549699298,1999.9999999837867,79980.8930258231,0.0017649410000046828,Continuous,Differentiable,Non-Separable,Non-Scalable,Multimodal,2,True,False,ChenV,3.0,40,20.0,20.0,False,False,False,False,,,,,0
4,[235.64964128 -97.49199831],40,NiaPyDifferentialEvolution,ChenV,254.93853127903603,1999.9999999795189,80018.38409399422,0.006055712000005542,Continuous,Differentiable,Non-Separable,Non-Scalable,Multimodal,2,True,False,ChenV,3.0,40,20.0,20.0,False,False,False,False,,,,,0
5,[ 375.22678061 -370.22067695],40,RandomSearch1,ChenV,527.3538465909014,1999.9999999893755,80024.66866249632,0.0013268610000096714,Continuous,Differentiable,Non-Separable,Non-Scalable,Multimodal,2,True,False,ChenV,3.0,40,20.0,20.0,False,False,False,False,,,,,0
6,[419.21401017 179.68166455],39,RandomSearch2,ChenV,455.45687415471474,1999.9999999907388,77998.76957606882,0.0018566119999974262,Continuous,Differentiable,Non-Separable,Non-Scalable,Multimodal,2,True,False,ChenV,3.0,40,20.0,19.5,False,False,False,False,,,,,0
7,[-108.68669571 -236.06386373],43,CMAES,ChenV,260.7012344713166,1999.9999951465104,86030.71750143712,0.059795561000001385,Continuous,Differentiable,Non-Separable,Non-Scalable,Multimodal,2,True,False,ChenV,3.0,40,20.0,21.5,False,False,False,False,,,,,0
