,BestArm,NumberFunctionEval,Algorithm,CostFunction,EuclideanDistance,TrueRewardDifference,CumulativeRegret,TimeToComplete,Continuous,Differentiability,Separability,Scalability,Modality,Ndimensions,OptimizationSuccessful,BBOB,BaseClass,SD,MaxFeval,MaxFevalPerDimensions,FevalPerDimensions,SolveAt1,SolveAt1e-1,SolveAt1e-3,SolveAt1e-6,SolveEarlierAt1,SolveEarlierAt1e-1,SolveEarlierAt1e-3,SolveEarlierAt1e-6,simNumber
0,[  69.20531094 -104.06317957],20000,NiaPyNelderMead,ChenBird,125.11545976654723,2000.003999950683,39999642.624102116,1.2884959839998373,Continuous,Differentiable,Non-Separable,Non-Scalable,Multimodal,2,True,False,ChenBird,3.0,20000,10000.0,10000.0,False,False,False,False,,,,,4
1,[-35.74649617  87.50409243],20000,NiaPyPSO,ChenBird,94.25243011800558,2000.0039999181454,40000365.26235975,1.1724505040001532,Continuous,Differentiable,Non-Separable,Non-Scalable,Multimodal,2,True,False,ChenBird,3.0,20000,10000.0,10000.0,False,False,False,False,,,,,4
2,[ 79.56917494 261.51522005],20000,NiaPySimulatedAnnealing,ChenBird,272.72858215143316,2000.0039999537921,40000462.735678814,1.2395321660001173,Continuous,Differentiable,Non-Separable,Non-Scalable,Multimodal,2,True,False,ChenBird,3.0,20000,10000.0,10000.0,False,False,False,False,,,,,4
3,[500. 500.],20000,NiaPyCuckooSearch,ChenBird,706.399674405361,1000.003999984,39960030.672873124,0.9405760179997742,Continuous,Differentiable,Non-Separable,Non-Scalable,Multimodal,2,True,False,ChenBird,3.0,20000,10000.0,10000.0,False,False,False,False,,,,,4
4,[500. 500.],20000,NiaPyDifferentialEvolution,ChenBird,706.399674405361,1000.003999984,22141663.745977663,3.688661705999948,Continuous,Differentiable,Non-Separable,Non-Scalable,Multimodal,2,True,False,ChenBird,3.0,20000,10000.0,10000.0,False,False,False,False,,,,,4
5,[112.57198432 337.79027415],20000,RandomSearch1,ChenBird,355.4220852858554,2000.0039999642852,39999798.32235341,0.7635165659999075,Continuous,Differentiable,Non-Separable,Non-Scalable,Multimodal,2,True,False,ChenBird,3.0,20000,10000.0,10000.0,False,False,False,False,,,,,4
6,[169.67808065 169.67803731],19999,RandomSearch2,ChenBird,239.25390546067587,1001.8787338022338,39996179.19114605,0.8601015299996106,Continuous,Differentiable,Non-Separable,Non-Scalable,Multimodal,2,True,False,ChenBird,3.0,20000,10000.0,9999.5,False,False,False,False,,,,,4
7,[-121.47381063  576.96214318],3421,CMAES,ChenBird,589.2250953578556,2000.00399998195,6842223.836446853,1.010533810999732,Continuous,Differentiable,Non-Separable,Non-Scalable,Multimodal,2,True,False,ChenBird,3.0,20000,10000.0,1710.5,False,False,False,False,,,,,4
