,BestArm,NumberFunctionEval,Algorithm,CostFunction,EuclideanDistance,TrueRewardDifference,CumulativeRegret,TimeToComplete,Continuous,Differentiability,Separability,Scalability,Modality,Ndimensions,OptimizationSuccessful,BBOB,BaseClass,SD,MaxFeval,MaxFevalPerDimensions,FevalPerDimensions,SolveAt1,SolveAt1e-1,SolveAt1e-3,SolveAt1e-6,SolveEarlierAt1,SolveEarlierAt1e-1,SolveEarlierAt1e-3,SolveEarlierAt1e-6,simNumber
0,[   0.53829867 -172.82475591],40,NiaPyNelderMead,ChenV,173.54704244210566,1999.9999997600603,79990.32946601597,0.002904575999991721,Continuous,Differentiable,Non-Separable,Non-Scalable,Multimodal,2,True,False,ChenV,3.0,40,20.0,20.0,False,False,False,False,,,,,1
1,[ -54.17835265 -122.54714825],40,NiaPyPSO,ChenV,134.8069788472878,1999.999963831164,79997.47777912169,0.002103516999994781,Continuous,Differentiable,Non-Separable,Non-Scalable,Multimodal,2,True,False,ChenV,3.0,40,20.0,20.0,False,False,False,False,,,,,1
2,[-209.47803477 -314.10697233],40,NiaPySimulatedAnnealing,ChenV,378.36694806676223,1999.9999998562046,79995.19049769882,0.002311613999992801,Continuous,Differentiable,Non-Separable,Non-Scalable,Multimodal,2,True,False,ChenV,3.0,40,20.0,20.0,False,False,False,False,,,,,1
3,[240.09821165 472.92387875],40,NiaPyCuckooSearch,ChenV,529.561104923183,1999.9999996118318,79997.52274586385,0.0018363489999870808,Continuous,Differentiable,Non-Separable,Non-Scalable,Multimodal,2,True,False,ChenV,3.0,40,20.0,20.0,False,False,False,False,,,,,1
4,[ 327.78229005 -336.23587411],40,NiaPyDifferentialEvolution,ChenV,469.8161319158841,1999.999999985419,79977.63709027547,0.006988541999987774,Continuous,Differentiable,Non-Separable,Non-Scalable,Multimodal,2,True,False,ChenV,3.0,40,20.0,20.0,False,False,False,False,,,,,1
5,[ -16.12303167 -415.93665242],40,RandomSearch1,ChenV,416.9859246273597,1999.9999999507,79992.64180996513,0.001726596000011682,Continuous,Differentiable,Non-Separable,Non-Scalable,Multimodal,2,True,False,ChenV,3.0,40,20.0,20.0,False,False,False,False,,,,,1
6,[ 293.62687562 -121.86883956],39,RandomSearch2,ChenV,317.83185065804105,1999.999999986817,78004.22807653832,0.0018601020000090784,Continuous,Differentiable,Non-Separable,Non-Scalable,Multimodal,2,True,False,ChenV,3.0,40,20.0,19.5,False,False,False,False,,,,,1
7,[-107.44447618 -236.32519111],43,CMAES,ChenV,260.4217940008471,1999.999994091048,86004.23852624922,0.05647432000000663,Continuous,Differentiable,Non-Separable,Non-Scalable,Multimodal,2,True,False,ChenV,3.0,40,20.0,21.5,False,False,False,False,,,,,1
