,BestArm,NumberFunctionEval,Algorithm,CostFunction,EuclideanDistance,TrueRewardDifference,CumulativeRegret,TimeToComplete,Continuous,Differentiability,Separability,Scalability,Modality,Ndimensions,OptimizationSuccessful,BBOB,BaseClass,SD,MaxFeval,MaxFevalPerDimensions,FevalPerDimensions,SolveAt1,SolveAt1e-1,SolveAt1e-3,SolveAt1e-6,SolveEarlierAt1,SolveEarlierAt1e-1,SolveEarlierAt1e-3,SolveEarlierAt1e-6,simNumber
0,[ 140.41721002 -440.13755518],2000,NiaPyNelderMead,ChenV,462.56380537747964,1999.999999951336,3999999.9999027164,0.09736782499999208,Continuous,Differentiable,Non-Separable,Non-Scalable,Multimodal,2,True,False,ChenV,0.0,2000,1000.0,1000.0,False,False,False,False,,,,,8
1,[-28.73086359 -72.17974214],2000,NiaPyPSO,ChenV,78.5025884396166,1999.4064326429145,3999997.150123118,0.07701736900000355,Continuous,Differentiable,Non-Separable,Non-Scalable,Multimodal,2,True,False,ChenV,0.0,2000,1000.0,1000.0,False,False,False,False,,,,,8
2,[ 226.20050638 -450.90605615],2000,NiaPySimulatedAnnealing,ChenV,504.9346377657609,1962.1725182642765,3999946.0184202823,0.08241592799998898,Continuous,Differentiable,Non-Separable,Non-Scalable,Multimodal,2,True,False,ChenV,0.0,2000,1000.0,1000.0,False,False,False,False,,,,,8
3,[190.75485239 476.46034285],2000,NiaPyCuckooSearch,ChenV,512.4119041102791,1999.8000658212752,3999999.652130604,0.05480946200000858,Continuous,Differentiable,Non-Separable,Non-Scalable,Multimodal,2,True,False,ChenV,0.0,2000,1000.0,1000.0,False,False,False,False,,,,,8
4,[108.14257349 270.10643248],2000,NiaPyDifferentialEvolution,ChenV,290.135673916248,1000.0002462784838,3923417.346108877,0.31071862600001054,Continuous,Differentiable,Non-Separable,Non-Scalable,Multimodal,2,True,False,ChenV,0.0,2000,1000.0,1000.0,False,False,False,False,,,,,8
5,[ 46.14874694 114.91211483],2000,RandomSearch1,ChenV,123.0174629145215,1999.8579621722415,3999999.8484529615,0.04266546099998436,Continuous,Differentiable,Non-Separable,Non-Scalable,Multimodal,2,True,False,ChenV,0.0,2000,1000.0,1000.0,False,False,False,False,,,,,8
6,[ -91.17365472 -230.83765228],1999,RandomSearch2,ChenV,249.00537116883362,1999.9991123551729,3997999.9939150517,0.050425420999999915,Continuous,Differentiable,Non-Separable,Non-Scalable,Multimodal,2,True,False,ChenV,0.0,2000,1000.0,999.5,False,False,False,False,,,,,8
7,[ -97.92466102 -245.06165256],781,CMAES,ChenV,264.7173345237981,999.9999999948907,1038863.3913993285,0.24253627699999925,Continuous,Differentiable,Non-Separable,Non-Scalable,Multimodal,2,True,False,ChenV,0.0,2000,1000.0,390.5,False,False,False,False,,,,,8
