,BestArm,NumberFunctionEval,Algorithm,CostFunction,EuclideanDistance,TrueRewardDifference,CumulativeRegret,TimeToComplete,Continuous,Differentiability,Separability,Scalability,Modality,Ndimensions,OptimizationSuccessful,BBOB,BaseClass,SD,MaxFeval,MaxFevalPerDimensions,FevalPerDimensions,SolveAt1,SolveAt1e-1,SolveAt1e-3,SolveAt1e-6,SolveEarlierAt1,SolveEarlierAt1e-1,SolveEarlierAt1e-3,SolveEarlierAt1e-6,simNumber
0,[455.15250739 341.77174449],40,NiaPyNelderMead,ChenV,568.4406084603623,1999.999999989493,79988.3812631697,0.0031191789999951425,Continuous,Differentiable,Non-Separable,Non-Scalable,Multimodal,2,True,False,ChenV,3.0,40,20.0,20.0,False,False,False,False,,,,,2
1,[420.39878039 377.11777621],40,NiaPyPSO,ChenV,563.9875193857778,1999.9999999855509,80031.03295593243,0.0023025779999983342,Continuous,Differentiable,Non-Separable,Non-Scalable,Multimodal,2,True,False,ChenV,3.0,40,20.0,20.0,False,False,False,False,,,,,2
2,[138.49883316 213.87625574],40,NiaPySimulatedAnnealing,ChenV,253.9862175583314,1999.9999996377796,80008.84932953116,0.002414115000007655,Continuous,Differentiable,Non-Separable,Non-Scalable,Multimodal,2,True,False,ChenV,3.0,40,20.0,20.0,False,False,False,False,,,,,2
3,[-149.54543035 -428.85818455],40,NiaPyCuckooSearch,ChenV,454.99409442808235,1999.9999979126826,80027.05006692231,0.0017131360000064433,Continuous,Differentiable,Non-Separable,Non-Scalable,Multimodal,2,True,False,ChenV,3.0,40,20.0,20.0,False,False,False,False,,,,,2
4,[-83.09045872  84.17744164],40,NiaPyDifferentialEvolution,ChenV,118.04056558573896,1999.9999997833615,79975.91601762275,0.006281569999998737,Continuous,Differentiable,Non-Separable,Non-Scalable,Multimodal,2,True,False,ChenV,3.0,40,20.0,20.0,False,False,False,False,,,,,2
5,[ 57.31893252 -36.93649476],40,RandomSearch1,ChenV,68.25839752833507,1999.9999996348477,79986.21717053538,0.0012503920000028756,Continuous,Differentiable,Non-Separable,Non-Scalable,Multimodal,2,True,False,ChenV,3.0,40,20.0,20.0,False,False,False,False,,,,,2
6,[-109.40516015  -18.14536323],39,RandomSearch2,ChenV,111.4034065263305,1999.9999998867602,78038.16804578993,0.0018279310000082205,Continuous,Differentiable,Non-Separable,Non-Scalable,Multimodal,2,True,False,ChenV,3.0,40,20.0,19.5,False,False,False,False,,,,,2
7,[-105.71764322 -235.95469386],43,CMAES,ChenV,259.3733964072186,1999.9999923484174,86000.67337696746,0.05321950799999797,Continuous,Differentiable,Non-Separable,Non-Scalable,Multimodal,2,True,False,ChenV,3.0,40,20.0,21.5,False,False,False,False,,,,,2
