,BestArm,NumberFunctionEval,Algorithm,CostFunction,EuclideanDistance,TrueRewardDifference,CumulativeRegret,TimeToComplete,Continuous,Differentiability,Separability,Scalability,Modality,Ndimensions,OptimizationSuccessful,BBOB,BaseClass,SD,MaxFeval,MaxFevalPerDimensions,FevalPerDimensions,SolveAt1,SolveAt1e-1,SolveAt1e-3,SolveAt1e-6,SolveEarlierAt1,SolveEarlierAt1e-1,SolveEarlierAt1e-3,SolveEarlierAt1e-6,simNumber
0,[12.75015273 21.11835783],200,NiaPyNelderMead,ChungReynoldsN2,24.668835235967546,370334.8452667053,82348213.53787929,0.011624265999998329,Continuous,Differentiable,Partially-Separable,Scalable,Unimodal,2,True,False,ChungReynolds,0.0,200,100.0,100.0,False,False,False,False,,,,,3
1,[-1.78678411 -0.52895714],200,NiaPyPSO,ChungReynoldsN2,1.8634358386755485,12.057514013578086,10036476877.111393,0.009452953000000264,Continuous,Differentiable,Partially-Separable,Scalable,Unimodal,2,True,False,ChungReynolds,0.0,200,100.0,100.0,False,False,False,False,,,,,3
2,[ 78.96720434 -18.2684565 ],200,NiaPySimulatedAnnealing,ChungReynoldsN2,81.05279677058724,43159064.25460677,9112167562.770008,0.010117706999999143,Continuous,Differentiable,Partially-Separable,Scalable,Unimodal,2,True,False,ChungReynolds,0.0,200,100.0,100.0,False,False,False,False,,,,,3
3,[1.34215495 1.79467396],200,NiaPyCuckooSearch,ChungReynoldsN2,2.241034253730331,25.22283963809051,9326332583.378138,0.006830809000000215,Continuous,Differentiable,Partially-Separable,Scalable,Unimodal,2,True,False,ChungReynolds,0.0,200,100.0,100.0,False,False,False,False,,,,,3
4,[ 2.57349215 -1.92581567],200,NiaPyDifferentialEvolution,ChungReynoldsN2,3.2142849656287886,106.74253382978559,7644544531.396954,0.031891835999999785,Continuous,Differentiable,Partially-Separable,Scalable,Unimodal,2,True,False,ChungReynolds,0.0,200,100.0,100.0,False,False,False,False,,,,,3
5,[8.38708963 0.85913126],200,RandomSearch1,ChungReynoldsN2,8.430977344832874,5052.56243898996,9109363595.772408,0.005578845000002275,Continuous,Differentiable,Partially-Separable,Scalable,Unimodal,2,True,False,ChungReynolds,0.0,200,100.0,100.0,False,False,False,False,,,,,3
6,[-3.77802198 -0.62711962],199,RandomSearch2,ChungReynoldsN2,3.8297165792426036,215.11294182767028,9072501564.967438,0.005955006000000651,Continuous,Differentiable,Partially-Separable,Scalable,Unimodal,2,True,False,ChungReynolds,0.0,200,100.0,99.5,False,False,False,False,,,,,3
7,[ 0.03887333 -0.00302831],205,CMAES,ChungReynoldsN2,0.038991107831575604,2.3113318233340907e-06,697784654.2472501,0.0926254749999984,Continuous,Differentiable,Partially-Separable,Scalable,Unimodal,2,True,False,ChungReynolds,0.0,200,100.0,102.5,True,True,True,False,150.0,151.0,174.0,,3
