,BestArm,NumberFunctionEval,Algorithm,CostFunction,EuclideanDistance,TrueRewardDifference,CumulativeRegret,TimeToComplete,Continuous,Differentiability,Separability,Scalability,Modality,Ndimensions,OptimizationSuccessful,BBOB,BaseClass,SD,MaxFeval,MaxFevalPerDimensions,FevalPerDimensions,SolveAt1,SolveAt1e-1,SolveAt1e-3,SolveAt1e-6,SolveEarlierAt1,SolveEarlierAt1e-1,SolveEarlierAt1e-3,SolveEarlierAt1e-6,simNumber
0,[46.9180772  53.13362455],200,NiaPyNelderMead,ChungReynoldsN2,70.88362311106168,25245479.916895956,5089981800.831625,0.010075986000003923,Continuous,Differentiable,Partially-Separable,Scalable,Unimodal,2,True,False,ChungReynolds,0.0,200,100.0,100.0,False,False,False,False,,,,,2
1,[ -0.89018194 -12.38242617],200,NiaPyPSO,ChungReynoldsN2,12.414382861180393,23752.019427819054,8032513978.946821,0.010618507000003774,Continuous,Differentiable,Partially-Separable,Scalable,Unimodal,2,True,False,ChungReynolds,0.0,200,100.0,100.0,False,False,False,False,,,,,2
2,[ 19.81787589 -24.33769487],200,NiaPySimulatedAnnealing,ChungReynoldsN2,31.385850261457193,970366.0504962648,244761173.34639505,0.010643448000003275,Continuous,Differentiable,Partially-Separable,Scalable,Unimodal,2,True,False,ChungReynolds,0.0,200,100.0,100.0,False,False,False,False,,,,,2
3,[11.78417851  2.29507694],200,NiaPyCuckooSearch,ChungReynoldsN2,12.005592083324094,20774.67950681704,7966972913.508432,0.006199415000004649,Continuous,Differentiable,Partially-Separable,Scalable,Unimodal,2,True,False,ChungReynolds,0.0,200,100.0,100.0,False,False,False,False,,,,,2
4,[-0.65656754 -2.13751386],200,NiaPyDifferentialEvolution,ChungReynoldsN2,2.236078359080049,25.000464281616804,5480703207.937509,0.02925596100000405,Continuous,Differentiable,Partially-Separable,Scalable,Unimodal,2,True,False,ChungReynolds,0.0,200,100.0,100.0,False,False,False,False,,,,,2
5,[-4.72443333 -2.32195814],200,RandomSearch1,ChungReynoldsN2,5.264196033808704,767.9416357779816,10377183929.352522,0.005073636999995301,Continuous,Differentiable,Partially-Separable,Scalable,Unimodal,2,True,False,ChungReynolds,0.0,200,100.0,100.0,False,False,False,False,,,,,2
6,[2.07391857 8.5757672 ],199,RandomSearch2,ChungReynoldsN2,8.822976893513461,6059.831766516222,9165394059.77526,0.005521526999999082,Continuous,Differentiable,Partially-Separable,Scalable,Unimodal,2,True,False,ChungReynolds,0.0,200,100.0,99.5,False,False,False,False,,,,,2
7,[0.01615292 0.01879683],205,CMAES,ChungReynoldsN2,0.02478381928466109,3.7728795005555767e-07,654612515.1035414,0.09235773300000005,Continuous,Differentiable,Partially-Separable,Scalable,Unimodal,2,True,False,ChungReynolds,0.0,200,100.0,102.5,True,True,True,True,122.0,141.0,149.0,200.0,2
