,BestArm,NumberFunctionEval,Algorithm,CostFunction,EuclideanDistance,TrueRewardDifference,CumulativeRegret,TimeToComplete,Continuous,Differentiability,Separability,Scalability,Modality,Ndimensions,OptimizationSuccessful,BBOB,BaseClass,SD,MaxFeval,MaxFevalPerDimensions,FevalPerDimensions,SolveAt1,SolveAt1e-1,SolveAt1e-3,SolveAt1e-6,SolveEarlierAt1,SolveEarlierAt1e-1,SolveEarlierAt1e-3,SolveEarlierAt1e-6,simNumber
0,[32.01435718  7.99883679],200,NiaPyNelderMead,ChungReynoldsN2,32.99849172136426,1185704.202826443,246248945.81795278,0.011014667999994288,Continuous,Differentiable,Partially-Separable,Scalable,Unimodal,2,True,False,ChungReynolds,3.0,200,100.0,100.0,False,False,False,False,,,,,0
1,[-0.1987367  -2.27444209],200,NiaPyPSO,ChungReynoldsN2,2.28310820701297,27.171022417298108,5553206881.999733,0.009013338999999121,Continuous,Differentiable,Partially-Separable,Scalable,Unimodal,2,True,False,ChungReynolds,3.0,200,100.0,100.0,False,False,False,False,,,,,0
2,[94.03935612 92.68228898],200,NiaPySimulatedAnnealing,ChungReynoldsN2,132.03562849233592,303923686.2999771,63377880453.23535,0.010114942999997822,Continuous,Differentiable,Partially-Separable,Scalable,Unimodal,2,True,False,ChungReynolds,3.0,200,100.0,100.0,False,False,False,False,,,,,0
3,[-4.34140951  3.96142122],200,NiaPyCuckooSearch,ChungReynoldsN2,5.877133197181792,1193.0595846536098,5475111004.103193,0.007144570000001238,Continuous,Differentiable,Partially-Separable,Scalable,Unimodal,2,True,False,ChungReynolds,3.0,200,100.0,100.0,False,False,False,False,,,,,0
4,[-5.27073506 -6.09062113],200,NiaPyDifferentialEvolution,ChungReynoldsN2,8.054583405184902,4208.936096308784,8959031709.189198,0.03156158399999498,Continuous,Differentiable,Partially-Separable,Scalable,Unimodal,2,True,False,ChungReynolds,3.0,200,100.0,100.0,False,False,False,False,,,,,0
5,[-1.56489051 -1.56489051],200,RandomSearch1,ChungReynoldsN2,2.2130893839477133,23.988098286070027,8456218183.952302,0.005460636000002239,Continuous,Differentiable,Partially-Separable,Scalable,Unimodal,2,True,False,ChungReynolds,3.0,200,100.0,100.0,False,False,False,False,,,,,0
6,[-1.56489051 -1.56489051],199,RandomSearch2,ChungReynoldsN2,2.2130893839477133,23.988098286070027,7846181856.687805,0.00609568000000138,Continuous,Differentiable,Partially-Separable,Scalable,Unimodal,2,True,False,ChungReynolds,3.0,200,100.0,99.5,False,False,False,False,,,,,0
7,[ 0.45206496 -0.14135744],205,CMAES,ChungReynoldsN2,0.47365034635352826,0.05033052225320278,2541.874035631234,0.09578291799999761,Continuous,Differentiable,Partially-Separable,Scalable,Unimodal,2,True,False,ChungReynolds,3.0,200,100.0,102.5,True,True,False,False,26.0,44.0,69.0,,0
