,BestArm,NumberFunctionEval,Algorithm,CostFunction,EuclideanDistance,TrueRewardDifference,CumulativeRegret,TimeToComplete,Continuous,Differentiability,Separability,Scalability,Modality,Ndimensions,OptimizationSuccessful,BBOB,BaseClass,SD,MaxFeval,MaxFevalPerDimensions,FevalPerDimensions,SolveAt1,SolveAt1e-1,SolveAt1e-3,SolveAt1e-6,SolveEarlierAt1,SolveEarlierAt1e-1,SolveEarlierAt1e-3,SolveEarlierAt1e-6,simNumber
0,[ 5.70727737 -4.35118351],2000,NiaPyNelderMead,ChungReynoldsN2,7.176755046695052,2652.848772818051,63167876.18257965,0.09792095000000245,Continuous,Differentiable,Partially-Separable,Scalable,Unimodal,2,True,False,ChungReynolds,0.0,2000,1000.0,1000.0,False,False,False,False,,,,,9
1,[-0.03108746 -0.0080827 ],2000,NiaPyPSO,ChungReynoldsN2,0.03212102739709689,1.06452952516464e-06,14125230729.423374,0.07730297900000949,Continuous,Differentiable,Partially-Separable,Scalable,Unimodal,2,True,False,ChungReynolds,0.0,2000,1000.0,1000.0,True,True,True,False,304.0,304.0,493.0,,9
2,[-3.29206339 48.63248999],2000,NiaPySimulatedAnnealing,ChungReynoldsN2,48.743786924408155,5645170.543124327,20173292994.3879,0.09192271999999946,Continuous,Differentiable,Partially-Separable,Scalable,Unimodal,2,True,False,ChungReynolds,0.0,2000,1000.0,1000.0,False,False,False,False,,,,,9
3,[-1.27405995  0.60816326],2000,NiaPyCuckooSearch,ChungReynoldsN2,1.4117688624225577,3.9724130134703555,91082132970.7472,0.05595391299999619,Continuous,Differentiable,Partially-Separable,Scalable,Unimodal,2,True,False,ChungReynolds,0.0,2000,1000.0,1000.0,False,False,False,False,,,,,9
4,[0.00033847 0.00073852],2000,NiaPyDifferentialEvolution,ChungReynoldsN2,0.0008123833486977026,4.355560520270478e-13,7285577903.228387,0.3099987839999869,Continuous,Differentiable,Partially-Separable,Scalable,Unimodal,2,True,False,ChungReynolds,0.0,2000,1000.0,1000.0,True,True,True,True,258.0,536.0,648.0,1285.0,9
5,[ 1.12008021 -1.01974322],2000,RandomSearch1,ChungReynoldsN2,1.514746150230707,5.264527875387055,89228604022.90889,0.04254175399999838,Continuous,Differentiable,Partially-Separable,Scalable,Unimodal,2,True,False,ChungReynolds,0.0,2000,1000.0,1000.0,False,False,False,False,,,,,9
6,[-0.22853748  1.84720769],1999,RandomSearch2,ChungReynoldsN2,1.8612913846503267,12.002106290003848,85840397226.02194,0.04847731799999622,Continuous,Differentiable,Partially-Separable,Scalable,Unimodal,2,True,False,ChungReynolds,0.0,2000,1000.0,999.5,False,False,False,False,,,,,9
7,[-2.48017600e-07 -1.13901302e-05],415,CMAES,ChungReynoldsN2,1.13928301051554e-05,1.6847151609872598e-20,10374193894.77391,0.1521719729999944,Continuous,Differentiable,Partially-Separable,Scalable,Unimodal,2,True,False,ChungReynolds,0.0,2000,1000.0,207.5,True,True,True,True,120.0,127.0,182.0,215.0,9
