,BestArm,NumberFunctionEval,Algorithm,CostFunction,EuclideanDistance,TrueRewardDifference,CumulativeRegret,TimeToComplete,Continuous,Differentiability,Separability,Scalability,Modality,Ndimensions,OptimizationSuccessful,BBOB,BaseClass,SD,MaxFeval,MaxFevalPerDimensions,FevalPerDimensions,SolveAt1,SolveAt1e-1,SolveAt1e-3,SolveAt1e-6,SolveEarlierAt1,SolveEarlierAt1e-1,SolveEarlierAt1e-3,SolveEarlierAt1e-6,simNumber
0,[-14.49040224  30.14486777],2000,NiaPyNelderMead,ChungReynoldsN2,33.44674587613747,1251455.7034600556,2510367097.3003817,0.10153151599999433,Continuous,Differentiable,Partially-Separable,Scalable,Unimodal,2,True,False,ChungReynolds,3.0,2000,1000.0,1000.0,False,False,False,False,,,,,6
1,[ 0.17918038 -0.66569193],2000,NiaPyPSO,ChungReynoldsN2,0.6893847675821481,0.22586385306630838,23232230426.612892,0.08894872800000542,Continuous,Differentiable,Partially-Separable,Scalable,Unimodal,2,True,False,ChungReynolds,3.0,2000,1000.0,1000.0,True,False,False,False,333.0,341.0,390.0,,6
2,[80.33982964 42.88294871],2000,NiaPySimulatedAnnealing,ChungReynoldsN2,91.06830137730567,68781072.65386653,174689729005.7245,0.09870171800000094,Continuous,Differentiable,Partially-Separable,Scalable,Unimodal,2,True,False,ChungReynolds,3.0,2000,1000.0,1000.0,False,False,False,False,,,,,6
3,[0.31412258 6.80865295],2000,NiaPyCuckooSearch,ChungReynoldsN2,6.815895242017585,2158.199697888217,87118012858.74637,0.06802685200000269,Continuous,Differentiable,Partially-Separable,Scalable,Unimodal,2,True,False,ChungReynolds,3.0,2000,1000.0,1000.0,False,False,False,False,,,,,6
4,[-0.30977905 -0.24997879],2000,NiaPyDifferentialEvolution,ChungReynoldsN2,0.39806086813284774,0.02510718041271229,10507277943.676214,0.3301213319999903,Continuous,Differentiable,Partially-Separable,Scalable,Unimodal,2,True,False,ChungReynolds,3.0,2000,1000.0,1000.0,True,True,False,False,606.0,606.0,756.0,,6
5,[ 0.0452199 -0.3267867],2000,RandomSearch1,ChungReynoldsN2,0.3299005718641527,0.011844923862513313,89115270413.39523,0.05230397399999731,Continuous,Differentiable,Partially-Separable,Scalable,Unimodal,2,True,False,ChungReynolds,3.0,2000,1000.0,1000.0,True,True,False,False,789.0,789.0,,,6
6,[-0.71207617  0.34785663],1999,RandomSearch2,ChungReynoldsN2,0.7925002837418726,0.3944552180769309,86816057233.97607,0.05893514400000299,Continuous,Differentiable,Partially-Separable,Scalable,Unimodal,2,True,False,ChungReynolds,3.0,2000,1000.0,999.5,True,False,False,False,984.0,,,,6
7,[0.19408105 0.05266666],2005,CMAES,ChungReynoldsN2,0.20110005195263234,0.0016354931563311267,3043870.567415494,0.5704772389999988,Continuous,Differentiable,Partially-Separable,Scalable,Unimodal,2,True,False,ChungReynolds,3.0,2000,1000.0,1002.5,True,True,False,False,73.0,75.0,122.0,316.0,6
