,BestArm,NumberFunctionEval,Algorithm,CostFunction,EuclideanDistance,TrueRewardDifference,CumulativeRegret,TimeToComplete,Continuous,Differentiability,Separability,Scalability,Modality,Ndimensions,OptimizationSuccessful,BBOB,BaseClass,SD,MaxFeval,MaxFevalPerDimensions,FevalPerDimensions,SolveAt1,SolveAt1e-1,SolveAt1e-3,SolveAt1e-6,SolveEarlierAt1,SolveEarlierAt1e-1,SolveEarlierAt1e-3,SolveEarlierAt1e-6,simNumber
0,[30.73202231 47.24917265],200,NiaPyNelderMead,ChungReynoldsN2,56.36436384029355,10092957.365083726,2066600019.4347978,0.011667015999996977,Continuous,Differentiable,Partially-Separable,Scalable,Unimodal,2,True,False,ChungReynolds,3.0,200,100.0,100.0,False,False,False,False,,,,,3
1,[ 7.18962755 -5.68172993],200,NiaPyPSO,ChungReynoldsN2,9.163667353036244,7051.431031868161,8743180290.083096,0.009179348000003529,Continuous,Differentiable,Partially-Separable,Scalable,Unimodal,2,True,False,ChungReynolds,3.0,200,100.0,100.0,False,False,False,False,,,,,3
2,[66.96541098 55.94795704],200,NiaPySimulatedAnnealing,ChungReynoldsN2,87.2613325920832,57981221.93576162,12222444247.927916,0.010407473999997308,Continuous,Differentiable,Partially-Separable,Scalable,Unimodal,2,True,False,ChungReynolds,3.0,200,100.0,100.0,False,False,False,False,,,,,3
3,[-1.1155247   4.12367955],200,NiaPyCuckooSearch,ChungReynoldsN2,4.271899859099741,333.030687585114,6550260132.725521,0.007489829000000725,Continuous,Differentiable,Partially-Separable,Scalable,Unimodal,2,True,False,ChungReynolds,3.0,200,100.0,100.0,False,False,False,False,,,,,3
4,[-4.43736136  0.60187891],200,NiaPyDifferentialEvolution,ChungReynoldsN2,4.4779944275119945,402.1001130472297,6442459580.994324,0.03179039299999431,Continuous,Differentiable,Partially-Separable,Scalable,Unimodal,2,True,False,ChungReynolds,3.0,200,100.0,100.0,False,False,False,False,,,,,3
5,[-1.56489051 -1.56489051],200,RandomSearch1,ChungReynoldsN2,2.2130893839477133,23.988098286070027,9186427561.218632,0.006015276999995933,Continuous,Differentiable,Partially-Separable,Scalable,Unimodal,2,True,False,ChungReynolds,3.0,200,100.0,100.0,False,False,False,False,,,,,3
6,[-1.56489051 -1.56489051],199,RandomSearch2,ChungReynoldsN2,2.2130893839477133,23.988098286070027,9603003548.309696,0.00661417299999556,Continuous,Differentiable,Partially-Separable,Scalable,Unimodal,2,True,False,ChungReynolds,3.0,200,100.0,99.5,False,False,False,False,,,,,3
7,[ 0.2006426  -0.98168407],205,CMAES,ChungReynoldsN2,1.0019785753097377,1.007937820798406,828.7136425986746,0.09400204599999995,Continuous,Differentiable,Partially-Separable,Scalable,Unimodal,2,True,False,ChungReynolds,3.0,200,100.0,102.5,False,False,False,False,19.0,50.0,,,3
