,BestArm,NumberFunctionEval,Algorithm,CostFunction,EuclideanDistance,TrueRewardDifference,CumulativeRegret,TimeToComplete,Continuous,Differentiability,Separability,Scalability,Modality,Ndimensions,OptimizationSuccessful,BBOB,BaseClass,SD,MaxFeval,MaxFevalPerDimensions,FevalPerDimensions,SolveAt1,SolveAt1e-1,SolveAt1e-3,SolveAt1e-6,SolveEarlierAt1,SolveEarlierAt1e-1,SolveEarlierAt1e-3,SolveEarlierAt1e-6,simNumber
0,[-3.53418174  3.52521611],20000,NiaPyNelderMead,ChungReynoldsN2,4.991752118614448,620.8862522222912,22661156.483171213,0.9362448329999893,Continuous,Differentiable,Partially-Separable,Scalable,Unimodal,2,True,False,ChungReynolds,0.0,20000,10000.0,10000.0,False,False,False,False,,,,,4
1,[ 0.00198792 -0.00147596],20000,NiaPyPSO,ChungReynoldsN2,0.0024759358029998128,3.758006437968167e-11,16276188502.456741,0.7767516700000101,Continuous,Differentiable,Partially-Separable,Scalable,Unimodal,2,True,False,ChungReynolds,0.0,20000,10000.0,10000.0,True,True,True,True,374.0,529.0,958.0,2206.0,4
2,[10.8192616   0.20837298],20000,NiaPySimulatedAnnealing,ChungReynoldsN2,10.821267983618636,13712.372709129817,7752581712.42395,0.8238828390000208,Continuous,Differentiable,Partially-Separable,Scalable,Unimodal,2,True,False,ChungReynolds,0.0,20000,10000.0,10000.0,False,False,False,False,,,,,4
3,[0.12963339 0.42626791],20000,NiaPyCuckooSearch,ChungReynoldsN2,0.4455436517967937,0.03940588090924278,863122605509.3444,0.5471349970000006,Continuous,Differentiable,Partially-Separable,Scalable,Unimodal,2,True,False,ChungReynolds,0.0,20000,10000.0,10000.0,True,True,False,False,15127.0,18271.0,,,4
4,[0. 0.],20000,NiaPyDifferentialEvolution,ChungReynoldsN2,0.0,0.0,4517967622.728205,3.090763766000009,Continuous,Differentiable,Partially-Separable,Scalable,Unimodal,2,True,False,ChungReynolds,0.0,20000,10000.0,10000.0,True,True,True,True,538.0,638.0,773.0,1199.0,4
5,[-0.89501207  0.22279001],20000,RandomSearch1,ChungReynoldsN2,0.9223242317470776,0.7236598455035929,904353209553.6309,0.4102148299999726,Continuous,Differentiable,Partially-Separable,Scalable,Unimodal,2,True,False,ChungReynolds,0.0,20000,10000.0,10000.0,True,False,False,False,6067.0,,,,4
6,[-0.90727696  0.1772088 ],19999,RandomSearch2,ChungReynoldsN2,0.9244211346628503,0.730263281030283,905853816670.9531,0.4761580859999981,Continuous,Differentiable,Partially-Separable,Scalable,Unimodal,2,True,False,ChungReynolds,0.0,20000,10000.0,9999.5,True,False,False,False,11456.0,,,,4
7,[4.94852094e-06 1.61690534e-05],475,CMAES,ChungReynoldsN2,1.6909350874269e-05,8.175376153205633e-20,9448196706.169317,0.16881264099998816,Continuous,Differentiable,Partially-Separable,Scalable,Unimodal,2,True,False,ChungReynolds,0.0,20000,10000.0,237.5,True,True,True,True,170.0,174.0,226.0,271.0,4
