,BestArm,NumberFunctionEval,Algorithm,CostFunction,EuclideanDistance,TrueRewardDifference,CumulativeRegret,TimeToComplete,Continuous,Differentiability,Separability,Scalability,Modality,Ndimensions,OptimizationSuccessful,BBOB,BaseClass,SD,MaxFeval,MaxFevalPerDimensions,FevalPerDimensions,SolveAt1,SolveAt1e-1,SolveAt1e-3,SolveAt1e-6,SolveEarlierAt1,SolveEarlierAt1e-1,SolveEarlierAt1e-3,SolveEarlierAt1e-6,simNumber
0,[ -1.02403698 -12.24222544],200,NiaPyNelderMead,ChungReynoldsN2,12.284980071672095,22777.06836201985,79907431.02409355,0.011899526999997079,Continuous,Differentiable,Partially-Separable,Scalable,Unimodal,2,True,False,ChungReynolds,3.0,200,100.0,100.0,False,False,False,False,,,,,1
1,[ 6.0671898  -2.25718346],200,NiaPyPSO,ChungReynoldsN2,6.4734588262619015,1756.0851090303686,6528211419.034426,0.008824701999998297,Continuous,Differentiable,Partially-Separable,Scalable,Unimodal,2,True,False,ChungReynolds,3.0,200,100.0,100.0,False,False,False,False,,,,,1
2,[ 1.96463724 32.39531104],200,NiaPySimulatedAnnealing,ChungReynoldsN2,32.45482979497928,1109474.5474478619,252670740.93822062,0.009822536000001492,Continuous,Differentiable,Partially-Separable,Scalable,Unimodal,2,True,False,ChungReynolds,3.0,200,100.0,100.0,False,False,False,False,,,,,1
3,[-9.42231567e+00 -1.63190331e-03],200,NiaPyCuckooSearch,ChungReynoldsN2,9.422315810724745,7881.89465668891,10126743513.11398,0.007067292000002112,Continuous,Differentiable,Partially-Separable,Scalable,Unimodal,2,True,False,ChungReynolds,3.0,200,100.0,100.0,False,False,False,False,,,,,1
4,[ 2.08144023 -3.83436084],200,NiaPyDifferentialEvolution,ChungReynoldsN2,4.36287938050114,362.32043180907147,6403757961.948492,0.030830115000000546,Continuous,Differentiable,Partially-Separable,Scalable,Unimodal,2,True,False,ChungReynolds,3.0,200,100.0,100.0,False,False,False,False,,,,,1
5,[-1.56489051 -1.56489051],200,RandomSearch1,ChungReynoldsN2,2.2130893839477133,23.988098286070027,9182125333.917835,0.0052689819999969245,Continuous,Differentiable,Partially-Separable,Scalable,Unimodal,2,True,False,ChungReynolds,3.0,200,100.0,100.0,False,False,False,False,,,,,1
6,[-1.56489051 -1.56489051],199,RandomSearch2,ChungReynoldsN2,2.2130893839477133,23.988098286070027,10057986008.960033,0.006086558000006903,Continuous,Differentiable,Partially-Separable,Scalable,Unimodal,2,True,False,ChungReynolds,3.0,200,100.0,99.5,False,False,False,False,,,,,1
7,[-0.48516116 -0.5296699 ],205,CMAES,ChungReynoldsN2,0.718283755320811,0.26618536754378547,992.2447874216622,0.09378715900000145,Continuous,Differentiable,Partially-Separable,Scalable,Unimodal,2,True,False,ChungReynolds,3.0,200,100.0,102.5,True,False,False,False,6.0,8.0,,,1
