,BestArm,NumberFunctionEval,Algorithm,CostFunction,EuclideanDistance,TrueRewardDifference,CumulativeRegret,TimeToComplete,Continuous,Differentiability,Separability,Scalability,Modality,Ndimensions,OptimizationSuccessful,BBOB,BaseClass,SD,MaxFeval,MaxFevalPerDimensions,FevalPerDimensions,SolveAt1,SolveAt1e-1,SolveAt1e-3,SolveAt1e-6,SolveEarlierAt1,SolveEarlierAt1e-1,SolveEarlierAt1e-3,SolveEarlierAt1e-6,simNumber
0,[22.62838549 18.40933199],200,NiaPyNelderMead,ChungReynoldsN2,29.171001594799186,724111.3653162108,184091279.83324748,0.010025454999997407,Continuous,Differentiable,Partially-Separable,Scalable,Unimodal,2,True,False,ChungReynolds,0.0,200,100.0,100.0,False,False,False,False,,,,,1
1,[-0.21224035  0.00618415],200,NiaPyPSO,ChungReynoldsN2,0.21233042358534335,0.002032585881312438,6497765447.715036,0.007930698000002678,Continuous,Differentiable,Partially-Separable,Scalable,Unimodal,2,True,False,ChungReynolds,0.0,200,100.0,100.0,True,True,False,False,191.0,191.0,,,1
2,[90.34288798 48.7523373 ],200,NiaPySimulatedAnnealing,ChungReynoldsN2,102.65781899892262,111062675.9409844,23572452794.60771,0.008765216999996994,Continuous,Differentiable,Partially-Separable,Scalable,Unimodal,2,True,False,ChungReynolds,0.0,200,100.0,100.0,False,False,False,False,,,,,1
3,[-1.23685024  4.38851163],200,NiaPyCuckooSearch,ChungReynoldsN2,4.559477253677376,432.17557030069503,10468108820.752598,0.005951909000003752,Continuous,Differentiable,Partially-Separable,Scalable,Unimodal,2,True,False,ChungReynolds,0.0,200,100.0,100.0,False,False,False,False,,,,,1
4,[ 1.79316732 -2.16545211],200,NiaPyDifferentialEvolution,ChungReynoldsN2,2.81151771256735,62.483204653679714,7847148513.284598,0.02830224200000231,Continuous,Differentiable,Partially-Separable,Scalable,Unimodal,2,True,False,ChungReynolds,0.0,200,100.0,100.0,False,False,False,False,,,,,1
5,[-5.99408242 -1.71149809],200,RandomSearch1,ChungReynoldsN2,6.2336385657267455,1509.963575041272,7510930059.154694,0.004390772000000709,Continuous,Differentiable,Partially-Separable,Scalable,Unimodal,2,True,False,ChungReynolds,0.0,200,100.0,100.0,False,False,False,False,,,,,1
6,[-4.35780478 -7.02483285],199,RandomSearch2,ChungReynoldsN2,8.266724806441974,4670.18325158762,10276230642.96601,0.004962571000000082,Continuous,Differentiable,Partially-Separable,Scalable,Unimodal,2,True,False,ChungReynolds,0.0,200,100.0,99.5,False,False,False,False,,,,,1
7,[-0.14308732 -0.02241319],205,CMAES,ChungReynoldsN2,0.1448320809270903,0.00044000649014824144,1111229470.4606647,0.0914809539999979,Continuous,Differentiable,Partially-Separable,Scalable,Unimodal,2,True,False,ChungReynolds,0.0,200,100.0,102.5,True,True,True,False,152.0,158.0,191.0,,1
