,BestArm,NumberFunctionEval,Algorithm,CostFunction,EuclideanDistance,TrueRewardDifference,CumulativeRegret,TimeToComplete,Continuous,Differentiability,Separability,Scalability,Modality,Ndimensions,OptimizationSuccessful,BBOB,BaseClass,SD,MaxFeval,MaxFevalPerDimensions,FevalPerDimensions,SolveAt1,SolveAt1e-1,SolveAt1e-3,SolveAt1e-6,SolveEarlierAt1,SolveEarlierAt1e-1,SolveEarlierAt1e-3,SolveEarlierAt1e-6,simNumber
0,[ 32.77189303 -23.32413703],2000,NiaPyNelderMead,ChungReynoldsN2,40.224524124863024,2617963.9358602823,5432065296.3923855,0.10123899100000244,Continuous,Differentiable,Partially-Separable,Scalable,Unimodal,2,True,False,ChungReynolds,3.0,2000,1000.0,1000.0,False,False,False,False,,,,,3
1,[-0.009423   -0.05350229],2000,NiaPyPSO,ChungReynoldsN2,0.05432576211162672,8.710103391202753e-06,11425595279.236666,0.09139772100000698,Continuous,Differentiable,Partially-Separable,Scalable,Unimodal,2,True,False,ChungReynolds,3.0,2000,1000.0,1000.0,True,True,True,False,289.0,319.0,545.0,,3
2,[71.00954403 67.63794711],2000,NiaPySimulatedAnnealing,ChungReynoldsN2,98.06756463229593,92491444.3389062,254233302599.4842,0.0988802389999961,Continuous,Differentiable,Partially-Separable,Scalable,Unimodal,2,True,False,ChungReynolds,3.0,2000,1000.0,1000.0,False,False,False,False,,,,,3
3,[1.32055322 2.45449288],2000,NiaPyCuckooSearch,ChungReynoldsN2,2.787184257326224,60.3479777223677,93947214121.76865,0.06795132800000658,Continuous,Differentiable,Partially-Separable,Scalable,Unimodal,2,True,False,ChungReynolds,3.0,2000,1000.0,1000.0,False,False,False,False,,,,,3
4,[-0.57539455 -0.21004492],2000,NiaPyDifferentialEvolution,ChungReynoldsN2,0.6125338835957649,0.14077335802312774,8149733084.357055,0.32213228500000923,Continuous,Differentiable,Partially-Separable,Scalable,Unimodal,2,True,False,ChungReynolds,3.0,2000,1000.0,1000.0,True,False,False,False,583.0,719.0,899.0,,3
5,[-2.26712293  0.76227131],2000,RandomSearch1,ChungReynoldsN2,2.3918411124867722,32.728741517498186,89592614807.63884,0.05312023899999474,Continuous,Differentiable,Partially-Separable,Scalable,Unimodal,2,True,False,ChungReynolds,3.0,2000,1000.0,1000.0,False,False,False,False,,,,,3
6,[0.54362545 2.88011553],1999,RandomSearch2,ChungReynoldsN2,2.9309715242646397,73.79830657946854,78349414281.83095,0.06647117699999683,Continuous,Differentiable,Partially-Separable,Scalable,Unimodal,2,True,False,ChungReynolds,3.0,2000,1000.0,999.5,False,False,False,False,,,,,3
7,[ 0.19344806 -0.89637495],2005,CMAES,ChungReynoldsN2,0.9170115634432062,0.7071299770584417,4279749.358852182,0.5722250319999915,Continuous,Differentiable,Partially-Separable,Scalable,Unimodal,2,True,False,ChungReynolds,3.0,2000,1000.0,1002.5,True,False,False,False,83.0,92.0,135.0,,3
