,BestArm,NumberFunctionEval,Algorithm,CostFunction,EuclideanDistance,TrueRewardDifference,CumulativeRegret,TimeToComplete,Continuous,Differentiability,Separability,Scalability,Modality,Ndimensions,OptimizationSuccessful,BBOB,BaseClass,SD,MaxFeval,MaxFevalPerDimensions,FevalPerDimensions,SolveAt1,SolveAt1e-1,SolveAt1e-3,SolveAt1e-6,SolveEarlierAt1,SolveEarlierAt1e-1,SolveEarlierAt1e-3,SolveEarlierAt1e-6,simNumber
0,[2.51537672 5.2435411 ],2000,NiaPyNelderMead,ChungReynoldsN2,5.815655016668627,1143.9170823768118,138724975.15697104,0.10250261399998806,Continuous,Differentiable,Partially-Separable,Scalable,Unimodal,2,True,False,ChungReynolds,3.0,2000,1000.0,1000.0,False,False,False,False,,,,,5
1,[-0.06117054 -0.26726368],2000,NiaPyPSO,ChungReynoldsN2,0.27417459200920674,0.005650785518772926,17217943132.625454,0.08964236100000278,Continuous,Differentiable,Partially-Separable,Scalable,Unimodal,2,True,False,ChungReynolds,3.0,2000,1000.0,1000.0,True,True,False,False,395.0,444.0,524.0,,5
2,[85.24513002 22.924768  ],2000,NiaPySimulatedAnnealing,ChungReynoldsN2,88.27387597584308,60719583.64680887,149021840310.69952,0.09761963399999729,Continuous,Differentiable,Partially-Separable,Scalable,Unimodal,2,True,False,ChungReynolds,3.0,2000,1000.0,1000.0,False,False,False,False,,,,,5
3,[-2.33373626  0.21110399],2000,NiaPyCuckooSearch,ChungReynoldsN2,2.3432647824285127,30.149871241272034,100489672463.09851,0.06692542199999707,Continuous,Differentiable,Partially-Separable,Scalable,Unimodal,2,True,False,ChungReynolds,3.0,2000,1000.0,1000.0,False,False,False,False,,,,,5
4,[-0.31225026 -0.2927165 ],2000,NiaPyDifferentialEvolution,ChungReynoldsN2,0.427999030513051,0.03355607381525373,4831466875.038113,0.3242898609999969,Continuous,Differentiable,Partially-Separable,Scalable,Unimodal,2,True,False,ChungReynolds,3.0,2000,1000.0,1000.0,True,True,False,False,401.0,401.0,823.0,1282.0,5
5,[-2.77626021 -1.19062767],2000,RandomSearch1,ChungReynoldsN2,3.0207970845992635,83.26954927663856,87900527898.75162,0.051791984999994156,Continuous,Differentiable,Partially-Separable,Scalable,Unimodal,2,True,False,ChungReynolds,3.0,2000,1000.0,1000.0,False,False,False,False,,,,,5
6,[-1.36990922  1.58259012],1999,RandomSearch2,ChungReynoldsN2,2.0931418408497273,19.19528817388939,90905143163.22821,0.059005630000001474,Continuous,Differentiable,Partially-Separable,Scalable,Unimodal,2,True,False,ChungReynolds,3.0,2000,1000.0,999.5,False,False,False,False,,,,,5
7,[-0.39655781 -0.35839464],2005,CMAES,ChungReynoldsN2,0.5345136216987578,0.08162723947511534,5519936.421763809,0.574690989000004,Continuous,Differentiable,Partially-Separable,Scalable,Unimodal,2,True,False,ChungReynolds,3.0,2000,1000.0,1002.5,True,True,False,False,108.0,127.0,127.0,325.0,5
