,BestArm,NumberFunctionEval,Algorithm,CostFunction,EuclideanDistance,TrueRewardDifference,CumulativeRegret,TimeToComplete,Continuous,Differentiability,Separability,Scalability,Modality,Ndimensions,OptimizationSuccessful,BBOB,BaseClass,SD,MaxFeval,MaxFevalPerDimensions,FevalPerDimensions,SolveAt1,SolveAt1e-1,SolveAt1e-3,SolveAt1e-6,SolveEarlierAt1,SolveEarlierAt1e-1,SolveEarlierAt1e-3,SolveEarlierAt1e-6,simNumber
0,[-13.92036174  16.99288196],2000,NiaPyNelderMead,ChungReynoldsN2,21.966668121719625,232839.55176765873,736318051.1827724,0.10328534999999306,Continuous,Differentiable,Partially-Separable,Scalable,Unimodal,2,True,False,ChungReynolds,3.0,2000,1000.0,1000.0,False,False,False,False,,,,,7
1,[ 0.03884883 -0.40663162],2000,NiaPyPSO,ChungReynoldsN2,0.4084831733615097,0.027841759996533186,18090167410.987713,0.08813797999999906,Continuous,Differentiable,Partially-Separable,Scalable,Unimodal,2,True,False,ChungReynolds,3.0,2000,1000.0,1000.0,True,True,False,False,220.0,370.0,947.0,1634.0,7
2,[89.15354585 12.02025708],2000,NiaPySimulatedAnnealing,ChungReynoldsN2,89.96022075058251,65494080.59013049,151665417596.62534,0.0983941870000109,Continuous,Differentiable,Partially-Separable,Scalable,Unimodal,2,True,False,ChungReynolds,3.0,2000,1000.0,1000.0,False,False,False,False,,,,,7
3,[0.7941747  1.48885417],2000,NiaPyCuckooSearch,ChungReynoldsN2,1.6874241304541744,8.10768787640309,114153913562.42316,0.06673445999999217,Continuous,Differentiable,Partially-Separable,Scalable,Unimodal,2,True,False,ChungReynolds,3.0,2000,1000.0,1000.0,False,False,False,False,,,,,7
4,[ 0.78953167 -0.1209783 ],2000,NiaPyDifferentialEvolution,ChungReynoldsN2,0.7987465247205073,0.4070389097368545,4705730080.027138,0.3238005869999938,Continuous,Differentiable,Partially-Separable,Scalable,Unimodal,2,True,False,ChungReynolds,3.0,2000,1000.0,1000.0,True,False,False,False,202.0,462.0,838.0,1817.0,7
5,[-1.75555879 -1.18647776],2000,RandomSearch1,ChungReynoldsN2,2.118895022642979,20.157550811080643,89846615178.12344,0.05134884099999226,Continuous,Differentiable,Partially-Separable,Scalable,Unimodal,2,True,False,ChungReynolds,3.0,2000,1000.0,1000.0,False,False,False,False,,,,,7
6,[ 1.21434144 -1.35505566],1999,RandomSearch2,ChungReynoldsN2,1.8195606548528171,10.961403107240951,94070984887.56609,0.05882995599999674,Continuous,Differentiable,Partially-Separable,Scalable,Unimodal,2,True,False,ChungReynolds,3.0,2000,1000.0,999.5,False,False,False,False,,,,,7
7,[-0.11207496  0.06409406],2005,CMAES,ChungReynoldsN2,0.1291078778623504,0.00027785036450087155,3806339.86577879,0.5717167399999994,Continuous,Differentiable,Partially-Separable,Scalable,Unimodal,2,True,False,ChungReynolds,3.0,2000,1000.0,1002.5,True,True,True,False,99.0,99.0,137.0,,7
