,BestArm,NumberFunctionEval,Algorithm,CostFunction,EuclideanDistance,TrueRewardDifference,CumulativeRegret,TimeToComplete,Continuous,Differentiability,Separability,Scalability,Modality,Ndimensions,OptimizationSuccessful,BBOB,BaseClass,SD,MaxFeval,MaxFevalPerDimensions,FevalPerDimensions,SolveAt1,SolveAt1e-1,SolveAt1e-3,SolveAt1e-6,SolveEarlierAt1,SolveEarlierAt1e-1,SolveEarlierAt1e-3,SolveEarlierAt1e-6,simNumber
0,[-21.88080306   1.36273212],20000,NiaPyNelderMead,ChungReynoldsN2,21.923197333756473,231001.910685603,4698245802.5811615,0.9417751599999633,Continuous,Differentiable,Partially-Separable,Scalable,Unimodal,2,True,False,ChungReynolds,0.0,20000,10000.0,10000.0,False,False,False,False,,,,,5
1,[0.0002327  0.00198085],20000,NiaPyPSO,ChungReynoldsN2,0.0019944706039358388,1.5823791755725838e-11,18949391174.49535,0.7688951799999586,Continuous,Differentiable,Partially-Separable,Scalable,Unimodal,2,True,False,ChungReynolds,0.0,20000,10000.0,10000.0,True,True,True,True,400.0,522.0,580.0,580.0,5
2,[ 72.42186317 -10.7315858 ],20000,NiaPySimulatedAnnealing,ChungReynoldsN2,73.2126573634823,28730599.093632817,1136573393098.3691,0.8311657340000238,Continuous,Differentiable,Partially-Separable,Scalable,Unimodal,2,True,False,ChungReynolds,0.0,20000,10000.0,10000.0,False,False,False,False,,,,,5
3,[-0.13399363  0.54846926],20000,NiaPyCuckooSearch,ChungReynoldsN2,0.564599704731624,0.10161611496773895,893664203386.6892,0.545505449000018,Continuous,Differentiable,Partially-Separable,Scalable,Unimodal,2,True,False,ChungReynolds,0.0,20000,10000.0,10000.0,True,False,False,False,11239.0,,,,5
4,[0. 0.],20000,NiaPyDifferentialEvolution,ChungReynoldsN2,0.0,0.0,6437931942.397989,3.1110058219999814,Continuous,Differentiable,Partially-Separable,Scalable,Unimodal,2,True,False,ChungReynolds,0.0,20000,10000.0,10000.0,True,True,True,True,464.0,464.0,756.0,1150.0,5
5,[0.91040301 0.00785742],20000,RandomSearch1,ChungReynoldsN2,0.91043691329414,0.6870675395276252,907155631998.4875,0.41056811199996446,Continuous,Differentiable,Partially-Separable,Scalable,Unimodal,2,True,False,ChungReynolds,0.0,20000,10000.0,10000.0,True,False,False,False,16598.0,,,,5
6,[-0.09791805 -0.38575665],19999,RandomSearch2,ChungReynoldsN2,0.3979901208203511,0.025089335985453747,882050386191.9506,0.484217507999972,Continuous,Differentiable,Partially-Separable,Scalable,Unimodal,2,True,False,ChungReynolds,0.0,20000,10000.0,9999.5,True,True,False,False,1892.0,11322.0,,,5
7,[-2.30805827e-07 -9.20126128e-06],523,CMAES,ChungReynoldsN2,9.204155612800891e-06,7.176882075872767e-21,8209341431.088411,0.18707762700000785,Continuous,Differentiable,Partially-Separable,Scalable,Unimodal,2,True,False,ChungReynolds,0.0,20000,10000.0,261.5,True,True,True,True,87.0,192.0,241.0,313.0,5
