,BestArm,NumberFunctionEval,Algorithm,CostFunction,EuclideanDistance,TrueRewardDifference,CumulativeRegret,TimeToComplete,Continuous,Differentiability,Separability,Scalability,Modality,Ndimensions,OptimizationSuccessful,BBOB,BaseClass,SD,MaxFeval,MaxFevalPerDimensions,FevalPerDimensions,SolveAt1,SolveAt1e-1,SolveAt1e-3,SolveAt1e-6,SolveEarlierAt1,SolveEarlierAt1e-1,SolveEarlierAt1e-3,SolveEarlierAt1e-6,simNumber
0,[14.02164589 46.12401857],200,NiaPyNelderMead,ChungReynoldsN2,48.20821135592636,5401123.073657099,1185516270.8423114,0.010557882999997048,Continuous,Differentiable,Partially-Separable,Scalable,Unimodal,2,True,False,ChungReynolds,0.0,200,100.0,100.0,False,False,False,False,,,,,6
1,[1.88349004 7.96213832],200,NiaPyPSO,ChungReynoldsN2,8.181881287367027,4481.389536029182,7339699878.563743,0.007838328999994815,Continuous,Differentiable,Partially-Separable,Scalable,Unimodal,2,True,False,ChungReynolds,0.0,200,100.0,100.0,False,False,False,False,,,,,6
2,[96.91934761 34.15125248],200,NiaPySimulatedAnnealing,ChungReynoldsN2,102.76024516341228,111506587.97549519,23622643327.43489,0.008562398000002247,Continuous,Differentiable,Partially-Separable,Scalable,Unimodal,2,True,False,ChungReynolds,0.0,200,100.0,100.0,False,False,False,False,,,,,6
3,[ 1.87647401 -9.13654457],200,NiaPyCuckooSearch,ChungReynoldsN2,9.327250475470025,7568.58265494824,8045475995.784641,0.00589204499999596,Continuous,Differentiable,Partially-Separable,Scalable,Unimodal,2,True,False,ChungReynolds,0.0,200,100.0,100.0,False,False,False,False,,,,,6
4,[-1.12903985  2.66093395],200,NiaPyDifferentialEvolution,ChungReynoldsN2,2.890553662810784,69.81104607079632,8572383255.518585,0.02883288900000025,Continuous,Differentiable,Partially-Separable,Scalable,Unimodal,2,True,False,ChungReynolds,0.0,200,100.0,100.0,False,False,False,False,,,,,6
5,[ 0.45232429 -3.43136909],200,RandomSearch1,ChungReynoldsN2,3.461053471230431,143.49383272155163,8123495372.32052,0.004500595999999746,Continuous,Differentiable,Partially-Separable,Scalable,Unimodal,2,True,False,ChungReynolds,0.0,200,100.0,100.0,False,False,False,False,,,,,6
6,[5.97246728 5.20385455],199,RandomSearch2,ChungReynoldsN2,7.9215192703766535,3937.621177862662,7579202352.529615,0.005034853999994482,Continuous,Differentiable,Partially-Separable,Scalable,Unimodal,2,True,False,ChungReynolds,0.0,200,100.0,99.5,False,False,False,False,,,,,6
7,[-0.56899583  0.15020599],205,CMAES,ChungReynoldsN2,0.5884879762290145,0.11993622511739915,1030351924.1762766,0.0923916389999988,Continuous,Differentiable,Partially-Separable,Scalable,Unimodal,2,True,False,ChungReynolds,0.0,200,100.0,102.5,True,False,False,False,203.0,,,,6
