,BestArm,NumberFunctionEval,Algorithm,CostFunction,EuclideanDistance,TrueRewardDifference,CumulativeRegret,TimeToComplete,Continuous,Differentiability,Separability,Scalability,Modality,Ndimensions,OptimizationSuccessful,BBOB,BaseClass,SD,MaxFeval,MaxFevalPerDimensions,FevalPerDimensions,SolveAt1,SolveAt1e-1,SolveAt1e-3,SolveAt1e-6,SolveEarlierAt1,SolveEarlierAt1e-1,SolveEarlierAt1e-3,SolveEarlierAt1e-6,simNumber
0,[ 5.32252591 -3.12225024],20000,NiaPyNelderMead,ChungReynoldsN2,6.170715401629531,1449.9134128912697,96457346.57975729,0.9513469469999905,Continuous,Differentiable,Partially-Separable,Scalable,Unimodal,2,True,False,ChungReynolds,0.0,20000,10000.0,10000.0,False,False,False,False,,,,,6
1,[ 0.00141248 -0.00092216],20000,NiaPyPSO,ChungReynoldsN2,0.00168685649350443,8.096783915927986e-12,15007146451.131529,0.7787985300000173,Continuous,Differentiable,Partially-Separable,Scalable,Unimodal,2,True,False,ChungReynolds,0.0,20000,10000.0,10000.0,True,True,True,True,523.0,536.0,793.0,2315.0,6
2,[85.99886384 46.66747623],20000,NiaPySimulatedAnnealing,ChungReynoldsN2,97.84507099995223,91654925.94975747,2644065174069.8306,0.8515273849999971,Continuous,Differentiable,Partially-Separable,Scalable,Unimodal,2,True,False,ChungReynolds,0.0,20000,10000.0,10000.0,False,False,False,False,,,,,6
3,[-0.46640737 -1.30665696],20000,NiaPyCuckooSearch,ChungReynoldsN2,1.3874034199112926,3.7051947733771238,917823381599.3613,0.539313610000022,Continuous,Differentiable,Partially-Separable,Scalable,Unimodal,2,True,False,ChungReynolds,0.0,20000,10000.0,10000.0,False,False,False,False,,,,,6
4,[0. 0.],20000,NiaPyDifferentialEvolution,ChungReynoldsN2,0.0,0.0,7093201113.410204,3.163010460999999,Continuous,Differentiable,Partially-Separable,Scalable,Unimodal,2,True,False,ChungReynolds,0.0,20000,10000.0,10000.0,True,True,True,True,496.0,558.0,699.0,1229.0,6
5,[-0.40984924  0.08974034],20000,RandomSearch1,ChungReynoldsN2,0.4195589649054532,0.030986464095029986,893406144067.388,0.41698495100001765,Continuous,Differentiable,Partially-Separable,Scalable,Unimodal,2,True,False,ChungReynolds,0.0,20000,10000.0,10000.0,True,True,False,False,2859.0,7158.0,,,6
6,[ 0.63543845 -0.94960334],19999,RandomSearch2,ChungReynoldsN2,1.1425972736665622,1.7044047420963193,919099706551.2234,0.48228103200000305,Continuous,Differentiable,Partially-Separable,Scalable,Unimodal,2,True,False,ChungReynolds,0.0,20000,10000.0,9999.5,False,False,False,False,,,,,6
7,[4.25857557e-06 5.68842670e-06],445,CMAES,ChungReynoldsN2,7.105889401315102e-06,2.5496101226985202e-21,7381861405.242845,0.1572879660000126,Continuous,Differentiable,Partially-Separable,Scalable,Unimodal,2,True,False,ChungReynolds,0.0,20000,10000.0,222.5,True,True,True,True,140.0,165.0,172.0,219.0,6
