,BestArm,NumberFunctionEval,Algorithm,CostFunction,EuclideanDistance,TrueRewardDifference,CumulativeRegret,TimeToComplete,Continuous,Differentiability,Separability,Scalability,Modality,Ndimensions,OptimizationSuccessful,BBOB,BaseClass,SD,MaxFeval,MaxFevalPerDimensions,FevalPerDimensions,SolveAt1,SolveAt1e-1,SolveAt1e-3,SolveAt1e-6,SolveEarlierAt1,SolveEarlierAt1e-1,SolveEarlierAt1e-3,SolveEarlierAt1e-6,simNumber
0,[74.17873533 27.18312005],20000,NiaPyNelderMead,ChungReynoldsN2,79.00257458622981,38955158.73389661,779283645143.9906,0.9565480969999953,Continuous,Differentiable,Partially-Separable,Scalable,Unimodal,2,True,False,ChungReynolds,0.0,20000,10000.0,10000.0,False,False,False,False,,,,,7
1,[-0.0022683  -0.00099227],20000,NiaPyPSO,ChungReynoldsN2,0.0024758353932244964,3.757396862181788e-11,14246825891.184265,0.7721499639999934,Continuous,Differentiable,Partially-Separable,Scalable,Unimodal,2,True,False,ChungReynolds,0.0,20000,10000.0,10000.0,True,True,True,True,89.0,303.0,829.0,1499.0,7
2,[45.75341947 34.03224027],20000,NiaPySimulatedAnnealing,ChungReynoldsN2,57.022528626702794,10572699.472432805,595418589581.824,0.8410894289999646,Continuous,Differentiable,Partially-Separable,Scalable,Unimodal,2,True,False,ChungReynolds,0.0,20000,10000.0,10000.0,False,False,False,False,,,,,7
3,[-0.02518498  0.03819275],20000,NiaPyCuckooSearch,ChungReynoldsN2,0.045748982408699505,4.38052087346913e-06,903942323331.585,0.5364067539999837,Continuous,Differentiable,Partially-Separable,Scalable,Unimodal,2,True,False,ChungReynolds,0.0,20000,10000.0,10000.0,True,True,True,False,3583.0,3583.0,3583.0,,7
4,[0. 0.],20000,NiaPyDifferentialEvolution,ChungReynoldsN2,0.0,0.0,6149388275.650218,3.1164317260000303,Continuous,Differentiable,Partially-Separable,Scalable,Unimodal,2,True,False,ChungReynolds,0.0,20000,10000.0,10000.0,True,True,True,True,487.0,638.0,946.0,1325.0,7
5,[-0.45431223  0.0503229 ],20000,RandomSearch1,ChungReynoldsN2,0.4570908013648568,0.04365258091331523,903142374515.1675,0.4301407639999866,Continuous,Differentiable,Partially-Separable,Scalable,Unimodal,2,True,False,ChungReynolds,0.0,20000,10000.0,10000.0,True,True,False,False,1799.0,12010.0,,,7
6,[ 0.36456146 -0.242743  ],19999,RandomSearch2,ChungReynoldsN2,0.4379831358856219,0.03679845245426617,897079717599.8906,0.47607379099997615,Continuous,Differentiable,Partially-Separable,Scalable,Unimodal,2,True,False,ChungReynolds,0.0,20000,10000.0,9999.5,True,True,False,False,6900.0,6900.0,,,7
7,[-3.20781264e-06 -4.19373964e-06],427,CMAES,ChungReynoldsN2,5.27991610905733e-06,7.771557934373749e-22,8515744762.6464615,0.1530734309999957,Continuous,Differentiable,Partially-Separable,Scalable,Unimodal,2,True,False,ChungReynolds,0.0,20000,10000.0,213.5,True,True,True,True,151.0,169.0,183.0,209.0,7
