,BestArm,NumberFunctionEval,Algorithm,CostFunction,EuclideanDistance,TrueRewardDifference,CumulativeRegret,TimeToComplete,Continuous,Differentiability,Separability,Scalability,Modality,Ndimensions,OptimizationSuccessful,BBOB,BaseClass,SD,MaxFeval,MaxFevalPerDimensions,FevalPerDimensions,SolveAt1,SolveAt1e-1,SolveAt1e-3,SolveAt1e-6,SolveEarlierAt1,SolveEarlierAt1e-1,SolveEarlierAt1e-3,SolveEarlierAt1e-6,simNumber
0,[25.69089578 44.0681257 ],200,NiaPyNelderMead,ChungReynoldsN2,51.01001694550887,6770517.597453354,1484537021.481518,0.011278622999995491,Continuous,Differentiable,Partially-Separable,Scalable,Unimodal,2,True,False,ChungReynolds,3.0,200,100.0,100.0,False,False,False,False,,,,,4
1,[1.30612755 9.79621675],200,NiaPyPSO,ChungReynoldsN2,9.882906039018028,9539.786722490773,6985049825.966743,0.008958196999998336,Continuous,Differentiable,Partially-Separable,Scalable,Unimodal,2,True,False,ChungReynolds,3.0,200,100.0,100.0,False,False,False,False,,,,,4
2,[21.1767449  86.08564909],200,NiaPySimulatedAnnealing,ChungReynoldsN2,88.6520924956078,61766922.53095492,13652988183.55974,0.010010253999993779,Continuous,Differentiable,Partially-Separable,Scalable,Unimodal,2,True,False,ChungReynolds,3.0,200,100.0,100.0,False,False,False,False,,,,,4
3,[-1.24764226  4.44754427],200,NiaPyCuckooSearch,ChungReynoldsN2,4.619227345027698,455.27871829307315,6661112052.523516,0.007137899999996478,Continuous,Differentiable,Partially-Separable,Scalable,Unimodal,2,True,False,ChungReynolds,3.0,200,100.0,100.0,False,False,False,False,,,,,4
4,[0.7397906  6.13413501],200,NiaPyDifferentialEvolution,ChungReynoldsN2,6.178584182922512,1457.3231813013945,5035005655.2382,0.031201824000000045,Continuous,Differentiable,Partially-Separable,Scalable,Unimodal,2,True,False,ChungReynolds,3.0,200,100.0,100.0,False,False,False,False,,,,,4
5,[-1.56489051 -1.56489051],200,RandomSearch1,ChungReynoldsN2,2.2130893839477133,23.988098286070027,7831900099.823653,0.005328091999999174,Continuous,Differentiable,Partially-Separable,Scalable,Unimodal,2,True,False,ChungReynolds,3.0,200,100.0,100.0,False,False,False,False,,,,,4
6,[-1.56489051 -1.56489051],199,RandomSearch2,ChungReynoldsN2,2.2130893839477133,23.988098286070027,9653461174.895214,0.006118004999997595,Continuous,Differentiable,Partially-Separable,Scalable,Unimodal,2,True,False,ChungReynolds,3.0,200,100.0,99.5,False,False,False,False,,,,,4
7,[-0.30057643  0.67002745],205,CMAES,ChungReynoldsN2,0.7343588817964445,0.2908261187911213,1076.3721458674922,0.09410535899999672,Continuous,Differentiable,Partially-Separable,Scalable,Unimodal,2,True,False,ChungReynolds,3.0,200,100.0,102.5,True,False,False,False,23.0,23.0,78.0,,4
