,BestArm,NumberFunctionEval,Algorithm,CostFunction,EuclideanDistance,TrueRewardDifference,CumulativeRegret,TimeToComplete,Continuous,Differentiability,Separability,Scalability,Modality,Ndimensions,OptimizationSuccessful,BBOB,BaseClass,SD,MaxFeval,MaxFevalPerDimensions,FevalPerDimensions,SolveAt1,SolveAt1e-1,SolveAt1e-3,SolveAt1e-6,SolveEarlierAt1,SolveEarlierAt1e-1,SolveEarlierAt1e-3,SolveEarlierAt1e-6,simNumber
0,[15.61925433 -6.59946726],2000,NiaPyNelderMead,ChungReynoldsN2,16.956239973224612,82664.34276508691,365849993.7586764,0.09985100699999805,Continuous,Differentiable,Partially-Separable,Scalable,Unimodal,2,True,False,ChungReynolds,0.0,2000,1000.0,1000.0,False,False,False,False,,,,,8
1,[ 0.02624972 -0.02921515],2000,NiaPyPSO,ChungReynoldsN2,0.039275600800168065,2.379530899493182e-06,15068182534.260118,0.07727436599999749,Continuous,Differentiable,Partially-Separable,Scalable,Unimodal,2,True,False,ChungReynolds,0.0,2000,1000.0,1000.0,True,True,True,False,427.0,437.0,621.0,,8
2,[ 42.4972656  -16.51308511],2000,NiaPySimulatedAnnealing,ChungReynoldsN2,45.59275779823226,4320991.875911503,14528230946.57832,0.08369831499999236,Continuous,Differentiable,Partially-Separable,Scalable,Unimodal,2,True,False,ChungReynolds,0.0,2000,1000.0,1000.0,False,False,False,False,,,,,8
3,[ 5.48161321 -1.84564228],2000,NiaPyCuckooSearch,ChungReynoldsN2,5.783984679166043,1119.2021496939308,105407187025.28421,0.05536588100000017,Continuous,Differentiable,Partially-Separable,Scalable,Unimodal,2,True,False,ChungReynolds,0.0,2000,1000.0,1000.0,False,False,False,False,,,,,8
4,[ 0.00020959 -0.00048039],2000,NiaPyDifferentialEvolution,ChungReynoldsN2,0.0005241224809379218,7.546249365761328e-14,5670142629.035103,0.30600924399999485,Continuous,Differentiable,Partially-Separable,Scalable,Unimodal,2,True,False,ChungReynolds,0.0,2000,1000.0,1000.0,True,True,True,True,282.0,452.0,733.0,1026.0,8
5,[-1.86932909 -0.08736354],2000,RandomSearch1,ChungReynoldsN2,1.8713694553265474,12.264169563416338,93954219010.18301,0.04266689300000337,Continuous,Differentiable,Partially-Separable,Scalable,Unimodal,2,True,False,ChungReynolds,0.0,2000,1000.0,1000.0,False,False,False,False,,,,,8
6,[-0.6578111 -1.5079357],1999,RandomSearch2,ChungReynoldsN2,1.6451703632112575,7.325605198664975,83849920849.53809,0.050396472000002746,Continuous,Differentiable,Partially-Separable,Scalable,Unimodal,2,True,False,ChungReynolds,0.0,2000,1000.0,999.5,False,False,False,False,,,,,8
7,[-2.60528327e-05 -9.12062342e-06],463,CMAES,ChungReynoldsN2,2.7603185780082686e-05,5.80546262692944e-19,15401178943.25888,0.16507147400000122,Continuous,Differentiable,Partially-Separable,Scalable,Unimodal,2,True,False,ChungReynolds,0.0,2000,1000.0,231.5,True,True,True,True,165.0,182.0,198.0,262.0,8
