,BestArm,NumberFunctionEval,Algorithm,CostFunction,EuclideanDistance,TrueRewardDifference,CumulativeRegret,TimeToComplete,Continuous,Differentiability,Separability,Scalability,Modality,Ndimensions,OptimizationSuccessful,BBOB,BaseClass,SD,MaxFeval,MaxFevalPerDimensions,FevalPerDimensions,SolveAt1,SolveAt1e-1,SolveAt1e-3,SolveAt1e-6,SolveEarlierAt1,SolveEarlierAt1e-1,SolveEarlierAt1e-3,SolveEarlierAt1e-6,simNumber
0,[67.16892491 51.8391909 ],200,NiaPyNelderMead,ChungReynoldsN2,84.84672171878232,51825114.153283134,10605977804.21669,0.010157227000000546,Continuous,Differentiable,Partially-Separable,Scalable,Unimodal,2,True,False,ChungReynolds,0.0,200,100.0,100.0,False,False,False,False,,,,,0
1,[-3.82601612  2.1981942 ],200,NiaPyPSO,ChungReynoldsN2,4.4125340907415325,379.0986997591166,6364407132.00456,0.007913234999996632,Continuous,Differentiable,Partially-Separable,Scalable,Unimodal,2,True,False,ChungReynolds,0.0,200,100.0,100.0,False,False,False,False,,,,,0
2,[64.87003251 74.689586  ],200,NiaPySimulatedAnnealing,ChungReynoldsN2,98.92752586359649,95778623.39951062,20214338392.92174,0.008650385000002814,Continuous,Differentiable,Partially-Separable,Scalable,Unimodal,2,True,False,ChungReynolds,0.0,200,100.0,100.0,False,False,False,False,,,,,0
3,[ 0.20855158 12.85819346],200,NiaPyCuckooSearch,ChungReynoldsN2,12.859884635759867,27349.43069116736,2662438159.2104936,0.00623816299999902,Continuous,Differentiable,Partially-Separable,Scalable,Unimodal,2,True,False,ChungReynolds,0.0,200,100.0,100.0,False,False,False,False,,,,,0
4,[ 1.8522294  -3.21831456],200,NiaPyDifferentialEvolution,ChungReynoldsN2,3.713260342308387,190.11728223993478,3641457581.8831615,0.0284823460000041,Continuous,Differentiable,Partially-Separable,Scalable,Unimodal,2,True,False,ChungReynolds,0.0,200,100.0,100.0,False,False,False,False,,,,,0
5,[-4.85556398 -1.45494611],200,RandomSearch1,ChungReynoldsN2,5.068862763325281,660.1492472307765,9334015556.816633,0.004579918000004568,Continuous,Differentiable,Partially-Separable,Scalable,Unimodal,2,True,False,ChungReynolds,0.0,200,100.0,100.0,False,False,False,False,,,,,0
6,[ 2.84704514 -2.78230444],199,RandomSearch2,ChungReynoldsN2,3.980814490407947,251.12373273263992,6762772140.169842,0.005001963000005105,Continuous,Differentiable,Partially-Separable,Scalable,Unimodal,2,True,False,ChungReynolds,0.0,200,100.0,99.5,False,False,False,False,,,,,0
7,[ 0.04188404 -0.00914417],205,CMAES,ChungReynoldsN2,0.04287060328138924,3.3778346005151547e-06,840045609.4103531,0.09128701599999545,Continuous,Differentiable,Partially-Separable,Scalable,Unimodal,2,True,False,ChungReynolds,0.0,200,100.0,102.5,True,True,True,False,124.0,145.0,190.0,,0
