,BestArm,NumberFunctionEval,Algorithm,CostFunction,EuclideanDistance,TrueRewardDifference,CumulativeRegret,TimeToComplete,Continuous,Differentiability,Separability,Scalability,Modality,Ndimensions,OptimizationSuccessful,BBOB,BaseClass,SD,MaxFeval,MaxFevalPerDimensions,FevalPerDimensions,SolveAt1,SolveAt1e-1,SolveAt1e-3,SolveAt1e-6,SolveEarlierAt1,SolveEarlierAt1e-1,SolveEarlierAt1e-3,SolveEarlierAt1e-6,simNumber
0,[ 24.32607124 -10.98748799],200,NiaPyNelderMead,ChungReynoldsN2,26.692370334351445,507631.50384586095,154617891.74318516,0.010959069999998405,Continuous,Differentiable,Partially-Separable,Scalable,Unimodal,2,True,False,ChungReynolds,3.0,200,100.0,100.0,False,False,False,False,,,,,2
1,[-1.50318232 -6.65506329],200,NiaPyPSO,ChungReynoldsN2,6.822713863827035,2166.8489182701624,3163642159.0087433,0.008953419999997436,Continuous,Differentiable,Partially-Separable,Scalable,Unimodal,2,True,False,ChungReynolds,3.0,200,100.0,100.0,False,False,False,False,,,,,2
2,[-21.38791052  71.04191742],200,NiaPySimulatedAnnealing,ChungReynoldsN2,74.1916218106903,30298383.547288757,6606517520.940111,0.009727679999997463,Continuous,Differentiable,Partially-Separable,Scalable,Unimodal,2,True,False,ChungReynolds,3.0,200,100.0,100.0,False,False,False,False,,,,,2
3,[-5.75549097  2.74097927],200,NiaPyCuckooSearch,ChungReynoldsN2,6.37484460131791,1651.4993610401605,4672864943.306232,0.007402685999998937,Continuous,Differentiable,Partially-Separable,Scalable,Unimodal,2,True,False,ChungReynolds,3.0,200,100.0,100.0,False,False,False,False,,,,,2
4,[ 3.54182903 -3.22940814],200,NiaPyDifferentialEvolution,ChungReynoldsN2,4.79308145595512,527.7876681825169,5693209540.926474,0.03573881800000578,Continuous,Differentiable,Partially-Separable,Scalable,Unimodal,2,True,False,ChungReynolds,3.0,200,100.0,100.0,False,False,False,False,,,,,2
5,[-1.56489051 -1.56489051],200,RandomSearch1,ChungReynoldsN2,2.2130893839477133,23.988098286070027,9900210000.494076,0.005965785000000778,Continuous,Differentiable,Partially-Separable,Scalable,Unimodal,2,True,False,ChungReynolds,3.0,200,100.0,100.0,False,False,False,False,,,,,2
6,[-1.56489051 -1.56489051],199,RandomSearch2,ChungReynoldsN2,2.2130893839477133,23.988098286070027,8867982346.419498,0.006577708999998322,Continuous,Differentiable,Partially-Separable,Scalable,Unimodal,2,True,False,ChungReynolds,3.0,200,100.0,99.5,False,False,False,False,,,,,2
7,[-0.3659059   0.62777771],205,CMAES,ChungReynoldsN2,0.7266305692106102,0.27877553528582455,567.2428537729596,0.09406632299999984,Continuous,Differentiable,Partially-Separable,Scalable,Unimodal,2,True,False,ChungReynolds,3.0,200,100.0,102.5,True,False,False,False,9.0,20.0,54.0,,2
