,BestArm,NumberFunctionEval,Algorithm,CostFunction,EuclideanDistance,TrueRewardDifference,CumulativeRegret,TimeToComplete,Continuous,Differentiability,Separability,Scalability,Modality,Ndimensions,OptimizationSuccessful,BBOB,BaseClass,SD,MaxFeval,MaxFevalPerDimensions,FevalPerDimensions,SolveAt1,SolveAt1e-1,SolveAt1e-3,SolveAt1e-6,SolveEarlierAt1,SolveEarlierAt1e-1,SolveEarlierAt1e-3,SolveEarlierAt1e-6,simNumber
0,[ 5.67624505 75.31148001],2000,NiaPyNelderMead,ChungReynoldsN2,75.52508708447739,32536058.39368075,65277335350.68398,0.100960311999998,Continuous,Differentiable,Partially-Separable,Scalable,Unimodal,2,True,False,ChungReynolds,3.0,2000,1000.0,1000.0,False,False,False,False,,,,,4
1,[-0.14102229  0.79529955],2000,NiaPyPSO,ChungReynoldsN2,0.8077058018916289,0.425610966840325,11297221711.323011,0.08804304299999899,Continuous,Differentiable,Partially-Separable,Scalable,Unimodal,2,True,False,ChungReynolds,3.0,2000,1000.0,1000.0,True,False,False,False,669.0,689.0,869.0,,4
2,[ 19.26161647 -17.63573002],2000,NiaPySimulatedAnnealing,ChungReynoldsN2,26.115681925466593,465163.34190932824,1898904222.8480515,0.09828028299999403,Continuous,Differentiable,Partially-Separable,Scalable,Unimodal,2,True,False,ChungReynolds,3.0,2000,1000.0,1000.0,False,False,False,False,,,,,4
3,[-0.92837059 -2.20344469],2000,NiaPyCuckooSearch,ChungReynoldsN2,2.3910333457505173,32.68455162689015,84553841121.02263,0.07265663100000097,Continuous,Differentiable,Partially-Separable,Scalable,Unimodal,2,True,False,ChungReynolds,3.0,2000,1000.0,1000.0,False,False,False,False,,,,,4
4,[-0.07474426 -0.51854926],2000,NiaPyDifferentialEvolution,ChungReynoldsN2,0.5239084244789458,0.07533929084327799,6701610476.363347,0.3232443819999986,Continuous,Differentiable,Partially-Separable,Scalable,Unimodal,2,True,False,ChungReynolds,3.0,2000,1000.0,1000.0,True,True,False,False,224.0,483.0,760.0,,4
5,[-1.72444933  0.4892048 ],2000,RandomSearch1,ChungReynoldsN2,1.7924973676265819,10.323669822196749,94154661815.04842,0.05181938200000502,Continuous,Differentiable,Partially-Separable,Scalable,Unimodal,2,True,False,ChungReynolds,3.0,2000,1000.0,1000.0,False,False,False,False,,,,,4
6,[ 1.25778439 -0.24931943],1999,RandomSearch2,ChungReynoldsN2,1.2822565058935946,2.703333616860346,87959546584.28043,0.059218960999999126,Continuous,Differentiable,Partially-Separable,Scalable,Unimodal,2,True,False,ChungReynolds,3.0,2000,1000.0,999.5,False,False,False,False,,,,,4
7,[ 0.56746179 -0.10903458],2005,CMAES,ChungReynoldsN2,0.5778420421589936,0.11149016207546134,2921165.1915575243,0.5736233420000048,Continuous,Differentiable,Partially-Separable,Scalable,Unimodal,2,True,False,ChungReynolds,3.0,2000,1000.0,1002.5,True,False,False,False,45.0,45.0,129.0,,4
