,BestArm,NumberFunctionEval,Algorithm,CostFunction,EuclideanDistance,TrueRewardDifference,CumulativeRegret,TimeToComplete,Continuous,Differentiability,Separability,Scalability,Modality,Ndimensions,OptimizationSuccessful,BBOB,BaseClass,SD,MaxFeval,MaxFevalPerDimensions,FevalPerDimensions,SolveAt1,SolveAt1e-1,SolveAt1e-3,SolveAt1e-6,SolveEarlierAt1,SolveEarlierAt1e-1,SolveEarlierAt1e-3,SolveEarlierAt1e-6,simNumber
0,[ 13.42823553 -15.03497837],20000,NiaPyNelderMead,ChungReynoldsN2,20.158573466667104,165135.01986533048,3325105910.384465,0.962613245,Continuous,Differentiable,Partially-Separable,Scalable,Unimodal,2,True,False,ChungReynolds,0.0,20000,10000.0,10000.0,False,False,False,False,,,,,1
1,[0.0001797  0.00100883],20000,NiaPyPSO,ChungReynoldsN2,0.0010247148098749775,1.1025849289474549e-12,13224757989.721073,0.7745904440000118,Continuous,Differentiable,Partially-Separable,Scalable,Unimodal,2,True,False,ChungReynolds,0.0,20000,10000.0,10000.0,True,True,True,True,421.0,620.0,781.0,1992.0,1
2,[-16.67124486  75.67078955],20000,NiaPySimulatedAnnealing,ChungReynoldsN2,77.48547474609585,36048001.54990875,1734578024500.0674,0.8416896749999978,Continuous,Differentiable,Partially-Separable,Scalable,Unimodal,2,True,False,ChungReynolds,0.0,20000,10000.0,10000.0,False,False,False,False,,,,,1
3,[-0.05893902 -0.35523575],20000,NiaPyCuckooSearch,ChungReynoldsN2,0.36009199838564027,0.01681333568921848,827633418274.0786,0.5385981169999923,Continuous,Differentiable,Partially-Separable,Scalable,Unimodal,2,True,False,ChungReynolds,0.0,20000,10000.0,10000.0,True,True,False,False,18679.0,18679.0,,,1
4,[0. 0.],20000,NiaPyDifferentialEvolution,ChungReynoldsN2,0.0,0.0,5361416708.0192,3.0923760399999765,Continuous,Differentiable,Partially-Separable,Scalable,Unimodal,2,True,False,ChungReynolds,0.0,20000,10000.0,10000.0,True,True,True,True,229.0,610.0,697.0,1055.0,1
5,[0.3999598  0.10518324],20000,RandomSearch1,ChungReynoldsN2,0.41355937800203685,0.029251725807028853,898548828483.0386,0.41478964200001656,Continuous,Differentiable,Partially-Separable,Scalable,Unimodal,2,True,False,ChungReynolds,0.0,20000,10000.0,10000.0,True,True,False,False,2795.0,6159.0,,,1
6,[ 0.28902261 -0.41529277],19999,RandomSearch2,ChungReynoldsN2,0.5059665530321126,0.06553710223167965,881522855978.21,0.4821186140000009,Continuous,Differentiable,Partially-Separable,Scalable,Unimodal,2,True,False,ChungReynolds,0.0,20000,10000.0,9999.5,True,True,False,False,8084.0,8084.0,,,1
7,[-1.22854299e-05 -6.47238132e-07],475,CMAES,ChungReynoldsN2,1.2302467390288209e-05,2.2907035567727482e-20,7116657188.536853,0.16426084200003288,Continuous,Differentiable,Partially-Separable,Scalable,Unimodal,2,True,False,ChungReynolds,0.0,20000,10000.0,237.5,True,True,True,True,138.0,138.0,206.0,269.0,1
