,BestArm,NumberFunctionEval,Algorithm,CostFunction,EuclideanDistance,TrueRewardDifference,CumulativeRegret,TimeToComplete,Continuous,Differentiability,Separability,Scalability,Modality,Ndimensions,OptimizationSuccessful,BBOB,BaseClass,SD,MaxFeval,MaxFevalPerDimensions,FevalPerDimensions,SolveAt1,SolveAt1e-1,SolveAt1e-3,SolveAt1e-6,SolveEarlierAt1,SolveEarlierAt1e-1,SolveEarlierAt1e-3,SolveEarlierAt1e-6,simNumber
0,[ 7.36832684 10.14854438],20000,NiaPyNelderMead,Damavandi,9.75795616531657,21.962328063653505,439327.4176209031,1.205794805000096,Continuous,Differentiable,Non-Separable,Non-Scalable,Multimodal,2,True,False,Damavandi,0.0,20000,10000.0,10000.0,False,False,False,False,,,,,3
1,[7.00086159 7.00093457],20000,NiaPyPSO,Damavandi,7.072337885906025,2.0000024891744546,59921.92943534661,0.9950607360001413,Continuous,Differentiable,Non-Separable,Non-Scalable,Multimodal,2,True,False,Damavandi,0.0,20000,10000.0,10000.0,False,False,False,False,,,,,3
2,[2.04451891 2.03268952],20000,NiaPySimulatedAnnealing,Damavandi,0.055231673173392226,1.8817591410813255,981729.840087686,1.0612651450001067,Continuous,Differentiable,Non-Separable,Non-Scalable,Multimodal,2,True,False,Damavandi,0.0,20000,10000.0,10000.0,False,False,False,False,,,,,3
3,[6.84407124 6.98465256],20000,NiaPyCuckooSearch,Damavandi,6.950668122197331,2.0247848654829594,1003411.0896691337,0.762412415000199,Continuous,Differentiable,Non-Separable,Non-Scalable,Multimodal,2,True,False,Damavandi,0.0,20000,10000.0,10000.0,False,False,False,False,,,,,3
4,[7.         7.00000001],20000,NiaPyDifferentialEvolution,Damavandi,7.071067812783394,2.0,55324.98694164687,3.392650185999628,Continuous,Differentiable,Non-Separable,Non-Scalable,Multimodal,2,True,False,Damavandi,0.0,20000,10000.0,10000.0,False,False,False,False,,,,,3
5,[1.99781769 2.00923999],20000,RandomSearch1,Damavandi,0.009494201902824965,0.05694526610445238,1019079.3033750148,0.6236877240003196,Continuous,Differentiable,Non-Separable,Non-Scalable,Multimodal,2,True,False,Damavandi,0.0,20000,10000.0,10000.0,True,True,False,False,7104.0,16179.0,,,3
6,[1.98985717 1.99121808],19999,RandomSearch2,Damavandi,0.013416377100818392,0.11432275337384537,1031535.4932320823,0.7187541020002755,Continuous,Differentiable,Non-Separable,Non-Scalable,Multimodal,2,True,False,Damavandi,0.0,20000,10000.0,9999.5,True,False,False,False,9884.0,,,,3
7,[7.00000001 7.        ],493,CMAES,Damavandi,7.071067816401051,2.0,3515.512707556136,0.17656167999984973,Continuous,Differentiable,Non-Separable,Non-Scalable,Multimodal,2,True,False,Damavandi,0.0,20000,10000.0,246.5,False,False,False,False,,,,,3
