,BestArm,NumberFunctionEval,Algorithm,CostFunction,EuclideanDistance,TrueRewardDifference,CumulativeRegret,TimeToComplete,Continuous,Differentiability,Separability,Scalability,Modality,Ndimensions,OptimizationSuccessful,BBOB,BaseClass,SD,MaxFeval,MaxFevalPerDimensions,FevalPerDimensions,SolveAt1,SolveAt1e-1,SolveAt1e-3,SolveAt1e-6,SolveEarlierAt1,SolveEarlierAt1e-1,SolveEarlierAt1e-3,SolveEarlierAt1e-6,simNumber
0,[11.59779862  9.01592151],200000,NiaPyNelderMead,Damavandi,11.88868760555637,31.267631238589786,6253560.774891223,12.013100234999001,Continuous,Differentiable,Non-Separable,Non-Scalable,Multimodal,2,True,False,Damavandi,0.0,200000,100000.0,100000.0,False,False,False,False,,,,,9
1,[6.99996496 7.00001957],200000,NiaPyPSO,Damavandi,7.071056870480416,2.0000000019936515,583595.7840007042,9.81137112000215,Continuous,Differentiable,Non-Separable,Non-Scalable,Multimodal,2,True,False,Damavandi,0.0,200000,100000.0,100000.0,False,False,False,False,,,,,9
2,[1.99085003 2.01155448],200000,NiaPySimulatedAnnealing,Damavandi,0.014738660388015011,0.13720427005233293,10283269.97922138,10.644991873003164,Continuous,Differentiable,Non-Separable,Non-Scalable,Multimodal,2,True,False,Damavandi,0.0,200000,100000.0,100000.0,True,False,False,False,11773.0,,,,9
3,[2.03355791 1.9846551 ],200000,NiaPyCuckooSearch,Damavandi,0.03689985324023094,0.857461082183637,10257808.705617918,7.463060711997969,Continuous,Differentiable,Non-Separable,Non-Scalable,Multimodal,2,True,False,Damavandi,0.0,200000,100000.0,100000.0,True,False,False,False,167504.0,,,,9
4,[7.00000001 7.        ],200000,NiaPyDifferentialEvolution,Damavandi,7.071067817682884,2.0,412464.5587794547,33.309312978999515,Continuous,Differentiable,Non-Separable,Non-Scalable,Multimodal,2,True,False,Damavandi,0.0,200000,100000.0,100000.0,False,False,False,False,,,,,9
5,[1.99657732 1.99924093],200000,RandomSearch1,Damavandi,0.003505841307726194,0.007788462617069576,10173624.582016166,6.249494424002478,Continuous,Differentiable,Non-Separable,Non-Scalable,Multimodal,2,True,False,Damavandi,0.0,200000,100000.0,100000.0,True,True,False,False,20978.0,20978.0,,,9
6,[1.99488022 2.00038265],199999,RandomSearch2,Damavandi,0.005134061450213689,0.016700655734660237,10152088.126427973,7.0010518039998715,Continuous,Differentiable,Non-Separable,Non-Scalable,Multimodal,2,True,False,Damavandi,0.0,200000,100000.0,99999.5,True,True,False,False,20288.0,71204.0,,,9
7,[7.00000001 7.00000001],523,CMAES,Damavandi,7.071067821711733,2.0,2354.4307529868047,0.18075481800042326,Continuous,Differentiable,Non-Separable,Non-Scalable,Multimodal,2,True,False,Damavandi,0.0,200000,100000.0,261.5,False,False,False,False,,,,,9
