,BestArm,NumberFunctionEval,Algorithm,CostFunction,EuclideanDistance,TrueRewardDifference,CumulativeRegret,TimeToComplete,Continuous,Differentiability,Separability,Scalability,Modality,Ndimensions,OptimizationSuccessful,BBOB,BaseClass,SD,MaxFeval,MaxFevalPerDimensions,FevalPerDimensions,SolveAt1,SolveAt1e-1,SolveAt1e-3,SolveAt1e-6,SolveEarlierAt1,SolveEarlierAt1e-1,SolveEarlierAt1e-3,SolveEarlierAt1e-6,simNumber
0,[5.42599716 5.84361186],20000,NiaPyNelderMead,Damavandi,5.1488647938859975,7.151951994446755,143121.61939173774,1.1672991280001952,Continuous,Differentiable,Non-Separable,Non-Scalable,Multimodal,2,True,False,Damavandi,0.0,20000,10000.0,10000.0,False,False,False,False,,,,,6
1,[7.00006395 6.99979227],20000,NiaPyPSO,Damavandi,7.070966144431504,2.000000090393774,60560.00205849641,0.9812518110002202,Continuous,Differentiable,Non-Separable,Non-Scalable,Multimodal,2,True,False,Damavandi,0.0,20000,10000.0,10000.0,False,False,False,False,,,,,6
2,[2.02367245 1.9960272 ],20000,NiaPySimulatedAnnealing,Damavandi,0.02400349586865797,0.36334804218728356,1070621.4991689727,1.0396956150002552,Continuous,Differentiable,Non-Separable,Non-Scalable,Multimodal,2,True,False,Damavandi,0.0,20000,10000.0,10000.0,True,False,False,False,8500.0,,,,6
3,[7.0757956  7.18061067],20000,NiaPyCuckooSearch,Damavandi,7.252753122651791,2.0709853992891256,1029099.6657032652,0.7528894150000269,Continuous,Differentiable,Non-Separable,Non-Scalable,Multimodal,2,True,False,Damavandi,0.0,20000,10000.0,10000.0,False,False,False,False,,,,,6
4,[7.00000001 6.99999999],20000,NiaPyDifferentialEvolution,Damavandi,7.071067814819533,2.0,59879.085594514625,3.3670770419998917,Continuous,Differentiable,Non-Separable,Non-Scalable,Multimodal,2,True,False,Damavandi,0.0,20000,10000.0,10000.0,False,False,False,False,,,,,6
5,[1.96508435 2.00346941],20000,RandomSearch1,Damavandi,0.03508759847693697,0.7788850508525342,1011564.678383302,0.6165496319999875,Continuous,Differentiable,Non-Separable,Non-Scalable,Multimodal,2,True,False,Damavandi,0.0,20000,10000.0,10000.0,True,False,False,False,7534.0,,,,6
6,[1.98268605 1.98737197],19999,RandomSearch2,Damavandi,0.021429886387737795,0.29191920648801123,1018663.4931032397,0.6973315109999021,Continuous,Differentiable,Non-Separable,Non-Scalable,Multimodal,2,True,False,Damavandi,0.0,20000,10000.0,9999.5,True,False,False,False,16638.0,,,,6
7,[6.99999998 7.00000002],529,CMAES,Damavandi,7.071067805425482,2.000000000000001,4242.6093918808765,0.18752859400001398,Continuous,Differentiable,Non-Separable,Non-Scalable,Multimodal,2,True,False,Damavandi,0.0,20000,10000.0,264.5,False,False,False,False,,,,,6
