,BestArm,NumberFunctionEval,Algorithm,CostFunction,EuclideanDistance,TrueRewardDifference,CumulativeRegret,TimeToComplete,Continuous,Differentiability,Separability,Scalability,Modality,Ndimensions,OptimizationSuccessful,BBOB,BaseClass,SD,MaxFeval,MaxFevalPerDimensions,FevalPerDimensions,SolveAt1,SolveAt1e-1,SolveAt1e-3,SolveAt1e-6,SolveEarlierAt1,SolveEarlierAt1e-1,SolveEarlierAt1e-3,SolveEarlierAt1e-6,simNumber
0,[9.97353984 7.96217032],2000,NiaPyNelderMead,Damavandi,9.956144457717883,12.693482622507542,25465.697397510685,0.11890106700002434,Continuous,Differentiable,Non-Separable,Non-Scalable,Multimodal,2,True,False,Damavandi,0.0,2000,1000.0,1000.0,False,False,False,False,,,,,3
1,[7.00507006 7.00324545],2000,NiaPyPSO,Damavandi,7.076947885668519,2.0000467714704704,8870.364158612738,0.10332153100000596,Continuous,Differentiable,Non-Separable,Non-Scalable,Multimodal,2,True,False,Damavandi,0.0,2000,1000.0,1000.0,False,False,False,False,,,,,3
2,[ 9.20300104 10.05570937],2000,NiaPySimulatedAnnealing,Damavandi,10.806372077794656,25.527933118076888,173349.77571940608,0.10529227300003186,Continuous,Differentiable,Non-Separable,Non-Scalable,Multimodal,2,True,False,Damavandi,0.0,2000,1000.0,1000.0,False,False,False,False,,,,,3
3,[7.25497501 6.1363948 ],2000,NiaPyCuckooSearch,Damavandi,6.687639667690264,3.5566401284572873,97492.57685883793,0.07612290700001267,Continuous,Differentiable,Non-Separable,Non-Scalable,Multimodal,2,True,False,Damavandi,0.0,2000,1000.0,1000.0,False,False,False,False,,,,,3
4,[7.00003093 6.99999227],2000,NiaPyDifferentialEvolution,Damavandi,7.071084210785844,2.0000000010760806,14996.020276434134,0.3373889879999865,Continuous,Differentiable,Non-Separable,Non-Scalable,Multimodal,2,True,False,Damavandi,0.0,2000,1000.0,1000.0,False,False,False,False,,,,,3
5,[6.96754228 7.04629733],2000,RandomSearch1,Damavandi,7.081072872060111,2.005340389004575,102751.0485676919,0.061979713999960495,Continuous,Differentiable,Non-Separable,Non-Scalable,Multimodal,2,True,False,Damavandi,0.0,2000,1000.0,1000.0,False,False,False,False,,,,,3
6,[7.14638251 7.08245379],1999,RandomSearch2,Damavandi,7.233020763360747,2.035025091695337,101834.9228518556,0.06928372199996602,Continuous,Differentiable,Non-Separable,Non-Scalable,Multimodal,2,True,False,Damavandi,0.0,2000,1000.0,999.5,False,False,False,False,,,,,3
7,[6.99999999 6.99999999],517,CMAES,Damavandi,7.071067797008185,2.0000000000000004,3142.894957667291,0.179931670999963,Continuous,Differentiable,Non-Separable,Non-Scalable,Multimodal,2,True,False,Damavandi,0.0,2000,1000.0,258.5,False,False,False,False,,,,,3
