,BestArm,NumberFunctionEval,Algorithm,CostFunction,EuclideanDistance,TrueRewardDifference,CumulativeRegret,TimeToComplete,Continuous,Differentiability,Separability,Scalability,Modality,Ndimensions,OptimizationSuccessful,BBOB,BaseClass,SD,MaxFeval,MaxFevalPerDimensions,FevalPerDimensions,SolveAt1,SolveAt1e-1,SolveAt1e-3,SolveAt1e-6,SolveEarlierAt1,SolveEarlierAt1e-1,SolveEarlierAt1e-3,SolveEarlierAt1e-6,simNumber
0,[6.18670784 5.94309822],2000,NiaPyNelderMead,Damavandi,5.75122127393854,4.895526865541926,9847.765586313144,0.11931357199995318,Continuous,Differentiable,Non-Separable,Non-Scalable,Multimodal,2,True,False,Damavandi,0.0,2000,1000.0,1000.0,False,False,False,False,,,,,1
1,[7.05084672 6.99572461],2000,NiaPyPSO,Damavandi,7.104105640867012,2.0026219470750988,8751.27832196622,0.09714615199999344,Continuous,Differentiable,Non-Separable,Non-Scalable,Multimodal,2,True,False,Damavandi,0.0,2000,1000.0,1000.0,False,False,False,False,,,,,1
2,[7.09016491 7.11111353],2000,NiaPySimulatedAnnealing,Damavandi,7.213408368996148,2.03282214361565,56923.66855173012,0.10522545899999614,Continuous,Differentiable,Non-Separable,Non-Scalable,Multimodal,2,True,False,Damavandi,0.0,2000,1000.0,1000.0,False,False,False,False,,,,,1
3,[6.71817042 6.44173807],2000,NiaPyCuckooSearch,Damavandi,6.479982193160819,2.702740672369621,96619.88119333977,0.0759600480000131,Continuous,Differentiable,Non-Separable,Non-Scalable,Multimodal,2,True,False,Damavandi,0.0,2000,1000.0,1000.0,False,False,False,False,,,,,1
4,[7.00001403 7.00002876],2000,NiaPyDifferentialEvolution,Damavandi,7.071098069236466,2.0000000018512316,18342.522950657894,0.3411051920000432,Continuous,Differentiable,Non-Separable,Non-Scalable,Multimodal,2,True,False,Damavandi,0.0,2000,1000.0,1000.0,False,False,False,False,,,,,1
5,[7.00406044 6.83251093],2000,RandomSearch1,Damavandi,6.9565640046103265,2.0561216661083637,101140.25338434943,0.06598492599999872,Continuous,Differentiable,Non-Separable,Non-Scalable,Multimodal,2,True,False,Damavandi,0.0,2000,1000.0,1000.0,False,False,False,False,,,,,1
6,[6.5942803  7.26437116],1999,RandomSearch2,Damavandi,6.987203674075691,2.3043926952159293,102530.73770455756,0.07241510500000459,Continuous,Differentiable,Non-Separable,Non-Scalable,Multimodal,2,True,False,Damavandi,0.0,2000,1000.0,999.5,False,False,False,False,,,,,1
7,[6.99999998 7.00000001],463,CMAES,Damavandi,7.071067804299865,2.000000000000001,2839.579285714746,0.16546379999999772,Continuous,Differentiable,Non-Separable,Non-Scalable,Multimodal,2,True,False,Damavandi,0.0,2000,1000.0,231.5,False,False,False,False,,,,,1
