,BestArm,NumberFunctionEval,Algorithm,CostFunction,EuclideanDistance,TrueRewardDifference,CumulativeRegret,TimeToComplete,Continuous,Differentiability,Separability,Scalability,Modality,Ndimensions,OptimizationSuccessful,BBOB,BaseClass,SD,MaxFeval,MaxFevalPerDimensions,FevalPerDimensions,SolveAt1,SolveAt1e-1,SolveAt1e-3,SolveAt1e-6,SolveEarlierAt1,SolveEarlierAt1e-1,SolveEarlierAt1e-3,SolveEarlierAt1e-6,simNumber
0,[9.09331612 6.53791906],2000,NiaPyNelderMead,Damavandi,8.420679477338384,6.809009956300499,13638.789193448929,0.11725467200000139,Continuous,Differentiable,Non-Separable,Non-Scalable,Multimodal,2,True,False,Damavandi,0.0,2000,1000.0,1000.0,False,False,False,False,,,,,2
1,[7.00287196 7.01868274],2000,NiaPyPSO,Damavandi,7.086318108227611,2.0007063379496994,9006.088783084742,0.09674745999996048,Continuous,Differentiable,Non-Separable,Non-Scalable,Multimodal,2,True,False,Damavandi,0.0,2000,1000.0,1000.0,False,False,False,False,,,,,2
2,[6.71274598 2.77938368],2000,NiaPySimulatedAnnealing,Damavandi,4.776757644803546,37.70971909405259,171458.75769180327,0.10381064000000606,Continuous,Differentiable,Non-Separable,Non-Scalable,Multimodal,2,True,False,Damavandi,0.0,2000,1000.0,1000.0,False,False,False,False,,,,,2
3,[6.66260437 7.12109209],2000,NiaPyCuckooSearch,Damavandi,6.925710340204776,2.143162400431317,106380.24465927586,0.08062008499996409,Continuous,Differentiable,Non-Separable,Non-Scalable,Multimodal,2,True,False,Damavandi,0.0,2000,1000.0,1000.0,False,False,False,False,,,,,2
4,[7.00010621 7.00002572],2000,NiaPyDifferentialEvolution,Damavandi,7.071161101096187,2.000000012604073,22323.84764335619,0.33219168400000854,Continuous,Differentiable,Non-Separable,Non-Scalable,Multimodal,2,True,False,Damavandi,0.0,2000,1000.0,1000.0,False,False,False,False,,,,,2
5,[7.10198918 7.05168828],2000,RandomSearch1,Damavandi,7.179822285758593,2.0157451495106757,103133.13477670448,0.0625049429999649,Continuous,Differentiable,Non-Separable,Non-Scalable,Multimodal,2,True,False,Damavandi,0.0,2000,1000.0,1000.0,False,False,False,False,,,,,2
6,[1.99879238 2.00258486],1999,RandomSearch2,Damavandi,0.002853045331773156,0.005152162531993589,106659.24537286305,0.06988806299995076,Continuous,Differentiable,Non-Separable,Non-Scalable,Multimodal,2,True,False,Damavandi,0.0,2000,1000.0,999.5,True,True,False,False,594.0,594.0,,,2
7,[7.00000001 6.99999999],523,CMAES,Damavandi,7.0710678095272534,2.0,2804.842486617685,0.18332875600003717,Continuous,Differentiable,Non-Separable,Non-Scalable,Multimodal,2,True,False,Damavandi,0.0,2000,1000.0,261.5,False,False,False,False,,,,,2
