,BestArm,NumberFunctionEval,Algorithm,CostFunction,EuclideanDistance,TrueRewardDifference,CumulativeRegret,TimeToComplete,Continuous,Differentiability,Separability,Scalability,Modality,Ndimensions,OptimizationSuccessful,BBOB,BaseClass,SD,MaxFeval,MaxFevalPerDimensions,FevalPerDimensions,SolveAt1,SolveAt1e-1,SolveAt1e-3,SolveAt1e-6,SolveEarlierAt1,SolveEarlierAt1e-1,SolveEarlierAt1e-3,SolveEarlierAt1e-6,simNumber
0,[4.25181638 4.49053297],2000,NiaPyNelderMead,Damavandi,3.357593106082369,22.147362755973866,44378.836961649096,0.11832911199996943,Continuous,Differentiable,Non-Separable,Non-Scalable,Multimodal,2,True,False,Damavandi,0.0,2000,1000.0,1000.0,False,False,False,False,,,,,7
1,[7.00540963 7.00351068],2000,NiaPyPSO,Damavandi,7.077375546353904,2.0000539137867075,9336.106650932015,0.09638664599998492,Continuous,Differentiable,Non-Separable,Non-Scalable,Multimodal,2,True,False,Damavandi,0.0,2000,1000.0,1000.0,False,False,False,False,,,,,7
2,[7.02048612 7.04105884],2000,NiaPySimulatedAnnealing,Damavandi,7.114601543796846,2.0037913379641967,113562.593655273,0.10391850900003874,Continuous,Differentiable,Non-Separable,Non-Scalable,Multimodal,2,True,False,Damavandi,0.0,2000,1000.0,1000.0,False,False,False,False,,,,,7
3,[6.44268292 7.25847032],2000,NiaPyCuckooSearch,Damavandi,6.883962637502323,2.44421613967017,108809.67190589265,0.0751200949999884,Continuous,Differentiable,Non-Separable,Non-Scalable,Multimodal,2,True,False,Damavandi,0.0,2000,1000.0,1000.0,False,False,False,False,,,,,7
4,[7.00013754 6.99982798],2000,NiaPyDifferentialEvolution,Damavandi,7.071043428214705,2.0000000780999074,21527.932678220513,0.3420753710000213,Continuous,Differentiable,Non-Separable,Non-Scalable,Multimodal,2,True,False,Damavandi,0.0,2000,1000.0,1000.0,False,False,False,False,,,,,7
5,[6.73812541 7.1326172 ],2000,RandomSearch1,Damavandi,6.985240992962208,2.103752944482593,103101.01533788213,0.06284862500001509,Continuous,Differentiable,Non-Separable,Non-Scalable,Multimodal,2,True,False,Damavandi,0.0,2000,1000.0,1000.0,False,False,False,False,,,,,7
6,[7.05141644 7.00221538],1999,RandomSearch2,Damavandi,7.109076367228762,2.0026534666276876,102194.89750363247,0.07086175200004163,Continuous,Differentiable,Non-Separable,Non-Scalable,Multimodal,2,True,False,Damavandi,0.0,2000,1000.0,999.5,False,False,False,False,,,,,7
7,[6.99999998 7.00000002],565,CMAES,Damavandi,7.071067808929306,2.0000000000000013,3251.5079183799785,0.19324901799996042,Continuous,Differentiable,Non-Separable,Non-Scalable,Multimodal,2,True,False,Damavandi,0.0,2000,1000.0,282.5,False,False,False,False,,,,,7
