,BestArm,NumberFunctionEval,Algorithm,CostFunction,EuclideanDistance,TrueRewardDifference,CumulativeRegret,TimeToComplete,Continuous,Differentiability,Separability,Scalability,Modality,Ndimensions,OptimizationSuccessful,BBOB,BaseClass,SD,MaxFeval,MaxFevalPerDimensions,FevalPerDimensions,SolveAt1,SolveAt1e-1,SolveAt1e-3,SolveAt1e-6,SolveEarlierAt1,SolveEarlierAt1e-1,SolveEarlierAt1e-3,SolveEarlierAt1e-6,simNumber
0,[10.25919401  5.96775605],200000,NiaPyNelderMead,Damavandi,9.162825647962126,14.753400756334608,2951050.569147122,12.520644658998208,Continuous,Differentiable,Non-Separable,Non-Scalable,Multimodal,2,True,False,Damavandi,3.0,200000,100000.0,100000.0,False,False,False,False,,,,,8
1,[2.00370996 1.99327739],200000,NiaPyPSO,Damavandi,0.007678371880132551,0.03737635168212344,8942640.153415784,11.233911197999987,Continuous,Differentiable,Non-Separable,Non-Scalable,Multimodal,2,True,False,Damavandi,3.0,200000,100000.0,100000.0,True,True,False,False,48.0,4828.0,22146.0,,8
2,[6.39056401 6.90835608],200000,NiaPySimulatedAnnealing,Damavandi,6.585515297586477,2.3882094417986885,10133082.082476173,12.106359744997462,Continuous,Differentiable,Non-Separable,Non-Scalable,Multimodal,2,True,False,Damavandi,3.0,200000,100000.0,100000.0,False,False,False,False,78094.0,194919.0,,,8
3,[7.0954871  6.83104184],200000,NiaPyCuckooSearch,Damavandi,7.021606224757784,2.066211506149818,10396983.920424271,9.110691776000749,Continuous,Differentiable,Non-Separable,Non-Scalable,Multimodal,2,True,False,Damavandi,3.0,200000,100000.0,100000.0,False,False,False,False,37136.0,,,,8
4,[7.31595093 7.06223784],200000,NiaPyDifferentialEvolution,Damavandi,7.340680233572695,2.107572091032753,645861.8302929761,36.17498018400147,Continuous,Differentiable,Non-Separable,Non-Scalable,Multimodal,2,True,False,Damavandi,3.0,200000,100000.0,100000.0,False,False,False,False,,,,,8
5,[6.95263562 6.97638643],200000,RandomSearch1,Damavandi,7.020898906426518,2.0033585859760783,10185530.378768953,7.416646008998214,Continuous,Differentiable,Non-Separable,Non-Scalable,Multimodal,2,True,False,Damavandi,3.0,200000,100000.0,100000.0,False,False,False,False,3804.0,40208.0,,,8
6,[7.35466891 7.64110628],199999,RandomSearch2,Damavandi,7.777824836207097,2.9478245659615467,10171255.029482579,8.307040020998102,Continuous,Differentiable,Non-Separable,Non-Scalable,Multimodal,2,True,False,Damavandi,3.0,200000,100000.0,99999.5,False,False,False,False,69500.0,,,,8
7,[7.33063233 6.64381247],3301,CMAES,Damavandi,7.069698383699818,2.3630568498566906,10644.427425592117,0.9741176329989685,Continuous,Differentiable,Non-Separable,Non-Scalable,Multimodal,2,True,False,Damavandi,3.0,200000,100000.0,1650.5,False,False,False,False,,,,,8
