,BestArm,NumberFunctionEval,Algorithm,CostFunction,EuclideanDistance,TrueRewardDifference,CumulativeRegret,TimeToComplete,Continuous,Differentiability,Separability,Scalability,Modality,Ndimensions,OptimizationSuccessful,BBOB,BaseClass,SD,MaxFeval,MaxFevalPerDimensions,FevalPerDimensions,SolveAt1,SolveAt1e-1,SolveAt1e-3,SolveAt1e-6,SolveEarlierAt1,SolveEarlierAt1e-1,SolveEarlierAt1e-3,SolveEarlierAt1e-6,simNumber
0,[6.97434846 9.19618287],20000,NiaPyNelderMead,Damavandi,8.7480963952259,11.6470964245345,233119.3497879048,1.202224161000231,Continuous,Differentiable,Non-Separable,Non-Scalable,Multimodal,2,True,False,Damavandi,0.0,20000,10000.0,10000.0,False,False,False,False,,,,,4
1,[6.99944445 7.00091785],20000,NiaPyPSO,Damavandi,7.071324071784504,2.000001993520363,62001.85305227364,0.9859068929999921,Continuous,Differentiable,Non-Separable,Non-Scalable,Multimodal,2,True,False,Damavandi,0.0,20000,10000.0,10000.0,False,False,False,False,,,,,4
2,[2.00450707 1.96271943],20000,NiaPySimulatedAnnealing,Damavandi,0.037552021212737964,0.8964034178422727,1060065.5205168684,1.0492553999997654,Continuous,Differentiable,Non-Separable,Non-Scalable,Multimodal,2,True,False,Damavandi,0.0,20000,10000.0,10000.0,True,False,False,False,3482.0,,,,4
3,[7.00659301 7.0117011 ],20000,NiaPyCuckooSearch,Damavandi,7.084004622357858,2.0003172993953724,1010197.3573111219,0.7609817379998276,Continuous,Differentiable,Non-Separable,Non-Scalable,Multimodal,2,True,False,Damavandi,0.0,20000,10000.0,10000.0,False,False,False,False,,,,,4
4,[6.99999999 7.00000001],20000,NiaPyDifferentialEvolution,Damavandi,7.071067805947366,2.0,51876.64463667684,3.436718990999907,Continuous,Differentiable,Non-Separable,Non-Scalable,Multimodal,2,True,False,Damavandi,0.0,20000,10000.0,10000.0,False,False,False,False,,,,,4
5,[6.90490141 7.05724032],20000,RandomSearch1,Damavandi,7.045121539184714,2.015596650820635,1011822.1007555141,0.6228766169997471,Continuous,Differentiable,Non-Separable,Non-Scalable,Multimodal,2,True,False,Damavandi,0.0,20000,10000.0,10000.0,False,False,False,False,,,,,4
6,[1.96092792 2.00168546],19999,RandomSearch2,Damavandi,0.039108417772428614,0.9675090716717907,1022379.6154723194,0.7049241760000768,Continuous,Differentiable,Non-Separable,Non-Scalable,Multimodal,2,True,False,Damavandi,0.0,20000,10000.0,9999.5,True,False,False,False,6226.0,,,,4
7,[7.00000002 6.99999999],523,CMAES,Damavandi,7.0710678203458786,2.0000000000000004,2905.2927965039703,0.18573947599998064,Continuous,Differentiable,Non-Separable,Non-Scalable,Multimodal,2,True,False,Damavandi,0.0,20000,10000.0,261.5,False,False,False,False,,,,,4
