,BestArm,NumberFunctionEval,Algorithm,CostFunction,EuclideanDistance,TrueRewardDifference,CumulativeRegret,TimeToComplete,Continuous,Differentiability,Separability,Scalability,Modality,Ndimensions,OptimizationSuccessful,BBOB,BaseClass,SD,MaxFeval,MaxFevalPerDimensions,FevalPerDimensions,SolveAt1,SolveAt1e-1,SolveAt1e-3,SolveAt1e-6,SolveEarlierAt1,SolveEarlierAt1e-1,SolveEarlierAt1e-3,SolveEarlierAt1e-6,simNumber
0,[7.7822721  5.98761562],200000,NiaPyNelderMead,Damavandi,7.023941123924523,4.661793890010523,931060.3949330508,12.44254914600242,Continuous,Differentiable,Non-Separable,Non-Scalable,Multimodal,2,True,False,Damavandi,3.0,200000,100000.0,100000.0,False,False,False,False,,,,,9
1,[6.93007392 6.67014749],200000,NiaPyPSO,Damavandi,6.790869338097268,2.2224950173532863,705315.4267741377,11.434144984999875,Continuous,Differentiable,Non-Separable,Non-Scalable,Multimodal,2,True,False,Damavandi,3.0,200000,100000.0,100000.0,False,False,False,False,,,,,9
2,[6.76226796 7.15008095],200000,NiaPySimulatedAnnealing,Damavandi,7.0144515008416874,2.101565107646167,10531794.031271763,12.121153028001572,Continuous,Differentiable,Non-Separable,Non-Scalable,Multimodal,2,True,False,Damavandi,3.0,200000,100000.0,100000.0,False,False,False,False,45331.0,,,,9
3,[6.49485087 6.77191901],200000,NiaPyCuckooSearch,Damavandi,6.555524030793095,2.3592175239837303,10406555.344634427,9.03710263800167,Continuous,Differentiable,Non-Separable,Non-Scalable,Multimodal,2,True,False,Damavandi,3.0,200000,100000.0,100000.0,False,False,False,False,,,,,9
4,[6.812889   6.37730077],200000,NiaPyDifferentialEvolution,Damavandi,6.50574073754103,2.8105191941117105,838835.6025981562,36.507018688000244,Continuous,Differentiable,Non-Separable,Non-Scalable,Multimodal,2,True,False,Damavandi,3.0,200000,100000.0,100000.0,False,False,False,False,,,,,9
5,[1.99859734 2.00542542],200000,RandomSearch1,Damavandi,0.005603806658682536,0.019860520181246833,10161887.9653085,7.464698600997508,Continuous,Differentiable,Non-Separable,Non-Scalable,Multimodal,2,True,False,Damavandi,3.0,200000,100000.0,100000.0,True,True,False,False,24941.0,24941.0,,,9
6,[7.66215566 7.25310351],199999,RandomSearch2,Damavandi,7.723671616754551,2.5665728976959175,10196792.736309266,8.358121796001797,Continuous,Differentiable,Non-Separable,Non-Scalable,Multimodal,2,True,False,Damavandi,3.0,200000,100000.0,99999.5,False,False,False,False,34350.0,,,,9
7,[6.53066263 6.16894154],3091,CMAES,Damavandi,6.1568642555310795,3.6015938889983046,13110.065377788273,0.902577241002291,Continuous,Differentiable,Non-Separable,Non-Scalable,Multimodal,2,True,False,Damavandi,3.0,200000,100000.0,1545.5,False,False,False,False,,,,,9
