,BestArm,NumberFunctionEval,Algorithm,CostFunction,EuclideanDistance,TrueRewardDifference,CumulativeRegret,TimeToComplete,Continuous,Differentiability,Separability,Scalability,Modality,Ndimensions,OptimizationSuccessful,BBOB,BaseClass,SD,MaxFeval,MaxFevalPerDimensions,FevalPerDimensions,SolveAt1,SolveAt1e-1,SolveAt1e-3,SolveAt1e-6,SolveEarlierAt1,SolveEarlierAt1e-1,SolveEarlierAt1e-3,SolveEarlierAt1e-6,simNumber
0,[4.56858827 6.39417978],20000,NiaPyNelderMead,Damavandi,5.089839054100962,8.645799284731199,172999.92281742702,1.2363352809998105,Continuous,Differentiable,Non-Separable,Non-Scalable,Multimodal,2,True,False,Damavandi,0.0,20000,10000.0,10000.0,False,False,False,False,,,,,7
1,[6.99853629 6.998035  ],20000,NiaPyPSO,Damavandi,7.068643353133289,2.0000098649142575,61468.185659623974,0.984686325000439,Continuous,Differentiable,Non-Separable,Non-Scalable,Multimodal,2,True,False,Damavandi,0.0,20000,10000.0,10000.0,False,False,False,False,,,,,7
2,[1.98996705 2.02096779],20000,NiaPySimulatedAnnealing,Damavandi,0.023244532626905238,0.34004969673641156,948279.6086476537,1.0615961419998712,Continuous,Differentiable,Non-Separable,Non-Scalable,Multimodal,2,True,False,Damavandi,0.0,20000,10000.0,10000.0,True,False,False,False,5986.0,,,,7
3,[2.02866305 1.99209076],20000,NiaPyCuckooSearch,Damavandi,0.02973426440947768,0.5571026460452855,1055622.8404344264,0.7653303540000707,Continuous,Differentiable,Non-Separable,Non-Scalable,Multimodal,2,True,False,Damavandi,0.0,20000,10000.0,10000.0,True,False,False,False,13352.0,,,,7
4,[6.99999999 7.        ],20000,NiaPyDifferentialEvolution,Damavandi,7.0710678068067025,2.0,50614.95940831832,3.424137836999762,Continuous,Differentiable,Non-Separable,Non-Scalable,Multimodal,2,True,False,Damavandi,0.0,20000,10000.0,10000.0,False,False,False,False,,,,,7
5,[2.0275759  2.04206257],20000,RandomSearch1,Damavandi,0.05029602432631004,1.563335594399842,1015110.4081249016,0.6135004560001107,Continuous,Differentiable,Non-Separable,Non-Scalable,Multimodal,2,True,False,Damavandi,0.0,20000,10000.0,10000.0,False,False,False,False,,,,,7
6,[7.01810675 7.02899533],19999,RandomSearch2,Damavandi,7.104378184844356,2.0020093126659817,1002529.1672504132,0.7021154670001124,Continuous,Differentiable,Non-Separable,Non-Scalable,Multimodal,2,True,False,Damavandi,0.0,20000,10000.0,9999.5,False,False,False,False,,,,,7
7,[7.00000001 7.        ],463,CMAES,Damavandi,7.071067815630936,2.0,3509.3572877434335,0.1690127339998071,Continuous,Differentiable,Non-Separable,Non-Scalable,Multimodal,2,True,False,Damavandi,0.0,20000,10000.0,231.5,False,False,False,False,,,,,7
