,BestArm,NumberFunctionEval,Algorithm,CostFunction,EuclideanDistance,TrueRewardDifference,CumulativeRegret,TimeToComplete,Continuous,Differentiability,Separability,Scalability,Modality,Ndimensions,OptimizationSuccessful,BBOB,BaseClass,SD,MaxFeval,MaxFevalPerDimensions,FevalPerDimensions,SolveAt1,SolveAt1e-1,SolveAt1e-3,SolveAt1e-6,SolveEarlierAt1,SolveEarlierAt1e-1,SolveEarlierAt1e-3,SolveEarlierAt1e-6,simNumber
0,[7.36876556 3.95791022],20000,NiaPyNelderMead,Damavandi,5.714635249250838,20.64460845333517,413037.7294043473,1.225640538999869,Continuous,Differentiable,Non-Separable,Non-Scalable,Multimodal,2,True,False,Damavandi,0.0,20000,10000.0,10000.0,False,False,False,False,,,,,5
1,[7.00112631 7.00246083],20000,NiaPyPSO,Damavandi,7.073604362276253,2.0000133799087174,61881.562081861746,0.9980751660000351,Continuous,Differentiable,Non-Separable,Non-Scalable,Multimodal,2,True,False,Damavandi,0.0,20000,10000.0,10000.0,False,False,False,False,,,,,5
2,[2.0262694  1.99475423],20000,NiaPySimulatedAnnealing,Damavandi,0.026788049274395632,0.45229164548046974,1236620.0344991605,1.0706797340003504,Continuous,Differentiable,Non-Separable,Non-Scalable,Multimodal,2,True,False,Damavandi,0.0,20000,10000.0,10000.0,True,False,False,False,12770.0,,,,5
3,[6.89375332 6.89542484],20000,NiaPyCuckooSearch,Damavandi,6.92199435368486,2.0331602871213375,1038672.2433929787,0.7645512949998192,Continuous,Differentiable,Non-Separable,Non-Scalable,Multimodal,2,True,False,Damavandi,0.0,20000,10000.0,10000.0,False,False,False,False,,,,,5
4,[6.99999999 7.        ],20000,NiaPyDifferentialEvolution,Damavandi,7.07106780124176,2.0,56801.934270744234,3.444954926000264,Continuous,Differentiable,Non-Separable,Non-Scalable,Multimodal,2,True,False,Damavandi,0.0,20000,10000.0,10000.0,False,False,False,False,,,,,5
5,[7.00281689 6.97928606],20000,RandomSearch1,Damavandi,7.05843229903604,2.0008660694878495,1016442.5271549858,0.622955269999693,Continuous,Differentiable,Non-Separable,Non-Scalable,Multimodal,2,True,False,Damavandi,0.0,20000,10000.0,10000.0,False,False,False,False,,,,,5
6,[6.90051337 6.94737427],19999,RandomSearch2,Damavandi,6.963586970472655,2.0154365232661293,1019448.647831533,0.7160128319997057,Continuous,Differentiable,Non-Separable,Non-Scalable,Multimodal,2,True,False,Damavandi,0.0,20000,10000.0,9999.5,False,False,False,False,,,,,5
7,[7.         6.99999997],529,CMAES,Damavandi,7.071067787568216,2.000000000000002,3157.303047932219,0.1875837259999571,Continuous,Differentiable,Non-Separable,Non-Scalable,Multimodal,2,True,False,Damavandi,0.0,20000,10000.0,264.5,False,False,False,False,,,,,5
