,BestArm,NumberFunctionEval,Algorithm,CostFunction,EuclideanDistance,TrueRewardDifference,CumulativeRegret,TimeToComplete,Continuous,Differentiability,Separability,Scalability,Modality,Ndimensions,OptimizationSuccessful,BBOB,BaseClass,SD,MaxFeval,MaxFevalPerDimensions,FevalPerDimensions,SolveAt1,SolveAt1e-1,SolveAt1e-3,SolveAt1e-6,SolveEarlierAt1,SolveEarlierAt1e-1,SolveEarlierAt1e-3,SolveEarlierAt1e-6,simNumber
0,[8.24470068 5.87632926],2000,NiaPyNelderMead,Damavandi,7.349980615031799,6.074551635393627,12223.698582222187,0.11949775600004386,Continuous,Differentiable,Non-Separable,Non-Scalable,Multimodal,2,True,False,Damavandi,0.0,2000,1000.0,1000.0,False,False,False,False,,,,,0
1,[6.99540414 7.00453703],2000,NiaPyPSO,Damavandi,7.071029160313123,2.000062291117467,8789.871751100078,0.0970838849999609,Continuous,Differentiable,Non-Separable,Non-Scalable,Multimodal,2,True,False,Damavandi,0.0,2000,1000.0,1000.0,False,False,False,False,,,,,0
2,[2.17755786 6.39361265],2000,NiaPySimulatedAnnealing,Damavandi,4.397198988431902,25.99132938751857,171635.35337315215,0.10622994699997435,Continuous,Differentiable,Non-Separable,Non-Scalable,Multimodal,2,True,False,Damavandi,0.0,2000,1000.0,1000.0,False,False,False,False,,,,,0
3,[8.09753283 6.9818171 ],2000,NiaPyCuckooSearch,Damavandi,7.873906793636242,3.205239555305915,98010.2854532193,0.07509228500003928,Continuous,Differentiable,Non-Separable,Non-Scalable,Multimodal,2,True,False,Damavandi,0.0,2000,1000.0,1000.0,False,False,False,False,,,,,0
4,[6.99999782 7.00001335],2000,NiaPyDifferentialEvolution,Damavandi,7.071075712452475,2.000000000361284,19885.197305804806,0.3373384689999739,Continuous,Differentiable,Non-Separable,Non-Scalable,Multimodal,2,True,False,Damavandi,0.0,2000,1000.0,1000.0,False,False,False,False,,,,,0
5,[6.91477723 7.11686205],2000,RandomSearch1,Damavandi,7.094879313847694,2.0345763982237517,103007.2125514356,0.06231311699997377,Continuous,Differentiable,Non-Separable,Non-Scalable,Multimodal,2,True,False,Damavandi,0.0,2000,1000.0,1000.0,False,False,False,False,,,,,0
6,[7.01014275 7.00921634],1999,RandomSearch2,Damavandi,7.084756786083858,2.0002727573268944,101113.44904438575,0.06887155200001871,Continuous,Differentiable,Non-Separable,Non-Scalable,Multimodal,2,True,False,Damavandi,0.0,2000,1000.0,999.5,False,False,False,False,,,,,0
7,[7.00000001 7.        ],553,CMAES,Damavandi,7.071067820673304,2.0,3698.9498333648335,0.1905767340000466,Continuous,Differentiable,Non-Separable,Non-Scalable,Multimodal,2,True,False,Damavandi,0.0,2000,1000.0,276.5,False,False,False,False,,,,,0
