,BestArm,NumberFunctionEval,Algorithm,CostFunction,EuclideanDistance,TrueRewardDifference,CumulativeRegret,TimeToComplete,Continuous,Differentiability,Separability,Scalability,Modality,Ndimensions,OptimizationSuccessful,BBOB,BaseClass,SD,MaxFeval,MaxFevalPerDimensions,FevalPerDimensions,SolveAt1,SolveAt1e-1,SolveAt1e-3,SolveAt1e-6,SolveEarlierAt1,SolveEarlierAt1e-1,SolveEarlierAt1e-3,SolveEarlierAt1e-6,simNumber
0,[ 1.35437157 -3.8299241 ],200,NiaPyNelderMead,DiscusN2,4.062344270954877,2832514.477746796,716844447.8737285,0.01810988999999097,Continuous,Differentiable,Non-Separable,Scalable,Multimodal,2,True,True,Discus,3.0,200,100.0,100.0,False,False,False,False,,,,,2
1,[-0.12213719 -1.94281051],200,NiaPyPSO,DiscusN2,1.946645877645329,81.25721508905185,2786123278.785183,0.015762996000006524,Continuous,Differentiable,Non-Separable,Scalable,Multimodal,2,True,True,Discus,3.0,200,100.0,100.0,False,False,False,False,,,,,2
2,[5.75960109 9.03136507],200,NiaPySimulatedAnnealing,DiscusN2,10.711608646583516,824.6608219348767,843703618.9277629,0.01724045400000307,Continuous,Differentiable,Non-Separable,Scalable,Multimodal,2,True,True,Discus,3.0,200,100.0,100.0,False,False,False,False,,,,,2
3,[-4.43491267  4.67631778],200,NiaPyCuckooSearch,DiscusN2,6.444873803475484,45167.6399912482,3221533109.113738,0.013993953000010606,Continuous,Differentiable,Non-Separable,Scalable,Multimodal,2,True,True,Discus,3.0,200,100.0,100.0,False,False,False,False,,,,,2
4,[9.53156981 0.25173559],200,NiaPyDifferentialEvolution,DiscusN2,9.53489349256181,53.241245892489225,7864987837.867167,0.03964169200000356,Continuous,Differentiable,Non-Separable,Scalable,Multimodal,2,True,True,Discus,3.0,200,100.0,100.0,False,False,False,False,,,,,2
5,[-0.33892742 -0.14860765],200,RandomSearch1,DiscusN2,0.37007571165882586,940.5694877220137,6218080169.3048935,0.012124910000011369,Continuous,Differentiable,Non-Separable,Scalable,Multimodal,2,True,True,Discus,3.0,200,100.0,100.0,False,False,False,False,,,,,2
6,[-0.77953744  1.26038654],199,RandomSearch2,DiscusN2,1.4819759914329933,14092.60169522343,11075406782.798847,0.012253400000005854,Continuous,Differentiable,Non-Separable,Scalable,Multimodal,2,True,True,Discus,3.0,200,100.0,99.5,False,False,False,False,,,,,2
7,[-4.70129715 -6.59514158],205,CMAES,DiscusN2,8.099264612689657,16.907582956228804,40829574.890292056,0.10165057600001148,Continuous,Differentiable,Non-Separable,Scalable,Multimodal,2,True,True,Discus,3.0,200,100.0,102.5,False,False,False,False,,,,,2
