,BestArm,NumberFunctionEval,Algorithm,CostFunction,EuclideanDistance,TrueRewardDifference,CumulativeRegret,TimeToComplete,Continuous,Differentiability,Separability,Scalability,Modality,Ndimensions,OptimizationSuccessful,BBOB,BaseClass,SD,MaxFeval,MaxFevalPerDimensions,FevalPerDimensions,SolveAt1,SolveAt1e-1,SolveAt1e-3,SolveAt1e-6,SolveEarlierAt1,SolveEarlierAt1e-1,SolveEarlierAt1e-3,SolveEarlierAt1e-6,simNumber
0,[ 1.87911393 -0.98823259],2000,NiaPyNelderMead,DiscusN2,2.1231280752214077,15.237654894537117,4863635.634644352,0.1708163220000074,Continuous,Differentiable,Non-Separable,Scalable,Multimodal,2,True,True,Discus,0.0,2000,1000.0,1000.0,False,False,False,False,,,,,2
1,[3.25471373 4.08205932],2000,NiaPyPSO,DiscusN2,5.220763332881575,6.413258958175543,5659849119.078585,0.14066827599998533,Continuous,Differentiable,Non-Separable,Scalable,Multimodal,2,True,True,Discus,0.0,2000,1000.0,1000.0,False,False,False,False,,,,,2
2,[7.30868855 3.90329534],2000,NiaPySimulatedAnnealing,DiscusN2,8.285689035369025,2358745.019576685,175682226775.89728,0.15228504699999235,Continuous,Differentiable,Non-Separable,Scalable,Multimodal,2,True,True,Discus,0.0,2000,1000.0,1000.0,False,False,False,False,,,,,2
3,[ 4.93181256 -0.66908438],2000,NiaPyCuckooSearch,DiscusN2,4.976991963422511,2886.988108438924,81308080361.05966,0.1155091509999977,Continuous,Differentiable,Non-Separable,Scalable,Multimodal,2,True,True,Discus,0.0,2000,1000.0,1000.0,False,False,False,False,,,,,2
4,[0.08118269 0.04279499],2000,NiaPyDifferentialEvolution,DiscusN2,0.09177167673582004,0.00591131861546627,13076424139.496643,0.3954088939999849,Continuous,Differentiable,Non-Separable,Scalable,Multimodal,2,True,True,Discus,0.0,2000,1000.0,1000.0,True,True,False,False,1451.0,1488.0,,,2
5,[8.50309802 5.35544828],2000,RandomSearch1,DiscusN2,10.049054793126063,52.75842363487378,65784357767.80269,0.10377537400000847,Continuous,Differentiable,Non-Separable,Scalable,Multimodal,2,True,True,Discus,0.0,2000,1000.0,1000.0,False,False,False,False,,,,,2
6,[ 0.52670495 -2.06312837],1999,RandomSearch2,DiscusN2,2.1292995949236175,41.6761702110796,81780986295.48753,0.10721641599999998,Continuous,Differentiable,Non-Separable,Scalable,Multimodal,2,True,True,Discus,0.0,2000,1000.0,999.5,False,False,False,False,,,,,2
7,[-2.68787423 -3.09870102],685,CMAES,DiscusN2,4.102025827450164,2.8092641396356224,37828494.84481122,0.24610909600002628,Continuous,Differentiable,Non-Separable,Scalable,Multimodal,2,True,True,Discus,0.0,2000,1000.0,342.5,False,False,False,False,,,,,2
