,BestArm,NumberFunctionEval,Algorithm,CostFunction,EuclideanDistance,TrueRewardDifference,CumulativeRegret,TimeToComplete,Continuous,Differentiability,Separability,Scalability,Modality,Ndimensions,OptimizationSuccessful,BBOB,BaseClass,SD,MaxFeval,MaxFevalPerDimensions,FevalPerDimensions,SolveAt1,SolveAt1e-1,SolveAt1e-3,SolveAt1e-6,SolveEarlierAt1,SolveEarlierAt1e-1,SolveEarlierAt1e-3,SolveEarlierAt1e-6,simNumber
0,[ 7.18777775 -2.98095523],200,NiaPyNelderMead,DiscusN2,7.781403669724904,30402247.900754485,6097933150.909895,0.018135546999999974,Continuous,Differentiable,Non-Separable,Scalable,Multimodal,2,True,True,Discus,0.0,200,100.0,100.0,False,False,False,False,,,,,7
1,[-1.36228267 -0.06441132],200,NiaPyPSO,DiscusN2,1.3638045677897461,57.18200589602485,3410758869.442214,0.014392762999989372,Continuous,Differentiable,Non-Separable,Scalable,Multimodal,2,True,True,Discus,0.0,200,100.0,100.0,False,False,False,False,,,,,7
2,[6.6161594  2.00646689],200,NiaPySimulatedAnnealing,DiscusN2,6.913716411787493,24.789987093107076,996242836.2298182,0.015538527999993335,Continuous,Differentiable,Non-Separable,Scalable,Multimodal,2,True,True,Discus,0.0,200,100.0,100.0,False,False,False,False,,,,,7
3,[-2.92304821  1.25974123],200,NiaPyCuckooSearch,DiscusN2,3.1829481334199685,85092.51328880816,3014926185.6596684,0.012230927000004499,Continuous,Differentiable,Non-Separable,Scalable,Multimodal,2,True,True,Discus,0.0,200,100.0,100.0,False,False,False,False,,,,,7
4,[-0.25644983  2.74734129],200,NiaPyDifferentialEvolution,DiscusN2,2.759284453033427,760.7905097839184,4348061672.953466,0.03745574799999929,Continuous,Differentiable,Non-Separable,Scalable,Multimodal,2,True,True,Discus,0.0,200,100.0,100.0,False,False,False,False,,,,,7
5,[-1.28330331 -1.02644452],200,RandomSearch1,DiscusN2,1.6433063373721248,455.5945946480325,5712962534.55519,0.010531907999990153,Continuous,Differentiable,Non-Separable,Scalable,Multimodal,2,True,True,Discus,0.0,200,100.0,100.0,False,False,False,False,,,,,7
6,[ 9.47222769 -4.75523767],199,RandomSearch2,DiscusN2,10.598838741502387,20054.989763538484,10495793625.610703,0.011215777000003868,Continuous,Differentiable,Non-Separable,Scalable,Multimodal,2,True,True,Discus,0.0,200,100.0,99.5,False,False,False,False,,,,,7
7,[2.95046544 2.91840419],205,CMAES,DiscusN2,4.149979437639421,2809264.19152995,5394842400.2612,0.09917166500000008,Continuous,Differentiable,Non-Separable,Scalable,Multimodal,2,True,True,Discus,0.0,200,100.0,102.5,False,False,False,False,,,,,7
