,BestArm,NumberFunctionEval,Algorithm,CostFunction,EuclideanDistance,TrueRewardDifference,CumulativeRegret,TimeToComplete,Continuous,Differentiability,Separability,Scalability,Modality,Ndimensions,OptimizationSuccessful,BBOB,BaseClass,SD,MaxFeval,MaxFevalPerDimensions,FevalPerDimensions,SolveAt1,SolveAt1e-1,SolveAt1e-3,SolveAt1e-6,SolveEarlierAt1,SolveEarlierAt1e-1,SolveEarlierAt1e-3,SolveEarlierAt1e-6,simNumber
0,[4.75343712 6.35308857],40,NiaPyNelderMead,DiscusN2,7.93453835063457,2359027.984906196,249888468.2035513,0.003502910999998221,Continuous,Differentiable,Non-Separable,Scalable,Multimodal,2,True,True,Discus,0.0,40,20.0,20.0,False,False,False,False,,,,,5
1,[3.18769351 3.98672632],40,NiaPyPSO,DiscusN2,5.1044467497308,3778.6437799006108,989529013.9477946,0.003154793999996741,Continuous,Differentiable,Non-Separable,Scalable,Multimodal,2,True,True,Discus,0.0,40,20.0,20.0,False,False,False,False,,,,,5
2,[-3.50343476  5.73232822],40,NiaPySimulatedAnnealing,DiscusN2,6.718157627956583,156823850.39302185,9238958930.358864,0.0034377229999904557,Continuous,Differentiable,Non-Separable,Scalable,Multimodal,2,True,True,Discus,0.0,40,20.0,20.0,False,False,False,False,,,,,5
3,[ 0.02053491 -0.38038698],40,NiaPyCuckooSearch,DiscusN2,0.38094086022583346,152453.53298089508,804782846.1634095,0.0027009319999962145,Continuous,Differentiable,Non-Separable,Scalable,Multimodal,2,True,True,Discus,0.0,40,20.0,20.0,False,False,False,False,,,,,5
4,[ 9.66938744 10.        ],40,NiaPyDifferentialEvolution,DiscusN2,13.910321830396244,14664.277282781324,1305694691.7146852,0.006855158999997002,Continuous,Differentiable,Non-Separable,Scalable,Multimodal,2,True,True,Discus,0.0,40,20.0,20.0,False,False,False,False,,,,,5
5,[9.57011289 1.2939686 ],40,RandomSearch1,DiscusN2,9.657195014207845,72284.33446230036,1706559756.5209188,0.002554864999993356,Continuous,Differentiable,Non-Separable,Scalable,Multimodal,2,True,True,Discus,0.0,40,20.0,20.0,False,False,False,False,,,,,5
6,[8.69215389 3.48499687],39,RandomSearch2,DiscusN2,9.364760673807652,86909.19643623261,2268397465.3093762,0.002210270000006176,Continuous,Differentiable,Non-Separable,Scalable,Multimodal,2,True,True,Discus,0.0,40,20.0,19.5,False,False,False,False,,,,,5
7,[2.58249365 3.2613911 ],43,CMAES,DiscusN2,4.160041513897204,2361176.6186786476,1100089048.6631832,0.05372308200000475,Continuous,Differentiable,Non-Separable,Scalable,Multimodal,2,True,True,Discus,0.0,40,20.0,21.5,False,False,False,False,,,,,5
