,BestArm,NumberFunctionEval,Algorithm,CostFunction,EuclideanDistance,TrueRewardDifference,CumulativeRegret,TimeToComplete,Continuous,Differentiability,Separability,Scalability,Modality,Ndimensions,OptimizationSuccessful,BBOB,BaseClass,SD,MaxFeval,MaxFevalPerDimensions,FevalPerDimensions,SolveAt1,SolveAt1e-1,SolveAt1e-3,SolveAt1e-6,SolveEarlierAt1,SolveEarlierAt1e-1,SolveEarlierAt1e-3,SolveEarlierAt1e-6,simNumber
0,[-0.24956418 -1.09799066],200,NiaPyNelderMead,DiscusN2,1.125995460069438,259023.6900668585,78153228.4995771,0.018330247000008626,Continuous,Differentiable,Non-Separable,Scalable,Multimodal,2,True,True,Discus,3.0,200,100.0,100.0,False,False,False,False,,,,,0
1,[-1.15062922  2.4627787 ],200,NiaPyPSO,DiscusN2,2.718313175639385,8.118129837035086,2512405704.9320855,0.015610041999991608,Continuous,Differentiable,Non-Separable,Scalable,Multimodal,2,True,True,Discus,3.0,200,100.0,100.0,False,False,False,False,,,,,0
2,[-1.80614456  4.57212677],200,NiaPySimulatedAnnealing,DiscusN2,4.915943587732301,4.16476811923871,1248670790.2587492,0.01740734700000246,Continuous,Differentiable,Non-Separable,Scalable,Multimodal,2,True,True,Discus,3.0,200,100.0,100.0,False,False,False,False,,,,,0
3,[-2.47109502 -3.18920737],200,NiaPyCuckooSearch,DiscusN2,4.0345203243661985,932.4687095572116,3016199168.2815824,0.01382971799999666,Continuous,Differentiable,Non-Separable,Scalable,Multimodal,2,True,True,Discus,3.0,200,100.0,100.0,False,False,False,False,,,,,0
4,[-0.18398113 -0.24951116],200,NiaPyDifferentialEvolution,DiscusN2,0.31000786642458844,2359.708962521081,5763784496.548249,0.0392781550000052,Continuous,Differentiable,Non-Separable,Scalable,Multimodal,2,True,True,Discus,3.0,200,100.0,100.0,False,False,False,False,,,,,0
5,[-0.34390645  0.47464088],200,RandomSearch1,DiscusN2,0.5861361686167703,3.8672512140516178,22269398077.88203,0.011568793000009236,Continuous,Differentiable,Non-Separable,Scalable,Multimodal,2,True,True,Discus,3.0,200,100.0,100.0,False,False,False,False,,,,,0
6,[1.09648279 0.29568992],199,RandomSearch2,DiscusN2,1.1356526955288506,2092.201618882723,7872911708.783253,0.013154456999998843,Continuous,Differentiable,Non-Separable,Scalable,Multimodal,2,True,True,Discus,3.0,200,100.0,99.5,False,False,False,False,,,,,0
7,[-3.2245452  -2.76334883],205,CMAES,DiscusN2,4.246620838585539,2809266.430516264,588241375.3480582,0.10128154000000222,Continuous,Differentiable,Non-Separable,Scalable,Multimodal,2,True,True,Discus,3.0,200,100.0,102.5,False,False,False,False,,,,,0
