,BestArm,NumberFunctionEval,Algorithm,CostFunction,EuclideanDistance,TrueRewardDifference,CumulativeRegret,TimeToComplete,Continuous,Differentiability,Separability,Scalability,Modality,Ndimensions,OptimizationSuccessful,BBOB,BaseClass,SD,MaxFeval,MaxFevalPerDimensions,FevalPerDimensions,SolveAt1,SolveAt1e-1,SolveAt1e-3,SolveAt1e-6,SolveEarlierAt1,SolveEarlierAt1e-1,SolveEarlierAt1e-3,SolveEarlierAt1e-6,simNumber
0,[ 0.39303796 -1.02276896],20000,NiaPyNelderMead,DiscusN2,1.0956893636235197,703.3626107102567,83733446.58630288,1.6727391269998861,Continuous,Differentiable,Non-Separable,Scalable,Multimodal,2,True,True,Discus,3.0,20000,10000.0,10000.0,False,False,False,False,,,,,6
1,[-0.3556263   3.98427198],20000,NiaPyPSO,DiscusN2,4.000111656676908,2.9640121202734875,18492143878.50686,1.5674478020000606,Continuous,Differentiable,Non-Separable,Scalable,Multimodal,2,True,True,Discus,3.0,20000,10000.0,10000.0,False,False,False,False,,,,,6
2,[-0.05823888  0.10423873],20000,NiaPySimulatedAnnealing,DiscusN2,0.11940469370375864,0.09092107156332703,1406959240424.5762,1.7015377909999643,Continuous,Differentiable,Non-Separable,Scalable,Multimodal,2,True,True,Discus,3.0,20000,10000.0,10000.0,True,True,False,False,14091.0,14091.0,,,6
3,[-0.736552   -0.42355694],20000,NiaPyCuckooSearch,DiscusN2,0.8496524710544757,19.685282516955745,602900869136.9457,1.3414227279999977,Continuous,Differentiable,Non-Separable,Scalable,Multimodal,2,True,True,Discus,3.0,20000,10000.0,10000.0,False,False,False,False,,,,,6
4,[0.43300176 0.22507289],20000,NiaPyDifferentialEvolution,DiscusN2,0.4880044357609091,0.7003211814773589,19058604245.29371,4.1720987559999685,Continuous,Differentiable,Non-Separable,Scalable,Multimodal,2,True,True,Discus,3.0,20000,10000.0,10000.0,True,False,False,False,1290.0,1413.0,1413.0,,6
5,[-3.21844043  4.38819746],20000,RandomSearch1,DiscusN2,5.441933090552776,5.416651790193032,1954510105074.7686,1.1400616639998589,Continuous,Differentiable,Non-Separable,Scalable,Multimodal,2,True,True,Discus,3.0,20000,10000.0,10000.0,False,False,False,False,,,,,6
6,[3.40099938 2.92444231],19999,RandomSearch2,DiscusN2,4.485438622018253,6.1452952519005954,572448259741.0957,1.2370708529999774,Continuous,Differentiable,Non-Separable,Scalable,Multimodal,2,True,True,Discus,3.0,20000,10000.0,9999.5,False,False,False,False,,,,,6
7,[5.29099565 6.16065894],3631,CMAES,DiscusN2,8.12085916517312,16.52628649584341,19270842.948202655,1.1629330870000558,Continuous,Differentiable,Non-Separable,Scalable,Multimodal,2,True,True,Discus,3.0,20000,10000.0,1815.5,False,False,False,False,,,,,6
