,BestArm,NumberFunctionEval,Algorithm,CostFunction,EuclideanDistance,TrueRewardDifference,CumulativeRegret,TimeToComplete,Continuous,Differentiability,Separability,Scalability,Modality,Ndimensions,OptimizationSuccessful,BBOB,BaseClass,SD,MaxFeval,MaxFevalPerDimensions,FevalPerDimensions,SolveAt1,SolveAt1e-1,SolveAt1e-3,SolveAt1e-6,SolveEarlierAt1,SolveEarlierAt1e-1,SolveEarlierAt1e-3,SolveEarlierAt1e-6,simNumber
0,[0.10804678 4.3365884 ],40,NiaPyNelderMead,DiscusN2,4.337934196188522,2827489.500509747,364317906.10728526,0.0037532740000045806,Continuous,Differentiable,Non-Separable,Scalable,Multimodal,2,True,True,Discus,0.0,40,20.0,20.0,False,False,False,False,,,,,4
1,[-0.71658407  6.36448842],40,NiaPyPSO,DiscusN2,6.404701836871815,6539.953762969849,1236114491.2570152,0.0030523880000004056,Continuous,Differentiable,Non-Separable,Scalable,Multimodal,2,True,True,Discus,0.0,40,20.0,20.0,False,False,False,False,,,,,4
2,[1.92107462 8.00847169],40,NiaPySimulatedAnnealing,DiscusN2,8.235663089091247,19096203.641949214,1314320487.3176982,0.003255248000002098,Continuous,Differentiable,Non-Separable,Scalable,Multimodal,2,True,True,Discus,0.0,40,20.0,20.0,False,False,False,False,,,,,4
3,[ 1.13501377 -1.15579867],40,NiaPyCuckooSearch,DiscusN2,1.6199156836220332,0.9414594707371744,1795129669.964129,0.002576142999998865,Continuous,Differentiable,Non-Separable,Scalable,Multimodal,2,True,True,Discus,0.0,40,20.0,20.0,True,False,False,False,3.0,,,,4
4,[ 1.1821915  -2.33660414],40,NiaPyDifferentialEvolution,DiscusN2,2.6186438538687042,1422.9107348153777,3981940023.959388,0.006916224999997667,Continuous,Differentiable,Non-Separable,Scalable,Multimodal,2,True,True,Discus,0.0,40,20.0,20.0,False,False,False,False,,,,,4
5,[ 9.03756524 -4.93413009],40,RandomSearch1,DiscusN2,10.296757993479693,23329.12183104829,3794056515.4372983,0.002208401000004301,Continuous,Differentiable,Non-Separable,Scalable,Multimodal,2,True,True,Discus,0.0,40,20.0,20.0,False,False,False,False,,,,,4
6,[8.32967472 0.95698682],39,RandomSearch2,DiscusN2,8.384468068216428,18280.50199676367,1510695406.6818523,0.002246411000001558,Continuous,Differentiable,Non-Separable,Scalable,Multimodal,2,True,True,Discus,0.0,40,20.0,19.5,False,False,False,False,,,,,4
7,[1.68812258 4.05336971],43,CMAES,DiscusN2,4.390850012266434,2811186.4484591777,186693134.41986305,0.053569436000003634,Continuous,Differentiable,Non-Separable,Scalable,Multimodal,2,True,True,Discus,0.0,40,20.0,21.5,False,False,False,False,,,,,4
