,BestArm,NumberFunctionEval,Algorithm,CostFunction,EuclideanDistance,TrueRewardDifference,CumulativeRegret,TimeToComplete,Continuous,Differentiability,Separability,Scalability,Modality,Ndimensions,OptimizationSuccessful,BBOB,BaseClass,SD,MaxFeval,MaxFevalPerDimensions,FevalPerDimensions,SolveAt1,SolveAt1e-1,SolveAt1e-3,SolveAt1e-6,SolveEarlierAt1,SolveEarlierAt1e-1,SolveEarlierAt1e-3,SolveEarlierAt1e-6,simNumber
0,[6.37267917 8.63334957],40,NiaPyNelderMead,DiscusN2,10.73059944945262,14411827.279084671,820687868.7616231,0.004289635999995767,Continuous,Differentiable,Non-Separable,Scalable,Multimodal,2,True,True,Discus,3.0,40,20.0,20.0,False,False,False,False,,,,,1
1,[-3.74817562 -1.63897839],40,NiaPyPSO,DiscusN2,4.090852065039442,16.94416056369013,1551220018.8183928,0.0038942499999876645,Continuous,Differentiable,Non-Separable,Scalable,Multimodal,2,True,True,Discus,3.0,40,20.0,20.0,False,False,False,False,,,,,1
2,[3.33153108 3.68538326],40,NiaPySimulatedAnnealing,DiscusN2,4.968012595070803,2810414.8688298357,127432259.79207006,0.00382547299999203,Continuous,Differentiable,Non-Separable,Scalable,Multimodal,2,True,True,Discus,3.0,40,20.0,20.0,False,False,False,False,,,,,1
3,[-3.1634637  -0.31531148],40,NiaPyCuckooSearch,DiscusN2,3.1791388647392242,73179.43333293649,3041277238.972973,0.003808390999992639,Continuous,Differentiable,Non-Separable,Scalable,Multimodal,2,True,True,Discus,3.0,40,20.0,20.0,False,False,False,False,,,,,1
4,[ 0.51242302 -0.12810026],40,NiaPyDifferentialEvolution,DiscusN2,0.5281922244105149,47666.91189454081,1748239150.7914326,0.007589018999993868,Continuous,Differentiable,Non-Separable,Scalable,Multimodal,2,True,True,Discus,3.0,40,20.0,20.0,False,False,False,False,,,,,1
5,[-0.65366254 -0.02794817],40,RandomSearch1,DiscusN2,0.6542597457210116,46566.61747898553,1102006773.3504913,0.002442758000000822,Continuous,Differentiable,Non-Separable,Scalable,Multimodal,2,True,True,Discus,3.0,40,20.0,20.0,False,False,False,False,,,,,1
6,[0.79291751 0.52716881],39,RandomSearch2,DiscusN2,0.9521686464581761,27779.152460065943,1300644333.0278034,0.002664475000003108,Continuous,Differentiable,Non-Separable,Scalable,Multimodal,2,True,True,Discus,3.0,40,20.0,19.5,False,False,False,False,,,,,1
7,[-0.48524553 -3.24441961],43,CMAES,DiscusN2,3.28050633620197,732.7776654016753,163993498.0127179,0.05494465000001014,Continuous,Differentiable,Non-Separable,Scalable,Multimodal,2,True,True,Discus,3.0,40,20.0,21.5,False,False,False,False,,,,,1
