,BestArm,NumberFunctionEval,Algorithm,CostFunction,EuclideanDistance,TrueRewardDifference,CumulativeRegret,TimeToComplete,Continuous,Differentiability,Separability,Scalability,Modality,Ndimensions,OptimizationSuccessful,BBOB,BaseClass,SD,MaxFeval,MaxFevalPerDimensions,FevalPerDimensions,SolveAt1,SolveAt1e-1,SolveAt1e-3,SolveAt1e-6,SolveEarlierAt1,SolveEarlierAt1e-1,SolveEarlierAt1e-3,SolveEarlierAt1e-6,simNumber
0,[-2.88080803 -2.27225234],40,NiaPyNelderMead,DiscusN2,3.6690851182805444,4242.315283282032,28023973.765977345,0.003721128000009344,Continuous,Differentiable,Non-Separable,Scalable,Multimodal,2,True,True,Discus,0.0,40,20.0,20.0,False,False,False,False,,,,,6
1,[-1.4507267   3.83062121],40,NiaPyPSO,DiscusN2,4.096128274490849,19709.20325161189,1390881276.8068442,0.0030723539999968352,Continuous,Differentiable,Non-Separable,Scalable,Multimodal,2,True,True,Discus,0.0,40,20.0,20.0,False,False,False,False,,,,,6
2,[6.19291117 3.25287438],40,NiaPySimulatedAnnealing,DiscusN2,6.995236983595851,44897.4476683524,22510546.112637848,0.0031864710000064633,Continuous,Differentiable,Non-Separable,Scalable,Multimodal,2,True,True,Discus,0.0,40,20.0,20.0,False,False,False,False,,,,,6
3,[5.94440691 2.64790845],40,NiaPyCuckooSearch,DiscusN2,6.507487428843383,19584.26418186674,1503269151.07343,0.0025652340000021923,Continuous,Differentiable,Non-Separable,Scalable,Multimodal,2,True,True,Discus,0.0,40,20.0,20.0,False,False,False,False,,,,,6
4,[4.96139432 8.88988049],40,NiaPyDifferentialEvolution,DiscusN2,10.18063891825037,1521.8127617513605,1424041480.7009914,0.01457246400001111,Continuous,Differentiable,Non-Separable,Scalable,Multimodal,2,True,True,Discus,0.0,40,20.0,20.0,False,False,False,False,,,,,6
5,[-0.9127713   3.18099527],40,RandomSearch1,DiscusN2,3.3093628339485726,13.543573035159067,1825785195.1809468,0.00215189899999757,Continuous,Differentiable,Non-Separable,Scalable,Multimodal,2,True,True,Discus,0.0,40,20.0,20.0,False,False,False,False,,,,,6
6,[ 7.80603581 -4.66168032],39,RandomSearch2,DiscusN2,9.092054683162226,1023.0264605315223,1920154985.6728868,0.0023075910000045496,Continuous,Differentiable,Non-Separable,Scalable,Multimodal,2,True,True,Discus,0.0,40,20.0,19.5,False,False,False,False,,,,,6
7,[3.09954641 2.84436174],43,CMAES,DiscusN2,4.206849367698207,420767.9584992235,390137272.59537685,0.056498187999991956,Continuous,Differentiable,Non-Separable,Scalable,Multimodal,2,True,True,Discus,0.0,40,20.0,21.5,False,False,False,False,,,,,6
