,BestArm,NumberFunctionEval,Algorithm,CostFunction,EuclideanDistance,TrueRewardDifference,CumulativeRegret,TimeToComplete,Continuous,Differentiability,Separability,Scalability,Modality,Ndimensions,OptimizationSuccessful,BBOB,BaseClass,SD,MaxFeval,MaxFevalPerDimensions,FevalPerDimensions,SolveAt1,SolveAt1e-1,SolveAt1e-3,SolveAt1e-6,SolveEarlierAt1,SolveEarlierAt1e-1,SolveEarlierAt1e-3,SolveEarlierAt1e-6,simNumber
0,[3.62156286 9.74125162],200,NiaPyNelderMead,DiscusN2,10.392675336644425,257610730.1453589,51988430377.54129,0.018534946000002606,Continuous,Differentiable,Non-Separable,Scalable,Multimodal,2,True,True,Discus,3.0,200,100.0,100.0,False,False,False,False,,,,,1
1,[-1.73374166 -0.05550538],200,NiaPyPSO,DiscusN2,1.7346299308594184,8.393353707616498,2037877551.70013,0.01583919400000866,Continuous,Differentiable,Non-Separable,Scalable,Multimodal,2,True,True,Discus,3.0,200,100.0,100.0,False,False,False,False,,,,,1
2,[ 2.28820401 -2.68062698],200,NiaPySimulatedAnnealing,DiscusN2,3.524434510447184,418596.6922892906,3513082369.7370872,0.01746212999999841,Continuous,Differentiable,Non-Separable,Scalable,Multimodal,2,True,True,Discus,3.0,200,100.0,100.0,False,False,False,False,,,,,1
3,[-0.0117908   0.46046642],200,NiaPyCuckooSearch,DiscusN2,0.4606173567855452,930.2242587294292,1979714150.356907,0.014220538000003557,Continuous,Differentiable,Non-Separable,Scalable,Multimodal,2,True,True,Discus,3.0,200,100.0,100.0,False,False,False,False,,,,,1
4,[-3.42822082  4.58745925],200,NiaPyDifferentialEvolution,DiscusN2,5.726908445915203,501.3638997031847,18882101119.596027,0.03933779499999446,Continuous,Differentiable,Non-Separable,Scalable,Multimodal,2,True,True,Discus,3.0,200,100.0,100.0,False,False,False,False,,,,,1
5,[-2.44556209  2.1319292 ],200,RandomSearch1,DiscusN2,3.244363735269808,4751.605079408136,23028570213.390755,0.01200622799998996,Continuous,Differentiable,Non-Separable,Scalable,Multimodal,2,True,True,Discus,3.0,200,100.0,100.0,False,False,False,False,,,,,1
6,[-3.53994463  8.47352019],199,RandomSearch2,DiscusN2,9.183232133209826,141.90107537572828,11509270337.35846,0.012637347999998383,Continuous,Differentiable,Non-Separable,Scalable,Multimodal,2,True,True,Discus,3.0,200,100.0,99.5,False,False,False,False,,,,,1
7,[-2.03029948 -2.14102748],205,CMAES,DiscusN2,2.9506125879701086,418489.8674038735,496416684.2869838,0.10686313600000119,Continuous,Differentiable,Non-Separable,Scalable,Multimodal,2,True,True,Discus,3.0,200,100.0,102.5,False,False,False,False,,,,,1
