,BestArm,NumberFunctionEval,Algorithm,CostFunction,EuclideanDistance,TrueRewardDifference,CumulativeRegret,TimeToComplete,Continuous,Differentiability,Separability,Scalability,Modality,Ndimensions,OptimizationSuccessful,BBOB,BaseClass,SD,MaxFeval,MaxFevalPerDimensions,FevalPerDimensions,SolveAt1,SolveAt1e-1,SolveAt1e-3,SolveAt1e-6,SolveEarlierAt1,SolveEarlierAt1e-1,SolveEarlierAt1e-3,SolveEarlierAt1e-6,simNumber
0,[-1.21095718  0.58349397],2000,NiaPyNelderMead,DiscusN2,1.344203297026793,771.828314323481,213212567.50169224,0.16743046300001652,Continuous,Differentiable,Non-Separable,Scalable,Multimodal,2,True,True,Discus,0.0,2000,1000.0,1000.0,False,False,False,False,,,,,7
1,[ 0.5541831  -0.79294725],2000,NiaPyPSO,DiscusN2,0.9674111087839812,1.0147302295272338,7977674739.827528,0.14089455499998849,Continuous,Differentiable,Non-Separable,Scalable,Multimodal,2,True,True,Discus,0.0,2000,1000.0,1000.0,False,False,False,False,,,,,7
2,[7.21573101 3.83623056],2000,NiaPySimulatedAnnealing,DiscusN2,8.172113489204504,2809295.51902249,59786101949.41705,0.1522583999999938,Continuous,Differentiable,Non-Separable,Scalable,Multimodal,2,True,True,Discus,0.0,2000,1000.0,1000.0,False,False,False,False,,,,,7
3,[2.94042103 4.56005061],2000,NiaPyCuckooSearch,DiscusN2,5.425876652234295,1537.939939699557,44863540543.91763,0.11578591400001415,Continuous,Differentiable,Non-Separable,Scalable,Multimodal,2,True,True,Discus,0.0,2000,1000.0,1000.0,False,False,False,False,,,,,7
4,[0.0411959  0.00214181],2000,NiaPyDifferentialEvolution,DiscusN2,0.04125154185006081,0.0023704585767035215,6924320710.095667,0.39546100599994816,Continuous,Differentiable,Non-Separable,Scalable,Multimodal,2,True,True,Discus,0.0,2000,1000.0,1000.0,True,True,False,False,965.0,1278.0,,,7
5,[-1.37279945  0.52597766],2000,RandomSearch1,DiscusN2,1.4701125195258353,346.13891431349555,146797945343.9575,0.10871620500000745,Continuous,Differentiable,Non-Separable,Scalable,Multimodal,2,True,True,Discus,0.0,2000,1000.0,1000.0,False,False,False,False,,,,,7
6,[-0.0184356   1.53605847],1999,RandomSearch2,DiscusN2,1.5361690959037464,31.78600861739433,61018949217.7625,0.10899223400002711,Continuous,Differentiable,Non-Separable,Scalable,Multimodal,2,True,True,Discus,0.0,2000,1000.0,999.5,False,False,False,False,,,,,7
7,[-3.95505202 -2.08179393],2005,CMAES,DiscusN2,4.469485704723751,2809264.5581119894,5647754902.802666,0.6205283630000054,Continuous,Differentiable,Non-Separable,Scalable,Multimodal,2,True,True,Discus,0.0,2000,1000.0,1002.5,False,False,False,False,,,,,7
