,BestArm,NumberFunctionEval,Algorithm,CostFunction,EuclideanDistance,TrueRewardDifference,CumulativeRegret,TimeToComplete,Continuous,Differentiability,Separability,Scalability,Modality,Ndimensions,OptimizationSuccessful,BBOB,BaseClass,SD,MaxFeval,MaxFevalPerDimensions,FevalPerDimensions,SolveAt1,SolveAt1e-1,SolveAt1e-3,SolveAt1e-6,SolveEarlierAt1,SolveEarlierAt1e-1,SolveEarlierAt1e-3,SolveEarlierAt1e-6,simNumber
0,[1.67136081 2.92678103],2000,NiaPyNelderMead,DiscusN2,3.37038486728655,1243216.2469499807,2760729757.600023,0.169197057999952,Continuous,Differentiable,Non-Separable,Scalable,Multimodal,2,True,True,Discus,3.0,2000,1000.0,1000.0,False,False,False,False,,,,,9
1,[ 3.99659039 -1.78455454],2000,NiaPyPSO,DiscusN2,4.376913257481206,3.1636753877356147,9724385536.67234,0.15557977299999948,Continuous,Differentiable,Non-Separable,Scalable,Multimodal,2,True,True,Discus,3.0,2000,1000.0,1000.0,False,False,False,False,,,,,9
2,[-2.8097579   1.81215764],2000,NiaPySimulatedAnnealing,DiscusN2,3.3434495338250727,43.224296245866135,10535920789.946232,0.1675575940000158,Continuous,Differentiable,Non-Separable,Scalable,Multimodal,2,True,True,Discus,3.0,2000,1000.0,1000.0,False,False,False,False,,,,,9
3,[-4.08416937  4.70918985],2000,NiaPyCuckooSearch,DiscusN2,6.2335309765961675,1060.1856015141425,172497217712.98843,0.13509963699999616,Continuous,Differentiable,Non-Separable,Scalable,Multimodal,2,True,True,Discus,3.0,2000,1000.0,1000.0,False,False,False,False,,,,,9
4,[-0.21727238  0.19627577],2000,NiaPyDifferentialEvolution,DiscusN2,0.292799366036845,0.5448173458956516,28054184653.475254,0.42129914999998164,Continuous,Differentiable,Non-Separable,Scalable,Multimodal,2,True,True,Discus,3.0,2000,1000.0,1000.0,True,False,False,False,1298.0,1820.0,,,9
5,[-0.13786276 -0.29754037],2000,RandomSearch1,DiscusN2,0.3279274468701603,13.870487754701957,66367916435.081726,0.11518651300002603,Continuous,Differentiable,Non-Separable,Scalable,Multimodal,2,True,True,Discus,3.0,2000,1000.0,1000.0,False,False,False,False,,,,,9
6,[-1.02559078  7.24953703],1999,RandomSearch2,DiscusN2,7.3217227210379665,254.94443889013502,108854960540.54843,0.12262118500001407,Continuous,Differentiable,Non-Separable,Scalable,Multimodal,2,True,True,Discus,3.0,2000,1000.0,999.5,False,False,False,False,,,,,9
7,[2.79147873 2.79195024],2005,CMAES,DiscusN2,3.948080500968323,2358679.999873644,5538068570.462003,0.6521447800000146,Continuous,Differentiable,Non-Separable,Scalable,Multimodal,2,True,True,Discus,3.0,2000,1000.0,1002.5,False,False,False,False,,,,,9
