,BestArm,NumberFunctionEval,Algorithm,CostFunction,EuclideanDistance,TrueRewardDifference,CumulativeRegret,TimeToComplete,Continuous,Differentiability,Separability,Scalability,Modality,Ndimensions,OptimizationSuccessful,BBOB,BaseClass,SD,MaxFeval,MaxFevalPerDimensions,FevalPerDimensions,SolveAt1,SolveAt1e-1,SolveAt1e-3,SolveAt1e-6,SolveEarlierAt1,SolveEarlierAt1e-1,SolveEarlierAt1e-3,SolveEarlierAt1e-6,simNumber
0,[ 4.0726716  -2.16104109],20000,NiaPyNelderMead,DiscusN2,4.610504591827414,2834670.736918647,56712149152.57182,1.7234686209999381,Continuous,Differentiable,Non-Separable,Scalable,Multimodal,2,True,True,Discus,3.0,20000,10000.0,10000.0,False,False,False,False,,,,,5
1,[-0.0825654   0.58979746],20000,NiaPyPSO,DiscusN2,0.5955485583181656,0.05040555638989221,21225192072.757404,1.588407072000109,Continuous,Differentiable,Non-Separable,Scalable,Multimodal,2,True,True,Discus,3.0,20000,10000.0,10000.0,True,True,False,False,16740.0,16740.0,,,5
2,[ 1.50345029 -1.17331489],20000,NiaPySimulatedAnnealing,DiscusN2,1.907100049318799,0.7522419481405626,579426654743.7147,1.7018312220000098,Continuous,Differentiable,Non-Separable,Scalable,Multimodal,2,True,True,Discus,3.0,20000,10000.0,10000.0,True,False,False,False,9281.0,,,,5
3,[ 0.74257895 -0.56152427],20000,NiaPyCuckooSearch,DiscusN2,0.9309849638268084,25.033422471423222,2159078711942.0708,1.3462041499999486,Continuous,Differentiable,Non-Separable,Scalable,Multimodal,2,True,True,Discus,3.0,20000,10000.0,10000.0,False,False,False,False,,,,,5
4,[ 0.14231368 -1.63380534],20000,NiaPyDifferentialEvolution,DiscusN2,1.6399917879737853,1.157678054244002,13195646478.463024,4.253763390000131,Continuous,Differentiable,Non-Separable,Scalable,Multimodal,2,True,True,Discus,3.0,20000,10000.0,10000.0,False,False,False,False,759.0,1552.0,3344.0,,5
5,[-0.05904132 -0.08778195],20000,RandomSearch1,DiscusN2,0.10579011763272671,2.6111680422443833,561980549664.9756,1.154642479000131,Continuous,Differentiable,Non-Separable,Scalable,Multimodal,2,True,True,Discus,3.0,20000,10000.0,10000.0,False,False,False,False,,,,,5
6,[ 0.02263447 -0.04158223],19999,RandomSearch2,DiscusN2,0.04734343785763863,0.26821998393272806,1158416152540.6167,1.2536990870000864,Continuous,Differentiable,Non-Separable,Scalable,Multimodal,2,True,True,Discus,3.0,20000,10000.0,9999.5,True,False,False,False,10476.0,,,,5
7,[5.87740875 7.7276408 ],3421,CMAES,DiscusN2,9.708777775075099,10823916.293904236,37325027797.17024,1.1105831009999747,Continuous,Differentiable,Non-Separable,Scalable,Multimodal,2,True,True,Discus,3.0,20000,10000.0,1710.5,False,False,False,False,,,,,5
