,BestArm,NumberFunctionEval,Algorithm,CostFunction,EuclideanDistance,TrueRewardDifference,CumulativeRegret,TimeToComplete,Continuous,Differentiability,Separability,Scalability,Modality,Ndimensions,OptimizationSuccessful,BBOB,BaseClass,SD,MaxFeval,MaxFevalPerDimensions,FevalPerDimensions,SolveAt1,SolveAt1e-1,SolveAt1e-3,SolveAt1e-6,SolveEarlierAt1,SolveEarlierAt1e-1,SolveEarlierAt1e-3,SolveEarlierAt1e-6,simNumber
0,[2.8549452  4.53945139],200,NiaPyNelderMead,DiscusN2,5.362586218668709,2809528.379493324,587425712.5418463,0.016790209999996364,Continuous,Differentiable,Non-Separable,Scalable,Multimodal,2,True,True,Discus,0.0,200,100.0,100.0,False,False,False,False,,,,,3
1,[-0.26209166 -1.90865334],200,NiaPyPSO,DiscusN2,1.926564203677029,33.14722748015586,1867670274.1074638,0.014154904000008628,Continuous,Differentiable,Non-Separable,Scalable,Multimodal,2,True,True,Discus,0.0,200,100.0,100.0,False,False,False,False,,,,,3
2,[2.91846702 7.66102694],200,NiaPySimulatedAnnealing,DiscusN2,8.198096332851403,15.207158457837565,585349152.4942003,0.015487028999999097,Continuous,Differentiable,Non-Separable,Scalable,Multimodal,2,True,True,Discus,0.0,200,100.0,100.0,False,False,False,False,,,,,3
3,[ 4.55747069 -4.36827391],200,NiaPyCuckooSearch,DiscusN2,6.312872251415476,46.252116208931476,7520397376.348157,0.011987132000001566,Continuous,Differentiable,Non-Separable,Scalable,Multimodal,2,True,True,Discus,0.0,200,100.0,100.0,False,False,False,False,,,,,3
4,[-0.36939802 -5.        ],200,NiaPyDifferentialEvolution,DiscusN2,5.013626920151373,51.647719073834764,9385295475.865103,0.03823032799999737,Continuous,Differentiable,Non-Separable,Scalable,Multimodal,2,True,True,Discus,0.0,200,100.0,100.0,False,False,False,False,,,,,3
5,[5.1690654  2.88962995],200,RandomSearch1,DiscusN2,5.921925225312756,214.02884737309057,5801453262.268044,0.0105861459999943,Continuous,Differentiable,Non-Separable,Scalable,Multimodal,2,True,True,Discus,0.0,200,100.0,100.0,False,False,False,False,,,,,3
6,[-4.78545375  9.01705378],199,RandomSearch2,DiscusN2,10.208223473437565,768.4650386160208,23295221719.603203,0.01104749600000332,Continuous,Differentiable,Non-Separable,Scalable,Multimodal,2,True,True,Discus,0.0,200,100.0,99.5,False,False,False,False,,,,,3
7,[6.83455604 6.86064515],205,CMAES,DiscusN2,9.683987202001932,10823915.391187893,2249911441.3243194,0.09826562799999294,Continuous,Differentiable,Non-Separable,Scalable,Multimodal,2,True,True,Discus,0.0,200,100.0,102.5,False,False,False,False,,,,,3
