,BestArm,NumberFunctionEval,Algorithm,CostFunction,EuclideanDistance,TrueRewardDifference,CumulativeRegret,TimeToComplete,Continuous,Differentiability,Separability,Scalability,Modality,Ndimensions,OptimizationSuccessful,BBOB,BaseClass,SD,MaxFeval,MaxFevalPerDimensions,FevalPerDimensions,SolveAt1,SolveAt1e-1,SolveAt1e-3,SolveAt1e-6,SolveEarlierAt1,SolveEarlierAt1e-1,SolveEarlierAt1e-3,SolveEarlierAt1e-6,simNumber
0,[-3.57058712 -2.13998406],2000,NiaPyNelderMead,DiscusN2,4.162766408658075,2809339.109926989,5635575792.426757,0.16529870499999788,Continuous,Differentiable,Non-Separable,Scalable,Multimodal,2,True,True,Discus,0.0,2000,1000.0,1000.0,False,False,False,False,,,,,4
1,[3.43272188 2.36050511],2000,NiaPyPSO,DiscusN2,4.166000948430108,3.06645449548773,5336455684.455236,0.1378046760000018,Continuous,Differentiable,Non-Separable,Scalable,Multimodal,2,True,True,Discus,0.0,2000,1000.0,1000.0,False,False,False,False,,,,,4
2,[ 1.36544063 -0.10887789],2000,NiaPySimulatedAnnealing,DiscusN2,1.369774616230249,7.5405769118813115,19921646694.051952,0.15104026399998816,Continuous,Differentiable,Non-Separable,Scalable,Multimodal,2,True,True,Discus,0.0,2000,1000.0,1000.0,False,False,False,False,,,,,4
3,[-0.61791348 -0.004312  ],2000,NiaPyCuckooSearch,DiscusN2,0.6179285252018797,237.65217423550223,81021538454.30441,0.11618798099999594,Continuous,Differentiable,Non-Separable,Scalable,Multimodal,2,True,True,Discus,0.0,2000,1000.0,1000.0,False,False,False,False,,,,,4
4,[-1.08048782e-02  4.29564374e-05],2000,NiaPyDifferentialEvolution,DiscusN2,0.010804963573966469,0.0049927930570982685,4663087830.378411,0.3985543899999868,Continuous,Differentiable,Non-Separable,Scalable,Multimodal,2,True,True,Discus,0.0,2000,1000.0,1000.0,True,True,False,False,840.0,1062.0,,,4
5,[ 7.05440142 -0.85769289],2000,RandomSearch1,DiscusN2,7.106350429861382,58.12019377812051,115292405353.98413,0.10282126999999264,Continuous,Differentiable,Non-Separable,Scalable,Multimodal,2,True,True,Discus,0.0,2000,1000.0,1000.0,False,False,False,False,,,,,4
6,[ 3.17777466 -4.31977464],1999,RandomSearch2,DiscusN2,5.362714307972735,13.780323166012472,119770764419.25258,0.11004937400002746,Continuous,Differentiable,Non-Separable,Scalable,Multimodal,2,True,True,Discus,0.0,2000,1000.0,999.5,False,False,False,False,,,,,4
7,[-2.91279959 -2.88828902],775,CMAES,DiscusN2,4.102025709878596,2.809264139635654,3691914.582629432,0.26683200299999044,Continuous,Differentiable,Non-Separable,Scalable,Multimodal,2,True,True,Discus,0.0,2000,1000.0,387.5,False,False,False,False,,,,,4
