,BestArm,NumberFunctionEval,Algorithm,CostFunction,EuclideanDistance,TrueRewardDifference,CumulativeRegret,TimeToComplete,Continuous,Differentiability,Separability,Scalability,Modality,Ndimensions,OptimizationSuccessful,BBOB,BaseClass,SD,MaxFeval,MaxFevalPerDimensions,FevalPerDimensions,SolveAt1,SolveAt1e-1,SolveAt1e-3,SolveAt1e-6,SolveEarlierAt1,SolveEarlierAt1e-1,SolveEarlierAt1e-3,SolveEarlierAt1e-6,simNumber
0,[4.89233414 5.38053657],200,NiaPyNelderMead,DiscusN2,7.272214732922832,4013.9215643072926,27661674.75953422,0.016979605999992486,Continuous,Differentiable,Non-Separable,Scalable,Multimodal,2,True,True,Discus,0.0,200,100.0,100.0,False,False,False,False,,,,,1
1,[-1.71092814  1.56012049],200,NiaPyPSO,DiscusN2,2.315437549602521,48.80425832689479,6401818981.639803,0.01514011000000437,Continuous,Differentiable,Non-Separable,Scalable,Multimodal,2,True,True,Discus,0.0,200,100.0,100.0,False,False,False,False,,,,,1
2,[6.25252184 4.28371746],200,NiaPySimulatedAnnealing,DiscusN2,7.579199471920226,3163104.4597610044,30214653572.829983,0.017823309000007725,Continuous,Differentiable,Non-Separable,Scalable,Multimodal,2,True,True,Discus,0.0,200,100.0,100.0,False,False,False,False,,,,,1
3,[0.71727844 1.3801021 ],200,NiaPyCuckooSearch,DiscusN2,1.5553681760680285,3620.086001423783,5750320478.214866,0.013474363000000267,Continuous,Differentiable,Non-Separable,Scalable,Multimodal,2,True,True,Discus,0.0,200,100.0,100.0,False,False,False,False,,,,,1
4,[ 6.43166937 -5.        ],200,NiaPyDifferentialEvolution,DiscusN2,8.146555764329577,1242.961660833698,22340280411.824947,0.04129924599999413,Continuous,Differentiable,Non-Separable,Scalable,Multimodal,2,True,True,Discus,0.0,200,100.0,100.0,False,False,False,False,,,,,1
5,[ 8.23222691 -3.3606274 ],200,RandomSearch1,DiscusN2,8.891758902607789,11.203819088807757,16009218865.613998,0.0124441279999985,Continuous,Differentiable,Non-Separable,Scalable,Multimodal,2,True,True,Discus,0.0,200,100.0,100.0,False,False,False,False,,,,,1
6,[ 5.93239928 -2.97068771],199,RandomSearch2,DiscusN2,6.634632368939305,43.15192846096171,10157050657.251621,0.012432273000001715,Continuous,Differentiable,Non-Separable,Scalable,Multimodal,2,True,True,Discus,0.0,200,100.0,99.5,False,False,False,False,,,,,1
7,[3.94599607 7.93575129],205,CMAES,DiscusN2,8.862676426741146,10823913.765308537,2308432740.750519,0.09788367699999867,Continuous,Differentiable,Non-Separable,Scalable,Multimodal,2,True,True,Discus,0.0,200,100.0,102.5,False,False,False,False,,,,,1
