,BestArm,NumberFunctionEval,Algorithm,CostFunction,EuclideanDistance,TrueRewardDifference,CumulativeRegret,TimeToComplete,Continuous,Differentiability,Separability,Scalability,Modality,Ndimensions,OptimizationSuccessful,BBOB,BaseClass,SD,MaxFeval,MaxFevalPerDimensions,FevalPerDimensions,SolveAt1,SolveAt1e-1,SolveAt1e-3,SolveAt1e-6,SolveEarlierAt1,SolveEarlierAt1e-1,SolveEarlierAt1e-3,SolveEarlierAt1e-6,simNumber
0,[ 0.67392558 10.24213158],200,NiaPyNelderMead,DiscusN2,10.264279562941534,10827539.486906838,2437646263.0498333,0.018537304999995285,Continuous,Differentiable,Non-Separable,Scalable,Multimodal,2,True,True,Discus,3.0,200,100.0,100.0,False,False,False,False,,,,,3
1,[-0.04879925 -1.25865575],200,NiaPyPSO,DiscusN2,1.2596013893769336,26.690915348945083,835679575.392107,0.016536836999989646,Continuous,Differentiable,Non-Separable,Scalable,Multimodal,2,True,True,Discus,3.0,200,100.0,100.0,False,False,False,False,,,,,3
2,[7.16747144 7.36598535],200,NiaPySimulatedAnnealing,DiscusN2,10.277664473978826,10826534.098396646,6259510434.068333,0.017482520999990925,Continuous,Differentiable,Non-Separable,Scalable,Multimodal,2,True,True,Discus,3.0,200,100.0,100.0,False,False,False,False,,,,,3
3,[-1.31063474  1.54892128],200,NiaPyCuckooSearch,DiscusN2,2.029019605486672,287.507050312487,4451310066.166574,0.014126132000001235,Continuous,Differentiable,Non-Separable,Scalable,Multimodal,2,True,True,Discus,3.0,200,100.0,100.0,False,False,False,False,,,,,3
4,[2.07445021 3.25075688],200,NiaPyDifferentialEvolution,DiscusN2,3.856262951571746,5181.882904653217,8657542222.52589,0.039390740000001756,Continuous,Differentiable,Non-Separable,Scalable,Multimodal,2,True,True,Discus,3.0,200,100.0,100.0,False,False,False,False,,,,,3
5,[0.55754213 0.32048564],200,RandomSearch1,DiscusN2,0.6430896332296359,194.26441395081935,9505755960.330832,0.011630945000007387,Continuous,Differentiable,Non-Separable,Scalable,Multimodal,2,True,True,Discus,3.0,200,100.0,100.0,False,False,False,False,,,,,3
6,[0.73297053 3.36166479],199,RandomSearch2,DiscusN2,3.440644702114836,1082.8137314565765,5635332333.269133,0.012402323000003435,Continuous,Differentiable,Non-Separable,Scalable,Multimodal,2,True,True,Discus,3.0,200,100.0,99.5,False,False,False,False,,,,,3
7,[-4.13945093  0.52345407],205,CMAES,DiscusN2,4.172416350384371,2809264.6413498335,667425500.1446738,0.10222643999999548,Continuous,Differentiable,Non-Separable,Scalable,Multimodal,2,True,True,Discus,3.0,200,100.0,102.5,False,False,False,False,,,,,3
