,BestArm,NumberFunctionEval,Algorithm,CostFunction,EuclideanDistance,TrueRewardDifference,CumulativeRegret,TimeToComplete,Continuous,Differentiability,Separability,Scalability,Modality,Ndimensions,OptimizationSuccessful,BBOB,BaseClass,SD,MaxFeval,MaxFevalPerDimensions,FevalPerDimensions,SolveAt1,SolveAt1e-1,SolveAt1e-3,SolveAt1e-6,SolveEarlierAt1,SolveEarlierAt1e-1,SolveEarlierAt1e-3,SolveEarlierAt1e-6,simNumber
0,[-0.8795868   0.01658311],2000,NiaPyNelderMead,DiscusN2,0.879743110823301,28383.93063009348,103412309.3119651,0.17536807900000895,Continuous,Differentiable,Non-Separable,Scalable,Multimodal,2,True,True,Discus,3.0,2000,1000.0,1000.0,False,False,False,False,,,,,8
1,[8.66808567 0.89190407],2000,NiaPyPSO,DiscusN2,8.713851165347164,11.268593249826294,3621715623.826589,0.15692376699996657,Continuous,Differentiable,Non-Separable,Scalable,Multimodal,2,True,True,Discus,3.0,2000,1000.0,1000.0,False,False,False,False,,,,,8
2,[ 2.75726954 -0.9832062 ],2000,NiaPySimulatedAnnealing,DiscusN2,2.9273246745990456,24.182656165057825,18445121550.659695,0.16886139899997943,Continuous,Differentiable,Non-Separable,Scalable,Multimodal,2,True,True,Discus,3.0,2000,1000.0,1000.0,False,False,False,False,,,,,8
3,[10.          2.77715969],2000,NiaPyCuckooSearch,DiscusN2,10.37846886265302,656.5132691946907,81389073765.50494,0.13609302600002593,Continuous,Differentiable,Non-Separable,Scalable,Multimodal,2,True,True,Discus,3.0,2000,1000.0,1000.0,False,False,False,False,,,,,8
4,[-0.05899354  1.7302559 ],2000,NiaPyDifferentialEvolution,DiscusN2,1.7312613072088563,2.4803645402006538,8662132941.12075,0.4213577810000402,Continuous,Differentiable,Non-Separable,Scalable,Multimodal,2,True,True,Discus,3.0,2000,1000.0,1000.0,False,False,False,False,1053.0,,,,8
5,[4.26828243 0.7251697 ],2000,RandomSearch1,DiscusN2,4.329446383754724,19.154929384666453,67688692459.31251,0.11339364600002,Continuous,Differentiable,Non-Separable,Scalable,Multimodal,2,True,True,Discus,3.0,2000,1000.0,1000.0,False,False,False,False,,,,,8
6,[ 0.08006302 -3.40155856],1999,RandomSearch2,DiscusN2,3.4025006545285867,206.55787614158416,62691769447.55262,0.1226343480000196,Continuous,Differentiable,Non-Separable,Scalable,Multimodal,2,True,True,Discus,3.0,2000,1000.0,999.5,False,False,False,False,,,,,8
7,[3.51517085 3.46299193],2005,CMAES,DiscusN2,4.93444416523927,2358685.614108417,4989987451.597834,0.6425192830000128,Continuous,Differentiable,Non-Separable,Scalable,Multimodal,2,True,True,Discus,3.0,2000,1000.0,1002.5,False,False,False,False,,,,,8
