,BestArm,NumberFunctionEval,Algorithm,CostFunction,EuclideanDistance,TrueRewardDifference,CumulativeRegret,TimeToComplete,Continuous,Differentiability,Separability,Scalability,Modality,Ndimensions,OptimizationSuccessful,BBOB,BaseClass,SD,MaxFeval,MaxFevalPerDimensions,FevalPerDimensions,SolveAt1,SolveAt1e-1,SolveAt1e-3,SolveAt1e-6,SolveEarlierAt1,SolveEarlierAt1e-1,SolveEarlierAt1e-3,SolveEarlierAt1e-6,simNumber
0,[ 1.41616116 -2.7222295 ],20000,NiaPyNelderMead,DiscusN2,3.0685576217004313,727.6645299435029,20573940.850952923,1.6969161839999742,Continuous,Differentiable,Non-Separable,Scalable,Multimodal,2,True,True,Discus,3.0,20000,10000.0,10000.0,False,False,False,False,,,,,0
1,[ 0.2472299  -0.62342537],20000,NiaPyPSO,DiscusN2,0.6706577434726543,0.5127864771008668,26073332676.528717,1.5871612309999819,Continuous,Differentiable,Non-Separable,Scalable,Multimodal,2,True,True,Discus,3.0,20000,10000.0,10000.0,True,False,False,False,1252.0,9557.0,,,0
2,[0.11720551 0.34648689],20000,NiaPySimulatedAnnealing,DiscusN2,0.36577355660121647,1.6134680640184529,767661066464.6058,1.696589392000078,Continuous,Differentiable,Non-Separable,Scalable,Multimodal,2,True,True,Discus,3.0,20000,10000.0,10000.0,False,False,False,False,554.0,,,,0
3,[-1.02883368 -3.55618791],20000,NiaPyCuckooSearch,DiscusN2,3.7020225802438036,3.3588597665715243,671293123809.7607,1.3382758469999771,Continuous,Differentiable,Non-Separable,Scalable,Multimodal,2,True,True,Discus,3.0,20000,10000.0,10000.0,False,False,False,False,,,,,0
4,[0.2659047  0.09684649],20000,NiaPyDifferentialEvolution,DiscusN2,0.2829921466590428,0.4866397297514448,21018511935.91606,4.215983589999951,Continuous,Differentiable,Non-Separable,Scalable,Multimodal,2,True,True,Discus,3.0,20000,10000.0,10000.0,True,False,False,False,1083.0,1835.0,3840.0,,0
5,[0.04830117 1.07259598],20000,RandomSearch1,DiscusN2,1.0736829794001888,2.8434374787573464,644344042971.7194,1.1406717590000426,Continuous,Differentiable,Non-Separable,Scalable,Multimodal,2,True,True,Discus,3.0,20000,10000.0,10000.0,False,False,False,False,,,,,0
6,[0.3854676  0.42278038],19999,RandomSearch2,DiscusN2,0.5721263121928765,1.263513090445606,597042815600.2942,1.2350055560000328,Continuous,Differentiable,Non-Separable,Scalable,Multimodal,2,True,True,Discus,3.0,20000,10000.0,9999.5,False,False,False,False,,,,,0
7,[6.54576724 6.12564228],3241,CMAES,DiscusN2,8.96496302743594,10823914.983973932,35121181805.13866,1.0102217319999909,Continuous,Differentiable,Non-Separable,Scalable,Multimodal,2,True,True,Discus,3.0,20000,10000.0,1620.5,False,False,False,False,,,,,0
