,BestArm,NumberFunctionEval,Algorithm,CostFunction,EuclideanDistance,TrueRewardDifference,CumulativeRegret,TimeToComplete,Continuous,Differentiability,Separability,Scalability,Modality,Ndimensions,OptimizationSuccessful,BBOB,BaseClass,SD,MaxFeval,MaxFevalPerDimensions,FevalPerDimensions,SolveAt1,SolveAt1e-1,SolveAt1e-3,SolveAt1e-6,SolveEarlierAt1,SolveEarlierAt1e-1,SolveEarlierAt1e-3,SolveEarlierAt1e-6,simNumber
0,[-3.18192367  3.6462387 ],40,NiaPyNelderMead,DiscusN2,4.8393899271487015,2811155.983796558,172266812.47267526,0.003943586000005439,Continuous,Differentiable,Non-Separable,Scalable,Multimodal,2,True,True,Discus,3.0,40,20.0,20.0,False,False,False,False,,,,,2
1,[-0.88111338  0.68648893],40,NiaPyPSO,DiscusN2,1.1169726240093036,738.4022612183632,1499825369.7962108,0.0034368309999877056,Continuous,Differentiable,Non-Separable,Scalable,Multimodal,2,True,True,Discus,3.0,40,20.0,20.0,False,False,False,False,,,,,2
2,[4.28076179 1.26871396],40,NiaPySimulatedAnnealing,DiscusN2,4.4648131623036775,7803575.594759335,575549710.9503573,0.004633983999994484,Continuous,Differentiable,Non-Separable,Scalable,Multimodal,2,True,True,Discus,3.0,40,20.0,20.0,False,False,False,False,,,,,2
3,[ 2.44409179 -3.38745958],40,NiaPyCuckooSearch,DiscusN2,4.177136228428816,34619.4805344193,3573739059.9787016,0.0033685129999980745,Continuous,Differentiable,Non-Separable,Scalable,Multimodal,2,True,True,Discus,3.0,40,20.0,20.0,False,False,False,False,,,,,2
4,[1.81363763 7.73062595],40,NiaPyDifferentialEvolution,DiscusN2,7.940520075426923,125892.46345867883,1966271591.2427528,0.008483617999999638,Continuous,Differentiable,Non-Separable,Scalable,Multimodal,2,True,True,Discus,3.0,40,20.0,20.0,False,False,False,False,,,,,2
5,[3.03492308 5.14671386],40,RandomSearch1,DiscusN2,5.974899299767954,1002.7506462551207,1082617235.0039752,0.0028437259999947173,Continuous,Differentiable,Non-Separable,Scalable,Multimodal,2,True,True,Discus,3.0,40,20.0,20.0,False,False,False,False,,,,,2
6,[-2.83201195  8.22718471],39,RandomSearch2,DiscusN2,8.700968907104183,6299.285936214811,2356526687.9333477,0.002891456000000403,Continuous,Differentiable,Non-Separable,Scalable,Multimodal,2,True,True,Discus,3.0,40,20.0,19.5,False,False,False,False,,,,,2
7,[-2.77464796 -3.12175443],43,CMAES,DiscusN2,4.176604128691348,2358740.910867554,136416738.4488139,0.05789264700000274,Continuous,Differentiable,Non-Separable,Scalable,Multimodal,2,True,True,Discus,3.0,40,20.0,21.5,False,False,False,False,,,,,2
