,BestArm,NumberFunctionEval,Algorithm,CostFunction,EuclideanDistance,TrueRewardDifference,CumulativeRegret,TimeToComplete,Continuous,Differentiability,Separability,Scalability,Modality,Ndimensions,OptimizationSuccessful,BBOB,BaseClass,SD,MaxFeval,MaxFevalPerDimensions,FevalPerDimensions,SolveAt1,SolveAt1e-1,SolveAt1e-3,SolveAt1e-6,SolveEarlierAt1,SolveEarlierAt1e-1,SolveEarlierAt1e-3,SolveEarlierAt1e-6,simNumber
0,[0.23534245 8.1352105 ],40,NiaPyNelderMead,DiscusN2,8.138613880984265,428721.68682435865,40411552.34653851,0.0046607709999904046,Continuous,Differentiable,Non-Separable,Scalable,Multimodal,2,True,True,Discus,3.0,40,20.0,20.0,False,False,False,False,,,,,3
1,[-0.40198722 -1.65042462],40,NiaPyPSO,DiscusN2,1.6986745223126225,66143.68599416778,742505032.7260109,0.003549675999991564,Continuous,Differentiable,Non-Separable,Scalable,Multimodal,2,True,True,Discus,3.0,40,20.0,20.0,False,False,False,False,,,,,3
2,[5.72974293 5.85595505],40,NiaPySimulatedAnnealing,DiscusN2,8.192811696758632,170640516.12805578,9151140882.918419,0.003865336999993474,Continuous,Differentiable,Non-Separable,Scalable,Multimodal,2,True,True,Discus,3.0,40,20.0,20.0,False,False,False,False,,,,,3
3,[8.2258805  1.21641926],40,NiaPyCuckooSearch,DiscusN2,8.31533438208211,20476.92546819497,1634197422.7067516,0.0030316639999909967,Continuous,Differentiable,Non-Separable,Scalable,Multimodal,2,True,True,Discus,3.0,40,20.0,20.0,False,False,False,False,,,,,3
4,[ 2.23037689 -1.48377716],40,NiaPyDifferentialEvolution,DiscusN2,2.6788385098590792,423.36285511895477,6321547472.049426,0.007299434999993082,Continuous,Differentiable,Non-Separable,Scalable,Multimodal,2,True,True,Discus,3.0,40,20.0,20.0,False,False,False,False,,,,,3
5,[-2.897409 -2.897409],40,RandomSearch1,DiscusN2,4.097555109861019,55486.18792954201,1471754244.7922537,0.0029850339999910602,Continuous,Differentiable,Non-Separable,Scalable,Multimodal,2,True,True,Discus,3.0,40,20.0,20.0,False,False,False,False,,,,,3
6,[ 5.31268379 -4.81332028],39,RandomSearch2,DiscusN2,7.168867501643059,4008.029376487389,1487989954.7335348,0.00258816599999534,Continuous,Differentiable,Non-Separable,Scalable,Multimodal,2,True,True,Discus,3.0,40,20.0,19.5,False,False,False,False,,,,,3
7,[-3.24755365 -3.86624561],43,CMAES,DiscusN2,5.049203879652276,2358898.0535151735,478804421.9837623,0.0538217120000013,Continuous,Differentiable,Non-Separable,Scalable,Multimodal,2,True,True,Discus,3.0,40,20.0,21.5,False,False,False,False,,,,,3
