,BestArm,NumberFunctionEval,Algorithm,CostFunction,EuclideanDistance,TrueRewardDifference,CumulativeRegret,TimeToComplete,Continuous,Differentiability,Separability,Scalability,Modality,Ndimensions,OptimizationSuccessful,BBOB,BaseClass,SD,MaxFeval,MaxFevalPerDimensions,FevalPerDimensions,SolveAt1,SolveAt1e-1,SolveAt1e-3,SolveAt1e-6,SolveEarlierAt1,SolveEarlierAt1e-1,SolveEarlierAt1e-3,SolveEarlierAt1e-6,simNumber
0,[0.48493669 7.60276281],40,NiaPyNelderMead,DiscusN2,7.618212781876955,694814.62912436,251170200.795132,0.004165485000001468,Continuous,Differentiable,Non-Separable,Scalable,Multimodal,2,True,True,Discus,3.0,40,20.0,20.0,False,False,False,False,,,,,5
1,[-1.34586824  5.45252786],40,NiaPyPSO,DiscusN2,5.616174973279231,18474.61232883824,2752448225.8112755,0.0035309419999975944,Continuous,Differentiable,Non-Separable,Scalable,Multimodal,2,True,True,Discus,3.0,40,20.0,20.0,False,False,False,False,,,,,5
2,[ 6.71117287 -4.59987166],40,NiaPySimulatedAnnealing,DiscusN2,8.136255931981868,825062.3590928782,569571467.4461781,0.0037969269999962307,Continuous,Differentiable,Non-Separable,Scalable,Multimodal,2,True,True,Discus,3.0,40,20.0,20.0,False,False,False,False,,,,,5
3,[ 4.95601251 -4.27872135],40,NiaPyCuckooSearch,DiscusN2,6.547481687264481,63421.18623566996,766164046.2572843,0.0030591379999975743,Continuous,Differentiable,Non-Separable,Scalable,Multimodal,2,True,True,Discus,3.0,40,20.0,20.0,False,False,False,False,,,,,5
4,[-0.91017021  4.04055334],40,NiaPyDifferentialEvolution,DiscusN2,4.1417968455007,743.1637115280942,2763245634.66987,0.007644533000004117,Continuous,Differentiable,Non-Separable,Scalable,Multimodal,2,True,True,Discus,3.0,40,20.0,20.0,False,False,False,False,,,,,5
5,[-1.40193103  0.68231523],40,RandomSearch1,DiscusN2,1.5591551150687561,22107.35859137865,3926337058.228173,0.002429449999993949,Continuous,Differentiable,Non-Separable,Scalable,Multimodal,2,True,True,Discus,3.0,40,20.0,20.0,False,False,False,False,,,,,5
6,[-1.0066925   1.47252187],39,RandomSearch2,DiscusN2,1.7837461820355998,72133.43420701355,1342930244.2907472,0.0025084019999894736,Continuous,Differentiable,Non-Separable,Scalable,Multimodal,2,True,True,Discus,3.0,40,20.0,19.5,False,False,False,False,,,,,5
7,[-4.55954011 -1.27273227],43,CMAES,DiscusN2,4.733841302381242,95.02390777566612,262805286.9054116,0.06263838199998872,Continuous,Differentiable,Non-Separable,Scalable,Multimodal,2,True,True,Discus,3.0,40,20.0,21.5,False,False,False,False,,,,,5
