,BestArm,NumberFunctionEval,Algorithm,CostFunction,EuclideanDistance,TrueRewardDifference,CumulativeRegret,TimeToComplete,Continuous,Differentiability,Separability,Scalability,Modality,Ndimensions,OptimizationSuccessful,BBOB,BaseClass,SD,MaxFeval,MaxFevalPerDimensions,FevalPerDimensions,SolveAt1,SolveAt1e-1,SolveAt1e-3,SolveAt1e-6,SolveEarlierAt1,SolveEarlierAt1e-1,SolveEarlierAt1e-3,SolveEarlierAt1e-6,simNumber
0,[ 9.70962858 -3.89811173],200,NiaPyNelderMead,DiscusN2,10.462894540721058,2834464.0134079778,566897231.6953038,0.017302899000000593,Continuous,Differentiable,Non-Separable,Scalable,Multimodal,2,True,True,Discus,0.0,200,100.0,100.0,False,False,False,False,,,,,2
1,[7.32782446 5.03092044],200,NiaPyPSO,DiscusN2,8.888597849511093,159.4898456396017,2880566227.659971,0.014045995000003586,Continuous,Differentiable,Non-Separable,Scalable,Multimodal,2,True,True,Discus,0.0,200,100.0,100.0,False,False,False,False,,,,,2
2,[5.11599025 2.72091226],200,NiaPySimulatedAnnealing,DiscusN2,5.794542236467323,2873951.3921533586,1722414948.4502435,0.015541592999994691,Continuous,Differentiable,Non-Separable,Scalable,Multimodal,2,True,True,Discus,0.0,200,100.0,100.0,False,False,False,False,,,,,2
3,[ 5.30626891 10.        ],200,NiaPyCuckooSearch,DiscusN2,11.320622323346134,5203.5875612615555,10002852542.722364,0.01218830599999876,Continuous,Differentiable,Non-Separable,Scalable,Multimodal,2,True,True,Discus,0.0,200,100.0,100.0,False,False,False,False,,,,,2
4,[ 4.15278791 10.        ],200,NiaPyDifferentialEvolution,DiscusN2,10.828002927267578,3769.2987645731873,5358043722.359573,0.03707612600000232,Continuous,Differentiable,Non-Separable,Scalable,Multimodal,2,True,True,Discus,0.0,200,100.0,100.0,False,False,False,False,,,,,2
5,[-1.21896322  3.56770148],200,RandomSearch1,DiscusN2,3.7701943158794893,18.601937843699936,16675658969.266312,0.010476359999998408,Continuous,Differentiable,Non-Separable,Scalable,Multimodal,2,True,True,Discus,0.0,200,100.0,100.0,False,False,False,False,,,,,2
6,[-2.1798648   2.33036035],199,RandomSearch2,DiscusN2,3.190985721843442,100.20706562158107,14022731755.646778,0.010983666000001335,Continuous,Differentiable,Non-Separable,Scalable,Multimodal,2,True,True,Discus,0.0,200,100.0,99.5,False,False,False,False,,,,,2
7,[9.10104994 3.10641848],205,CMAES,DiscusN2,9.616597413205778,10823915.953261863,4514761907.779266,0.0974275949999992,Continuous,Differentiable,Non-Separable,Scalable,Multimodal,2,True,True,Discus,0.0,200,100.0,102.5,False,False,False,False,,,,,2
