,BestArm,NumberFunctionEval,Algorithm,CostFunction,EuclideanDistance,TrueRewardDifference,CumulativeRegret,TimeToComplete,Continuous,Differentiability,Separability,Scalability,Modality,Ndimensions,OptimizationSuccessful,BBOB,BaseClass,SD,MaxFeval,MaxFevalPerDimensions,FevalPerDimensions,SolveAt1,SolveAt1e-1,SolveAt1e-3,SolveAt1e-6,SolveEarlierAt1,SolveEarlierAt1e-1,SolveEarlierAt1e-3,SolveEarlierAt1e-6,simNumber
0,[-3.33978445  0.02441325],2000,NiaPyNelderMead,DiscusN2,3.339873681266913,4163827.674968678,8575342613.781037,0.1631958240000131,Continuous,Differentiable,Non-Separable,Scalable,Multimodal,2,True,True,Discus,0.0,2000,1000.0,1000.0,False,False,False,False,,,,,5
1,[1.48178695 5.15076953],2000,NiaPyPSO,DiscusN2,5.359675299693213,5.087854380792905,3622290737.708091,0.1431552099999749,Continuous,Differentiable,Non-Separable,Scalable,Multimodal,2,True,True,Discus,0.0,2000,1000.0,1000.0,False,False,False,False,,,,,5
2,[4.10931399 1.56560801],2000,NiaPySimulatedAnnealing,DiscusN2,4.397452662281492,3.1676754525924578,22974484630.214035,0.15337926400002289,Continuous,Differentiable,Non-Separable,Scalable,Multimodal,2,True,True,Discus,0.0,2000,1000.0,1000.0,False,False,False,False,,,,,5
3,[-0.51266358 -0.79763788],2000,NiaPyCuckooSearch,DiscusN2,0.9481825469577173,2266.364862743012,57088258093.837234,0.11829213900000468,Continuous,Differentiable,Non-Separable,Scalable,Multimodal,2,True,True,Discus,0.0,2000,1000.0,1000.0,False,False,False,False,,,,,5
4,[-0.00197816 -0.14971139],2000,NiaPyDifferentialEvolution,DiscusN2,0.14972445988145552,0.009938095145994594,13110231519.947361,0.3947877740000081,Continuous,Differentiable,Non-Separable,Scalable,Multimodal,2,True,True,Discus,0.0,2000,1000.0,1000.0,True,True,False,False,1274.0,1728.0,,,5
5,[-0.89389987  1.21415901],2000,RandomSearch1,DiscusN2,1.5077264620943265,4.214474832679607,136234277317.29498,0.10102791600002092,Continuous,Differentiable,Non-Separable,Scalable,Multimodal,2,True,True,Discus,0.0,2000,1000.0,1000.0,False,False,False,False,,,,,5
6,[-3.94713342  2.29273388],1999,RandomSearch2,DiscusN2,4.564700526349381,36.00915760270756,185800096477.30304,0.10776357099996403,Continuous,Differentiable,Non-Separable,Scalable,Multimodal,2,True,True,Discus,0.0,2000,1000.0,999.5,False,False,False,False,,,,,5
7,[0.00609899 0.01449053],1051,CMAES,DiscusN2,0.01572174163999896,3.894145721982336e-05,653372291.6243236,0.34786823100000674,Continuous,Differentiable,Non-Separable,Scalable,Multimodal,2,True,True,Discus,0.0,2000,1000.0,525.5,True,True,True,False,489.0,548.0,596.0,,5
