,BestArm,NumberFunctionEval,Algorithm,CostFunction,EuclideanDistance,TrueRewardDifference,CumulativeRegret,TimeToComplete,Continuous,Differentiability,Separability,Scalability,Modality,Ndimensions,OptimizationSuccessful,BBOB,BaseClass,SD,MaxFeval,MaxFevalPerDimensions,FevalPerDimensions,SolveAt1,SolveAt1e-1,SolveAt1e-3,SolveAt1e-6,SolveEarlierAt1,SolveEarlierAt1e-1,SolveEarlierAt1e-3,SolveEarlierAt1e-6,simNumber
0,[ 8.38921134 -3.68906631],200,NiaPyNelderMead,DiscusN2,9.164500919652605,10823938.52280426,2232794226.415791,0.018118415999992976,Continuous,Differentiable,Non-Separable,Scalable,Multimodal,2,True,True,Discus,3.0,200,100.0,100.0,False,False,False,False,,,,,5
1,[-0.08950361  0.10235886],200,NiaPyPSO,DiscusN2,0.13597143809337212,24.765224240241547,4566623549.818341,0.01548345399999107,Continuous,Differentiable,Non-Separable,Scalable,Multimodal,2,True,True,Discus,3.0,200,100.0,100.0,False,False,False,False,,,,,5
2,[ 1.24512343 -2.17285927],200,NiaPySimulatedAnnealing,DiscusN2,2.504326206891692,418654.3397633785,1982432852.7594063,0.01699400500000081,Continuous,Differentiable,Non-Separable,Scalable,Multimodal,2,True,True,Discus,3.0,200,100.0,100.0,False,False,False,False,,,,,5
3,[-2.84487518  2.82973501],200,NiaPyCuckooSearch,DiscusN2,4.0125696232821015,14914.531053291972,5889418564.867537,0.01375242299999968,Continuous,Differentiable,Non-Separable,Scalable,Multimodal,2,True,True,Discus,3.0,200,100.0,100.0,False,False,False,False,,,,,5
4,[-3.48402983 -1.29297811],200,NiaPyDifferentialEvolution,DiscusN2,3.7162153115069123,20.74544188755108,6059610302.851476,0.04002057700000705,Continuous,Differentiable,Non-Separable,Scalable,Multimodal,2,True,True,Discus,3.0,200,100.0,100.0,False,False,False,False,,,,,5
5,[-0.29701344  2.5044662 ],200,RandomSearch1,DiscusN2,2.5220166346157167,137.63903394857113,6410698496.998411,0.011621814999998037,Continuous,Differentiable,Non-Separable,Scalable,Multimodal,2,True,True,Discus,3.0,200,100.0,100.0,False,False,False,False,,,,,5
6,[-0.91120173 -1.47197398],199,RandomSearch2,DiscusN2,1.7311834045092453,5248.219309083512,5674023980.313067,0.013026957999997535,Continuous,Differentiable,Non-Separable,Scalable,Multimodal,2,True,True,Discus,3.0,200,100.0,99.5,False,False,False,False,,,,,5
7,[-2.27441676 -4.31403491],205,CMAES,DiscusN2,4.876870801035413,2809272.5742875678,725477958.3679653,0.1018665719999916,Continuous,Differentiable,Non-Separable,Scalable,Multimodal,2,True,True,Discus,3.0,200,100.0,102.5,False,False,False,False,,,,,5
