,BestArm,NumberFunctionEval,Algorithm,CostFunction,EuclideanDistance,TrueRewardDifference,CumulativeRegret,TimeToComplete,Continuous,Differentiability,Separability,Scalability,Modality,Ndimensions,OptimizationSuccessful,BBOB,BaseClass,SD,MaxFeval,MaxFevalPerDimensions,FevalPerDimensions,SolveAt1,SolveAt1e-1,SolveAt1e-3,SolveAt1e-6,SolveEarlierAt1,SolveEarlierAt1e-1,SolveEarlierAt1e-3,SolveEarlierAt1e-6,simNumber
0,[0.62384399 4.12838692],40,NiaPyNelderMead,DiscusN2,4.175255668577839,2814985.4874972985,136808417.85047913,0.004105308999996282,Continuous,Differentiable,Non-Separable,Scalable,Multimodal,2,True,True,Discus,0.0,40,20.0,20.0,False,False,False,False,,,,,1
1,[-0.90371736 -1.39420373],40,NiaPyPSO,DiscusN2,1.6614779943967852,227864.5061069251,1252679536.8306313,0.0030859480000060557,Continuous,Differentiable,Non-Separable,Scalable,Multimodal,2,True,True,Discus,0.0,40,20.0,20.0,False,False,False,False,,,,,1
2,[0.648775   4.82541435],40,NiaPySimulatedAnnealing,DiscusN2,4.868832775726673,2827363.2949798014,163170379.10369724,0.003274837999995839,Continuous,Differentiable,Non-Separable,Scalable,Multimodal,2,True,True,Discus,0.0,40,20.0,20.0,False,False,False,False,,,,,1
3,[5.73077773 0.73578964],40,NiaPyCuckooSearch,DiscusN2,5.7778196404232816,4315.043635966525,1792147525.0250955,0.0025818219999962366,Continuous,Differentiable,Non-Separable,Scalable,Multimodal,2,True,True,Discus,0.0,40,20.0,20.0,False,False,False,False,,,,,1
4,[4.89552576 1.25640285],40,NiaPyDifferentialEvolution,DiscusN2,5.05417852269506,45640.43486558359,1142427976.9768162,0.006916945999989821,Continuous,Differentiable,Non-Separable,Scalable,Multimodal,2,True,True,Discus,0.0,40,20.0,20.0,False,False,False,False,,,,,1
5,[3.55697596 3.55697596],40,RandomSearch1,DiscusN2,5.030323637446319,35160.07177189451,1403036147.5908957,0.002142143000000374,Continuous,Differentiable,Non-Separable,Scalable,Multimodal,2,True,True,Discus,0.0,40,20.0,20.0,False,False,False,False,,,,,1
6,[ 9.73467428 -1.98822308],39,RandomSearch2,DiscusN2,9.93563859601936,345042.78748802457,1771362383.9723582,0.0022212500000051705,Continuous,Differentiable,Non-Separable,Scalable,Multimodal,2,True,True,Discus,0.0,40,20.0,19.5,False,False,False,False,,,,,1
7,[3.01003546 3.15277867],43,CMAES,DiscusN2,4.358936427958739,2358683.41865106,527438898.08192456,0.05378950499999746,Continuous,Differentiable,Non-Separable,Scalable,Multimodal,2,True,True,Discus,0.0,40,20.0,21.5,False,False,False,False,,,,,1
