,BestArm,NumberFunctionEval,Algorithm,CostFunction,EuclideanDistance,TrueRewardDifference,CumulativeRegret,TimeToComplete,Continuous,Differentiability,Separability,Scalability,Modality,Ndimensions,OptimizationSuccessful,BBOB,BaseClass,SD,MaxFeval,MaxFevalPerDimensions,FevalPerDimensions,SolveAt1,SolveAt1e-1,SolveAt1e-3,SolveAt1e-6,SolveEarlierAt1,SolveEarlierAt1e-1,SolveEarlierAt1e-3,SolveEarlierAt1e-6,simNumber
0,[-0.44256236  0.3772564 ],2000,NiaPyNelderMead,DiscusN2,0.5815357601480321,45120.00530765951,109148765.56453665,0.16162121899998283,Continuous,Differentiable,Non-Separable,Scalable,Multimodal,2,True,True,Discus,0.0,2000,1000.0,1000.0,False,False,False,False,,,,,6
1,[-0.37483426 -0.23604432],2000,NiaPyPSO,DiscusN2,0.4429646026017305,0.40963979494518393,6205307100.300367,0.13830222400002867,Continuous,Differentiable,Non-Separable,Scalable,Multimodal,2,True,True,Discus,0.0,2000,1000.0,1000.0,True,False,False,False,944.0,,,,6
2,[-0.73790701  4.13416121],2000,NiaPySimulatedAnnealing,DiscusN2,4.199499458143965,4.4472748719376405,13972445884.921297,0.15096227999998746,Continuous,Differentiable,Non-Separable,Scalable,Multimodal,2,True,True,Discus,0.0,2000,1000.0,1000.0,False,False,False,False,,,,,6
3,[3.78979261 5.96819593],2000,NiaPyCuckooSearch,DiscusN2,7.069787169995746,269.2555286071936,68232077356.14288,0.12250782799998206,Continuous,Differentiable,Non-Separable,Scalable,Multimodal,2,True,True,Discus,0.0,2000,1000.0,1000.0,False,False,False,False,,,,,6
4,[-0.05223754  0.1628932 ],2000,NiaPyDifferentialEvolution,DiscusN2,0.1710641849552724,0.018291781449378597,14170881968.058914,0.3968280130000039,Continuous,Differentiable,Non-Separable,Scalable,Multimodal,2,True,True,Discus,0.0,2000,1000.0,1000.0,True,True,False,False,792.0,1697.0,,,6
5,[-3.2222457  -1.28627541],2000,RandomSearch1,DiscusN2,3.469491568548878,5.880811608208681,63917790392.46744,0.1009922270000061,Continuous,Differentiable,Non-Separable,Scalable,Multimodal,2,True,True,Discus,0.0,2000,1000.0,1000.0,False,False,False,False,,,,,6
6,[-2.18121261 -0.81091618],1999,RandomSearch2,DiscusN2,2.327074020693193,13.654726975638038,63295609519.07939,0.10747979900003202,Continuous,Differentiable,Non-Separable,Scalable,Multimodal,2,True,True,Discus,0.0,2000,1000.0,999.5,False,False,False,False,,,,,6
7,[-0.47644688 -0.29030096],733,CMAES,DiscusN2,0.5579213859924902,0.04487061441909853,144114423.3176905,0.2537596799999733,Continuous,Differentiable,Non-Separable,Scalable,Multimodal,2,True,True,Discus,0.0,2000,1000.0,366.5,True,True,False,False,136.0,237.0,,,6
