,BestArm,NumberFunctionEval,Algorithm,CostFunction,EuclideanDistance,TrueRewardDifference,CumulativeRegret,TimeToComplete,Continuous,Differentiability,Separability,Scalability,Modality,Ndimensions,OptimizationSuccessful,BBOB,BaseClass,SD,MaxFeval,MaxFevalPerDimensions,FevalPerDimensions,SolveAt1,SolveAt1e-1,SolveAt1e-3,SolveAt1e-6,SolveEarlierAt1,SolveEarlierAt1e-1,SolveEarlierAt1e-3,SolveEarlierAt1e-6,simNumber
0,[ 6.00854332 -1.74867742],40,NiaPyNelderMead,DiscusN2,6.2578323388387345,2809275.267607781,214727032.41674584,0.003503823000002626,Continuous,Differentiable,Non-Separable,Scalable,Multimodal,2,True,True,Discus,0.0,40,20.0,20.0,False,False,False,False,,,,,7
1,[0.55577098 1.79212985],40,NiaPyPSO,DiscusN2,1.8763290682428928,11576.5692090034,1094390991.2277262,0.0030437579999897935,Continuous,Differentiable,Non-Separable,Scalable,Multimodal,2,True,True,Discus,0.0,40,20.0,20.0,False,False,False,False,,,,,7
2,[-2.95606608 -1.6845244 ],40,NiaPySimulatedAnnealing,DiscusN2,3.4023446559782884,51049.920844846754,178905499.32080245,0.0033634239999997817,Continuous,Differentiable,Non-Separable,Scalable,Multimodal,2,True,True,Discus,0.0,40,20.0,20.0,False,False,False,False,,,,,7
3,[2.28787169 2.29247099],40,NiaPyCuckooSearch,DiscusN2,3.2387930027356613,11847.98343273879,1088628978.956904,0.0026430430000061733,Continuous,Differentiable,Non-Separable,Scalable,Multimodal,2,True,True,Discus,0.0,40,20.0,20.0,False,False,False,False,,,,,7
4,[-0.08092247 -0.10708226],40,NiaPyDifferentialEvolution,DiscusN2,0.13422017792201665,184.844272296154,1538313201.1655037,0.0070745689999967,Continuous,Differentiable,Non-Separable,Scalable,Multimodal,2,True,True,Discus,0.0,40,20.0,20.0,False,False,False,False,,,,,7
5,[-4.67584127  6.87569577],40,RandomSearch1,DiscusN2,8.314967457504622,215475.91332821464,3173307306.1296654,0.002278883000002452,Continuous,Differentiable,Non-Separable,Scalable,Multimodal,2,True,True,Discus,0.0,40,20.0,20.0,False,False,False,False,,,,,7
6,[2.16611546 7.46548621],39,RandomSearch2,DiscusN2,7.773386686943158,64.056167073592,1853476492.4039392,0.0022232330000093725,Continuous,Differentiable,Non-Separable,Scalable,Multimodal,2,True,True,Discus,0.0,40,20.0,19.5,False,False,False,False,,,,,7
7,[3.27793914 3.93636122],43,CMAES,DiscusN2,5.122482277375933,2809372.4146684473,126750522.53199485,0.054211981999998216,Continuous,Differentiable,Non-Separable,Scalable,Multimodal,2,True,True,Discus,0.0,40,20.0,21.5,False,False,False,False,,,,,7
