,BestArm,NumberFunctionEval,Algorithm,CostFunction,EuclideanDistance,TrueRewardDifference,CumulativeRegret,TimeToComplete,Continuous,Differentiability,Separability,Scalability,Modality,Ndimensions,OptimizationSuccessful,BBOB,BaseClass,SD,MaxFeval,MaxFevalPerDimensions,FevalPerDimensions,SolveAt1,SolveAt1e-1,SolveAt1e-3,SolveAt1e-6,SolveEarlierAt1,SolveEarlierAt1e-1,SolveEarlierAt1e-3,SolveEarlierAt1e-6,simNumber
0,[4.06695546 1.07152439],20000,NiaPyNelderMead,DiscusN2,4.205745027948986,2951080.9656856954,59044339558.462944,1.709089737000113,Continuous,Differentiable,Non-Separable,Scalable,Multimodal,2,True,True,Discus,3.0,20000,10000.0,10000.0,False,False,False,False,,,,,4
1,[-0.37025422  0.27625198],20000,NiaPyPSO,DiscusN2,0.4619559999735073,1.189593714787049,30106134792.189827,1.585023516000092,Continuous,Differentiable,Non-Separable,Scalable,Multimodal,2,True,True,Discus,3.0,20000,10000.0,10000.0,False,False,False,False,3253.0,5583.0,,,4
2,[-1.03985693  5.40857293],20000,NiaPySimulatedAnnealing,DiscusN2,5.507627768136251,6.189832922678195,676543638279.3419,1.6958714889999555,Continuous,Differentiable,Non-Separable,Scalable,Multimodal,2,True,True,Discus,3.0,20000,10000.0,10000.0,False,False,False,False,,,,,4
3,[-0.95695516 -4.06533946],20000,NiaPyCuckooSearch,DiscusN2,4.1764516161979754,104.22035271617447,687927406135.1908,1.336232880000125,Continuous,Differentiable,Non-Separable,Scalable,Multimodal,2,True,True,Discus,3.0,20000,10000.0,10000.0,False,False,False,False,,,,,4
4,[-0.51838768 -0.17658003],20000,NiaPyDifferentialEvolution,DiscusN2,0.5476370088872041,2.5197720695423125,16649405051.065228,4.223087204999956,Continuous,Differentiable,Non-Separable,Scalable,Multimodal,2,True,True,Discus,3.0,20000,10000.0,10000.0,False,False,False,False,1356.0,2012.0,3961.0,,4
5,[2.90098392 3.14913149],20000,RandomSearch1,DiscusN2,4.281674538710762,4.373266818648446,595292787352.6887,1.1424583489999804,Continuous,Differentiable,Non-Separable,Scalable,Multimodal,2,True,True,Discus,3.0,20000,10000.0,10000.0,False,False,False,False,1146.0,,,,4
6,[-1.50178669 -4.04376862],19999,RandomSearch2,DiscusN2,4.313632801922416,2.9713036771983417,707906477865.9675,1.23783014799983,Continuous,Differentiable,Non-Separable,Scalable,Multimodal,2,True,True,Discus,3.0,20000,10000.0,9999.5,False,False,False,False,,,,,4
7,[3.08844325 5.22973064],2965,CMAES,DiscusN2,6.073595659368926,2358683.1259339987,7061787954.087128,0.9125353099998392,Continuous,Differentiable,Non-Separable,Scalable,Multimodal,2,True,True,Discus,3.0,20000,10000.0,1482.5,False,False,False,False,,,,,4
