,BestArm,NumberFunctionEval,Algorithm,CostFunction,EuclideanDistance,TrueRewardDifference,CumulativeRegret,TimeToComplete,Continuous,Differentiability,Separability,Scalability,Modality,Ndimensions,OptimizationSuccessful,BBOB,BaseClass,SD,MaxFeval,MaxFevalPerDimensions,FevalPerDimensions,SolveAt1,SolveAt1e-1,SolveAt1e-3,SolveAt1e-6,SolveEarlierAt1,SolveEarlierAt1e-1,SolveEarlierAt1e-3,SolveEarlierAt1e-6,simNumber
0,[8.89349305 5.61896279],40,NiaPyNelderMead,DiscusN2,10.519836571838109,33212.6890317808,44543931.6080754,0.00407433299999127,Continuous,Differentiable,Non-Separable,Scalable,Multimodal,2,True,True,Discus,3.0,40,20.0,20.0,False,False,False,False,,,,,0
1,[-1.90585721  3.12702323],40,NiaPyPSO,DiscusN2,3.662043957731161,37.47858845529673,2554074334.8001776,0.0035200629999962985,Continuous,Differentiable,Non-Separable,Scalable,Multimodal,2,True,True,Discus,3.0,40,20.0,20.0,False,False,False,False,,,,,0
2,[-4.21166002  0.77531765],40,NiaPySimulatedAnnealing,DiscusN2,4.2824289362677,425898.52342356317,528598868.3740018,0.0038047909999932017,Continuous,Differentiable,Non-Separable,Scalable,Multimodal,2,True,True,Discus,3.0,40,20.0,20.0,False,False,False,False,,,,,0
3,[ 0.10814704 -0.13146877],40,NiaPyCuckooSearch,DiscusN2,0.1702346000722365,2325.454014044111,1409464519.7125218,0.0030809430000005023,Continuous,Differentiable,Non-Separable,Scalable,Multimodal,2,True,True,Discus,3.0,40,20.0,20.0,False,False,False,False,,,,,0
4,[-5.         8.6187124],40,NiaPyDifferentialEvolution,DiscusN2,9.964045538229716,743.9042755658849,3764730416.5396285,0.007988941999997223,Continuous,Differentiable,Non-Separable,Scalable,Multimodal,2,True,True,Discus,3.0,40,20.0,20.0,False,False,False,False,,,,,0
5,[1.69852622 3.78082655],40,RandomSearch1,DiscusN2,4.144833014128045,973.0208213607754,1057257145.542743,0.0025062219999938407,Continuous,Differentiable,Non-Separable,Scalable,Multimodal,2,True,True,Discus,3.0,40,20.0,20.0,False,False,False,False,,,,,0
6,[0.73391882 0.09721692],39,RandomSearch2,DiscusN2,0.7403296321245963,61.63398543937121,383044850.4588357,0.0025856940000039685,Continuous,Differentiable,Non-Separable,Scalable,Multimodal,2,True,True,Discus,3.0,40,20.0,19.5,False,False,False,False,,,,,0
7,[-3.04018951 -1.06480442],43,CMAES,DiscusN2,3.221266936155194,13.33534771311961,126348982.59812817,0.05370032700000138,Continuous,Differentiable,Non-Separable,Scalable,Multimodal,2,True,True,Discus,3.0,40,20.0,21.5,False,False,False,False,,,,,0
