,BestArm,NumberFunctionEval,Algorithm,CostFunction,EuclideanDistance,TrueRewardDifference,CumulativeRegret,TimeToComplete,Continuous,Differentiability,Separability,Scalability,Modality,Ndimensions,OptimizationSuccessful,BBOB,BaseClass,SD,MaxFeval,MaxFevalPerDimensions,FevalPerDimensions,SolveAt1,SolveAt1e-1,SolveAt1e-3,SolveAt1e-6,SolveEarlierAt1,SolveEarlierAt1e-1,SolveEarlierAt1e-3,SolveEarlierAt1e-6,simNumber
0,[ 6.03647731 -0.96947042],20000,NiaPyNelderMead,DiscusN2,6.113831139730104,3884710.217688488,77783961853.62894,1.693387170000051,Continuous,Differentiable,Non-Separable,Scalable,Multimodal,2,True,True,Discus,3.0,20000,10000.0,10000.0,False,False,False,False,,,,,7
1,[0.12328    3.33563027],20000,NiaPyPSO,DiscusN2,3.337907616743004,5.113328536057651,20139096346.02316,1.5724154459999227,Continuous,Differentiable,Non-Separable,Scalable,Multimodal,2,True,True,Discus,3.0,20000,10000.0,10000.0,False,False,False,False,,,,,7
2,[4.35089422 2.80271656],20000,NiaPySimulatedAnnealing,DiscusN2,5.175471052639637,4.380928751711003,357951037026.6756,1.700613389999944,Continuous,Differentiable,Non-Separable,Scalable,Multimodal,2,True,True,Discus,3.0,20000,10000.0,10000.0,False,False,False,False,14367.0,,,,7
3,[0.74874367 1.65364071],20000,NiaPyCuckooSearch,DiscusN2,1.8152533404593039,0.8641214355359959,699616664610.4004,1.3320088989999022,Continuous,Differentiable,Non-Separable,Scalable,Multimodal,2,True,True,Discus,3.0,20000,10000.0,10000.0,True,False,False,False,16039.0,,,,7
4,[-0.1629152  -0.11750626],20000,NiaPyDifferentialEvolution,DiscusN2,0.20087081826569497,0.0825193463734506,19281285633.48973,4.211079212000186,Continuous,Differentiable,Non-Separable,Scalable,Multimodal,2,True,True,Discus,3.0,20000,10000.0,10000.0,True,True,False,False,1361.0,1361.0,7275.0,,7
5,[-0.3799716  0.1354312],20000,RandomSearch1,DiscusN2,0.4033857018614084,0.10842074000249248,873395294518.9905,1.1577543860000787,Continuous,Differentiable,Non-Separable,Scalable,Multimodal,2,True,True,Discus,3.0,20000,10000.0,10000.0,True,False,False,False,5971.0,,,,7
6,[-1.6002279  3.1284346],19999,RandomSearch2,DiscusN2,3.5139482625231553,3.8483241667155212,1107993863273.59,1.2366475569999693,Continuous,Differentiable,Non-Separable,Scalable,Multimodal,2,True,True,Discus,3.0,20000,10000.0,9999.5,False,False,False,False,,,,,7
7,[3.58839113 4.33665772],3031,CMAES,DiscusN2,5.6287788288365235,2809266.5930243307,8674975950.695839,0.9447382989999369,Continuous,Differentiable,Non-Separable,Scalable,Multimodal,2,True,True,Discus,3.0,20000,10000.0,1515.5,False,False,False,False,,,,,7
