,BestArm,NumberFunctionEval,Algorithm,CostFunction,EuclideanDistance,TrueRewardDifference,CumulativeRegret,TimeToComplete,Continuous,Differentiability,Separability,Scalability,Modality,Ndimensions,OptimizationSuccessful,BBOB,BaseClass,SD,MaxFeval,MaxFevalPerDimensions,FevalPerDimensions,SolveAt1,SolveAt1e-1,SolveAt1e-3,SolveAt1e-6,SolveEarlierAt1,SolveEarlierAt1e-1,SolveEarlierAt1e-3,SolveEarlierAt1e-6,simNumber
0,[ 8.81602313 -0.75243815],200,NiaPyNelderMead,DiscusN2,8.848074759577997,4784448.02699027,984882730.325465,0.016882631000001425,Continuous,Differentiable,Non-Separable,Scalable,Multimodal,2,True,True,Discus,0.0,200,100.0,100.0,False,False,False,False,,,,,0
1,[ 3.48026972 -1.35983556],200,NiaPyPSO,DiscusN2,3.7364997067419394,39.070986950223386,3873767725.2979903,0.013955301999999392,Continuous,Differentiable,Non-Separable,Scalable,Multimodal,2,True,True,Discus,0.0,200,100.0,100.0,False,False,False,False,,,,,0
2,[ 1.59710489 -0.86045188],200,NiaPySimulatedAnnealing,DiscusN2,1.814144825393663,21893.66268881031,3797936002.083374,0.015744166999994036,Continuous,Differentiable,Non-Separable,Scalable,Multimodal,2,True,True,Discus,0.0,200,100.0,100.0,False,False,False,False,,,,,0
3,[ 0.52783948 -2.55227749],200,NiaPyCuckooSearch,DiscusN2,2.6062875703386528,12819.584251144026,11496765382.438942,0.012077656000002435,Continuous,Differentiable,Non-Separable,Scalable,Multimodal,2,True,True,Discus,0.0,200,100.0,100.0,False,False,False,False,,,,,0
4,[ 7.72221908 -0.63554012],200,NiaPyDifferentialEvolution,DiscusN2,7.748327477046129,35.5392275533288,11104873592.559422,0.03767938000000015,Continuous,Differentiable,Non-Separable,Scalable,Multimodal,2,True,True,Discus,0.0,200,100.0,100.0,False,False,False,False,,,,,0
5,[-0.08054419 -1.04805345],200,RandomSearch1,DiscusN2,1.051143848324743,30376.195165534158,18827355013.654984,0.010513738000000217,Continuous,Differentiable,Non-Separable,Scalable,Multimodal,2,True,True,Discus,0.0,200,100.0,100.0,False,False,False,False,,,,,0
6,[ 5.44924445 -0.37535643],199,RandomSearch2,DiscusN2,5.462156856730025,299.9382419584555,7615145100.910005,0.011305831000001376,Continuous,Differentiable,Non-Separable,Scalable,Multimodal,2,True,True,Discus,0.0,200,100.0,99.5,False,False,False,False,,,,,0
7,[5.31987848 7.1882093 ],205,CMAES,DiscusN2,8.942676331054232,14.551987267905682,168264709.42693147,0.10204158700000221,Continuous,Differentiable,Non-Separable,Scalable,Multimodal,2,True,True,Discus,0.0,200,100.0,102.5,False,False,False,False,,,,,0
