,BestArm,NumberFunctionEval,Algorithm,CostFunction,EuclideanDistance,TrueRewardDifference,CumulativeRegret,TimeToComplete,Continuous,Differentiability,Separability,Scalability,Modality,Ndimensions,OptimizationSuccessful,BBOB,BaseClass,SD,MaxFeval,MaxFevalPerDimensions,FevalPerDimensions,SolveAt1,SolveAt1e-1,SolveAt1e-3,SolveAt1e-6,SolveEarlierAt1,SolveEarlierAt1e-1,SolveEarlierAt1e-3,SolveEarlierAt1e-6,simNumber
0,[-0.40910245 -0.02509729],200,NiaPyNelderMead,ExponentialN2,0.4098715557607916,0.0003148874974294724,0.3703069253143447,0.018989040000008117,Continuous,Differentiable,Non-Separable,Scalable,Multimodal,2,True,False,Exponential,0.0,200,100.0,100.0,True,True,True,False,1,2,6.0,,4
1,[-0.90692069 -0.00132995],200,NiaPyPSO,ExponentialN2,0.9069216672433696,8.843794204738131e-07,9.984132958154078,0.00868348500000593,Continuous,Differentiable,Non-Separable,Scalable,Multimodal,2,True,False,Exponential,0.0,200,100.0,100.0,True,True,True,True,1,1,5.0,35.0,4
2,[-0.27924769  0.00499512],200,NiaPySimulatedAnnealing,ExponentialN2,0.27929236697455617,1.247555687944324e-05,33.00454763710025,0.007993427000002384,Continuous,Differentiable,Non-Separable,Scalable,Multimodal,2,True,False,Exponential,0.0,200,100.0,100.0,True,True,True,False,1,28,69.0,,4
3,[-0.63419901 -0.0606208 ],200,NiaPyCuckooSearch,ExponentialN2,0.6370896832356061,0.0018357537760389508,16.531531805219,0.005715388999988136,Continuous,Differentiable,Non-Separable,Scalable,Multimodal,2,True,False,Exponential,0.0,200,100.0,100.0,True,True,False,False,1,1,,,4
4,[0.49854425 0.00266097],200,NiaPyDifferentialEvolution,ExponentialN2,0.49855135036315257,3.5403735657579816e-06,16.747489021214776,0.028480054999988624,Continuous,Differentiable,Non-Separable,Scalable,Multimodal,2,True,False,Exponential,0.0,200,100.0,100.0,True,True,True,False,1,1,100.0,,4
5,[-0.31553918 -0.0004957 ],200,RandomSearch1,ExponentialN2,0.3155395681093371,1.2286130768313086e-07,21.989819418619206,0.004119228000007524,Continuous,Differentiable,Non-Separable,Scalable,Multimodal,2,True,False,Exponential,0.0,200,100.0,100.0,True,True,True,True,1,1,6.0,16.0,4
6,[-0.84792512  0.0086344 ],199,RandomSearch2,ExponentialN2,0.8479690837644765,3.72757614115482e-05,22.751710347219678,0.005001665999998295,Continuous,Differentiable,Non-Separable,Scalable,Multimodal,2,True,False,Exponential,0.0,200,100.0,99.5,True,True,True,False,1,1,66.0,,4
7,[ 4.60099159e-01 -1.10101902e-06],205,CMAES,ExponentialN2,0.46009915876269647,6.06070749142873e-13,2.2417518717177676,0.09272737200001302,Continuous,Differentiable,Non-Separable,Scalable,Multimodal,2,True,False,Exponential,0.0,200,100.0,102.5,True,True,True,True,1,1,10.0,30.0,4
