,BestArm,NumberFunctionEval,Algorithm,CostFunction,EuclideanDistance,TrueRewardDifference,CumulativeRegret,TimeToComplete,Continuous,Differentiability,Separability,Scalability,Modality,Ndimensions,OptimizationSuccessful,BBOB,BaseClass,SD,MaxFeval,MaxFevalPerDimensions,FevalPerDimensions,SolveAt1,SolveAt1e-1,SolveAt1e-3,SolveAt1e-6,SolveEarlierAt1,SolveEarlierAt1e-1,SolveEarlierAt1e-3,SolveEarlierAt1e-6,simNumber
0,[-0.87330184 -0.10850161],20000,NiaPyNelderMead,ExponentialN2,0.8800163073514007,0.005869009375815359,117.4698820570791,0.9495145609998872,Continuous,Differentiable,Non-Separable,Scalable,Multimodal,2,True,False,Exponential,0.0,20000,10000.0,10000.0,True,True,False,False,1,1,,,0
1,[-2.20150181e-01 -2.44981497e-06],20000,NiaPyPSO,ExponentialN2,0.22015018113535104,3.0008218132593356e-12,917.420554172489,0.7472065659999316,Continuous,Differentiable,Non-Separable,Scalable,Multimodal,2,True,False,Exponential,0.0,20000,10000.0,10000.0,True,True,True,True,1,1,1.0,39.0,0
2,[ 4.42638689e-01 -2.01982263e-05],20000,NiaPySimulatedAnnealing,ExponentialN2,0.44263868978637494,2.0398416289424404e-10,2407.7100015147103,0.7895811429998503,Continuous,Differentiable,Non-Separable,Scalable,Multimodal,2,True,False,Exponential,0.0,20000,10000.0,10000.0,True,True,True,True,1,1,5.0,346.0,0
3,[-4.08599058e-01  6.39593696e-05],20000,NiaPyCuckooSearch,ExponentialN2,0.40859906291045284,2.0454005156267385e-09,2207.4215326525555,0.5227861719999964,Continuous,Differentiable,Non-Separable,Scalable,Multimodal,2,True,False,Exponential,0.0,20000,10000.0,10000.0,True,True,True,True,1,2,2.0,9440.0,0
4,[ 5.00000000e-01 -6.35108854e-10],20000,NiaPyDifferentialEvolution,ExponentialN2,0.5,0.0,19.454292271114102,3.091828186999919,Continuous,Differentiable,Non-Separable,Scalable,Multimodal,2,True,False,Exponential,0.0,20000,10000.0,10000.0,True,True,True,True,1,3,12.0,285.0,0
5,[-9.21404218e-01 -1.71832417e-05],20000,RandomSearch1,ExponentialN2,0.9214042179938582,1.476319066995302e-10,2197.1906851267004,0.3986082129999886,Continuous,Differentiable,Non-Separable,Scalable,Multimodal,2,True,False,Exponential,0.0,20000,10000.0,10000.0,True,True,True,True,1,1,10.0,193.0,0
6,[0.09795673 0.00019836],19999,RandomSearch2,ExponentialN2,0.09795692585347404,1.967384932743954e-08,2214.5366012164905,0.46116897199999585,Continuous,Differentiable,Non-Separable,Scalable,Multimodal,2,True,False,Exponential,0.0,20000,10000.0,9999.5,True,True,True,True,1,1,50.0,1314.0,0
7,[ 1.03975104e-01 -1.08061808e-08],325,CMAES,ExponentialN2,0.10397510377401074,1.1102230246251565e-16,2.1310283395238003,0.12613451300012457,Continuous,Differentiable,Non-Separable,Scalable,Multimodal,2,True,False,Exponential,0.0,20000,10000.0,162.5,True,True,True,True,1,1,8.0,73.0,0
