,BestArm,NumberFunctionEval,Algorithm,CostFunction,EuclideanDistance,TrueRewardDifference,CumulativeRegret,TimeToComplete,Continuous,Differentiability,Separability,Scalability,Modality,Ndimensions,OptimizationSuccessful,BBOB,BaseClass,SD,MaxFeval,MaxFevalPerDimensions,FevalPerDimensions,SolveAt1,SolveAt1e-1,SolveAt1e-3,SolveAt1e-6,SolveEarlierAt1,SolveEarlierAt1e-1,SolveEarlierAt1e-3,SolveEarlierAt1e-6,simNumber
0,[0.54299575 0.09401829],40,NiaPyNelderMead,ExponentialN2,0.551075157440375,0.0044099670202522034,0.22395039427505026,0.002357974999995349,Continuous,Differentiable,Non-Separable,Scalable,Multimodal,2,True,False,Exponential,0.0,40,20.0,20.0,True,True,False,False,1,1,,,4
1,[-0.3425317  -0.01657442],40,NiaPyPSO,ExponentialN2,0.3429324692542055,0.00013734633878903502,4.088826684064929,0.0017556659999939939,Continuous,Differentiable,Non-Separable,Scalable,Multimodal,2,True,False,Exponential,0.0,40,20.0,20.0,True,True,True,False,1,1,7.0,,4
2,[0.31211145 0.05451611],40,NiaPySimulatedAnnealing,ExponentialN2,0.31683680890905896,0.001484899540029172,5.595084048955059,0.0019023199999992357,Continuous,Differentiable,Non-Separable,Scalable,Multimodal,2,True,False,Exponential,0.0,40,20.0,20.0,True,True,False,False,1,1,,,4
3,[-0.86949904 -0.04711627],40,NiaPyCuckooSearch,ExponentialN2,0.8707746670206724,0.0011093556950529937,5.047597745299685,0.0012817889999894305,Continuous,Differentiable,Non-Separable,Scalable,Multimodal,2,True,False,Exponential,0.0,40,20.0,20.0,True,True,False,False,1,1,,,4
4,[ 0.44883722 -0.01200124],40,NiaPyDifferentialEvolution,ExponentialN2,0.44899763939532866,7.201226466035937e-05,4.230458275299815,0.005600623999995946,Continuous,Differentiable,Non-Separable,Scalable,Multimodal,2,True,False,Exponential,0.0,40,20.0,20.0,True,True,True,False,1,1,5.0,,4
5,[-0.02304593 -0.02304593],40,RandomSearch1,ExponentialN2,0.03259187141024424,0.0002655222632281795,3.976773877066294,0.00097990899999445,Continuous,Differentiable,Non-Separable,Scalable,Multimodal,2,True,False,Exponential,0.0,40,20.0,20.0,True,True,True,False,1,1,1.0,,4
6,[-0.02304593 -0.02304593],39,RandomSearch2,ExponentialN2,0.03259187141024424,0.0002655222632281795,3.582311595134418,0.0010634889999892039,Continuous,Differentiable,Non-Separable,Scalable,Multimodal,2,True,False,Exponential,0.0,40,20.0,19.5,True,True,True,False,1,1,1.0,,4
7,[0.57066949 0.00092272],43,CMAES,ExponentialN2,0.5706702395041579,4.257075906233254e-07,2.0519746561613177,0.05366777400000444,Continuous,Differentiable,Non-Separable,Scalable,Multimodal,2,True,False,Exponential,0.0,40,20.0,21.5,True,True,True,True,1,2,8.0,43.0,4
