,BestArm,NumberFunctionEval,Algorithm,CostFunction,EuclideanDistance,TrueRewardDifference,CumulativeRegret,TimeToComplete,Continuous,Differentiability,Separability,Scalability,Modality,Ndimensions,OptimizationSuccessful,BBOB,BaseClass,SD,MaxFeval,MaxFevalPerDimensions,FevalPerDimensions,SolveAt1,SolveAt1e-1,SolveAt1e-3,SolveAt1e-6,SolveEarlierAt1,SolveEarlierAt1e-1,SolveEarlierAt1e-3,SolveEarlierAt1e-6,simNumber
0,[-0.3582063 -0.1199457],20000,NiaPyNelderMead,ExponentialN2,0.3777548424913896,0.007167674245876721,143.61666758618045,0.950070291999964,Continuous,Differentiable,Non-Separable,Scalable,Multimodal,2,True,False,Exponential,0.0,20000,10000.0,10000.0,True,True,False,False,1,1,,,6
1,[-9.90866011e-01 -1.88272173e-06],20000,NiaPyPSO,ExponentialN2,0.9908660110990378,1.7723600365116e-12,891.0986073960519,0.7494036990001405,Continuous,Differentiable,Non-Separable,Scalable,Multimodal,2,True,False,Exponential,0.0,20000,10000.0,10000.0,True,True,True,True,1,2,6.0,764.0,6
2,[-6.96688440e-01  1.22692712e-05],20000,NiaPySimulatedAnnealing,ExponentialN2,0.6966884399598609,7.526745893216003e-11,2496.9377361744246,0.782941947999916,Continuous,Differentiable,Non-Separable,Scalable,Multimodal,2,True,False,Exponential,0.0,20000,10000.0,10000.0,True,True,True,True,1,9,48.0,123.0,6
3,[ 0.5        -0.00088937],20000,NiaPyCuckooSearch,ExponentialN2,0.5000007909864272,3.954934482131023e-07,2198.5463540175074,0.5252616029997625,Continuous,Differentiable,Non-Separable,Scalable,Multimodal,2,True,False,Exponential,0.0,20000,10000.0,10000.0,True,True,True,True,1,5,5.0,4231.0,6
4,[-7.09003309e-01  6.61444011e-10],20000,NiaPyDifferentialEvolution,ExponentialN2,0.7090033090993662,0.0,20.939464093915632,3.087584705000154,Continuous,Differentiable,Non-Separable,Scalable,Multimodal,2,True,False,Exponential,0.0,20000,10000.0,10000.0,True,True,True,True,1,1,21.0,254.0,6
5,[-6.53227232e-01  2.41505188e-05],20000,RandomSearch1,ExponentialN2,0.6532272328625481,2.916237251682219e-10,2152.0414090342124,0.3926318970002285,Continuous,Differentiable,Non-Separable,Scalable,Multimodal,2,True,False,Exponential,0.0,20000,10000.0,10000.0,True,True,True,True,1,1,21.0,263.0,6
6,[1.14076065e-02 3.86605955e-05],19999,RandomSearch2,ExponentialN2,0.011407672016541413,7.473208718522528e-10,2159.524084732243,0.45690909199993257,Continuous,Differentiable,Non-Separable,Scalable,Multimodal,2,True,False,Exponential,0.0,20000,10000.0,9999.5,True,True,True,True,1,1,56.0,160.0,6
7,[-5.43868411e-01  7.33040979e-09],415,CMAES,ExponentialN2,0.5438684113527005,0.0,4.968562296216918,0.15491719200008447,Continuous,Differentiable,Non-Separable,Scalable,Multimodal,2,True,False,Exponential,0.0,20000,10000.0,207.5,True,True,True,True,1,4,10.0,123.0,6
