,BestArm,NumberFunctionEval,Algorithm,CostFunction,EuclideanDistance,TrueRewardDifference,CumulativeRegret,TimeToComplete,Continuous,Differentiability,Separability,Scalability,Modality,Ndimensions,OptimizationSuccessful,BBOB,BaseClass,SD,MaxFeval,MaxFevalPerDimensions,FevalPerDimensions,SolveAt1,SolveAt1e-1,SolveAt1e-3,SolveAt1e-6,SolveEarlierAt1,SolveEarlierAt1e-1,SolveEarlierAt1e-3,SolveEarlierAt1e-6,simNumber
0,[-0.46150879  0.08239736],40,NiaPyNelderMead,ExponentialN2,0.46880666894554895,0.003388907511542638,0.648558716422814,0.0023102979999976014,Continuous,Differentiable,Non-Separable,Scalable,Multimodal,2,True,False,Exponential,0.0,40,20.0,20.0,True,True,False,False,1,1,,,7
1,[ 0.22761073 -0.0128932 ],40,NiaPyPSO,ExponentialN2,0.22797561117288104,8.311379532599528e-05,2.604743334729619,0.0017378710000031106,Continuous,Differentiable,Non-Separable,Scalable,Multimodal,2,True,False,Exponential,0.0,40,20.0,20.0,True,True,True,False,1,1,1.0,,7
2,[-0.86736188 -0.00349665],40,NiaPySimulatedAnnealing,ExponentialN2,0.8673689283891315,6.113267389640242e-06,6.08782772546117,0.00181758600000137,Continuous,Differentiable,Non-Separable,Scalable,Multimodal,2,True,False,Exponential,0.0,40,20.0,20.0,True,True,True,False,1,6,12.0,,7
3,[-0.49262808 -0.01241897],40,NiaPyCuckooSearch,ExponentialN2,0.49278459842557665,7.711239093166622e-05,4.315651941803642,0.0014775230000054762,Continuous,Differentiable,Non-Separable,Scalable,Multimodal,2,True,False,Exponential,0.0,40,20.0,20.0,True,True,True,False,1,2,8.0,,7
4,[-0.95111385  0.02345799],40,NiaPyDifferentialEvolution,ExponentialN2,0.9514030864501909,0.0002751009020035555,5.599357552057076,0.0056616079999969315,Continuous,Differentiable,Non-Separable,Scalable,Multimodal,2,True,False,Exponential,0.0,40,20.0,20.0,True,True,True,False,1,1,21.0,,7
5,[-0.88889295 -0.00295176],40,RandomSearch1,ExponentialN2,0.8888978486609711,4.356424914253587e-06,4.71123219625556,0.0013924830000036081,Continuous,Differentiable,Non-Separable,Scalable,Multimodal,2,True,False,Exponential,0.0,40,20.0,20.0,True,True,True,False,1,1,1.0,,7
6,[-0.60698426  0.00424349],39,RandomSearch2,ExponentialN2,0.6069990933854873,9.003576089239296e-06,2.7973472394632672,0.0014696839999999156,Continuous,Differentiable,Non-Separable,Scalable,Multimodal,2,True,False,Exponential,0.0,40,20.0,19.5,True,True,True,False,1,1,1.0,,7
7,[11.01223391  0.06500896],43,CMAES,ExponentialN2,11.012425797810016,0.0021108512974624682,7.007842349626882,0.054945939999996085,Continuous,Differentiable,Non-Separable,Scalable,Multimodal,2,True,False,Exponential,0.0,40,20.0,21.5,True,True,False,False,1,1,,,7
