,BestArm,NumberFunctionEval,Algorithm,CostFunction,EuclideanDistance,TrueRewardDifference,CumulativeRegret,TimeToComplete,Continuous,Differentiability,Separability,Scalability,Modality,Ndimensions,OptimizationSuccessful,BBOB,BaseClass,SD,MaxFeval,MaxFevalPerDimensions,FevalPerDimensions,SolveAt1,SolveAt1e-1,SolveAt1e-3,SolveAt1e-6,SolveEarlierAt1,SolveEarlierAt1e-1,SolveEarlierAt1e-3,SolveEarlierAt1e-6,simNumber
0,[ 0.219817   -0.13075027],200,NiaPyNelderMead,ExponentialN2,0.2557638471856582,0.008511387255921155,79.2326144541473,0.011249488000004249,Continuous,Differentiable,Non-Separable,Scalable,Multimodal,2,True,False,Exponential,3.0,200,100.0,100.0,True,True,False,False,1,1,,,0
1,[-0.05555555  0.04205009],200,NiaPyPSO,ExponentialN2,0.06967516788407078,0.0008837143352377064,-86.3881872884632,0.009359809999978097,Continuous,Differentiable,Non-Separable,Scalable,Multimodal,2,True,False,Exponential,3.0,200,100.0,100.0,True,True,True,False,1,1,6.0,161.0,0
2,[-0.37029624 -0.14356684],200,NiaPySimulatedAnnealing,ExponentialN2,0.39715329755068784,0.010252797008582948,17.509356008494862,0.010036991999982092,Continuous,Differentiable,Non-Separable,Scalable,Multimodal,2,True,False,Exponential,3.0,200,100.0,100.0,True,True,False,False,1,2,5.0,,0
3,[-0.68977653 -0.28322364],200,NiaPyCuckooSearch,ExponentialN2,0.7456589691377525,0.039314143670326374,43.53271291374428,0.007600377000017033,Continuous,Differentiable,Non-Separable,Scalable,Multimodal,2,True,False,Exponential,3.0,200,100.0,100.0,True,True,False,False,1,1,18.0,,0
4,[-0.37208967  0.21921375],200,NiaPyDifferentialEvolution,ExponentialN2,0.43186270226866535,0.023740975817855614,14.56941322760147,0.033458209000002626,Continuous,Differentiable,Non-Separable,Scalable,Multimodal,2,True,False,Exponential,3.0,200,100.0,100.0,True,True,False,False,1,1,6.0,,0
5,[-0.12985333  0.13541107],200,RandomSearch1,ExponentialN2,0.1876114196808396,0.009126180688771468,20.66019752535702,0.005937756999998101,Continuous,Differentiable,Non-Separable,Scalable,Multimodal,2,True,False,Exponential,3.0,200,100.0,100.0,True,True,False,False,1,1,3.0,,0
6,[-0.0026012  -0.85156093],199,RandomSearch2,ExponentialN2,0.8515649073142131,0.30411997582821326,58.18298941495036,0.006111256999986381,Continuous,Differentiable,Non-Separable,Scalable,Multimodal,2,True,False,Exponential,3.0,200,100.0,99.5,True,False,False,False,1,1,18.0,,0
7,[-0.60536199  0.11132388],205,CMAES,ExponentialN2,0.6155129158283105,0.006177344198393664,34.66219568141882,0.0975396519999947,Continuous,Differentiable,Non-Separable,Scalable,Multimodal,2,True,False,Exponential,3.0,200,100.0,102.5,True,True,False,False,1,5,15.0,,0
