,BestArm,NumberFunctionEval,Algorithm,CostFunction,EuclideanDistance,TrueRewardDifference,CumulativeRegret,TimeToComplete,Continuous,Differentiability,Separability,Scalability,Modality,Ndimensions,OptimizationSuccessful,BBOB,BaseClass,SD,MaxFeval,MaxFevalPerDimensions,FevalPerDimensions,SolveAt1,SolveAt1e-1,SolveAt1e-3,SolveAt1e-6,SolveEarlierAt1,SolveEarlierAt1e-1,SolveEarlierAt1e-3,SolveEarlierAt1e-6,simNumber
0,[-0.18248417  0.03788354],20000,NiaPyNelderMead,ExponentialN2,0.1863749858482678,0.0007173239949335164,14.495185756396499,0.9100993170000038,Continuous,Differentiable,Non-Separable,Scalable,Multimodal,2,True,False,Exponential,0.0,20000,10000.0,10000.0,True,True,True,False,1,2,5,,2
1,[ 4.67914510e-01 -4.88685304e-06],20000,NiaPyPSO,ExponentialN2,0.4679145102750373,1.1940670674448484e-11,883.3596490114019,0.7232079580003301,Continuous,Differentiable,Non-Separable,Scalable,Multimodal,2,True,False,Exponential,0.0,20000,10000.0,10000.0,True,True,True,True,1,2,6,66.0,2
2,[ 3.60830891e-01 -2.58891485e-05],20000,NiaPySimulatedAnnealing,ExponentialN2,0.3608308923357821,3.351240396298749e-10,2348.903023695072,0.7768880469998294,Continuous,Differentiable,Non-Separable,Scalable,Multimodal,2,True,False,Exponential,0.0,20000,10000.0,10000.0,True,True,True,True,1,1,34,34.0,2
3,[-0.22413384  0.00079798],20000,NiaPyCuckooSearch,ExponentialN2,0.22413526375650564,3.1838897163183333e-07,2064.138253340784,0.509673622000264,Continuous,Differentiable,Non-Separable,Scalable,Multimodal,2,True,False,Exponential,0.0,20000,10000.0,10000.0,True,True,True,True,1,3,5,10376.0,2
4,[-7.42217007e-01  9.26109578e-09],20000,NiaPyDifferentialEvolution,ExponentialN2,0.7422170070624851,0.0,21.710453232254554,3.083069751000039,Continuous,Differentiable,Non-Separable,Scalable,Multimodal,2,True,False,Exponential,0.0,20000,10000.0,10000.0,True,True,True,True,1,3,7,345.0,2
5,[1.17677681e-02 1.32615369e-05],20000,RandomSearch1,ExponentialN2,0.011767775568129787,8.793421546471336e-11,2199.9881796727645,0.39203717600003074,Continuous,Differentiable,Non-Separable,Scalable,Multimodal,2,True,False,Exponential,0.0,20000,10000.0,10000.0,True,True,True,True,1,1,3,200.0,2
6,[-3.78549223e-01 -3.65063458e-05],19999,RandomSearch2,ExponentialN2,0.3785492249266298,6.663566365361362e-10,2211.131858483949,0.45459119599991027,Continuous,Differentiable,Non-Separable,Scalable,Multimodal,2,True,False,Exponential,0.0,20000,10000.0,9999.5,True,True,True,True,1,1,36,420.0,2
7,[ 1.18436866e+00 -3.14046131e-09],373,CMAES,ExponentialN2,1.1843686552550539,0.0,2.1339064268124712,0.14281725199998618,Continuous,Differentiable,Non-Separable,Scalable,Multimodal,2,True,False,Exponential,0.0,20000,10000.0,186.5,True,True,True,True,1,1,19,61.0,2
