,BestArm,NumberFunctionEval,Algorithm,CostFunction,EuclideanDistance,TrueRewardDifference,CumulativeRegret,TimeToComplete,Continuous,Differentiability,Separability,Scalability,Modality,Ndimensions,OptimizationSuccessful,BBOB,BaseClass,SD,MaxFeval,MaxFevalPerDimensions,FevalPerDimensions,SolveAt1,SolveAt1e-1,SolveAt1e-3,SolveAt1e-6,SolveEarlierAt1,SolveEarlierAt1e-1,SolveEarlierAt1e-3,SolveEarlierAt1e-6,simNumber
0,[0.09713121 0.47132507],40,NiaPyNelderMead,ExponentialN2,0.4812294581706831,0.10512716970828406,7.54037692802004,0.002876001999993605,Continuous,Differentiable,Non-Separable,Scalable,Multimodal,2,True,False,Exponential,3.0,40,20.0,20.0,True,False,False,False,1,1,,,3
1,[-0.17736579 -0.17229374],40,NiaPyPSO,ExponentialN2,0.2472726363374683,0.01473295879310188,-2.4780931833659876,0.002401251000009097,Continuous,Differentiable,Non-Separable,Scalable,Multimodal,2,True,False,Exponential,3.0,40,20.0,20.0,True,True,False,False,1,1,12.0,32.0,3
2,[-0.03684403 -0.51934636],40,NiaPySimulatedAnnealing,ExponentialN2,0.5206516378729432,0.12616204154654653,-27.79014192329841,0.0024624190000110957,Continuous,Differentiable,Non-Separable,Scalable,Multimodal,2,True,False,Exponential,3.0,40,20.0,20.0,True,False,False,False,1,5,17.0,,3
3,[-0.35514548 -0.47171148],40,NiaPyCuckooSearch,ExponentialN2,0.5904574769532828,0.10529019942240703,16.590142454876748,0.0017881689999938999,Continuous,Differentiable,Non-Separable,Scalable,Multimodal,2,True,False,Exponential,3.0,40,20.0,20.0,True,False,False,False,1,1,10.0,20.0,3
4,[-0.48478291  0.02910928],40,NiaPyDifferentialEvolution,ExponentialN2,0.4856560701746224,0.00042358543775822266,-10.548645482266071,0.006386112000001276,Continuous,Differentiable,Non-Separable,Scalable,Multimodal,2,True,False,Exponential,3.0,40,20.0,20.0,True,True,True,False,1,4,5.0,,3
5,[-0.0610324  -0.70824706],40,RandomSearch1,ExponentialN2,0.710871894876453,0.22182741578794696,-32.03401752759065,0.001375045999992608,Continuous,Differentiable,Non-Separable,Scalable,Multimodal,2,True,False,Exponential,3.0,40,20.0,20.0,True,False,False,False,1,2,6.0,,3
6,[-0.41476858  0.4556532 ],39,RandomSearch2,ExponentialN2,0.6161597308491925,0.0986033816891071,-24.34003317573037,0.002040590000007114,Continuous,Differentiable,Non-Separable,Scalable,Multimodal,2,True,False,Exponential,3.0,40,20.0,19.5,True,True,False,False,1,2,18.0,,3
7,[-0.30787009 -1.48325502],43,CMAES,ExponentialN2,1.5148694489927341,0.6671364819995371,-23.911692027400562,0.053953751000008765,Continuous,Differentiable,Non-Separable,Scalable,Multimodal,2,True,False,Exponential,3.0,40,20.0,21.5,True,False,False,False,1,2,,,3
