,BestArm,NumberFunctionEval,Algorithm,CostFunction,EuclideanDistance,TrueRewardDifference,CumulativeRegret,TimeToComplete,Continuous,Differentiability,Separability,Scalability,Modality,Ndimensions,OptimizationSuccessful,BBOB,BaseClass,SD,MaxFeval,MaxFevalPerDimensions,FevalPerDimensions,SolveAt1,SolveAt1e-1,SolveAt1e-3,SolveAt1e-6,SolveEarlierAt1,SolveEarlierAt1e-1,SolveEarlierAt1e-3,SolveEarlierAt1e-6,simNumber
0,[-0.18592953  0.00914048],40,NiaPyNelderMead,ExponentialN2,0.18615407143233226,4.1773318842697194e-05,0.2557106992008006,0.0026106129999874383,Continuous,Differentiable,Non-Separable,Scalable,Multimodal,2,True,False,Exponential,0.0,40,20.0,20.0,True,True,True,False,1,1,4.0,,6
1,[ 0.35719344 -0.00692776],40,NiaPyPSO,ExponentialN2,0.35726061273817017,2.3996653103708354e-05,3.2053586137005143,0.00170415800000967,Continuous,Differentiable,Non-Separable,Scalable,Multimodal,2,True,False,Exponential,0.0,40,20.0,20.0,True,True,True,False,1,1,34.0,,6
2,[ 0.03522204 -0.1841775 ],40,NiaPySimulatedAnnealing,ExponentialN2,0.18751518146537188,0.016817653092602747,9.526046119037364,0.00186584600000117,Continuous,Differentiable,Non-Separable,Scalable,Multimodal,2,True,False,Exponential,0.0,40,20.0,20.0,True,True,False,False,1,28,,,6
3,[-0.92423438  0.02193625],40,NiaPyCuckooSearch,ExponentialN2,0.9244946677843635,0.00024057052616588415,4.722732163406544,0.001256562999998323,Continuous,Differentiable,Non-Separable,Scalable,Multimodal,2,True,False,Exponential,0.0,40,20.0,20.0,True,True,True,False,1,1,7.0,,6
4,[-0.31856497  0.00990038],40,NiaPyDifferentialEvolution,ExponentialN2,0.3187187711529776,4.900755774839283e-05,5.31403610773861,0.00597861900000396,Continuous,Differentiable,Non-Separable,Scalable,Multimodal,2,True,False,Exponential,0.0,40,20.0,20.0,True,True,True,False,1,1,5.0,,6
5,[-0.40997382 -0.0035384 ],40,RandomSearch1,ExponentialN2,0.4099890865754693,6.260115334333349e-06,3.788785367741446,0.001182384000003367,Continuous,Differentiable,Non-Separable,Scalable,Multimodal,2,True,False,Exponential,0.0,40,20.0,20.0,True,True,True,False,1,1,1.0,,6
6,[-0.77424011  0.00947744],39,RandomSearch2,ExponentialN2,0.7742981191727473,4.490990534899986e-05,4.591908186614054,0.0011169419999959018,Continuous,Differentiable,Non-Separable,Scalable,Multimodal,2,True,False,Exponential,0.0,40,20.0,19.5,True,True,True,False,1,1,1.0,,6
7,[-0.74546029 -0.00716394],43,CMAES,ExponentialN2,0.7454947102235335,2.5660654929593463e-05,2.5199464587297196,0.05295085200000926,Continuous,Differentiable,Non-Separable,Scalable,Multimodal,2,True,False,Exponential,0.0,40,20.0,21.5,True,True,True,False,1,1,17.0,,6
