,BestArm,NumberFunctionEval,Algorithm,CostFunction,EuclideanDistance,TrueRewardDifference,CumulativeRegret,TimeToComplete,Continuous,Differentiability,Separability,Scalability,Modality,Ndimensions,OptimizationSuccessful,BBOB,BaseClass,SD,MaxFeval,MaxFevalPerDimensions,FevalPerDimensions,SolveAt1,SolveAt1e-1,SolveAt1e-3,SolveAt1e-6,SolveEarlierAt1,SolveEarlierAt1e-1,SolveEarlierAt1e-3,SolveEarlierAt1e-6,simNumber
0,[-0.84202157  0.03992527],200,NiaPyNelderMead,ExponentialN2,0.8429675853862694,0.0007966960569003589,0.44122245802439664,0.010609891000001426,Continuous,Differentiable,Non-Separable,Scalable,Multimodal,2,True,False,Exponential,0.0,200,100.0,100.0,True,True,True,False,1,1,6.0,,6
1,[0.44548753 0.00449439],200,NiaPyPSO,ExponentialN2,0.4455102001298906,1.0099700310961524e-05,14.287959603030373,0.007531701000004887,Continuous,Differentiable,Non-Separable,Scalable,Multimodal,2,True,False,Exponential,0.0,200,100.0,100.0,True,True,True,False,1,2,10.0,,6
2,[-0.87327056 -0.00235939],200,NiaPySimulatedAnnealing,ExponentialN2,0.873273751283099,2.7833559963497123e-06,30.779338333229013,0.007966124999995827,Continuous,Differentiable,Non-Separable,Scalable,Multimodal,2,True,False,Exponential,0.0,200,100.0,100.0,True,True,True,False,1,1,23.0,,6
3,[-0.06176341  0.05607561],200,NiaPyCuckooSearch,ExponentialN2,0.08342177587460257,0.001571001571484043,33.78861156154893,0.005578463000006195,Continuous,Differentiable,Non-Separable,Scalable,Multimodal,2,True,False,Exponential,0.0,200,100.0,100.0,True,True,False,False,1,1,,,6
4,[ 0.18943851 -0.00203614],200,NiaPyDifferentialEvolution,ExponentialN2,0.18944945256305995,2.0729357990134645e-06,18.95679222495957,0.029100414999987834,Continuous,Differentiable,Non-Separable,Scalable,Multimodal,2,True,False,Exponential,0.0,200,100.0,100.0,True,True,True,False,1,1,7.0,,6
5,[-0.65360024 -0.01545911],200,RandomSearch1,ExponentialN2,0.6537830308730453,0.00011948490328950179,23.802285576321857,0.004187721000022293,Continuous,Differentiable,Non-Separable,Scalable,Multimodal,2,True,False,Exponential,0.0,200,100.0,100.0,True,True,True,False,1,1,4.0,,6
6,[-0.71464337 -0.00585003],199,RandomSearch2,ExponentialN2,0.7146673099738545,1.711126901404736e-05,22.384590102343232,0.004808558000007679,Continuous,Differentiable,Non-Separable,Scalable,Multimodal,2,True,False,Exponential,0.0,200,100.0,99.5,True,True,True,False,1,1,62.0,,6
7,[4.24728522e-01 1.03744223e-07],205,CMAES,ExponentialN2,0.4247285223255943,5.329070518200751e-15,1.8774938126653917,0.09277651899998318,Continuous,Differentiable,Non-Separable,Scalable,Multimodal,2,True,False,Exponential,0.0,200,100.0,102.5,True,True,True,True,1,1,2.0,7.0,6
