,BestArm,NumberFunctionEval,Algorithm,CostFunction,EuclideanDistance,TrueRewardDifference,CumulativeRegret,TimeToComplete,Continuous,Differentiability,Separability,Scalability,Modality,Ndimensions,OptimizationSuccessful,BBOB,BaseClass,SD,MaxFeval,MaxFevalPerDimensions,FevalPerDimensions,SolveAt1,SolveAt1e-1,SolveAt1e-3,SolveAt1e-6,SolveEarlierAt1,SolveEarlierAt1e-1,SolveEarlierAt1e-3,SolveEarlierAt1e-6,simNumber
0,[-0.31838418 -0.08833814],40,NiaPyNelderMead,ExponentialN2,0.33041203048454804,0.0038942109265833746,-7.350862581978124,0.0026449140000011084,Continuous,Differentiable,Non-Separable,Scalable,Multimodal,2,True,False,Exponential,3.0,40,20.0,20.0,True,True,False,False,1,2,2,,0
1,[ 0.29670753 -0.23166784],40,NiaPyPSO,ExponentialN2,0.3764377041079177,0.02647813497178475,35.361287878434744,0.0021547389999909683,Continuous,Differentiable,Non-Separable,Scalable,Multimodal,2,True,False,Exponential,3.0,40,20.0,20.0,True,True,False,False,1,1,6,,0
2,[-0.26537675  0.2228635 ],40,NiaPySimulatedAnnealing,ExponentialN2,0.34654431183002193,0.02452824192464187,7.230337010182994,0.002122890999999072,Continuous,Differentiable,Non-Separable,Scalable,Multimodal,2,True,False,Exponential,3.0,40,20.0,20.0,True,True,False,False,1,1,4,8.0,0
3,[-0.43725508 -0.94608209],40,NiaPyCuckooSearch,ExponentialN2,1.0422395702011324,0.3607985760040878,11.588469927566251,0.001863288999999213,Continuous,Differentiable,Non-Separable,Scalable,Multimodal,2,True,False,Exponential,3.0,40,20.0,20.0,True,False,False,False,1,1,8,,0
4,[-0.64799163 -0.53725224],40,NiaPyDifferentialEvolution,ExponentialN2,0.8417440953854262,0.13438927902836084,19.99802475177086,0.0060298180000017965,Continuous,Differentiable,Non-Separable,Scalable,Multimodal,2,True,False,Exponential,3.0,40,20.0,20.0,True,False,False,False,1,1,11,,0
5,[ 0.09387329 -0.49252388],40,RandomSearch1,ExponentialN2,0.5013900370423078,0.11422285279316935,-10.119107728619827,0.0011778980000087813,Continuous,Differentiable,Non-Separable,Scalable,Multimodal,2,True,False,Exponential,3.0,40,20.0,20.0,True,False,False,False,1,2,6,,0
6,[-0.9495323  -0.30012456],39,RandomSearch2,ExponentialN2,0.9958344970990993,0.04403824732151096,-15.96309061582541,0.0013057049999929404,Continuous,Differentiable,Non-Separable,Scalable,Multimodal,2,True,False,Exponential,3.0,40,20.0,19.5,True,True,False,False,1,2,20,,0
7,[-0.70999336 -0.97060193],43,CMAES,ExponentialN2,1.2025633801704518,0.37564368309621343,5.704752879952572,0.0528779400000019,Continuous,Differentiable,Non-Separable,Scalable,Multimodal,2,True,False,Exponential,3.0,40,20.0,21.5,True,False,False,False,1,3,17,,0
