,BestArm,NumberFunctionEval,Algorithm,CostFunction,EuclideanDistance,TrueRewardDifference,CumulativeRegret,TimeToComplete,Continuous,Differentiability,Separability,Scalability,Modality,Ndimensions,OptimizationSuccessful,BBOB,BaseClass,SD,MaxFeval,MaxFevalPerDimensions,FevalPerDimensions,SolveAt1,SolveAt1e-1,SolveAt1e-3,SolveAt1e-6,SolveEarlierAt1,SolveEarlierAt1e-1,SolveEarlierAt1e-3,SolveEarlierAt1e-6,simNumber
0,[0.29260755 0.07687253],20000,NiaPyNelderMead,ExponentialN2,0.30253688005094637,0.002950331915974491,59.12338371515423,0.9394888140000148,Continuous,Differentiable,Non-Separable,Scalable,Multimodal,2,True,False,Exponential,0.0,20000,10000.0,10000.0,True,True,False,False,1,1,,,3
1,[-1.00000000e+00 -1.00820525e-06],20000,NiaPyPSO,ExponentialN2,1.0000000000005083,5.082601006733967e-13,913.7429273921845,0.7269919880000089,Continuous,Differentiable,Non-Separable,Scalable,Multimodal,2,True,False,Exponential,0.0,20000,10000.0,10000.0,True,True,True,True,1,2,2.0,2.0,3
2,[-2.57696961e-01 -1.39437019e-05],20000,NiaPySimulatedAnnealing,ExponentialN2,0.2576969613008448,9.721345950453042e-11,2435.241185532453,0.7782867330001864,Continuous,Differentiable,Non-Separable,Scalable,Multimodal,2,True,False,Exponential,0.0,20000,10000.0,10000.0,True,True,True,True,1,1,3.0,3.0,3
3,[-0.16314468  0.00036045],20000,NiaPyCuckooSearch,ExponentialN2,0.16314507737314765,6.496190219085207e-08,2177.5951063445546,0.5141288690001602,Continuous,Differentiable,Non-Separable,Scalable,Multimodal,2,True,False,Exponential,0.0,20000,10000.0,10000.0,True,True,True,True,1,1,1.0,15007.0,3
4,[-1.00000000e+00 -3.88472543e-09],20000,NiaPyDifferentialEvolution,ExponentialN2,1.0,0.0,16.89311782590122,3.078620514999784,Continuous,Differentiable,Non-Separable,Scalable,Multimodal,2,True,False,Exponential,0.0,20000,10000.0,10000.0,True,True,True,True,1,1,16.0,182.0,3
5,[ 7.87169211e-02 -2.91415826e-05],20000,RandomSearch1,ExponentialN2,0.07871692654316427,4.2461589799813737e-10,2186.3093768328235,0.39594734499996775,Continuous,Differentiable,Non-Separable,Scalable,Multimodal,2,True,False,Exponential,0.0,20000,10000.0,10000.0,True,True,True,True,1,1,41.0,580.0,3
6,[4.77345277e-02 1.56403385e-05],19999,RandomSearch2,ExponentialN2,0.04773453027089556,1.2231005097618208e-10,2172.7400135031494,0.45789732000002914,Continuous,Differentiable,Non-Separable,Scalable,Multimodal,2,True,False,Exponential,0.0,20000,10000.0,9999.5,True,True,True,True,1,1,10.0,234.0,3
7,[-3.68357107e-01 -8.08523906e-09],385,CMAES,ExponentialN2,0.36835710684638223,0.0,4.3235079586098015,0.14312107600017043,Continuous,Differentiable,Non-Separable,Scalable,Multimodal,2,True,False,Exponential,0.0,20000,10000.0,192.5,True,True,True,True,1,3,14.0,95.0,3
