,BestArm,NumberFunctionEval,Algorithm,CostFunction,EuclideanDistance,TrueRewardDifference,CumulativeRegret,TimeToComplete,Continuous,Differentiability,Separability,Scalability,Modality,Ndimensions,OptimizationSuccessful,BBOB,BaseClass,SD,MaxFeval,MaxFevalPerDimensions,FevalPerDimensions,SolveAt1,SolveAt1e-1,SolveAt1e-3,SolveAt1e-6,SolveEarlierAt1,SolveEarlierAt1e-1,SolveEarlierAt1e-3,SolveEarlierAt1e-6,simNumber
0,[-0.44635065  0.15599637],40,NiaPyNelderMead,ExponentialN2,0.4728253046567416,0.012093710356343323,0.8423880598744894,0.0022627880000101186,Continuous,Differentiable,Non-Separable,Scalable,Multimodal,2,True,False,Exponential,0.0,40,20.0,20.0,True,True,False,False,1,2,,,5
1,[ 0.25215373 -0.00223584],40,NiaPyPSO,ExponentialN2,0.2521636463157871,2.499477506523462e-06,4.4529868572972235,0.0017191809999985708,Continuous,Differentiable,Non-Separable,Scalable,Multimodal,2,True,False,Exponential,0.0,40,20.0,20.0,True,True,True,False,1,1,4.0,,5
2,[ 0.4997242  -0.01086222],40,NiaPySimulatedAnnealing,ExponentialN2,0.49984223701235697,5.89921626443779e-05,3.60313335598003,0.0018054380000052106,Continuous,Differentiable,Non-Separable,Scalable,Multimodal,2,True,False,Exponential,0.0,40,20.0,20.0,True,True,True,False,1,8,27.0,,5
3,[ 0.16863552 -0.02931568],40,NiaPyCuckooSearch,ExponentialN2,0.17116468279224561,0.0004296122776766831,3.8385136931722688,0.0013769469999971307,Continuous,Differentiable,Non-Separable,Scalable,Multimodal,2,True,False,Exponential,0.0,40,20.0,20.0,True,True,True,False,1,3,3.0,,5
4,[ 0.18511755 -0.00245795],40,NiaPyDifferentialEvolution,ExponentialN2,0.18513386604206264,3.020744617110438e-06,3.5138819990104735,0.005765976999995814,Continuous,Differentiable,Non-Separable,Scalable,Multimodal,2,True,False,Exponential,0.0,40,20.0,20.0,True,True,True,False,1,1,2.0,,5
5,[-0.75796271  0.00319717],40,RandomSearch1,ExponentialN2,0.7579694510759396,5.110929987561796e-06,4.668531072582274,0.0009439479999997502,Continuous,Differentiable,Non-Separable,Scalable,Multimodal,2,True,False,Exponential,0.0,40,20.0,20.0,True,True,True,False,1,1,1.0,,5
6,[-0.02304593 -0.02304593],39,RandomSearch2,ExponentialN2,0.03259187141024424,0.0002655222632281795,4.181983215298123,0.001074567999992837,Continuous,Differentiable,Non-Separable,Scalable,Multimodal,2,True,False,Exponential,0.0,40,20.0,19.5,True,True,True,False,1,1,1.0,,5
7,[ 1.97461377e+00 -1.24553680e-03],43,CMAES,ExponentialN2,1.9746141643711372,7.756806549297224e-07,2.2525031886180185,0.05225793599998951,Continuous,Differentiable,Non-Separable,Scalable,Multimodal,2,True,False,Exponential,0.0,40,20.0,21.5,True,True,True,True,1,2,3.0,29.0,5
