,BestArm,NumberFunctionEval,Algorithm,CostFunction,EuclideanDistance,TrueRewardDifference,CumulativeRegret,TimeToComplete,Continuous,Differentiability,Separability,Scalability,Modality,Ndimensions,OptimizationSuccessful,BBOB,BaseClass,SD,MaxFeval,MaxFevalPerDimensions,FevalPerDimensions,SolveAt1,SolveAt1e-1,SolveAt1e-3,SolveAt1e-6,SolveEarlierAt1,SolveEarlierAt1e-1,SolveEarlierAt1e-3,SolveEarlierAt1e-6,simNumber
0,[ 0.12667288 -0.02815719],20000,NiaPyNelderMead,ExponentialN2,0.12976457633808386,0.00039633519014403706,8.329987189004463,0.9205625520003196,Continuous,Differentiable,Non-Separable,Scalable,Multimodal,2,True,False,Exponential,0.0,20000,10000.0,10000.0,True,True,True,False,1,2,6,,1
1,[ 5.00000000e-01 -7.79319328e-06],20000,NiaPyPSO,ExponentialN2,0.5000000000607339,3.0366931191849744e-11,884.3046193809141,0.7317326969996429,Continuous,Differentiable,Non-Separable,Scalable,Multimodal,2,True,False,Exponential,0.0,20000,10000.0,10000.0,True,True,True,True,1,2,46,92.0,1
2,[-4.06698952e-01 -3.56724294e-05],20000,NiaPySimulatedAnnealing,ExponentialN2,0.40669895328139055,6.362611548738073e-10,2514.9289594879933,0.7678786520000358,Continuous,Differentiable,Non-Separable,Scalable,Multimodal,2,True,False,Exponential,0.0,20000,10000.0,10000.0,True,True,True,True,1,1,12,153.0,1
3,[ 0.16347046 -0.00059346],20000,NiaPyCuckooSearch,ExponentialN2,0.1634715367930079,1.7609787672512311e-07,2301.1459803738803,0.5066616089998206,Continuous,Differentiable,Non-Separable,Scalable,Multimodal,2,True,False,Exponential,0.0,20000,10000.0,10000.0,True,True,True,True,1,1,5,7112.0,1
4,[-7.08301806e-01  4.30276348e-09],20000,NiaPyDifferentialEvolution,ExponentialN2,0.7083018058422759,0.0,15.062143715613779,3.0584004520001145,Continuous,Differentiable,Non-Separable,Scalable,Multimodal,2,True,False,Exponential,0.0,20000,10000.0,10000.0,True,True,True,True,1,1,34,258.0,1
5,[-6.40702091e-01  2.21153383e-05],20000,RandomSearch1,ExponentialN2,0.6407020911698388,2.4454405167517734e-10,2182.097836942004,0.38569330900008936,Continuous,Differentiable,Non-Separable,Scalable,Multimodal,2,True,False,Exponential,0.0,20000,10000.0,10000.0,True,True,True,True,1,1,19,918.0,1
6,[-3.65904768e-01 -3.83427967e-05],19999,RandomSearch2,ExponentialN2,0.36590476991717547,7.350849928755565e-10,2202.8618785477956,0.45633656100017106,Continuous,Differentiable,Non-Separable,Scalable,Multimodal,2,True,False,Exponential,0.0,20000,10000.0,9999.5,True,True,True,True,1,1,28,68.0,1
7,[8.77154592e-01 6.44024560e-09],379,CMAES,ExponentialN2,0.8771545924587631,0.0,3.496642395972178,0.14276743900018118,Continuous,Differentiable,Non-Separable,Scalable,Multimodal,2,True,False,Exponential,0.0,20000,10000.0,189.5,True,True,True,True,1,1,17,77.0,1
