,BestArm,NumberFunctionEval,Algorithm,CostFunction,EuclideanDistance,TrueRewardDifference,CumulativeRegret,TimeToComplete,Continuous,Differentiability,Separability,Scalability,Modality,Ndimensions,OptimizationSuccessful,BBOB,BaseClass,SD,MaxFeval,MaxFevalPerDimensions,FevalPerDimensions,SolveAt1,SolveAt1e-1,SolveAt1e-3,SolveAt1e-6,SolveEarlierAt1,SolveEarlierAt1e-1,SolveEarlierAt1e-3,SolveEarlierAt1e-6,simNumber
0,[ 0.45733972 -0.85017692],200,NiaPyNelderMead,ExponentialN2,0.9653809684233325,0.30330001272807683,127.71760748267961,0.010956432999989829,Continuous,Differentiable,Non-Separable,Scalable,Multimodal,2,True,False,Exponential,3.0,200,100.0,100.0,True,False,False,False,1,2,,,7
1,[-0.73418966  0.5       ],200,NiaPyPSO,ExponentialN2,0.8882761192347404,0.11750309741540454,-5.809603936169816,0.00924978599999804,Continuous,Differentiable,Non-Separable,Scalable,Multimodal,2,True,False,Exponential,3.0,200,100.0,100.0,True,False,False,False,1,1,121.0,,7
2,[-1.         -0.70251559],200,NiaPySimulatedAnnealing,ExponentialN2,1.2220998979842583,0.21867499827119052,102.14459481593319,0.010005664999994224,Continuous,Differentiable,Non-Separable,Scalable,Multimodal,2,True,False,Exponential,3.0,200,100.0,100.0,True,False,False,False,1,1,2.0,3.0,7
3,[-0.9504508   0.42322536],200,NiaPyCuckooSearch,ExponentialN2,1.0404212769607826,0.08566646176802861,95.78514373507498,0.006971328999981097,Continuous,Differentiable,Non-Separable,Scalable,Multimodal,2,True,False,Exponential,3.0,200,100.0,100.0,True,True,False,False,1,1,2.0,,7
4,[-0.70323869 -0.78752546],200,NiaPyDifferentialEvolution,ExponentialN2,1.0558129628802577,0.2666250468663739,53.72642497687582,0.03098159800001099,Continuous,Differentiable,Non-Separable,Scalable,Multimodal,2,True,False,Exponential,3.0,200,100.0,100.0,True,False,False,False,1,1,118.0,,7
5,[0.21536463 0.01848609],200,RandomSearch1,ExponentialN2,0.2161565595625127,0.00017085313562492654,15.331034403816432,0.0051679949999936525,Continuous,Differentiable,Non-Separable,Scalable,Multimodal,2,True,False,Exponential,3.0,200,100.0,100.0,True,True,True,False,1,1,6.0,,7
6,[-0.82537744 -0.47935001],199,RandomSearch2,ExponentialN2,0.954475954312995,0.10853420863443086,83.94461326730209,0.006727481000012858,Continuous,Differentiable,Non-Separable,Scalable,Multimodal,2,True,False,Exponential,3.0,200,100.0,99.5,True,False,False,False,1,1,6.0,,7
7,[-0.35733628 -0.13377396],205,CMAES,ExponentialN2,0.38155561964836404,0.008907824732399261,76.49006903781554,0.09650569600000836,Continuous,Differentiable,Non-Separable,Scalable,Multimodal,2,True,False,Exponential,3.0,200,100.0,102.5,True,True,False,False,1,1,3.0,71.0,7
