,BestArm,NumberFunctionEval,Algorithm,CostFunction,EuclideanDistance,TrueRewardDifference,CumulativeRegret,TimeToComplete,Continuous,Differentiability,Separability,Scalability,Modality,Ndimensions,OptimizationSuccessful,BBOB,BaseClass,SD,MaxFeval,MaxFevalPerDimensions,FevalPerDimensions,SolveAt1,SolveAt1e-1,SolveAt1e-3,SolveAt1e-6,SolveEarlierAt1,SolveEarlierAt1e-1,SolveEarlierAt1e-3,SolveEarlierAt1e-6,simNumber
0,[ 0.17135179 -0.73591124],200,NiaPyNelderMead,ExponentialN2,0.7555969716992775,0.23721774952622743,49.93745212771784,0.011049729000006892,Continuous,Differentiable,Non-Separable,Scalable,Multimodal,2,True,False,Exponential,3.0,200,100.0,100.0,True,False,False,False,1,2,,,6
1,[-0.40185699 -0.66698514],200,NiaPyPSO,ExponentialN2,0.7786900688682846,0.19943263001221445,113.85999543104901,0.008955870999983517,Continuous,Differentiable,Non-Separable,Scalable,Multimodal,2,True,False,Exponential,3.0,200,100.0,100.0,True,False,False,False,1,2,17.0,,6
2,[-0.0434597  -0.84276657],200,NiaPySimulatedAnnealing,ExponentialN2,0.8438863851813029,0.2989161208734392,65.38293586157775,0.009660466000013912,Continuous,Differentiable,Non-Separable,Scalable,Multimodal,2,True,False,Exponential,3.0,200,100.0,100.0,True,False,False,False,1,1,33.0,,6
3,[-0.04941627  0.20511999],200,NiaPyCuckooSearch,ExponentialN2,0.21098857031877985,0.020817368133721925,26.686023110729437,0.0072189170000172,Continuous,Differentiable,Non-Separable,Scalable,Multimodal,2,True,False,Exponential,3.0,200,100.0,100.0,True,True,False,False,1,1,56.0,,6
4,[-1.         -0.24256419],200,NiaPyDifferentialEvolution,ExponentialN2,1.0289982451553386,0.0289901769021923,-12.275182571417666,0.0335100399999817,Continuous,Differentiable,Non-Separable,Scalable,Multimodal,2,True,False,Exponential,3.0,200,100.0,100.0,True,True,False,False,1,2,27.0,,6
5,[-0.30311029  0.41387491],200,RandomSearch1,ExponentialN2,0.5129993094356554,0.08208108536320724,6.704900647763229,0.005361858000014763,Continuous,Differentiable,Non-Separable,Scalable,Multimodal,2,True,False,Exponential,3.0,200,100.0,100.0,True,True,False,False,1,1,3.0,86.0,6
6,[0.12884562 0.04122891],199,RandomSearch2,ExponentialN2,0.13528125076204628,0.0008495506098408212,-8.6800135506777,0.005993144000001394,Continuous,Differentiable,Non-Separable,Scalable,Multimodal,2,True,False,Exponential,3.0,200,100.0,99.5,True,True,True,False,1,1,12.0,,6
7,[-0.30949441  0.12616442],205,CMAES,ExponentialN2,0.3342218616869185,0.00792714382091153,42.35130933877217,0.10184380200001897,Continuous,Differentiable,Non-Separable,Scalable,Multimodal,2,True,False,Exponential,3.0,200,100.0,102.5,True,True,False,False,1,2,3.0,,6
