,BestArm,NumberFunctionEval,Algorithm,CostFunction,EuclideanDistance,TrueRewardDifference,CumulativeRegret,TimeToComplete,Continuous,Differentiability,Separability,Scalability,Modality,Ndimensions,OptimizationSuccessful,BBOB,BaseClass,SD,MaxFeval,MaxFevalPerDimensions,FevalPerDimensions,SolveAt1,SolveAt1e-1,SolveAt1e-3,SolveAt1e-6,SolveEarlierAt1,SolveEarlierAt1e-1,SolveEarlierAt1e-3,SolveEarlierAt1e-6,simNumber
0,[-0.00115215 -0.57061657],40,NiaPyNelderMead,ExponentialN2,0.5706177282896234,0.15024026333357388,-27.538950964803725,0.002968381000002296,Continuous,Differentiable,Non-Separable,Scalable,Multimodal,2,True,False,Exponential,3.0,40,20.0,20.0,True,False,False,False,1,,,,1
1,[-0.63016096 -0.94408426],40,NiaPyPSO,ExponentialN2,1.135076170324757,0.35959054962188397,1.4572204573120642,0.0020461320000038086,Continuous,Differentiable,Non-Separable,Scalable,Multimodal,2,True,False,Exponential,3.0,40,20.0,20.0,True,False,False,False,1,2.0,,,1
2,[-0.5964656  -0.61904402],40,NiaPySimulatedAnnealing,ExponentialN2,0.8596433583159966,0.17436933948382705,-4.11160742116393,0.0021929490000047736,Continuous,Differentiable,Non-Separable,Scalable,Multimodal,2,True,False,Exponential,3.0,40,20.0,20.0,True,False,False,False,1,2.0,,,1
3,[ 0.16802703 -0.19756331],40,NiaPyCuckooSearch,ExponentialN2,0.25935370347829656,0.019326433137030863,11.380798531370424,0.001630853999998294,Continuous,Differentiable,Non-Separable,Scalable,Multimodal,2,True,False,Exponential,3.0,40,20.0,20.0,True,True,False,False,1,2.0,15.0,,1
4,[-0.87566741 -0.38892721],40,NiaPyDifferentialEvolution,ExponentialN2,0.9581533191789672,0.07284283592750751,49.65596179222942,0.005863655999988282,Continuous,Differentiable,Non-Separable,Scalable,Multimodal,2,True,False,Exponential,3.0,40,20.0,20.0,True,True,False,False,1,1.0,14.0,,1
5,[-0.31255905 -0.98194568],40,RandomSearch1,ExponentialN2,1.030490401949337,0.3825200342997648,-28.748490429104944,0.0011275059999888981,Continuous,Differentiable,Non-Separable,Scalable,Multimodal,2,True,False,Exponential,3.0,40,20.0,20.0,True,False,False,False,1,4.0,31.0,,1
6,[-0.10073752 -0.20672412],39,RandomSearch2,ExponentialN2,0.22996283827366154,0.021140763786033245,26.07050931063389,0.0013185210000017378,Continuous,Differentiable,Non-Separable,Scalable,Multimodal,2,True,False,Exponential,3.0,40,20.0,19.5,True,True,False,False,1,6.0,30.0,,1
7,[-0.52621443  0.40519879],43,CMAES,ExponentialN2,0.6641443273604517,0.07881374346117687,8.61060904749143,0.05330380899999909,Continuous,Differentiable,Non-Separable,Scalable,Multimodal,2,True,False,Exponential,3.0,40,20.0,21.5,True,True,False,False,1,5.0,,,1
