,BestArm,NumberFunctionEval,Algorithm,CostFunction,EuclideanDistance,TrueRewardDifference,CumulativeRegret,TimeToComplete,Continuous,Differentiability,Separability,Scalability,Modality,Ndimensions,OptimizationSuccessful,BBOB,BaseClass,SD,MaxFeval,MaxFevalPerDimensions,FevalPerDimensions,SolveAt1,SolveAt1e-1,SolveAt1e-3,SolveAt1e-6,SolveEarlierAt1,SolveEarlierAt1e-1,SolveEarlierAt1e-3,SolveEarlierAt1e-6,simNumber
0,[ 0.02071742 -0.70207604],200,NiaPyNelderMead,ExponentialN2,0.7023816468956682,0.21843376829100059,43.70155717486251,0.01059807999999407,Continuous,Differentiable,Non-Separable,Scalable,Multimodal,2,True,False,Exponential,0.0,200,100.0,100.0,True,False,False,False,1,,,,7
1,[-0.98708668 -0.00134308],200,NiaPyPSO,ExponentialN2,0.9870875926814423,9.019358817585754e-07,12.34478321628171,0.007746156999985487,Continuous,Differentiable,Non-Separable,Scalable,Multimodal,2,True,False,Exponential,0.0,200,100.0,100.0,True,True,True,True,1,1.0,5.0,95.0,7
2,[-0.23907167  0.00073148],200,NiaPySimulatedAnnealing,ExponentialN2,0.23907278862319833,2.675280759145693e-07,15.357572802274072,0.00849646000000348,Continuous,Differentiable,Non-Separable,Scalable,Multimodal,2,True,False,Exponential,0.0,200,100.0,100.0,True,True,True,True,1,1.0,6.0,94.0,7
3,[-0.49797647  0.01891265],200,NiaPyCuckooSearch,ExponentialN2,0.49833548580123616,0.00017882821591364007,26.849795449599895,0.005932500000000118,Continuous,Differentiable,Non-Separable,Scalable,Multimodal,2,True,False,Exponential,0.0,200,100.0,100.0,True,True,True,False,1,1.0,10.0,,7
4,[-0.50393746 -0.00121578],200,NiaPyDifferentialEvolution,ExponentialN2,0.5039389260792017,7.390640403004411e-07,13.8928325977738,0.028665175000014642,Continuous,Differentiable,Non-Separable,Scalable,Multimodal,2,True,False,Exponential,0.0,200,100.0,100.0,True,True,True,True,1,1.0,2.0,193.0,7
5,[-0.71524772 -0.00130082],200,RandomSearch1,ExponentialN2,0.7152489045121584,8.460645007923873e-07,24.31650150264983,0.004713826999989124,Continuous,Differentiable,Non-Separable,Scalable,Multimodal,2,True,False,Exponential,0.0,200,100.0,100.0,True,True,True,True,1,1.0,32.0,90.0,7
6,[0.07037921 0.00399839],199,RandomSearch2,ExponentialN2,0.07049269295745773,7.99351260205583e-06,22.01434781227929,0.0051889979999941716,Continuous,Differentiable,Non-Separable,Scalable,Multimodal,2,True,False,Exponential,0.0,200,100.0,99.5,True,True,True,False,1,1.0,86.0,,7
7,[-2.26496431e+00 -1.62994738e-05],205,CMAES,ExponentialN2,2.2649643117890186,1.3283640853956058e-10,3.6165075089366843,0.0927855040000054,Continuous,Differentiable,Non-Separable,Scalable,Multimodal,2,True,False,Exponential,0.0,200,100.0,102.5,True,True,True,True,1,1.0,2.0,120.0,7
