,BestArm,NumberFunctionEval,Algorithm,CostFunction,EuclideanDistance,TrueRewardDifference,CumulativeRegret,TimeToComplete,Continuous,Differentiability,Separability,Scalability,Modality,Ndimensions,OptimizationSuccessful,BBOB,BaseClass,SD,MaxFeval,MaxFevalPerDimensions,FevalPerDimensions,SolveAt1,SolveAt1e-1,SolveAt1e-3,SolveAt1e-6,SolveEarlierAt1,SolveEarlierAt1e-1,SolveEarlierAt1e-3,SolveEarlierAt1e-6,simNumber
0,[-0.60018227  0.38534087],40,NiaPyNelderMead,ExponentialN2,0.7132365274883263,0.07155468311562763,22.366596632493504,0.0027846020000055205,Continuous,Differentiable,Non-Separable,Scalable,Multimodal,2,True,False,Exponential,3.0,40,20.0,20.0,True,True,False,False,1,1,,,7
1,[-0.34353233 -0.16867585],40,NiaPyPSO,ExponentialN2,0.3827087762308868,0.014125062995004378,28.492763717359654,0.0024390779999947654,Continuous,Differentiable,Non-Separable,Scalable,Multimodal,2,True,False,Exponential,3.0,40,20.0,20.0,True,True,False,False,1,4,34.0,,7
2,[-0.87671459  0.24168045],40,NiaPySimulatedAnnealing,ExponentialN2,0.9094162486671686,0.02878238275439282,9.148401050222585,0.002661250000002724,Continuous,Differentiable,Non-Separable,Scalable,Multimodal,2,True,False,Exponential,3.0,40,20.0,20.0,True,True,False,False,1,1,9.0,,7
3,[-0.00195559  0.18240388],40,NiaPyCuckooSearch,ExponentialN2,0.18241436298536026,0.01649798046977935,13.220654618100138,0.0019061240000013413,Continuous,Differentiable,Non-Separable,Scalable,Multimodal,2,True,False,Exponential,3.0,40,20.0,20.0,True,True,False,False,1,4,20.0,,7
4,[-0.49309374 -0.04433052],40,NiaPyDifferentialEvolution,ExponentialN2,0.49508244977022264,0.0009821149376650906,1.6809499126382965,0.006960995000000025,Continuous,Differentiable,Non-Separable,Scalable,Multimodal,2,True,False,Exponential,3.0,40,20.0,20.0,True,True,True,False,1,1,10.0,,7
5,[0.27606784 0.31982358],40,RandomSearch1,ExponentialN2,0.42249328991654383,0.049857744303572815,42.57035238017764,0.002098126000007028,Continuous,Differentiable,Non-Separable,Scalable,Multimodal,2,True,False,Exponential,3.0,40,20.0,20.0,True,True,False,False,1,2,14.0,,7
6,[ 0.26391832 -0.19563743],39,RandomSearch2,ExponentialN2,0.3285222746202163,0.01895505169218159,-20.45318733764302,0.0019398270000010598,Continuous,Differentiable,Non-Separable,Scalable,Multimodal,2,True,False,Exponential,3.0,40,20.0,19.5,True,True,False,False,1,6,,,7
7,[-0.95376062 -0.22001961],43,CMAES,ExponentialN2,0.978809454904843,0.02391373808846109,-27.013478721749443,0.05419542299999591,Continuous,Differentiable,Non-Separable,Scalable,Multimodal,2,True,False,Exponential,3.0,40,20.0,21.5,True,True,False,False,1,2,12.0,,7
