,BestArm,NumberFunctionEval,Algorithm,CostFunction,EuclideanDistance,TrueRewardDifference,CumulativeRegret,TimeToComplete,Continuous,Differentiability,Separability,Scalability,Modality,Ndimensions,OptimizationSuccessful,BBOB,BaseClass,SD,MaxFeval,MaxFevalPerDimensions,FevalPerDimensions,SolveAt1,SolveAt1e-1,SolveAt1e-3,SolveAt1e-6,SolveEarlierAt1,SolveEarlierAt1e-1,SolveEarlierAt1e-3,SolveEarlierAt1e-6,simNumber
0,[-0.58935549 -0.38412065],40,NiaPyNelderMead,ExponentialN2,0.7034831664905302,0.07111871485985588,5.87419114711096,0.0032288390000019263,Continuous,Differentiable,Non-Separable,Scalable,Multimodal,2,True,False,Exponential,3.0,40,20.0,20.0,True,True,False,False,1,1,,,2
1,[-0.74759548 -0.71542808],40,NiaPyPSO,ExponentialN2,1.0347639068083667,0.22579506598068955,20.188849398619986,0.002294032999998308,Continuous,Differentiable,Non-Separable,Scalable,Multimodal,2,True,False,Exponential,3.0,40,20.0,20.0,True,False,False,False,1,1,10.0,,2
2,[-0.67494847 -0.36697198],40,NiaPySimulatedAnnealing,ExponentialN2,0.768260293178164,0.06511730591393394,3.2159754503588256,0.002470631999997863,Continuous,Differentiable,Non-Separable,Scalable,Multimodal,2,True,False,Exponential,3.0,40,20.0,20.0,True,True,False,False,1,1,2.0,29.0,2
3,[-0.11407855 -0.50106664],40,NiaPyCuckooSearch,ExponentialN2,0.5138887979699447,0.11797412806510243,2.90100227949646,0.0017888579999976173,Continuous,Differentiable,Non-Separable,Scalable,Multimodal,2,True,False,Exponential,3.0,40,20.0,20.0,True,False,False,False,1,1,14.0,,2
4,[-0.5326121  -0.57483505],40,NiaPyDifferentialEvolution,ExponentialN2,0.7836523384609562,0.15229083434958324,0.17236958419275794,0.006369921000001,Continuous,Differentiable,Non-Separable,Scalable,Multimodal,2,True,False,Exponential,3.0,40,20.0,20.0,True,False,False,False,1,1,29.0,32.0,2
5,[ 0.15340076 -0.25294923],40,RandomSearch1,ExponentialN2,0.29582952374582866,0.03148533823702315,13.176186383261498,0.0014019990000093685,Continuous,Differentiable,Non-Separable,Scalable,Multimodal,2,True,False,Exponential,3.0,40,20.0,20.0,True,True,False,False,1,2,16.0,,2
6,[-0.77448161 -0.21409002],39,RandomSearch2,ExponentialN2,0.8035274132110406,0.022656661308513515,-7.5895595413161185,0.0014783990000069025,Continuous,Differentiable,Non-Separable,Scalable,Multimodal,2,True,False,Exponential,3.0,40,20.0,19.5,True,True,False,False,1,6,6.0,,2
7,[-0.34390527  0.02823098],43,CMAES,ExponentialN2,0.34506205226909925,0.00039841463591760995,24.548014617376978,0.05395900999999981,Continuous,Differentiable,Non-Separable,Scalable,Multimodal,2,True,False,Exponential,3.0,40,20.0,21.5,True,True,True,False,1,3,21.0,,2
