,BestArm,NumberFunctionEval,Algorithm,CostFunction,EuclideanDistance,TrueRewardDifference,CumulativeRegret,TimeToComplete,Continuous,Differentiability,Separability,Scalability,Modality,Ndimensions,OptimizationSuccessful,BBOB,BaseClass,SD,MaxFeval,MaxFevalPerDimensions,FevalPerDimensions,SolveAt1,SolveAt1e-1,SolveAt1e-3,SolveAt1e-6,SolveEarlierAt1,SolveEarlierAt1e-1,SolveEarlierAt1e-3,SolveEarlierAt1e-6,simNumber
0,[-0.27991389 -0.15515136],200,NiaPyNelderMead,ExponentialN2,0.32003707712294877,0.011963829552364413,-12.188571895788694,0.011898756999983107,Continuous,Differentiable,Non-Separable,Scalable,Multimodal,2,True,False,Exponential,3.0,200,100.0,100.0,True,True,False,False,1,2,,,4
1,[ 0.5 -1. ],200,NiaPyPSO,ExponentialN2,1.118033988749895,0.3934693402873666,118.5911044150555,0.009938839999989568,Continuous,Differentiable,Non-Separable,Scalable,Multimodal,2,True,False,Exponential,3.0,200,100.0,100.0,True,False,False,False,1,2,46.0,,4
2,[ 0.13595177 -0.48212947],200,NiaPySimulatedAnnealing,ExponentialN2,0.5009308462531026,0.10972459013030844,37.98148047714251,0.010074399999979278,Continuous,Differentiable,Non-Separable,Scalable,Multimodal,2,True,False,Exponential,3.0,200,100.0,100.0,True,False,False,False,1,1,59.0,,4
3,[-0.11290372 -0.47318494],200,NiaPyCuckooSearch,ExponentialN2,0.4864681223173945,0.10591281989364665,24.434831407592107,0.007631048000007468,Continuous,Differentiable,Non-Separable,Scalable,Multimodal,2,True,False,Exponential,3.0,200,100.0,100.0,True,False,False,False,1,1,1.0,,4
4,[-0.54976303  0.5       ],200,NiaPyDifferentialEvolution,ExponentialN2,0.7431281087831935,0.11750309741540454,8.029960876902134,0.03233943500001146,Continuous,Differentiable,Non-Separable,Scalable,Multimodal,2,True,False,Exponential,3.0,200,100.0,100.0,True,False,False,False,1,1,2.0,164.0,4
5,[0.19846765 0.11078582],200,RandomSearch1,ExponentialN2,0.22729475572546076,0.0061179580432846326,5.399175358157009,0.005928659000005609,Continuous,Differentiable,Non-Separable,Scalable,Multimodal,2,True,False,Exponential,3.0,200,100.0,100.0,True,True,False,False,1,1,2.0,,4
6,[ 0.33392193 -0.42859567],199,RandomSearch2,ExponentialN2,0.5433213620692499,0.08775539955738665,4.71456199934067,0.0066752759999815225,Continuous,Differentiable,Non-Separable,Scalable,Multimodal,2,True,False,Exponential,3.0,200,100.0,99.5,True,True,False,False,1,1,30.0,90.0,4
7,[-0.93901041 -0.32048218],205,CMAES,ExponentialN2,0.9921942262327224,0.050058060695524764,43.83194490630997,0.09622858199998063,Continuous,Differentiable,Non-Separable,Scalable,Multimodal,2,True,False,Exponential,3.0,200,100.0,102.5,True,True,False,False,1,1,14.0,,4
