,BestArm,NumberFunctionEval,Algorithm,CostFunction,EuclideanDistance,TrueRewardDifference,CumulativeRegret,TimeToComplete,Continuous,Differentiability,Separability,Scalability,Modality,Ndimensions,OptimizationSuccessful,BBOB,BaseClass,SD,MaxFeval,MaxFevalPerDimensions,FevalPerDimensions,SolveAt1,SolveAt1e-1,SolveAt1e-3,SolveAt1e-6,SolveEarlierAt1,SolveEarlierAt1e-1,SolveEarlierAt1e-3,SolveEarlierAt1e-6,simNumber
0,[-0.91869717 -0.18623301],40,NiaPyNelderMead,ExponentialN2,0.937383180318212,0.01719187009722345,1.032252787012884,0.002326191999998173,Continuous,Differentiable,Non-Separable,Scalable,Multimodal,2,True,False,Exponential,0.0,40,20.0,20.0,True,True,False,False,1,2,,,3
1,[-0.96398898 -0.00396548],40,NiaPyPSO,ExponentialN2,0.9639971355974543,7.862467652719474e-06,3.225711215733445,0.001697583999998642,Continuous,Differentiable,Non-Separable,Scalable,Multimodal,2,True,False,Exponential,0.0,40,20.0,20.0,True,True,True,False,1,1,6.0,,3
2,[-0.08480873 -0.00656662],40,NiaPySimulatedAnnealing,ExponentialN2,0.08506257197191358,2.1560006276177823e-05,6.222952182363668,0.00211997000000963,Continuous,Differentiable,Non-Separable,Scalable,Multimodal,2,True,False,Exponential,0.0,40,20.0,20.0,True,True,True,False,1,1,35.0,,3
3,[0.0939766  0.00822661],40,NiaPyCuckooSearch,ExponentialN2,0.09433599209359529,3.3837996134988835e-05,5.681273633299373,0.0013626029999898037,Continuous,Differentiable,Non-Separable,Scalable,Multimodal,2,True,False,Exponential,0.0,40,20.0,20.0,True,True,True,False,1,1,1.0,,3
4,[0.38296176 0.00574593],40,NiaPyDifferentialEvolution,ExponentialN2,0.38300485903997683,1.6507742406690618e-05,3.755602549909276,0.005660108000000719,Continuous,Differentiable,Non-Separable,Scalable,Multimodal,2,True,False,Exponential,0.0,40,20.0,20.0,True,True,True,False,1,4,23.0,,3
5,[-0.02304593 -0.02304593],40,RandomSearch1,ExponentialN2,0.03259187141024424,0.0002655222632281795,5.559023365478881,0.0014282149999900184,Continuous,Differentiable,Non-Separable,Scalable,Multimodal,2,True,False,Exponential,0.0,40,20.0,20.0,True,True,True,False,1,1,1.0,,3
6,[-0.56832765  0.00148486],39,RandomSearch2,ExponentialN2,0.5683295916856402,1.1024078984123165e-06,2.8744738945172292,0.0014518689999931667,Continuous,Differentiable,Non-Separable,Scalable,Multimodal,2,True,False,Exponential,0.0,40,20.0,19.5,True,True,True,False,1,1,1.0,,3
7,[ 0.3839874  -0.01228995],43,CMAES,ExponentialN2,0.38418402713720246,7.551855706966482e-05,1.77467767314671,0.053410539000012136,Continuous,Differentiable,Non-Separable,Scalable,Multimodal,2,True,False,Exponential,0.0,40,20.0,21.5,True,True,True,False,1,2,4.0,,3
