,BestArm,NumberFunctionEval,Algorithm,CostFunction,EuclideanDistance,TrueRewardDifference,CumulativeRegret,TimeToComplete,Continuous,Differentiability,Separability,Scalability,Modality,Ndimensions,OptimizationSuccessful,BBOB,BaseClass,SD,MaxFeval,MaxFevalPerDimensions,FevalPerDimensions,SolveAt1,SolveAt1e-1,SolveAt1e-3,SolveAt1e-6,SolveEarlierAt1,SolveEarlierAt1e-1,SolveEarlierAt1e-3,SolveEarlierAt1e-6,simNumber
0,[ 0.21447891 -0.65498568],200,NiaPyNelderMead,ExponentialN2,0.689207835857013,0.19305770460555272,38.714847192353076,0.01065010299998903,Continuous,Differentiable,Non-Separable,Scalable,Multimodal,2,True,False,Exponential,0.0,200,100.0,100.0,True,False,False,False,1,,,,2
1,[0.48426832 0.0026409 ],200,NiaPyPSO,ExponentialN2,0.4842755216876083,3.487183292905094e-06,15.68613410662369,0.007253495000014709,Continuous,Differentiable,Non-Separable,Scalable,Multimodal,2,True,False,Exponential,0.0,200,100.0,100.0,True,True,True,False,1,2.0,51.0,,2
2,[-2.16862138e-02 -9.08887144e-05],200,NiaPySimulatedAnnealing,ExponentialN2,0.02168640423312474,4.130379149813734e-09,12.692133764955356,0.0078240060000212,Continuous,Differentiable,Non-Separable,Scalable,Multimodal,2,True,False,Exponential,0.0,200,100.0,100.0,True,True,True,True,1,1.0,3.0,78.0,2
3,[0.05512439 0.00535426],200,NiaPyCuckooSearch,ExponentialN2,0.05538380595836525,1.4333928252119321e-05,22.830910904584524,0.005612402999986443,Continuous,Differentiable,Non-Separable,Scalable,Multimodal,2,True,False,Exponential,0.0,200,100.0,100.0,True,True,True,False,1,1.0,7.0,,2
4,[ 0.5        -0.00967542],200,NiaPyDifferentialEvolution,ExponentialN2,0.5000936049739733,4.680577250792961e-05,15.410492619028119,0.028473808999990524,Continuous,Differentiable,Non-Separable,Scalable,Multimodal,2,True,False,Exponential,0.0,200,100.0,100.0,True,True,True,False,1,2.0,12.0,,2
5,[-0.37579346  0.00088717],200,RandomSearch1,ExponentialN2,0.3757945111097768,3.935378272146295e-07,21.19060934050666,0.004021435999987943,Continuous,Differentiable,Non-Separable,Scalable,Multimodal,2,True,False,Exponential,0.0,200,100.0,100.0,True,True,True,True,1,1.0,11.0,83.0,2
6,[-0.95175049 -0.00528756],199,RandomSearch2,ExponentialN2,0.9517651731691003,1.3979065124458678e-05,20.902899081837113,0.004622642000015276,Continuous,Differentiable,Non-Separable,Scalable,Multimodal,2,True,False,Exponential,0.0,200,100.0,99.5,True,True,True,False,1,1.0,6.0,,2
7,[-7.58439903e-01  3.63146359e-07],205,CMAES,ExponentialN2,0.7584399028524128,6.59472476627343e-14,2.6036031943716544,0.09171443599998952,Continuous,Differentiable,Non-Separable,Scalable,Multimodal,2,True,False,Exponential,0.0,200,100.0,102.5,True,True,True,True,1,2.0,2.0,4.0,2
