,BestArm,NumberFunctionEval,Algorithm,CostFunction,EuclideanDistance,TrueRewardDifference,CumulativeRegret,TimeToComplete,Continuous,Differentiability,Separability,Scalability,Modality,Ndimensions,OptimizationSuccessful,BBOB,BaseClass,SD,MaxFeval,MaxFevalPerDimensions,FevalPerDimensions,SolveAt1,SolveAt1e-1,SolveAt1e-3,SolveAt1e-6,SolveEarlierAt1,SolveEarlierAt1e-1,SolveEarlierAt1e-3,SolveEarlierAt1e-6,simNumber
0,[-0.49902232 -0.39713635],200,NiaPyNelderMead,ExponentialN2,0.6377621489293037,0.07582944560722249,28.409723750713102,0.011511968000007755,Continuous,Differentiable,Non-Separable,Scalable,Multimodal,2,True,False,Exponential,3.0,200,100.0,100.0,True,True,False,False,1,2,,,5
1,[-0.12675613 -0.1939142 ],200,NiaPyPSO,ExponentialN2,0.2316675067007866,0.018625715243220098,12.335820479189902,0.00900618099998951,Continuous,Differentiable,Non-Separable,Scalable,Multimodal,2,True,False,Exponential,3.0,200,100.0,100.0,True,True,False,False,1,3,10.0,25.0,5
2,[ 0.01532894 -0.57964363],200,NiaPySimulatedAnnealing,ExponentialN2,0.5798462798699742,0.1546405572268864,-48.46894280983737,0.009716741000005413,Continuous,Differentiable,Non-Separable,Scalable,Multimodal,2,True,False,Exponential,3.0,200,100.0,100.0,True,False,False,False,1,2,5.0,,5
3,[-0.63887357 -0.05792818],200,NiaPyCuckooSearch,ExponentialN2,0.6414944348601463,0.0016764303639350553,15.60204187204445,0.007636737000012772,Continuous,Differentiable,Non-Separable,Scalable,Multimodal,2,True,False,Exponential,3.0,200,100.0,100.0,True,True,False,False,1,1,6.0,,5
4,[-1.         -0.53647402],200,NiaPyDifferentialEvolution,ExponentialN2,1.1348146871684133,0.13402755281250744,23.848569169718917,0.03142173800000592,Continuous,Differentiable,Non-Separable,Scalable,Multimodal,2,True,False,Exponential,3.0,200,100.0,100.0,True,False,False,False,1,2,9.0,,5
5,[ 0.01388762 -0.71210121],200,RandomSearch1,ExponentialN2,0.7122366145965935,0.2239544519218506,78.86056193239452,0.005364397999983339,Continuous,Differentiable,Non-Separable,Scalable,Multimodal,2,True,False,Exponential,3.0,200,100.0,100.0,True,False,False,False,1,1,26.0,,5
6,[ 0.38578869 -0.55041939],199,RandomSearch2,ExponentialN2,0.6721565436616792,0.14056557763685407,-31.138565026069045,0.005998665000021219,Continuous,Differentiable,Non-Separable,Scalable,Multimodal,2,True,False,Exponential,3.0,200,100.0,99.5,True,False,False,False,1,1,20.0,,5
7,[-1.88297705  0.25471294],205,CMAES,ExponentialN2,1.900126637523034,0.03191882993454531,48.54517796372567,0.09456800999998904,Continuous,Differentiable,Non-Separable,Scalable,Multimodal,2,True,False,Exponential,3.0,200,100.0,102.5,True,True,False,False,1,1,1.0,,5
