,BestArm,NumberFunctionEval,Algorithm,CostFunction,EuclideanDistance,TrueRewardDifference,CumulativeRegret,TimeToComplete,Continuous,Differentiability,Separability,Scalability,Modality,Ndimensions,OptimizationSuccessful,BBOB,BaseClass,SD,MaxFeval,MaxFevalPerDimensions,FevalPerDimensions,SolveAt1,SolveAt1e-1,SolveAt1e-3,SolveAt1e-6,SolveEarlierAt1,SolveEarlierAt1e-1,SolveEarlierAt1e-3,SolveEarlierAt1e-6,simNumber
0,[-0.53753208  0.01189397],200,NiaPyNelderMead,ExponentialN2,0.5376636484852442,7.073080921060626e-05,0.1029316289491331,0.009807047000009561,Continuous,Differentiable,Non-Separable,Scalable,Multimodal,2,True,False,Exponential,0.0,200,100.0,100.0,True,True,True,False,1,1,1,,5
1,[2.21103422e-01 3.19574167e-05],200,NiaPyPSO,ExponentialN2,0.2211034241195053,5.106381983921437e-10,11.299322080030556,0.007462930000002643,Continuous,Differentiable,Non-Separable,Scalable,Multimodal,2,True,False,Exponential,0.0,200,100.0,100.0,True,True,True,True,1,2,12,132.0,5
2,[-0.55837287 -0.00062332],200,NiaPySimulatedAnnealing,ExponentialN2,0.5583732206239708,1.9426233244246305e-07,23.985870932332073,0.008005968000020403,Continuous,Differentiable,Non-Separable,Scalable,Multimodal,2,True,False,Exponential,0.0,200,100.0,100.0,True,True,True,True,1,1,5,192.0,5
3,[-0.34176173  0.01668456],200,NiaPyCuckooSearch,ExponentialN2,0.3421687523555395,0.0001391775684982388,11.358162524804417,0.005637153000009221,Continuous,Differentiable,Non-Separable,Scalable,Multimodal,2,True,False,Exponential,0.0,200,100.0,100.0,True,True,True,False,1,2,2,,5
4,[ 0.5        -0.00218387],200,NiaPyDifferentialEvolution,ExponentialN2,0.5000047692676477,2.3846423534701344e-06,14.841677129465767,0.028135237000014968,Continuous,Differentiable,Non-Separable,Scalable,Multimodal,2,True,False,Exponential,0.0,200,100.0,100.0,True,True,True,False,1,2,3,,5
5,[-0.58702423 -0.00839963],200,RandomSearch1,ExponentialN2,0.5870843258733508,3.527623050358919e-05,20.830892551223357,0.0041522140000154195,Continuous,Differentiable,Non-Separable,Scalable,Multimodal,2,True,False,Exponential,0.0,200,100.0,100.0,True,True,True,False,1,1,12,,5
6,[-0.20096669 -0.00854675],199,RandomSearch2,ExponentialN2,0.20114834754622113,3.652278857535496e-05,28.169767640271775,0.004722713999996131,Continuous,Differentiable,Non-Separable,Scalable,Multimodal,2,True,False,Exponential,0.0,200,100.0,99.5,True,True,True,False,1,1,2,,5
7,[1.48678336e-02 2.01861100e-06],205,CMAES,ExponentialN2,0.014867833693093545,2.0373702724896248e-12,1.469098420105106,0.0908533509999927,Continuous,Differentiable,Non-Separable,Scalable,Multimodal,2,True,False,Exponential,0.0,200,100.0,102.5,True,True,True,True,1,2,7,38.0,5
