,BestArm,NumberFunctionEval,Algorithm,CostFunction,EuclideanDistance,TrueRewardDifference,CumulativeRegret,TimeToComplete,Continuous,Differentiability,Separability,Scalability,Modality,Ndimensions,OptimizationSuccessful,BBOB,BaseClass,SD,MaxFeval,MaxFevalPerDimensions,FevalPerDimensions,SolveAt1,SolveAt1e-1,SolveAt1e-3,SolveAt1e-6,SolveEarlierAt1,SolveEarlierAt1e-1,SolveEarlierAt1e-3,SolveEarlierAt1e-6,simNumber
0,[ 0.96814179 -0.43669475],20000,NiaPyNelderMead,Giunta,1.0334723723200172,0.5745620149046052,11325.1129622552,1.2887027480001052,Continuous,Differentiable,Non-Separable,Non-Scalable,Multimodal,2,True,False,Giunta,3.0,20000,10000.0,10000.0,True,False,False,False,1,,,,4
1,[0.54599828 0.15315101],20000,NiaPyPSO,Giunta,0.32387101066384394,0.08737204116091438,6501.788418591672,1.1541192700005922,Continuous,Differentiable,Non-Separable,Non-Scalable,Multimodal,2,True,False,Giunta,3.0,20000,10000.0,10000.0,True,True,False,False,1,69.0,473.0,,4
2,[-0.2773213   0.77778539],20000,NiaPySimulatedAnnealing,Giunta,0.8067710008070609,0.36379944341116566,6961.519950423477,1.2577149630005806,Continuous,Differentiable,Non-Separable,Non-Scalable,Multimodal,2,True,False,Giunta,3.0,20000,10000.0,10000.0,True,False,False,False,1,26.0,34.0,,4
3,[-0.27535616 -0.39246578],20000,NiaPyCuckooSearch,Giunta,1.1361335892060136,0.5167550205712158,6476.755291539777,0.930634977000409,Continuous,Differentiable,Non-Separable,Non-Scalable,Multimodal,2,True,False,Giunta,3.0,20000,10000.0,10000.0,True,False,False,False,1,4.0,15271.0,,4
4,[-1. -1.],20000,NiaPyDifferentialEvolution,Giunta,2.07510387594802,0.2870115912395623,7173.308805614513,3.6870099600000685,Continuous,Differentiable,Non-Separable,Non-Scalable,Multimodal,2,True,False,Giunta,3.0,20000,10000.0,10000.0,True,False,False,False,1,16.0,1019.0,,4
5,[-0.01266487  0.35933393],20000,RandomSearch1,Giunta,0.49198221519046764,0.16658185126556163,7301.6234070439305,0.7641949729995758,Continuous,Differentiable,Non-Separable,Non-Scalable,Multimodal,2,True,False,Giunta,3.0,20000,10000.0,10000.0,True,False,False,False,1,2.0,84.0,,4
6,[-0.96173522  0.44267194],19999,RandomSearch2,Giunta,1.429267792986491,0.15760518897245002,6393.037565932628,0.849705661000371,Continuous,Differentiable,Non-Separable,Non-Scalable,Multimodal,2,True,False,Giunta,3.0,20000,10000.0,9999.5,True,False,False,False,1,66.0,4328.0,,4
7,[-7.16421612  7.0393941 ],3181,CMAES,Giunta,10.07137039860877,0.617184965196372,2229.6894611968537,0.921781655999439,Continuous,Differentiable,Non-Separable,Non-Scalable,Multimodal,2,True,False,Giunta,3.0,20000,10000.0,1590.5,True,False,False,False,1,70.0,,,4
