,BestArm,NumberFunctionEval,Algorithm,CostFunction,EuclideanDistance,TrueRewardDifference,CumulativeRegret,TimeToComplete,Continuous,Differentiability,Separability,Scalability,Modality,Ndimensions,OptimizationSuccessful,BBOB,BaseClass,SD,MaxFeval,MaxFevalPerDimensions,FevalPerDimensions,SolveAt1,SolveAt1e-1,SolveAt1e-3,SolveAt1e-6,SolveEarlierAt1,SolveEarlierAt1e-1,SolveEarlierAt1e-3,SolveEarlierAt1e-6,simNumber
0,[ 0.14401548 -0.47675281],20000,NiaPyNelderMead,Giunta,0.9978974584779576,0.3553014277845574,6693.183508270729,1.3081494839998413,Continuous,Differentiable,Non-Separable,Non-Scalable,Multimodal,2,True,False,Giunta,3.0,20000,10000.0,10000.0,True,False,False,False,1,,,,3
1,[-1.         -0.89797563],20000,NiaPyPSO,Giunta,2.004260526555415,0.32277617610811815,6873.601101132347,1.1590405179995287,Continuous,Differentiable,Non-Separable,Non-Scalable,Multimodal,2,True,False,Giunta,3.0,20000,10000.0,10000.0,True,False,False,False,1,,,,3
2,[ 0.34792031 -1.        ],20000,NiaPySimulatedAnnealing,Giunta,1.4721699372283743,0.1573384779529445,6398.853999875499,1.2431896189991676,Continuous,Differentiable,Non-Separable,Non-Scalable,Multimodal,2,True,False,Giunta,3.0,20000,10000.0,10000.0,True,False,False,False,1,21.0,1861.0,,3
3,[-0.0118952   0.08814326],20000,NiaPyCuckooSearch,Giunta,0.6110828511855809,0.2642567024410971,6121.225327359243,0.9169470020005974,Continuous,Differentiable,Non-Separable,Non-Scalable,Multimodal,2,True,False,Giunta,3.0,20000,10000.0,10000.0,True,False,False,False,1,2.0,,,3
4,[-0.88783059 -0.16231406],20000,NiaPyDifferentialEvolution,Giunta,1.494279845643996,0.3985777932117982,8021.223968674437,3.6569184099998893,Continuous,Differentiable,Non-Separable,Non-Scalable,Multimodal,2,True,False,Giunta,3.0,20000,10000.0,10000.0,True,False,False,False,1,10.0,14212.0,,3
5,[-0.05911848  0.31610765],20000,RandomSearch1,Giunta,0.5477250118036489,0.1970964406056509,5326.374452881411,0.7566770399998859,Continuous,Differentiable,Non-Separable,Non-Scalable,Multimodal,2,True,False,Giunta,3.0,20000,10000.0,10000.0,True,False,False,False,1,51.0,382.0,,3
6,[0.1298269  0.30963191],19999,RandomSearch2,Giunta,0.3725146321522247,0.11417810865691383,6374.648749969555,0.8434312489998774,Continuous,Differentiable,Non-Separable,Non-Scalable,Multimodal,2,True,False,Giunta,3.0,20000,10000.0,9999.5,True,False,False,False,1,92.0,1110.0,,3
7,[-0.85681801 -2.22165122],2899,CMAES,Giunta,2.9973167759717363,0.7225566893934176,2052.158704458697,0.8254633590004232,Continuous,Differentiable,Non-Separable,Non-Scalable,Multimodal,2,True,False,Giunta,3.0,20000,10000.0,1449.5,True,False,False,False,1,306.0,,,3
