,BestArm,NumberFunctionEval,Algorithm,CostFunction,EuclideanDistance,TrueRewardDifference,CumulativeRegret,TimeToComplete,Continuous,Differentiability,Separability,Scalability,Modality,Ndimensions,OptimizationSuccessful,BBOB,BaseClass,SD,MaxFeval,MaxFevalPerDimensions,FevalPerDimensions,SolveAt1,SolveAt1e-1,SolveAt1e-3,SolveAt1e-6,SolveEarlierAt1,SolveEarlierAt1e-1,SolveEarlierAt1e-3,SolveEarlierAt1e-6,simNumber
0,[-0.07886242  1.00783872],200,NiaPyNelderMead,Giunta,0.7684241893992214,0.5379950284816659,76.25093798962598,0.014235164000012901,Continuous,Differentiable,Non-Separable,Non-Scalable,Multimodal,2,True,False,Giunta,3.0,200,100.0,100.0,True,False,False,False,1,,,,8
1,[-0.1645048  -0.12161983],200,NiaPyPSO,Giunta,0.8637434574904056,0.4174310008095999,130.57811190443792,0.01163939599999253,Continuous,Differentiable,Non-Separable,Non-Scalable,Multimodal,2,True,False,Giunta,3.0,200,100.0,100.0,True,False,False,False,1,2.0,,,8
2,[-0.99721416  0.6620227 ],200,NiaPySimulatedAnnealing,Giunta,1.4774198843866493,0.18804685227957807,75.93407874618474,0.012724829999996246,Continuous,Differentiable,Non-Separable,Non-Scalable,Multimodal,2,True,False,Giunta,3.0,200,100.0,100.0,True,False,False,False,1,31.0,,,8
3,[ 0.71501936 -0.27796051],200,NiaPyCuckooSearch,Giunta,0.7853648963758962,0.3212567751700784,33.2216951237891,0.010211467000004859,Continuous,Differentiable,Non-Separable,Non-Scalable,Multimodal,2,True,False,Giunta,3.0,200,100.0,100.0,True,False,False,False,1,,,,8
4,[-0.97984855 -0.84733322],200,NiaPyDifferentialEvolution,Giunta,1.9551496172726923,0.3470018906641824,31.059995521991475,0.0353562919999888,Continuous,Differentiable,Non-Separable,Non-Scalable,Multimodal,2,True,False,Giunta,3.0,200,100.0,100.0,True,False,False,False,1,28.0,,,8
5,[-0.70258886  0.10181606],200,RandomSearch1,Giunta,1.2256753056893406,0.3422494234059795,77.6805090376,0.0076861210000060964,Continuous,Differentiable,Non-Separable,Non-Scalable,Multimodal,2,True,False,Giunta,3.0,200,100.0,100.0,True,False,False,False,1,2.0,,,8
6,[-0.87785007 -0.07220844],199,RandomSearch2,Giunta,1.4493355536085444,0.3671378613486815,-33.66396912190575,0.008606451000019888,Continuous,Differentiable,Non-Separable,Non-Scalable,Multimodal,2,True,False,Giunta,3.0,200,100.0,99.5,True,False,False,False,1,32.0,,,8
7,[0.32076651 0.58004812],205,CMAES,Giunta,0.1848933703496214,0.034552697623146805,62.315749802463515,0.09618239399998174,Continuous,Differentiable,Non-Separable,Non-Scalable,Multimodal,2,True,False,Giunta,3.0,200,100.0,102.5,True,True,False,False,3,5.0,59.0,,8
