,BestArm,NumberFunctionEval,Algorithm,CostFunction,EuclideanDistance,TrueRewardDifference,CumulativeRegret,TimeToComplete,Continuous,Differentiability,Separability,Scalability,Modality,Ndimensions,OptimizationSuccessful,BBOB,BaseClass,SD,MaxFeval,MaxFevalPerDimensions,FevalPerDimensions,SolveAt1,SolveAt1e-1,SolveAt1e-3,SolveAt1e-6,SolveEarlierAt1,SolveEarlierAt1e-1,SolveEarlierAt1e-3,SolveEarlierAt1e-6,simNumber
0,[-1.21426591  0.14418167],2000,NiaPyNelderMead,Giunta,1.712352085515613,0.15934651003337225,319.1809795503294,0.12482731099999,Continuous,Differentiable,Non-Separable,Non-Scalable,Multimodal,2,True,False,Giunta,0.0,2000,1000.0,1000.0,True,False,False,False,1,,,,3
1,[0.46779061 0.46753494],2000,NiaPyPSO,Giunta,0.0005173369312907618,2.811919680156816e-07,397.8378774932204,0.10055609300002288,Continuous,Differentiable,Non-Separable,Non-Scalable,Multimodal,2,True,False,Giunta,0.0,2000,1000.0,1000.0,True,True,True,True,1,3.0,230.0,1803.0,3
2,[0.46804701 0.47013493],2000,NiaPySimulatedAnnealing,Giunta,0.002907270196215557,8.89196823923577e-06,643.7611291724355,0.1095531949999895,Continuous,Differentiable,Non-Separable,Non-Scalable,Multimodal,2,True,False,Giunta,0.0,2000,1000.0,1000.0,True,True,True,False,1,100.0,1622.0,,3
3,[0.45343397 0.38494402],2000,NiaPyCuckooSearch,Giunta,0.08353817966318706,0.006962984125038846,674.1602377006731,0.07968497399997432,Continuous,Differentiable,Non-Separable,Non-Scalable,Multimodal,2,True,False,Giunta,0.0,2000,1000.0,1000.0,True,True,False,False,1,8.0,,,3
4,[0.46731447 0.46730411],2000,NiaPyDifferentialEvolution,Giunta,1.685533204392552e-05,2.9866992212745913e-10,125.45136427484537,0.34702866600002835,Continuous,Differentiable,Non-Separable,Non-Scalable,Multimodal,2,True,False,Giunta,0.0,2000,1000.0,1000.0,True,True,True,True,1,6.0,90.0,1270.0,3
5,[0.43532849 0.46561781],2000,RandomSearch1,Giunta,0.032036789759116516,0.001057442804827266,629.4693878580802,0.06588316700003816,Continuous,Differentiable,Non-Separable,Non-Scalable,Multimodal,2,True,False,Giunta,0.0,2000,1000.0,1000.0,True,True,False,False,1,28.0,,,3
6,[0.46207417 0.45291018],1999,RandomSearch2,Giunta,0.01533500619840502,0.00024506433211554657,623.9225402662994,0.07338800700006232,Continuous,Differentiable,Non-Separable,Non-Scalable,Multimodal,2,True,False,Giunta,0.0,2000,1000.0,999.5,True,True,True,False,1,42.0,1422.0,,3
7,[0.46732004 0.46732004],421,CMAES,Giunta,2.39090253720337e-08,4.3021142204224816e-16,7.5917322040065915,0.1575073290000546,Continuous,Differentiable,Non-Separable,Non-Scalable,Multimodal,2,True,False,Giunta,0.0,2000,1000.0,210.5,True,True,True,True,1,8.0,29.0,160.0,3
