,BestArm,NumberFunctionEval,Algorithm,CostFunction,EuclideanDistance,TrueRewardDifference,CumulativeRegret,TimeToComplete,Continuous,Differentiability,Separability,Scalability,Modality,Ndimensions,OptimizationSuccessful,BBOB,BaseClass,SD,MaxFeval,MaxFevalPerDimensions,FevalPerDimensions,SolveAt1,SolveAt1e-1,SolveAt1e-3,SolveAt1e-6,SolveEarlierAt1,SolveEarlierAt1e-1,SolveEarlierAt1e-3,SolveEarlierAt1e-6,simNumber
0,[-0.42527894 -0.26817598],20000,NiaPyNelderMead,Giunta,1.1565843141954626,0.5172739666680242,11357.661093836245,1.3098414670002967,Continuous,Differentiable,Non-Separable,Non-Scalable,Multimodal,2,True,False,Giunta,3.0,20000,10000.0,10000.0,True,False,False,False,1,,,,5
1,[-0.06503922  0.51810424],20000,NiaPyPSO,Giunta,0.5347760333638466,0.1807429394703148,6691.326470591249,1.1796734529998503,Continuous,Differentiable,Non-Separable,Non-Scalable,Multimodal,2,True,False,Giunta,3.0,20000,10000.0,10000.0,True,False,False,False,1,34.0,753.0,,5
2,[ 0.16931961 -0.4899654 ],20000,NiaPySimulatedAnnealing,Giunta,1.0025964436607055,0.3441487196201868,5626.187235410369,1.2532655919994795,Continuous,Differentiable,Non-Separable,Non-Scalable,Multimodal,2,True,False,Giunta,3.0,20000,10000.0,10000.0,True,False,False,False,1,42.0,931.0,,5
3,[0.42460493 0.11645897],20000,NiaPyCuckooSearch,Giunta,0.3534516249440121,0.0985518321442547,6429.672598682429,0.9315518350003913,Continuous,Differentiable,Non-Separable,Non-Scalable,Multimodal,2,True,False,Giunta,3.0,20000,10000.0,10000.0,True,True,False,False,1,16.0,,,5
4,[0.36749229 0.55194028],20000,NiaPyDifferentialEvolution,Giunta,0.1308669758266402,0.017675408199512077,8144.80135487655,3.6672909210001308,Continuous,Differentiable,Non-Separable,Non-Scalable,Multimodal,2,True,False,Giunta,3.0,20000,10000.0,10000.0,True,True,False,False,1,13.0,1327.0,,5
5,[-0.77318199  0.83413702],20000,RandomSearch1,Giunta,1.2935996131479723,0.3810319923372139,6780.394669802712,0.7891499389997989,Continuous,Differentiable,Non-Separable,Non-Scalable,Multimodal,2,True,False,Giunta,3.0,20000,10000.0,10000.0,True,False,False,False,1,12.0,1836.0,,5
6,[-0.6368474  -0.82154295],19999,RandomSearch2,Giunta,1.6971604122347421,0.45831251691031516,5869.804544889987,0.8668750050001108,Continuous,Differentiable,Non-Separable,Non-Scalable,Multimodal,2,True,False,Giunta,3.0,20000,10000.0,9999.5,True,False,False,False,1,22.0,3352.0,,5
7,[ 0.69241371 -1.84166795],3121,CMAES,Giunta,2.319933744770311,0.19441427260056315,710.5153723442452,0.9019916150000427,Continuous,Differentiable,Non-Separable,Non-Scalable,Multimodal,2,True,False,Giunta,3.0,20000,10000.0,1560.5,True,False,False,False,1,19.0,,,5
