,BestArm,NumberFunctionEval,Algorithm,CostFunction,EuclideanDistance,TrueRewardDifference,CumulativeRegret,TimeToComplete,Continuous,Differentiability,Separability,Scalability,Modality,Ndimensions,OptimizationSuccessful,BBOB,BaseClass,SD,MaxFeval,MaxFevalPerDimensions,FevalPerDimensions,SolveAt1,SolveAt1e-1,SolveAt1e-3,SolveAt1e-6,SolveEarlierAt1,SolveEarlierAt1e-1,SolveEarlierAt1e-3,SolveEarlierAt1e-6,simNumber
0,[0.71325314 0.4327    ],2000,NiaPyNelderMead,Giunta,0.24835789129002767,0.07186056370150476,143.9808843441863,0.12384065499998087,Continuous,Differentiable,Non-Separable,Non-Scalable,Multimodal,2,True,False,Giunta,0.0,2000,1000.0,1000.0,True,True,False,False,1,1,,,6
1,[0.46611672 0.46836424],2000,NiaPyPSO,Giunta,0.0015932179872443066,2.6658506941945603e-06,421.90243177600445,0.0993758130000515,Continuous,Differentiable,Non-Separable,Non-Scalable,Multimodal,2,True,False,Giunta,0.0,2000,1000.0,1000.0,True,True,True,False,1,2,365.0,,6
2,[0.45847483 0.47691205],2000,NiaPySimulatedAnnealing,Giunta,0.013047780267102455,0.00017893230791157788,634.9121019192069,0.10916258000008838,Continuous,Differentiable,Non-Separable,Non-Scalable,Multimodal,2,True,False,Giunta,0.0,2000,1000.0,1000.0,True,True,True,False,1,3,230.0,,6
3,[0.47589388 0.54325478],2000,NiaPyCuckooSearch,Giunta,0.0764172698569174,0.006385573154582297,651.9188554125421,0.08095250400003806,Continuous,Differentiable,Non-Separable,Non-Scalable,Multimodal,2,True,False,Giunta,0.0,2000,1000.0,1000.0,True,True,False,False,1,2,,,6
4,[0.46732093 0.4672927 ],2000,NiaPyDifferentialEvolution,Giunta,2.7328121194517e-05,7.84934006681226e-10,119.24071662593938,0.3399451279999539,Continuous,Differentiable,Non-Separable,Non-Scalable,Multimodal,2,True,False,Giunta,0.0,2000,1000.0,1000.0,True,True,True,True,1,2,488.0,1333.0,6
5,[0.49619903 0.46289382],2000,RandomSearch1,Giunta,0.029216226368867334,0.0009109749144172452,631.6485352722136,0.06662747300003957,Continuous,Differentiable,Non-Separable,Non-Scalable,Multimodal,2,True,False,Giunta,0.0,2000,1000.0,1000.0,True,True,True,False,1,20,1915.0,,6
6,[0.42455417 0.46314574],1999,RandomSearch2,Giunta,0.042969093468702334,0.001889646765425676,639.7134154991321,0.07260210999993433,Continuous,Differentiable,Non-Separable,Non-Scalable,Multimodal,2,True,False,Giunta,0.0,2000,1000.0,999.5,True,True,False,False,1,10,,,6
7,[ 0.46732003 -1.48535541],469,CMAES,Giunta,1.9526754279326561,0.034419202463683324,32.50680083594506,0.17638196799998695,Continuous,Differentiable,Non-Separable,Non-Scalable,Multimodal,2,True,False,Giunta,0.0,2000,1000.0,234.5,True,True,False,False,1,28,,,6
