,BestArm,NumberFunctionEval,Algorithm,CostFunction,EuclideanDistance,TrueRewardDifference,CumulativeRegret,TimeToComplete,Continuous,Differentiability,Separability,Scalability,Modality,Ndimensions,OptimizationSuccessful,BBOB,BaseClass,SD,MaxFeval,MaxFevalPerDimensions,FevalPerDimensions,SolveAt1,SolveAt1e-1,SolveAt1e-3,SolveAt1e-6,SolveEarlierAt1,SolveEarlierAt1e-1,SolveEarlierAt1e-3,SolveEarlierAt1e-6,simNumber
0,[0.47189952 0.38375509],2000,NiaPyNelderMead,Giunta,0.08369031060727435,0.006975045521503728,14.479660760151397,0.1220094100000324,Continuous,Differentiable,Non-Separable,Non-Scalable,Multimodal,2,True,False,Giunta,0.0,2000,1000.0,1000.0,True,True,False,False,1,2,,,1
1,[0.46327461 0.47257231],2000,NiaPyPSO,Giunta,0.006629629314274929,4.621434426904658e-05,385.2203192770082,0.09915553999996973,Continuous,Differentiable,Non-Separable,Non-Scalable,Multimodal,2,True,False,Giunta,0.0,2000,1000.0,1000.0,True,True,True,False,1,33,172.0,,1
2,[0.43069048 0.48777251],2000,NiaPySimulatedAnnealing,Giunta,0.04195269393410775,0.0018228032777346664,595.5623221632297,0.10791024899992863,Continuous,Differentiable,Non-Separable,Non-Scalable,Multimodal,2,True,False,Giunta,0.0,2000,1000.0,1000.0,True,True,False,False,1,6,,,1
3,[0.45855187 0.32059868],2000,NiaPyCuckooSearch,Giunta,0.14698310328768222,0.02053581031895453,610.6139976441691,0.07725993400003972,Continuous,Differentiable,Non-Separable,Non-Scalable,Multimodal,2,True,False,Giunta,0.0,2000,1000.0,1000.0,True,True,False,False,1,14,,,1
4,[0.46729736 0.46730403],2000,NiaPyDifferentialEvolution,Giunta,2.774136843347546e-05,8.085242059197029e-10,139.1858815692369,0.3342853090000517,Continuous,Differentiable,Non-Separable,Non-Scalable,Multimodal,2,True,False,Giunta,0.0,2000,1000.0,1000.0,True,True,True,True,1,1,468.0,1209.0,1
5,[0.45887102 0.47121037],2000,RandomSearch1,Giunta,0.009301640889323661,9.054321703881596e-05,626.2281103848796,0.07232298500002798,Continuous,Differentiable,Non-Separable,Non-Scalable,Multimodal,2,True,False,Giunta,0.0,2000,1000.0,1000.0,True,True,True,False,1,4,250.0,,1
6,[0.47146038 0.48661586],1999,RandomSearch2,Giunta,0.01973504759682537,0.00041348009500784266,618.0669028472271,0.0746183920000476,Continuous,Differentiable,Non-Separable,Non-Scalable,Multimodal,2,True,False,Giunta,0.0,2000,1000.0,999.5,True,True,True,False,1,8,408.0,,1
7,[ 0.46732003 -1.48535543],475,CMAES,Giunta,1.9526754419921617,0.03441920246368341,33.58653122775911,0.16732817300010083,Continuous,Differentiable,Non-Separable,Non-Scalable,Multimodal,2,True,False,Giunta,0.0,2000,1000.0,237.5,True,True,False,False,1,54,,,1
