,BestArm,NumberFunctionEval,Algorithm,CostFunction,EuclideanDistance,TrueRewardDifference,CumulativeRegret,TimeToComplete,Continuous,Differentiability,Separability,Scalability,Modality,Ndimensions,OptimizationSuccessful,BBOB,BaseClass,SD,MaxFeval,MaxFevalPerDimensions,FevalPerDimensions,SolveAt1,SolveAt1e-1,SolveAt1e-3,SolveAt1e-6,SolveEarlierAt1,SolveEarlierAt1e-1,SolveEarlierAt1e-3,SolveEarlierAt1e-6,simNumber
0,[-0.69981017 -0.69930572],20000,NiaPyNelderMead,Giunta,1.6502146906312618,0.47949690980123394,10028.113146341653,1.2987324980003905,Continuous,Differentiable,Non-Separable,Non-Scalable,Multimodal,2,True,False,Giunta,3.0,20000,10000.0,10000.0,True,False,False,False,1,,,,6
1,[ 1. -1.],20000,NiaPyPSO,Giunta,1.561017612013507,0.48759609208050236,9480.395015744147,1.1563445309993767,Continuous,Differentiable,Non-Separable,Non-Scalable,Multimodal,2,True,False,Giunta,3.0,20000,10000.0,10000.0,True,False,False,False,1,3.0,,,6
2,[0.20363021 0.7711623 ],20000,NiaPySimulatedAnnealing,Giunta,0.4023089015690406,0.1690759689439178,6596.203025849148,1.2412819670007593,Continuous,Differentiable,Non-Separable,Non-Scalable,Multimodal,2,True,False,Giunta,3.0,20000,10000.0,10000.0,True,False,False,False,1,175.0,1825.0,,6
3,[ 0.05671882 -0.89346345],20000,NiaPyCuckooSearch,Giunta,1.4213813716454267,0.3045623443096834,5817.071638485988,0.920565727000394,Continuous,Differentiable,Non-Separable,Non-Scalable,Multimodal,2,True,False,Giunta,3.0,20000,10000.0,10000.0,True,False,False,False,1,22.0,,,6
4,[-1.         0.2459713],20000,NiaPyDifferentialEvolution,Giunta,1.4839216013691374,0.1872411672102613,8152.130357334514,3.5982853909999903,Continuous,Differentiable,Non-Separable,Non-Scalable,Multimodal,2,True,False,Giunta,3.0,20000,10000.0,10000.0,True,False,False,False,1,6.0,2663.0,,6
5,[0.411701   0.58361781],20000,RandomSearch1,Giunta,0.1289133498530174,0.018213697189003702,6437.687695864727,0.7581463480000821,Continuous,Differentiable,Non-Separable,Non-Scalable,Multimodal,2,True,False,Giunta,3.0,20000,10000.0,10000.0,True,True,False,False,1,24.0,1257.0,,6
6,[-0.97636357 -0.11837481],19999,RandomSearch2,Giunta,1.5579668623797098,0.3514163516737664,6506.576477389261,0.8492664430004879,Continuous,Differentiable,Non-Separable,Non-Scalable,Multimodal,2,True,False,Giunta,3.0,20000,10000.0,9999.5,True,False,False,False,1,60.0,1034.0,,6
7,[ -0.02925126 -11.22327091],3091,CMAES,Giunta,11.701132395416014,0.17151335088179986,948.3547403496395,0.8800994479997826,Continuous,Differentiable,Non-Separable,Non-Scalable,Multimodal,2,True,False,Giunta,3.0,20000,10000.0,1545.5,True,False,False,False,1,80.0,,,6
