,BestArm,NumberFunctionEval,Algorithm,CostFunction,EuclideanDistance,TrueRewardDifference,CumulativeRegret,TimeToComplete,Continuous,Differentiability,Separability,Scalability,Modality,Ndimensions,OptimizationSuccessful,BBOB,BaseClass,SD,MaxFeval,MaxFevalPerDimensions,FevalPerDimensions,SolveAt1,SolveAt1e-1,SolveAt1e-3,SolveAt1e-6,SolveEarlierAt1,SolveEarlierAt1e-1,SolveEarlierAt1e-3,SolveEarlierAt1e-6,simNumber
0,[0.72473005 0.28646887],2000,NiaPyNelderMead,Giunta,0.31459030520249354,0.10785344477440026,216.0364104842943,0.12428186099998584,Continuous,Differentiable,Non-Separable,Non-Scalable,Multimodal,2,True,False,Giunta,0.0,2000,1000.0,1000.0,True,False,False,False,1,,,,2
1,[0.46760122 0.46549794],2000,NiaPyPSO,Giunta,0.0018436435829607752,3.566621692013827e-06,374.23216035974076,0.10138648599991029,Continuous,Differentiable,Non-Separable,Non-Scalable,Multimodal,2,True,False,Giunta,0.0,2000,1000.0,1000.0,True,True,True,False,1,6.0,174.0,,2
2,[0.45399707 0.45905104],2000,NiaPySimulatedAnnealing,Giunta,0.01568047418770223,0.0002564494344083901,632.7929995740443,0.10868256599997039,Continuous,Differentiable,Non-Separable,Non-Scalable,Multimodal,2,True,False,Giunta,0.0,2000,1000.0,1000.0,True,True,True,False,1,132.0,623.0,,2
3,[0.46559074 0.52065695],2000,NiaPyCuckooSearch,Giunta,0.0533649580466174,0.003080257273379461,658.3942924426987,0.07839569499992649,Continuous,Differentiable,Non-Separable,Non-Scalable,Multimodal,2,True,False,Giunta,0.0,2000,1000.0,1000.0,True,True,False,False,1,3.0,,,2
4,[0.46731519 0.46732252],2000,NiaPyDifferentialEvolution,Giunta,5.4477745491114345e-06,3.1105479303406014e-11,121.9679429226133,0.3537740120000308,Continuous,Differentiable,Non-Separable,Non-Scalable,Multimodal,2,True,False,Giunta,0.0,2000,1000.0,1000.0,True,True,True,True,1,9.0,414.0,1083.0,2
5,[0.45654537 0.44286398],2000,RandomSearch1,Giunta,0.026724353841892808,0.0007402435589705103,629.6322386697716,0.0666310680001061,Continuous,Differentiable,Non-Separable,Non-Scalable,Multimodal,2,True,False,Giunta,0.0,2000,1000.0,1000.0,True,True,True,False,1,7.0,89.0,,2
6,[0.46437211 0.46385766],1999,RandomSearch2,Giunta,0.0045473216807345495,2.167880242263942e-05,627.1073688105379,0.07373727499998495,Continuous,Differentiable,Non-Separable,Non-Scalable,Multimodal,2,True,False,Giunta,0.0,2000,1000.0,999.5,True,True,True,False,1,24.0,80.0,,2
7,[0.46732004 0.46732   ],421,CMAES,Giunta,2.3844047918795895e-08,1.0408340855860843e-15,8.436721472258954,0.15704844100002902,Continuous,Differentiable,Non-Separable,Non-Scalable,Multimodal,2,True,False,Giunta,0.0,2000,1000.0,210.5,True,True,True,True,1,2.0,25.0,144.0,2
