,BestArm,NumberFunctionEval,Algorithm,CostFunction,EuclideanDistance,TrueRewardDifference,CumulativeRegret,TimeToComplete,Continuous,Differentiability,Separability,Scalability,Modality,Ndimensions,OptimizationSuccessful,BBOB,BaseClass,SD,MaxFeval,MaxFevalPerDimensions,FevalPerDimensions,SolveAt1,SolveAt1e-1,SolveAt1e-3,SolveAt1e-6,SolveEarlierAt1,SolveEarlierAt1e-1,SolveEarlierAt1e-3,SolveEarlierAt1e-6,simNumber
0,[-0.56742896  0.35747491],2000,NiaPyNelderMead,Giunta,1.0405630287622833,0.27621364232195006,552.6837711501646,0.12366945299993404,Continuous,Differentiable,Non-Separable,Non-Scalable,Multimodal,2,True,False,Giunta,0.0,2000,1000.0,1000.0,True,False,False,False,1,,,,0
1,[0.47327318 0.46790076],2000,NiaPyPSO,Giunta,0.005981416958104113,3.7709158332288606e-05,390.32489718833585,0.10205863600003795,Continuous,Differentiable,Non-Separable,Non-Scalable,Multimodal,2,True,False,Giunta,0.0,2000,1000.0,1000.0,True,True,True,False,1,23.0,342.0,,0
2,[0.44531361 0.43335516],2000,NiaPySimulatedAnnealing,Giunta,0.04047090193225546,0.0016890426337243941,700.8705983550744,0.1085814160001064,Continuous,Differentiable,Non-Separable,Non-Scalable,Multimodal,2,True,False,Giunta,0.0,2000,1000.0,1000.0,True,True,False,False,1,59.0,,,0
3,[0.50266023 0.40902632],2000,NiaPyCuckooSearch,Giunta,0.06816953231473848,0.004780219396220059,660.1340052355041,0.07865278799999942,Continuous,Differentiable,Non-Separable,Non-Scalable,Multimodal,2,True,False,Giunta,0.0,2000,1000.0,1000.0,True,True,False,False,1,4.0,,,0
4,[0.46732936 0.46732338],2000,NiaPyDifferentialEvolution,Giunta,9.921061758270805e-06,1.0337401767923637e-10,112.25998219584467,0.3404063360000009,Continuous,Differentiable,Non-Separable,Non-Scalable,Multimodal,2,True,False,Giunta,0.0,2000,1000.0,1000.0,True,True,True,True,1,1.0,288.0,1055.0,0
5,[0.45350296 0.46334254],2000,RandomSearch1,Giunta,0.014378171794829994,0.00021547206378021155,621.2419640904861,0.06641586199998528,Continuous,Differentiable,Non-Separable,Non-Scalable,Multimodal,2,True,False,Giunta,0.0,2000,1000.0,1000.0,True,True,True,False,1,13.0,245.0,,0
6,[0.4739296  0.47576619],1999,RandomSearch2,Giunta,0.010724939667809191,0.00012136379056190694,631.7659785413153,0.07487804699997014,Continuous,Differentiable,Non-Separable,Non-Scalable,Multimodal,2,True,False,Giunta,0.0,2000,1000.0,999.5,True,True,True,False,1,2.0,1180.0,,0
7,[0.46732002 0.46732004],409,CMAES,Giunta,1.8324560286475912e-08,2.7755575615628914e-17,15.48379833076822,0.1584423560000232,Continuous,Differentiable,Non-Separable,Non-Scalable,Multimodal,2,True,False,Giunta,0.0,2000,1000.0,204.5,True,True,True,True,1,17.0,77.0,158.0,0
