,BestArm,NumberFunctionEval,Algorithm,CostFunction,EuclideanDistance,TrueRewardDifference,CumulativeRegret,TimeToComplete,Continuous,Differentiability,Separability,Scalability,Modality,Ndimensions,OptimizationSuccessful,BBOB,BaseClass,SD,MaxFeval,MaxFevalPerDimensions,FevalPerDimensions,SolveAt1,SolveAt1e-1,SolveAt1e-3,SolveAt1e-6,SolveEarlierAt1,SolveEarlierAt1e-1,SolveEarlierAt1e-3,SolveEarlierAt1e-6,simNumber
0,[-0.18707242  1.0236756 ],20000,NiaPyNelderMead,Giunta,0.8589301589607944,0.599376908874858,11383.240655203821,1.2968106719999923,Continuous,Differentiable,Non-Separable,Non-Scalable,Multimodal,2,True,False,Giunta,3.0,20000,10000.0,10000.0,True,False,False,False,1,,,,7
1,[0.96833581 0.46292326],20000,NiaPyPSO,Giunta,0.5010350787662087,0.30437584948401086,7771.494914220672,1.1560259369998676,Continuous,Differentiable,Non-Separable,Non-Scalable,Multimodal,2,True,False,Giunta,3.0,20000,10000.0,10000.0,True,False,False,False,1,9.0,2003.0,,7
2,[ 0.22518116 -0.12171795],20000,NiaPySimulatedAnnealing,Giunta,0.636864941397853,0.2522440861927504,6776.158193572286,1.2389838310000414,Continuous,Differentiable,Non-Separable,Non-Scalable,Multimodal,2,True,False,Giunta,3.0,20000,10000.0,10000.0,True,False,False,False,1,4.0,591.0,,7
3,[-0.60906335 -0.1568514 ],20000,NiaPyCuckooSearch,Giunta,1.2442632914735523,0.47235194703075056,6068.743711515156,0.9312702799998078,Continuous,Differentiable,Non-Separable,Non-Scalable,Multimodal,2,True,False,Giunta,3.0,20000,10000.0,10000.0,True,False,False,False,1,103.0,,,7
4,[ 0.11212869 -0.16391176],20000,NiaPyDifferentialEvolution,Giunta,0.724302728563351,0.31499663627304514,9449.812610049159,3.636885078999512,Continuous,Differentiable,Non-Separable,Non-Scalable,Multimodal,2,True,False,Giunta,3.0,20000,10000.0,10000.0,True,False,False,False,1,9.0,,,7
5,[0.28051926 0.35720772],20000,RandomSearch1,Giunta,0.2168392192029753,0.04394032291425426,6313.533159339858,0.7653036810006597,Continuous,Differentiable,Non-Separable,Non-Scalable,Multimodal,2,True,False,Giunta,3.0,20000,10000.0,10000.0,True,True,False,False,1,3.0,1227.0,,7
6,[-0.21215055  0.04854404],19999,RandomSearch2,Giunta,0.7981563636890611,0.35955960318709257,6066.9837843453715,0.8448834600003465,Continuous,Differentiable,Non-Separable,Non-Scalable,Multimodal,2,True,False,Giunta,3.0,20000,10000.0,9999.5,True,False,False,False,1,30.0,2640.0,,7
7,[0.83934479 0.80893221],3031,CMAES,Giunta,0.5050755486297361,0.3053613799972131,1223.8532807320091,0.8649282959995617,Continuous,Differentiable,Non-Separable,Non-Scalable,Multimodal,2,True,False,Giunta,3.0,20000,10000.0,1515.5,True,False,False,False,1,35.0,,,7
