,BestArm,NumberFunctionEval,Algorithm,CostFunction,EuclideanDistance,TrueRewardDifference,CumulativeRegret,TimeToComplete,Continuous,Differentiability,Separability,Scalability,Modality,Ndimensions,OptimizationSuccessful,BBOB,BaseClass,SD,MaxFeval,MaxFevalPerDimensions,FevalPerDimensions,SolveAt1,SolveAt1e-1,SolveAt1e-3,SolveAt1e-6,SolveEarlierAt1,SolveEarlierAt1e-1,SolveEarlierAt1e-3,SolveEarlierAt1e-6,simNumber
0,[ 1.12166518  2.83077895  0.98497894 -1.07451928  2.17232263 -1.17429558],600000,NiaPyNelderMead,LunacekBiRastriginN6,2.8978727467902727,61.47486649694672,37774525.037827685,60.1616451719965,Continuous,Differentiable,Non-Separable,Scalable,Multimodal,6,True,True,LunacekBiRastrigin,0.0,600000,100000.0,100000.0,False,False,False,False,,,,,6
1,[-1.72126574 -2.21648779  1.55237762 -1.66439002  1.84656642  1.06098532],600000,NiaPyPSO,LunacekBiRastriginN6,7.219509949821389,9.141434811395147,49691149.812877685,63.95689480899455,Continuous,Differentiable,Non-Separable,Scalable,Multimodal,6,True,True,LunacekBiRastrigin,0.0,600000,100000.0,100000.0,False,False,False,False,,,,,6
2,[-1.30833794  3.20752361  1.54530665 -1.59849699 -0.0318657   0.22330443],600000,NiaPySimulatedAnnealing,LunacekBiRastriginN6,2.774605431518179,35.90852063904192,98174156801.62956,66.92692354899918,Continuous,Differentiable,Non-Separable,Scalable,Multimodal,6,True,True,LunacekBiRastrigin,0.0,600000,100000.0,100000.0,False,False,False,False,,,,,6
3,[ 3.11677486  2.51722488  3.40605181  3.36395107  1.86362941 -0.62017815],600000,NiaPyCuckooSearch,LunacekBiRastriginN6,9.456231983202033,44.21877925692705,107588169805.88765,56.524147584001184,Continuous,Differentiable,Non-Separable,Scalable,Multimodal,6,True,True,LunacekBiRastrigin,0.0,600000,100000.0,100000.0,False,False,False,False,,,,,6
4,[-1.27627526 -2.04122558  1.82179205  2.06991224  2.00786039  1.67557937],600000,NiaPyDifferentialEvolution,LunacekBiRastriginN6,7.539537460032961,13.973031733397974,120738418.68362784,152.90645494199998,Continuous,Differentiable,Non-Separable,Scalable,Multimodal,6,True,True,LunacekBiRastrigin,0.0,600000,100000.0,100000.0,False,False,False,False,,,,,6
5,[ 2.18918132 -2.80617974 -0.23743646 -2.03466073 -4.08822078  2.04737201],600000,RandomSearch1,LunacekBiRastriginN6,8.980606261555424,32.36464732056252,100191021200.61147,63.37617164100084,Continuous,Differentiable,Non-Separable,Scalable,Multimodal,6,True,True,LunacekBiRastrigin,0.0,600000,100000.0,100000.0,False,False,False,False,,,,,6
6,[-1.85404646 -0.35556705 -2.6088039   1.21515224  3.56090358  0.1282149 ],599999,RandomSearch2,LunacekBiRastriginN6,7.630502121434685,36.193645829910835,100235889384.8718,60.752791799997794,Continuous,Differentiable,Non-Separable,Scalable,Multimodal,6,True,True,LunacekBiRastrigin,0.0,600000,100000.0,99999.83333333333,False,False,False,False,,,,,6
7,[-0.2718416   1.87261723  0.17630434 -1.80669684 -2.45272736  0.77023917],3637,CMAES,LunacekBiRastriginN6,6.421529112543302,16.83449457846367,224353.6614297473,1.0825893030050793,Continuous,Differentiable,Non-Separable,Scalable,Multimodal,6,True,True,LunacekBiRastrigin,0.0,600000,100000.0,606.1666666666666,False,False,False,False,,,,,6
