,BestArm,NumberFunctionEval,Algorithm,CostFunction,EuclideanDistance,TrueRewardDifference,CumulativeRegret,TimeToComplete,Continuous,Differentiability,Separability,Scalability,Modality,Ndimensions,OptimizationSuccessful,BBOB,BaseClass,SD,MaxFeval,MaxFevalPerDimensions,FevalPerDimensions,SolveAt1,SolveAt1e-1,SolveAt1e-3,SolveAt1e-6,SolveEarlierAt1,SolveEarlierAt1e-1,SolveEarlierAt1e-3,SolveEarlierAt1e-6,simNumber
0,[-0.70303587  0.73013709  2.44245255 -0.0155327   2.06133328  2.33438799],600000,NiaPyNelderMead,LunacekBiRastriginN6,5.4139915934630904,88.67596566051455,53846784.434242584,65.26307106699824,Continuous,Differentiable,Non-Separable,Scalable,Multimodal,6,True,True,LunacekBiRastrigin,3.0,600000,100000.0,100000.0,False,False,False,False,,,,,7
1,[-1.47885379  2.15866803 -1.49386975  1.47774453 -1.3165771  -1.50993016],600000,NiaPyPSO,LunacekBiRastriginN6,6.945473676001796,9.017058158162687,52047956.35630349,70.08069289899868,Continuous,Differentiable,Non-Separable,Scalable,Multimodal,6,True,True,LunacekBiRastrigin,3.0,600000,100000.0,100000.0,False,False,False,False,,,,,7
2,[-0.55161841 -1.52232319 -2.47378277 -0.34513155 -0.04510107  1.92273612],600000,NiaPySimulatedAnnealing,LunacekBiRastriginN6,6.233830555856305,33.95434514129332,102995370315.75497,72.3310671299987,Continuous,Differentiable,Non-Separable,Scalable,Multimodal,6,True,True,LunacekBiRastrigin,3.0,600000,100000.0,100000.0,False,False,False,False,,,,,7
3,[ 0.3789359  -0.69760411  2.10577861 -0.04013619 -0.07233354  2.082932  ],600000,NiaPyCuckooSearch,LunacekBiRastriginN6,5.677085267857412,38.61149131052764,107187651818.01973,62.25387233799847,Continuous,Differentiable,Non-Separable,Scalable,Multimodal,6,True,True,LunacekBiRastrigin,3.0,600000,100000.0,100000.0,False,False,False,False,,,,,7
4,[-2.52797877 -2.59476367  1.76645257  2.17020751  1.83041966  2.38096882],600000,NiaPyDifferentialEvolution,LunacekBiRastriginN6,8.516164436552735,20.23558221311315,105541943.62865293,160.5420199979999,Continuous,Differentiable,Non-Separable,Scalable,Multimodal,6,True,True,LunacekBiRastrigin,3.0,600000,100000.0,100000.0,False,False,False,False,,,,,7
5,[ 1.75510771  1.22637143 -1.11063994 -1.64214078  2.78424316  1.31257037],600000,RandomSearch1,LunacekBiRastriginN6,7.207084835622338,36.71828637725823,100053293823.21115,67.75254380499973,Continuous,Differentiable,Non-Separable,Scalable,Multimodal,6,True,True,LunacekBiRastrigin,3.0,600000,100000.0,100000.0,False,False,False,False,,,,,7
6,[-3.42987172 -2.07625871  1.65933611  2.01793349  2.18332841  1.59891371],599999,RandomSearch2,LunacekBiRastriginN6,8.486040033011493,34.33216221811738,100081402185.17078,64.8323260459947,Continuous,Differentiable,Non-Separable,Scalable,Multimodal,6,True,True,LunacekBiRastrigin,3.0,600000,100000.0,99999.83333333333,False,False,False,False,,,,,7
7,[1.94724738 0.65356909 3.13627964 1.41322126 1.48911592 1.69807162],6076,CMAES,LunacekBiRastriginN6,7.508131922199591,15.99411365783996,61414626.69120895,1.8792150110020884,Continuous,Differentiable,Non-Separable,Scalable,Multimodal,6,True,True,LunacekBiRastrigin,3.0,600000,100000.0,1012.6666666666666,False,False,False,False,,,,,7
