,BestArm,NumberFunctionEval,Algorithm,CostFunction,EuclideanDistance,TrueRewardDifference,CumulativeRegret,TimeToComplete,Continuous,Differentiability,Separability,Scalability,Modality,Ndimensions,OptimizationSuccessful,BBOB,BaseClass,SD,MaxFeval,MaxFevalPerDimensions,FevalPerDimensions,SolveAt1,SolveAt1e-1,SolveAt1e-3,SolveAt1e-6,SolveEarlierAt1,SolveEarlierAt1e-1,SolveEarlierAt1e-3,SolveEarlierAt1e-6,simNumber
0,[2.04507091 3.02147914 1.03216092 1.95477334 0.11592172 0.48002052],120,NiaPyNelderMead,LunacekBiRastriginN6,3.4545405697726705,86.27574106893891,649951.3242254617,0.01360819500000332,Continuous,Differentiable,Non-Separable,Scalable,Multimodal,6,True,True,LunacekBiRastrigin,3.0,120,20.0,20.0,False,False,False,False,,,,,2
1,[-2.89655164  1.10879383  1.542418   -1.00559239 -2.97869543  2.25368749],120,NiaPyPSO,LunacekBiRastriginN6,7.76252640203383,75.22781459556653,9782860.91105393,0.013562894000003212,Continuous,Differentiable,Non-Separable,Scalable,Multimodal,6,True,True,LunacekBiRastrigin,3.0,120,20.0,20.0,False,False,False,False,,,,,2
2,[-2.42114503  1.87948026 -1.32956967  5.18856793 -0.06607305 -0.77350458],120,NiaPySimulatedAnnealing,LunacekBiRastriginN6,6.257662777579282,550.428680326801,1800725.4342729254,0.015124345000003814,Continuous,Differentiable,Non-Separable,Scalable,Multimodal,6,True,True,LunacekBiRastrigin,3.0,120,20.0,20.0,False,False,False,False,,,,,2
3,[ 4.47389816 -2.25797113 -3.58908816 -1.27117856 -4.79791751  0.67136217],120,NiaPyCuckooSearch,LunacekBiRastriginN6,7.5597781629074925,255.79192419603484,35105736.54423067,0.014135894999995458,Continuous,Differentiable,Non-Separable,Scalable,Multimodal,6,True,True,LunacekBiRastrigin,3.0,120,20.0,20.0,False,False,False,False,,,,,2
4,[ 3.58276402 -4.80851818  0.61926974  0.58450036  0.06316366 -0.85552753],120,NiaPyDifferentialEvolution,LunacekBiRastriginN6,8.375915158844546,116.14778156050394,21807525.884327594,0.03143894900000532,Continuous,Differentiable,Non-Separable,Scalable,Multimodal,6,True,True,LunacekBiRastrigin,3.0,120,20.0,20.0,False,False,False,False,,,,,2
5,[-0.52202341 -0.04961573  0.06439095 -0.01748579  1.04387676  1.10498764],120,RandomSearch1,LunacekBiRastriginN6,4.308325134618686,99.48952289119939,19510831.016260237,0.015587099000001103,Continuous,Differentiable,Non-Separable,Scalable,Multimodal,6,True,True,LunacekBiRastrigin,3.0,120,20.0,20.0,False,False,False,False,,,,,2
6,[2.37436925 2.37436925 2.37436925 2.37436925 2.37436925 2.37436925],119,RandomSearch2,LunacekBiRastriginN6,8.181959943808305,105.08616170379926,19243940.20664913,0.014725983000005272,Continuous,Differentiable,Non-Separable,Scalable,Multimodal,6,True,True,LunacekBiRastrigin,3.0,120,20.0,19.833333333333332,False,False,False,False,,,,,2
7,[ 0.98118228  2.81360775  1.57533734 -0.46554318  0.86237515  1.13603722],127,CMAES,LunacekBiRastriginN6,3.013598465432912,62.39957874362344,22418.020912279306,0.08589262899999994,Continuous,Differentiable,Non-Separable,Scalable,Multimodal,6,True,True,LunacekBiRastrigin,3.0,120,20.0,21.166666666666668,False,False,False,False,,,,,2
