,BestArm,NumberFunctionEval,Algorithm,CostFunction,EuclideanDistance,TrueRewardDifference,CumulativeRegret,TimeToComplete,Continuous,Differentiability,Separability,Scalability,Modality,Ndimensions,OptimizationSuccessful,BBOB,BaseClass,SD,MaxFeval,MaxFevalPerDimensions,FevalPerDimensions,SolveAt1,SolveAt1e-1,SolveAt1e-3,SolveAt1e-6,SolveEarlierAt1,SolveEarlierAt1e-1,SolveEarlierAt1e-3,SolveEarlierAt1e-6,simNumber
0,[-0.15116817  2.0414603   0.49685871 -0.45474668  5.69198736  5.58859431],60000,NiaPyNelderMead,LunacekBiRastriginN6,10.023739052043123,8408.312716735038,505918740.72164994,6.404074186000798,Continuous,Differentiable,Non-Separable,Scalable,Multimodal,6,True,True,LunacekBiRastrigin,3.0,60000,10000.0,10000.0,False,False,False,False,,,,,2
1,[ 1.42167593  1.37769867 -0.88632382  1.40774543  1.59005102 -2.22975548],60000,NiaPyPSO,LunacekBiRastriginN6,6.7708737118709585,16.346360591385228,11575961.562069988,6.77644913200038,Continuous,Differentiable,Non-Separable,Scalable,Multimodal,6,True,True,LunacekBiRastrigin,3.0,60000,10000.0,10000.0,False,False,False,False,,,,,2
2,[-1.66610705  2.02870652  2.64682533 -0.96153839  2.18949068 -1.48223646],60000,NiaPySimulatedAnnealing,LunacekBiRastriginN6,1.9366043842115344,28.471462857828133,10335495528.140108,7.167296982999687,Continuous,Differentiable,Non-Separable,Scalable,Multimodal,6,True,True,LunacekBiRastrigin,3.0,60000,10000.0,10000.0,False,False,False,False,,,,,2
3,[ 1.96586984 -1.07595152 -0.65454117 -3.51035596 -0.64474952 -1.60562799],60000,NiaPyCuckooSearch,LunacekBiRastriginN6,7.333813621428613,64.05067425490805,10653858959.124048,5.99706740900001,Continuous,Differentiable,Non-Separable,Scalable,Multimodal,6,True,True,LunacekBiRastrigin,3.0,60000,10000.0,10000.0,False,False,False,False,,,,,2
4,[-2.23844097 -2.79760125 -0.0513168   1.76829498  1.36140811  2.14215623],60000,NiaPyDifferentialEvolution,LunacekBiRastriginN6,7.594866847909881,17.458490321901706,169625456.54840747,15.937351309000405,Continuous,Differentiable,Non-Separable,Scalable,Multimodal,6,True,True,LunacekBiRastrigin,3.0,60000,10000.0,10000.0,False,False,False,False,,,,,2
5,[ 0.714497    0.84828797  1.19113168  0.39245824 -2.70142475 -1.55207475],60000,RandomSearch1,LunacekBiRastriginN6,1.8397995360461785,27.317830603744262,9990463698.45973,6.618329707999692,Continuous,Differentiable,Non-Separable,Scalable,Multimodal,6,True,True,LunacekBiRastrigin,3.0,60000,10000.0,10000.0,False,False,False,False,,,,,2
6,[-1.17310316  1.19913923 -0.77112822 -0.90290285 -3.21573918 -3.54899486],59999,RandomSearch2,LunacekBiRastriginN6,7.684290842753611,48.33730306321529,9992734868.335148,6.377952912999717,Continuous,Differentiable,Non-Separable,Scalable,Multimodal,6,True,True,LunacekBiRastrigin,3.0,60000,10000.0,9999.833333333334,False,False,False,False,,,,,2
7,[ 0.14913211 -2.98152957 -1.95701098 -2.1793909   1.2947083   0.62063693],4546,CMAES,LunacekBiRastriginN6,7.203046402676399,21.032290461558112,8702670.788817188,1.3450990030005414,Continuous,Differentiable,Non-Separable,Scalable,Multimodal,6,True,True,LunacekBiRastrigin,3.0,60000,10000.0,757.6666666666666,False,False,False,False,,,,,2
