,BestArm,NumberFunctionEval,Algorithm,CostFunction,EuclideanDistance,TrueRewardDifference,CumulativeRegret,TimeToComplete,Continuous,Differentiability,Separability,Scalability,Modality,Ndimensions,OptimizationSuccessful,BBOB,BaseClass,SD,MaxFeval,MaxFevalPerDimensions,FevalPerDimensions,SolveAt1,SolveAt1e-1,SolveAt1e-3,SolveAt1e-6,SolveEarlierAt1,SolveEarlierAt1e-1,SolveEarlierAt1e-3,SolveEarlierAt1e-6,simNumber
0,[ 1.65109228 -1.1568078  -2.03713068 -0.37315768  0.48032161  0.58851361],60000,NiaPyNelderMead,LunacekBiRastriginN6,3.8261466075898607,80.58755001355446,5253488.995729368,6.390230689999953,Continuous,Differentiable,Non-Separable,Scalable,Multimodal,6,True,True,LunacekBiRastrigin,3.0,60000,10000.0,10000.0,False,False,False,False,,,,,3
1,[-1.18525788 -1.42462064  1.47475201 -1.72796259  1.75883068 -1.12295707],60000,NiaPyPSO,LunacekBiRastriginN6,6.637815798873401,14.866177305925282,10143935.125598729,6.892919102000633,Continuous,Differentiable,Non-Separable,Scalable,Multimodal,6,True,True,LunacekBiRastrigin,3.0,60000,10000.0,10000.0,False,False,False,False,,,,,3
2,[ 3.51159733 -0.58780836  1.63743383 -2.80870656  3.32965523 -3.49590681],60000,NiaPySimulatedAnnealing,LunacekBiRastriginN6,9.282802705231529,65.52946023109789,10951862471.299612,7.184759546999885,Continuous,Differentiable,Non-Separable,Scalable,Multimodal,6,True,True,LunacekBiRastrigin,3.0,60000,10000.0,10000.0,False,False,False,False,,,,,3
3,[ 1.79013361  1.6653517   0.85359114  1.66680467  3.94733014 -1.6237648 ],60000,NiaPyCuckooSearch,LunacekBiRastriginN6,7.590209113873522,55.58858148897167,10768751417.43682,6.1252536960000725,Continuous,Differentiable,Non-Separable,Scalable,Multimodal,6,True,True,LunacekBiRastrigin,3.0,60000,10000.0,10000.0,False,False,False,False,,,,,3
4,[-1.25953382  1.98238473 -3.20371234 -1.27244238  0.29556511  1.00044938],60000,NiaPyDifferentialEvolution,LunacekBiRastriginN6,7.099129114518856,19.318859085297575,110250966.99931663,15.855512901000111,Continuous,Differentiable,Non-Separable,Scalable,Multimodal,6,True,True,LunacekBiRastrigin,3.0,60000,10000.0,10000.0,False,False,False,False,,,,,3
5,[ 1.76883563 -1.26590895 -0.00457914 -0.73079246  1.1315056  -3.0051316 ],60000,RandomSearch1,LunacekBiRastriginN6,6.248036819000841,46.37144507643962,10010751031.929193,6.630460006999783,Continuous,Differentiable,Non-Separable,Scalable,Multimodal,6,True,True,LunacekBiRastrigin,3.0,60000,10000.0,10000.0,False,False,False,False,,,,,3
6,[ 0.48761608 -1.61068534 -0.79496611  0.46012135  1.92105208  1.47960405],59999,RandomSearch2,LunacekBiRastriginN6,5.9846086936537315,34.52652685744727,9973255829.954386,6.417834327000492,Continuous,Differentiable,Non-Separable,Scalable,Multimodal,6,True,True,LunacekBiRastrigin,3.0,60000,10000.0,9999.833333333334,False,False,False,False,,,,,3
7,[-0.81512636  1.58604969  0.34628658 -1.59391762 -1.02438697  1.11086104],5671,CMAES,LunacekBiRastriginN6,1.1433646092668028,20.054879192120996,8807086.837066056,1.688662941000075,Continuous,Differentiable,Non-Separable,Scalable,Multimodal,6,True,True,LunacekBiRastrigin,3.0,60000,10000.0,945.1666666666666,False,False,False,False,,,,,3
