,BestArm,NumberFunctionEval,Algorithm,CostFunction,EuclideanDistance,TrueRewardDifference,CumulativeRegret,TimeToComplete,Continuous,Differentiability,Separability,Scalability,Modality,Ndimensions,OptimizationSuccessful,BBOB,BaseClass,SD,MaxFeval,MaxFevalPerDimensions,FevalPerDimensions,SolveAt1,SolveAt1e-1,SolveAt1e-3,SolveAt1e-6,SolveEarlierAt1,SolveEarlierAt1e-1,SolveEarlierAt1e-3,SolveEarlierAt1e-6,simNumber
0,[ 3.75229113 -2.10842555  0.60103935  2.5010363   1.9937487   1.35602455],600000,NiaPyNelderMead,LunacekBiRastriginN6,6.755198482316982,94.49478422023243,57593834.65953488,59.65626217799581,Continuous,Differentiable,Non-Separable,Scalable,Multimodal,6,True,True,LunacekBiRastrigin,0.0,600000,100000.0,100000.0,False,False,False,False,,,,,5
1,[-1.34429831  1.7137748   2.21472069 -2.41818156 -1.25667512  1.31799291],600000,NiaPyPSO,LunacekBiRastriginN6,7.338405679756153,10.881394555740696,50811327.70349637,64.02030550899508,Continuous,Differentiable,Non-Separable,Scalable,Multimodal,6,True,True,LunacekBiRastrigin,0.0,600000,100000.0,100000.0,False,False,False,False,,,,,5
2,[ 0.85745428 -1.71966994  0.43259219  3.69274992  1.00862798 -0.46708471],600000,NiaPySimulatedAnnealing,LunacekBiRastriginN6,6.812416284812684,36.16778467508507,102503647389.69057,66.89757453399943,Continuous,Differentiable,Non-Separable,Scalable,Multimodal,6,True,True,LunacekBiRastrigin,0.0,600000,100000.0,100000.0,False,False,False,False,,,,,5
3,[-0.73616644  1.0166743   0.83195612 -0.26243016  0.3649078   2.01152656],600000,NiaPyCuckooSearch,LunacekBiRastriginN6,1.6828046785071198,42.568680982244516,108014567735.32901,55.90528193800128,Continuous,Differentiable,Non-Separable,Scalable,Multimodal,6,True,True,LunacekBiRastrigin,0.0,600000,100000.0,100000.0,False,False,False,False,,,,,5
4,[ 1.69279697  1.80267035  2.34990311 -0.07135489  2.43321227 -1.84633002],600000,NiaPyDifferentialEvolution,LunacekBiRastriginN6,7.472445629431512,17.79193934156409,122257007.1832165,153.16060121199553,Continuous,Differentiable,Non-Separable,Scalable,Multimodal,6,True,True,LunacekBiRastrigin,0.0,600000,100000.0,100000.0,False,False,False,False,,,,,5
5,[-2.42886675 -0.15370904 -1.74752289 -1.513751    2.24142164  1.52620366],600000,RandomSearch1,LunacekBiRastriginN6,7.212853424438286,31.074501799049145,100370798181.08316,63.74729636599659,Continuous,Differentiable,Non-Separable,Scalable,Multimodal,6,True,True,LunacekBiRastrigin,0.0,600000,100000.0,100000.0,False,False,False,False,,,,,5
6,[-0.61088859 -2.82480924  0.36547991 -0.96559634  2.06545377  2.13871797],599999,RandomSearch2,LunacekBiRastriginN6,7.0753983886003144,21.022864396686053,100167950296.27702,60.86783475000266,Continuous,Differentiable,Non-Separable,Scalable,Multimodal,6,True,True,LunacekBiRastrigin,0.0,600000,100000.0,99999.83333333333,False,False,False,False,,,,,5
7,[ 1.54707445 -1.02632884  1.24726963  2.72154313 -2.87043044 -0.76062564],4087,CMAES,LunacekBiRastriginN6,7.485677745076952,14.030032235980503,380454.68538255733,1.1989222600022913,Continuous,Differentiable,Non-Separable,Scalable,Multimodal,6,True,True,LunacekBiRastrigin,0.0,600000,100000.0,681.1666666666666,False,False,False,False,,,,,5
