,BestArm,NumberFunctionEval,Algorithm,CostFunction,EuclideanDistance,TrueRewardDifference,CumulativeRegret,TimeToComplete,Continuous,Differentiability,Separability,Scalability,Modality,Ndimensions,OptimizationSuccessful,BBOB,BaseClass,SD,MaxFeval,MaxFevalPerDimensions,FevalPerDimensions,SolveAt1,SolveAt1e-1,SolveAt1e-3,SolveAt1e-6,SolveEarlierAt1,SolveEarlierAt1e-1,SolveEarlierAt1e-3,SolveEarlierAt1e-6,simNumber
0,[-0.63384183  3.07878526  5.02466556  0.95054941  4.59173321  2.61201337],600000,NiaPyNelderMead,LunacekBiRastriginN6,7.046082161153212,263.66384348853126,159580421.03223532,66.01027485099621,Continuous,Differentiable,Non-Separable,Scalable,Multimodal,6,True,True,LunacekBiRastrigin,3.0,600000,100000.0,100000.0,False,False,False,False,,,,,3
1,[ 2.09518264 -1.3862811   0.68076383  1.33151176  1.8198329   2.03686401],600000,NiaPyPSO,LunacekBiRastriginN6,6.9828093139037675,12.494795025402638,50282199.00886963,70.07263806399715,Continuous,Differentiable,Non-Separable,Scalable,Multimodal,6,True,True,LunacekBiRastrigin,3.0,600000,100000.0,100000.0,False,False,False,False,,,,,3
2,[-0.59735022  2.78278931 -1.75493201 -1.03073639 -0.27611009 -1.52387813],600000,NiaPySimulatedAnnealing,LunacekBiRastriginN6,6.628037358201126,33.84920116985214,90756208833.77115,73.59550638800283,Continuous,Differentiable,Non-Separable,Scalable,Multimodal,6,True,True,LunacekBiRastrigin,3.0,600000,100000.0,100000.0,False,False,False,False,,,,,3
3,[-1.47370695  1.43311988  1.55472068  1.24440881 -0.75444492  0.5984946 ],600000,NiaPyCuckooSearch,LunacekBiRastriginN6,1.9593291608435035,30.717307487165336,108148422219.94073,62.00901130599959,Continuous,Differentiable,Non-Separable,Scalable,Multimodal,6,True,True,LunacekBiRastrigin,3.0,600000,100000.0,100000.0,False,False,False,False,,,,,3
4,[-2.29947521  2.73795041 -2.49166109  2.06793902 -1.01933087 -2.65582377],600000,NiaPyDifferentialEvolution,LunacekBiRastriginN6,8.597475889459135,18.991721071334666,100114552.15594417,161.58413396000105,Continuous,Differentiable,Non-Separable,Scalable,Multimodal,6,True,True,LunacekBiRastrigin,3.0,600000,100000.0,100000.0,False,False,False,False,,,,,3
5,[-0.6366154   2.30778737 -2.84114744  0.34112644  2.7030764  -2.08620104],600000,RandomSearch1,LunacekBiRastriginN6,7.685070776684191,39.02736476916244,100372501825.97404,68.66257075000613,Continuous,Differentiable,Non-Separable,Scalable,Multimodal,6,True,True,LunacekBiRastrigin,3.0,600000,100000.0,100000.0,False,False,False,False,,,,,3
6,[ 1.3258235   0.34571009 -2.03408407  0.61444923 -0.08226211 -0.92904636],599999,RandomSearch2,LunacekBiRastriginN6,5.436395064435495,40.346067763375395,100034930089.796,65.83513714299625,Continuous,Differentiable,Non-Separable,Scalable,Multimodal,6,True,True,LunacekBiRastrigin,3.0,600000,100000.0,99999.83333333333,False,False,False,False,,,,,3
7,[ 1.54107904 -0.04633037 -1.20453957 -1.10892544  1.15271     0.49208581],5086,CMAES,LunacekBiRastriginN6,5.443906210343996,18.604032373217176,43974330.01649408,1.5530027999993763,Continuous,Differentiable,Non-Separable,Scalable,Multimodal,6,True,True,LunacekBiRastrigin,3.0,600000,100000.0,847.6666666666666,False,False,False,False,,,,,3
