,BestArm,NumberFunctionEval,Algorithm,CostFunction,EuclideanDistance,TrueRewardDifference,CumulativeRegret,TimeToComplete,Continuous,Differentiability,Separability,Scalability,Modality,Ndimensions,OptimizationSuccessful,BBOB,BaseClass,SD,MaxFeval,MaxFevalPerDimensions,FevalPerDimensions,SolveAt1,SolveAt1e-1,SolveAt1e-3,SolveAt1e-6,SolveEarlierAt1,SolveEarlierAt1e-1,SolveEarlierAt1e-3,SolveEarlierAt1e-6,simNumber
0,[ 2.55256488  0.9861088   4.16131069 -1.58585666  2.49973432  3.7546898 ],600000,NiaPyNelderMead,LunacekBiRastriginN6,9.792419314225183,66.92625109670254,41148447.580241255,65.33940518699819,Continuous,Differentiable,Non-Separable,Scalable,Multimodal,6,True,True,LunacekBiRastrigin,3.0,600000,100000.0,100000.0,False,False,False,False,,,,,2
1,[ 1.75014732  1.21617018  0.92229053  1.64332877 -1.59912938 -1.20269804],600000,NiaPyPSO,LunacekBiRastriginN6,0.798449511564252,6.04812475091862,50779699.89615983,69.59435753100115,Continuous,Differentiable,Non-Separable,Scalable,Multimodal,6,True,True,LunacekBiRastrigin,3.0,600000,100000.0,100000.0,False,False,False,False,,,,,2
2,[-1.39932061  0.72576101 -1.19155572 -1.93051586  1.50594263  0.48540641],600000,NiaPySimulatedAnnealing,LunacekBiRastriginN6,1.1890124979908832,24.12116418504109,102374883487.43451,71.9073470749936,Continuous,Differentiable,Non-Separable,Scalable,Multimodal,6,True,True,LunacekBiRastrigin,3.0,600000,100000.0,100000.0,False,False,False,False,,,,,2
3,[ 3.29498783 -0.05585816 -2.2005684   1.2074684   2.84488175  2.28198809],600000,NiaPyCuckooSearch,LunacekBiRastriginN6,8.322947714901986,32.86539123682006,108037632362.98193,62.25904485399951,Continuous,Differentiable,Non-Separable,Scalable,Multimodal,6,True,True,LunacekBiRastrigin,3.0,600000,100000.0,100000.0,False,False,False,False,,,,,2
4,[-1.39629734  1.62051516 -0.70386978  0.41074457  1.00072678  1.46119563],600000,NiaPyDifferentialEvolution,LunacekBiRastriginN6,5.8510494194036085,17.400901360374185,142403308.31644157,160.26654953699472,Continuous,Differentiable,Non-Separable,Scalable,Multimodal,6,True,True,LunacekBiRastrigin,3.0,600000,100000.0,100000.0,False,False,False,False,,,,,2
5,[-1.32562531 -2.21248249 -3.07704409  1.55652248  0.1325555  -2.18534551],600000,RandomSearch1,LunacekBiRastriginN6,7.676950447909545,31.94979011535927,100135308665.50581,67.62320791500679,Continuous,Differentiable,Non-Separable,Scalable,Multimodal,6,True,True,LunacekBiRastrigin,3.0,600000,100000.0,100000.0,False,False,False,False,,,,,2
6,[ 2.77156022  1.58335646  1.77653752 -2.24447669 -2.14334184  2.76903959],599999,RandomSearch2,LunacekBiRastriginN6,8.558013802213324,26.62528460680636,99979947900.93303,65.02638564299559,Continuous,Differentiable,Non-Separable,Scalable,Multimodal,6,True,True,LunacekBiRastrigin,3.0,600000,100000.0,99999.83333333333,False,False,False,False,,,,,2
7,[-0.85878711  1.37304364  1.18542566  1.81810516 -0.23527633 -2.6461311 ],4906,CMAES,LunacekBiRastriginN6,6.6376043691275415,16.29791833547077,40366217.87287079,1.5138039599987678,Continuous,Differentiable,Non-Separable,Scalable,Multimodal,6,True,True,LunacekBiRastrigin,3.0,600000,100000.0,817.6666666666666,False,False,False,False,,,,,2
