,BestArm,NumberFunctionEval,Algorithm,CostFunction,EuclideanDistance,TrueRewardDifference,CumulativeRegret,TimeToComplete,Continuous,Differentiability,Separability,Scalability,Modality,Ndimensions,OptimizationSuccessful,BBOB,BaseClass,SD,MaxFeval,MaxFevalPerDimensions,FevalPerDimensions,SolveAt1,SolveAt1e-1,SolveAt1e-3,SolveAt1e-6,SolveEarlierAt1,SolveEarlierAt1e-1,SolveEarlierAt1e-3,SolveEarlierAt1e-6,simNumber
0,[ 0.69095423  3.93019996  2.94266193 -0.8627181   2.14663397  2.43684082],600000,NiaPyNelderMead,LunacekBiRastriginN6,5.405685329295035,134.10779284021996,81050691.28322744,59.83842259299854,Continuous,Differentiable,Non-Separable,Scalable,Multimodal,6,True,True,LunacekBiRastrigin,0.0,600000,100000.0,100000.0,False,False,False,False,,,,,2
1,[ 1.60761296  1.08727166 -1.60378767 -1.88366063 -0.67764752  0.91626975],600000,NiaPyPSO,LunacekBiRastriginN6,1.058311054573543,6.646957290197103,49591358.4114043,63.2391696689956,Continuous,Differentiable,Non-Separable,Scalable,Multimodal,6,True,True,LunacekBiRastrigin,0.0,600000,100000.0,100000.0,False,False,False,False,,,,,2
2,[ 2.55222059  1.15336658 -1.90407121  2.14161583  0.59518147 -1.10873484],600000,NiaPySimulatedAnnealing,LunacekBiRastriginN6,1.837565668012252,24.847532022436972,104150657643.94173,67.40735871999641,Continuous,Differentiable,Non-Separable,Scalable,Multimodal,6,True,True,LunacekBiRastrigin,0.0,600000,100000.0,100000.0,False,False,False,False,,,,,2
3,[ 0.28354711 -0.52202768  3.4870923   3.63536458 -1.19929417 -3.41791699],600000,NiaPyCuckooSearch,LunacekBiRastriginN6,8.841348017355227,52.218751097868854,107314502487.96059,56.01117285300279,Continuous,Differentiable,Non-Separable,Scalable,Multimodal,6,True,True,LunacekBiRastrigin,0.0,600000,100000.0,100000.0,False,False,False,False,,,,,2
4,[ 1.1551169  -0.92359077 -2.34126359 -2.43076035 -1.4377579  -1.02708222],600000,NiaPyDifferentialEvolution,LunacekBiRastriginN6,7.02590926829967,20.349015494493678,90922773.80556025,152.84008336700208,Continuous,Differentiable,Non-Separable,Scalable,Multimodal,6,True,True,LunacekBiRastrigin,0.0,600000,100000.0,100000.0,False,False,False,False,,,,,2
5,[-3.40878391  2.76021878 -1.29809427  0.18302354  3.36273205  1.94169269],600000,RandomSearch1,LunacekBiRastriginN6,8.820241616027943,38.12836696660288,100382058009.28372,63.23091765099525,Continuous,Differentiable,Non-Separable,Scalable,Multimodal,6,True,True,LunacekBiRastrigin,0.0,600000,100000.0,100000.0,False,False,False,False,,,,,2
6,[ 0.65386408 -3.8569317  -0.09883836  2.71762123 -3.16116442 -1.95135203],599999,RandomSearch2,LunacekBiRastriginN6,8.77347475865263,42.38921516184185,100222737692.73448,60.76763708899671,Continuous,Differentiable,Non-Separable,Scalable,Multimodal,6,True,True,LunacekBiRastrigin,0.0,600000,100000.0,99999.83333333333,False,False,False,False,,,,,2
7,[-2.41311678  1.73936168  2.10893656  1.92285041 -1.73028037  0.0928857 ],3187,CMAES,LunacekBiRastriginN6,7.343372992919791,13.835515848084263,455176.08892064646,0.9492336990006152,Continuous,Differentiable,Non-Separable,Scalable,Multimodal,6,True,True,LunacekBiRastrigin,0.0,600000,100000.0,531.1666666666666,False,False,False,False,,,,,2
