,BestArm,NumberFunctionEval,Algorithm,CostFunction,EuclideanDistance,TrueRewardDifference,CumulativeRegret,TimeToComplete,Continuous,Differentiability,Separability,Scalability,Modality,Ndimensions,OptimizationSuccessful,BBOB,BaseClass,SD,MaxFeval,MaxFevalPerDimensions,FevalPerDimensions,SolveAt1,SolveAt1e-1,SolveAt1e-3,SolveAt1e-6,SolveEarlierAt1,SolveEarlierAt1e-1,SolveEarlierAt1e-3,SolveEarlierAt1e-6,simNumber
0,[3.2694341  3.26985654 3.11427938 0.61567244 4.50105458 3.40957406],600000,NiaPyNelderMead,LunacekBiRastriginN6,9.975898753826552,132.5242819305766,81005961.71156812,60.29271837499982,Continuous,Differentiable,Non-Separable,Scalable,Multimodal,6,True,True,LunacekBiRastrigin,0.0,600000,100000.0,100000.0,False,False,False,False,,,,,4
1,[-1.03530079  1.13510034 -2.04523869  1.12329327 -1.24393275  1.71448827],600000,NiaPyPSO,LunacekBiRastriginN6,6.512320138924282,9.722930942699243,52301792.777354166,63.918159551001736,Continuous,Differentiable,Non-Separable,Scalable,Multimodal,6,True,True,LunacekBiRastrigin,0.0,600000,100000.0,100000.0,False,False,False,False,,,,,4
2,[1.54871346 1.4647522  0.02898687 2.53023654 1.4486732  0.11087141],600000,NiaPySimulatedAnnealing,LunacekBiRastriginN6,6.345351080878758,32.979768746524954,99940754715.38875,67.1071667340002,Continuous,Differentiable,Non-Separable,Scalable,Multimodal,6,True,True,LunacekBiRastrigin,0.0,600000,100000.0,100000.0,False,False,False,False,,,,,4
3,[ 2.53131619 -0.98693632  1.56946909  2.1289291   2.81084867  3.09395114],600000,NiaPyCuckooSearch,LunacekBiRastriginN6,8.604022751670348,33.566067735633325,108475926629.63962,55.97744363799575,Continuous,Differentiable,Non-Separable,Scalable,Multimodal,6,True,True,LunacekBiRastrigin,0.0,600000,100000.0,100000.0,False,False,False,False,,,,,4
4,[-2.44606941 -1.72602008  1.63189924  1.30552311  2.21936336 -1.46252287],600000,NiaPyDifferentialEvolution,LunacekBiRastriginN6,7.533122101494299,18.808125522150924,111114097.02878293,153.1178451040032,Continuous,Differentiable,Non-Separable,Scalable,Multimodal,6,True,True,LunacekBiRastrigin,0.0,600000,100000.0,100000.0,False,False,False,False,,,,,4
5,[-1.57987622 -0.05068536 -2.62707416  1.83701984 -0.5682552  -0.64404886],600000,RandomSearch1,LunacekBiRastriginN6,6.4152046230937065,21.628599482433945,100117647984.84698,63.26521942600084,Continuous,Differentiable,Non-Separable,Scalable,Multimodal,6,True,True,LunacekBiRastrigin,0.0,600000,100000.0,100000.0,False,False,False,False,,,,,4
6,[ 3.38941043 -2.94318207 -2.10875762  0.72651786  0.42650664 -0.92203229],599999,RandomSearch2,LunacekBiRastriginN6,7.862771737895784,34.5827770141404,100052738723.53333,60.16915541999333,Continuous,Differentiable,Non-Separable,Scalable,Multimodal,6,True,True,LunacekBiRastrigin,0.0,600000,100000.0,99999.83333333333,False,False,False,False,,,,,4
7,[ 1.99286514 -0.78096333  0.84445602 -1.31165028 -0.89524163 -1.26293595],5941,CMAES,LunacekBiRastriginN6,6.042076900436056,10.396672681307876,842617.2853810113,1.787706797993451,Continuous,Differentiable,Non-Separable,Scalable,Multimodal,6,True,True,LunacekBiRastrigin,0.0,600000,100000.0,990.1666666666666,False,False,False,False,,,,,4
