,BestArm,NumberFunctionEval,Algorithm,CostFunction,EuclideanDistance,TrueRewardDifference,CumulativeRegret,TimeToComplete,Continuous,Differentiability,Separability,Scalability,Modality,Ndimensions,OptimizationSuccessful,BBOB,BaseClass,SD,MaxFeval,MaxFevalPerDimensions,FevalPerDimensions,SolveAt1,SolveAt1e-1,SolveAt1e-3,SolveAt1e-6,SolveEarlierAt1,SolveEarlierAt1e-1,SolveEarlierAt1e-3,SolveEarlierAt1e-6,simNumber
0,[ 1.77588312  0.73327509  1.74607577  2.47632355  1.31553729 -1.24265687],120,NiaPyNelderMead,LunacekBiRastriginN6,5.457776250783949,69.75426899826397,698024.3845545435,0.012393588999998428,Continuous,Differentiable,Non-Separable,Scalable,Multimodal,6,True,True,LunacekBiRastrigin,0.0,120,20.0,20.0,False,False,False,False,,,,,3
1,[ 0.19540886  1.1138757  -0.85798021  1.22337669 -1.4715214  -1.45413036],120,NiaPyPSO,LunacekBiRastriginN6,5.655107722058983,64.35729035938724,7951802.656709967,0.012340553000001364,Continuous,Differentiable,Non-Separable,Scalable,Multimodal,6,True,True,LunacekBiRastrigin,0.0,120,20.0,20.0,False,False,False,False,,,,,3
2,[ 3.68978871  7.29357097  5.98554563 -2.76014868  5.54377902  0.19806297],120,NiaPySimulatedAnnealing,LunacekBiRastriginN6,11.36821549866811,65694.32791608715,16586466.970500816,0.013642191999991837,Continuous,Differentiable,Non-Separable,Scalable,Multimodal,6,True,True,LunacekBiRastrigin,0.0,120,20.0,20.0,False,False,False,False,,,,,3
3,[-1.35817347 -0.22362548  4.08418634 -2.40659525  3.17469335  2.23694516],120,NiaPyCuckooSearch,LunacekBiRastriginN6,7.91158014900399,121.21963775880532,11318830.694067396,0.011543778000003613,Continuous,Differentiable,Non-Separable,Scalable,Multimodal,6,True,True,LunacekBiRastrigin,0.0,120,20.0,20.0,False,False,False,False,,,,,3
4,[-0.54855607  0.85983747  3.16068349  2.33936041  3.58432115 -1.53453277],120,NiaPyDifferentialEvolution,LunacekBiRastriginN6,6.422980762440685,135.5210764639154,30720065.585027557,0.02657244200000264,Continuous,Differentiable,Non-Separable,Scalable,Multimodal,6,True,True,LunacekBiRastrigin,0.0,120,20.0,20.0,False,False,False,False,,,,,3
5,[-0.64764153 -1.59904048 -0.08808876  4.05494906 -2.07041526  0.12061001],120,RandomSearch1,LunacekBiRastriginN6,6.400350494369716,143.00504052980654,19376787.302197587,0.013254982000006521,Continuous,Differentiable,Non-Separable,Scalable,Multimodal,6,True,True,LunacekBiRastrigin,0.0,120,20.0,20.0,False,False,False,False,,,,,3
6,[-1.64927971 -2.27514858  3.72087629  0.00933545 -2.49526935 -3.26905215],119,RandomSearch2,LunacekBiRastriginN6,8.560597603269168,61.610616797786,18217589.42891485,0.012691105999991237,Continuous,Differentiable,Non-Separable,Scalable,Multimodal,6,True,True,LunacekBiRastrigin,0.0,120,20.0,19.833333333333332,False,False,False,False,,,,,3
7,[ 0.36747332 -1.68333157 -0.48455639  1.02854828 -0.43529062  2.22368364],127,CMAES,LunacekBiRastriginN6,5.483398227467863,69.84014113197341,85567.179894337,0.07762877100000765,Continuous,Differentiable,Non-Separable,Scalable,Multimodal,6,True,True,LunacekBiRastrigin,0.0,120,20.0,21.166666666666668,False,False,False,False,,,,,3
