,BestArm,NumberFunctionEval,Algorithm,CostFunction,EuclideanDistance,TrueRewardDifference,CumulativeRegret,TimeToComplete,Continuous,Differentiability,Separability,Scalability,Modality,Ndimensions,OptimizationSuccessful,BBOB,BaseClass,SD,MaxFeval,MaxFevalPerDimensions,FevalPerDimensions,SolveAt1,SolveAt1e-1,SolveAt1e-3,SolveAt1e-6,SolveEarlierAt1,SolveEarlierAt1e-1,SolveEarlierAt1e-3,SolveEarlierAt1e-6,simNumber
0,[3.91365003 2.53962362 0.34582316 4.0320838  4.70448133 4.01151439],120,NiaPyNelderMead,LunacekBiRastriginN6,8.97540613104391,226.54655314508716,1518087.8687031043,0.012802691999993954,Continuous,Differentiable,Non-Separable,Scalable,Multimodal,6,True,True,LunacekBiRastrigin,0.0,120,20.0,20.0,False,False,False,False,,,,,6
1,[-1.66203108  0.7336835  -2.49556945 -1.00569062  0.4585147  -0.08063357],120,NiaPyPSO,LunacekBiRastriginN6,3.4300938673626553,78.01504862762822,7166200.189189335,0.01253852000000677,Continuous,Differentiable,Non-Separable,Scalable,Multimodal,6,True,True,LunacekBiRastrigin,0.0,120,20.0,20.0,False,False,False,False,,,,,6
2,[ 5.31572941  6.94783021  3.12248129  1.67634903  6.41964604 -2.85796039],120,NiaPySimulatedAnnealing,LunacekBiRastriginN6,12.45059299590021,59431.55027305736,13469664.865574876,0.013797926000009397,Continuous,Differentiable,Non-Separable,Scalable,Multimodal,6,True,True,LunacekBiRastrigin,0.0,120,20.0,20.0,False,False,False,False,,,,,6
3,[ 3.45605922 -3.47983704  2.44417844  3.4380421  -3.35921614 -1.4933959 ],120,NiaPyCuckooSearch,LunacekBiRastriginN6,8.20072521220989,187.72533016523062,19429932.41852323,0.011729168000002232,Continuous,Differentiable,Non-Separable,Scalable,Multimodal,6,True,True,LunacekBiRastrigin,0.0,120,20.0,20.0,False,False,False,False,,,,,6
4,[-2.191773    4.20704411 -5.          4.00648237  1.92144814 -0.18494757],120,NiaPyDifferentialEvolution,LunacekBiRastriginN6,5.813919373120186,186.07967691493437,36566350.04221937,0.031808024000000046,Continuous,Differentiable,Non-Separable,Scalable,Multimodal,6,True,True,LunacekBiRastrigin,0.0,120,20.0,20.0,False,False,False,False,,,,,6
5,[ 0.66164365 -4.92527171  2.47943023  4.24644478  2.77338255  0.71096507],120,RandomSearch1,LunacekBiRastriginN6,10.292759995063085,99.61199485521325,19350305.953285467,0.013403590999999437,Continuous,Differentiable,Non-Separable,Scalable,Multimodal,6,True,True,LunacekBiRastrigin,0.0,120,20.0,20.0,False,False,False,False,,,,,6
6,[ 0.02606867 -3.11858145 -4.24715817  0.78180807 -0.2493798   2.18922855],119,RandomSearch2,LunacekBiRastriginN6,4.4703687454992025,109.96635526365958,22000953.36100534,0.012369044000010376,Continuous,Differentiable,Non-Separable,Scalable,Multimodal,6,True,True,LunacekBiRastrigin,0.0,120,20.0,19.833333333333332,False,False,False,False,,,,,6
7,[ 1.2293132   3.30503162  1.07031603 -0.39214461 -1.35733764  3.52373086],127,CMAES,LunacekBiRastriginN6,4.039767877743119,125.09670584282117,50209.97988556324,0.07894012200000589,Continuous,Differentiable,Non-Separable,Scalable,Multimodal,6,True,True,LunacekBiRastrigin,0.0,120,20.0,21.166666666666668,False,False,False,False,,,,,6
