,BestArm,NumberFunctionEval,Algorithm,CostFunction,EuclideanDistance,TrueRewardDifference,CumulativeRegret,TimeToComplete,Continuous,Differentiability,Separability,Scalability,Modality,Ndimensions,OptimizationSuccessful,BBOB,BaseClass,SD,MaxFeval,MaxFevalPerDimensions,FevalPerDimensions,SolveAt1,SolveAt1e-1,SolveAt1e-3,SolveAt1e-6,SolveEarlierAt1,SolveEarlierAt1e-1,SolveEarlierAt1e-3,SolveEarlierAt1e-6,simNumber
0,[ 2.05184943  4.31313742  0.14248306 -0.73557454  3.2432977  -1.3517214 ],120,NiaPyNelderMead,LunacekBiRastriginN6,7.600131421518425,125.27141491172884,842974.1740508818,0.01388558200000034,Continuous,Differentiable,Non-Separable,Scalable,Multimodal,6,True,True,LunacekBiRastrigin,3.0,120,20.0,20.0,False,False,False,False,,,,,7
1,[-3.00343096 -0.22824493  2.81982746 -0.73015996  1.6443187  -0.07680935],120,NiaPyPSO,LunacekBiRastriginN6,6.5327882479146,54.11562106040505,7866315.120919514,0.013375058999997691,Continuous,Differentiable,Non-Separable,Scalable,Multimodal,6,True,True,LunacekBiRastrigin,3.0,120,20.0,20.0,False,False,False,False,,,,,7
2,[ 0.39185249  1.53634633  3.90963138  8.64633652  1.87429698 -3.39892571],120,NiaPySimulatedAnnealing,LunacekBiRastriginN6,12.899318583136958,133149.37337876868,23884931.426876336,0.014681484999996997,Continuous,Differentiable,Non-Separable,Scalable,Multimodal,6,True,True,LunacekBiRastrigin,3.0,120,20.0,20.0,False,False,False,False,,,,,7
3,[-3.14506654  1.7248372  -2.07387332 -4.39434133  4.10747238 -1.23999888],120,NiaPyCuckooSearch,LunacekBiRastriginN6,9.167893262808619,145.9024020042595,19171053.60552688,0.01295217199999854,Continuous,Differentiable,Non-Separable,Scalable,Multimodal,6,True,True,LunacekBiRastrigin,3.0,120,20.0,20.0,False,False,False,False,,,,,7
4,[-4.32942081  0.77743711  0.51476553  0.90470681  1.98716501  1.17594358],120,NiaPyDifferentialEvolution,LunacekBiRastriginN6,7.042381178243019,111.77686330030517,30522972.606025547,0.027750783999991313,Continuous,Differentiable,Non-Separable,Scalable,Multimodal,6,True,True,LunacekBiRastrigin,3.0,120,20.0,20.0,False,False,False,False,,,,,7
5,[ 1.30313243  3.21975606 -1.79433133 -0.90532182  2.5447346  -2.85276651],120,RandomSearch1,LunacekBiRastriginN6,8.464234967257262,44.322402414950474,21238071.06146229,0.013239368000000695,Continuous,Differentiable,Non-Separable,Scalable,Multimodal,6,True,True,LunacekBiRastrigin,3.0,120,20.0,20.0,False,False,False,False,,,,,7
6,[2.37436925 2.37436925 2.37436925 2.37436925 2.37436925 2.37436925],119,RandomSearch2,LunacekBiRastriginN6,4.411018421734652,147.77479236647798,20846217.2070959,0.012634026000000631,Continuous,Differentiable,Non-Separable,Scalable,Multimodal,6,True,True,LunacekBiRastrigin,3.0,120,20.0,19.833333333333332,False,False,False,False,,,,,7
7,[ 3.22012346 -1.48014491  4.46132113 -3.1570249  -0.98358202  1.13550042],127,CMAES,LunacekBiRastriginN6,9.495064684599845,68.23779536596155,17901.354557230225,0.07752874199999837,Continuous,Differentiable,Non-Separable,Scalable,Multimodal,6,True,True,LunacekBiRastrigin,3.0,120,20.0,21.166666666666668,False,False,False,False,,,,,7
