,BestArm,NumberFunctionEval,Algorithm,CostFunction,EuclideanDistance,TrueRewardDifference,CumulativeRegret,TimeToComplete,Continuous,Differentiability,Separability,Scalability,Modality,Ndimensions,OptimizationSuccessful,BBOB,BaseClass,SD,MaxFeval,MaxFevalPerDimensions,FevalPerDimensions,SolveAt1,SolveAt1e-1,SolveAt1e-3,SolveAt1e-6,SolveEarlierAt1,SolveEarlierAt1e-1,SolveEarlierAt1e-3,SolveEarlierAt1e-6,simNumber
0,[3.3319713  1.38691189 3.234807   2.35262013 2.46585122 1.43028608],600000,NiaPyNelderMead,LunacekBiRastriginN6,7.9089144755036855,83.58275160731807,51136744.25200926,65.39629357700323,Continuous,Differentiable,Non-Separable,Scalable,Multimodal,6,True,True,LunacekBiRastrigin,3.0,600000,100000.0,100000.0,False,False,False,False,,,,,1
1,[ 0.86872447  1.07466112 -0.87784564 -1.47249236 -0.7268571   2.10455077],600000,NiaPyPSO,LunacekBiRastriginN6,1.1696375486662975,9.55969234209851,53245943.79037057,69.3002486559999,Continuous,Differentiable,Non-Separable,Scalable,Multimodal,6,True,True,LunacekBiRastrigin,3.0,600000,100000.0,100000.0,False,False,False,False,,,,,1
2,[ 0.88148111  1.64390107 -1.44399104 -1.45086438  0.83255498  1.18318801],600000,NiaPySimulatedAnnealing,LunacekBiRastriginN6,0.7400455585857005,27.927226815261967,96281956255.3293,72.7958997129972,Continuous,Differentiable,Non-Separable,Scalable,Multimodal,6,True,True,LunacekBiRastrigin,3.0,600000,100000.0,100000.0,False,False,False,False,,,,,1
3,[ 0.94863165 -0.7758463   1.28121019 -0.45847461  3.14308193 -0.70911947],600000,NiaPyCuckooSearch,LunacekBiRastriginN6,6.434381313707734,41.75429905267505,107644857177.06157,62.55073184299545,Continuous,Differentiable,Non-Separable,Scalable,Multimodal,6,True,True,LunacekBiRastrigin,3.0,600000,100000.0,100000.0,False,False,False,False,,,,,1
4,[-1.25892232 -2.16176421 -1.89449424 -1.41896543  0.99477526  1.95063893],600000,NiaPyDifferentialEvolution,LunacekBiRastriginN6,1.35327391894898,8.28936005359097,222868215.39591056,160.04304774599586,Continuous,Differentiable,Non-Separable,Scalable,Multimodal,6,True,True,LunacekBiRastrigin,3.0,600000,100000.0,100000.0,False,False,False,False,,,,,1
5,[-0.53946896  1.28963045  1.54107043 -0.31973409  0.31445856 -0.43046593],600000,RandomSearch1,LunacekBiRastriginN6,4.741330275581195,32.30106733273631,100391816232.85489,67.88995438299753,Continuous,Differentiable,Non-Separable,Scalable,Multimodal,6,True,True,LunacekBiRastrigin,3.0,600000,100000.0,100000.0,False,False,False,False,,,,,1
6,[ 2.87744194 -1.0002162   0.64456107  0.5210375  -3.70820271  0.54590559],599999,RandomSearch2,LunacekBiRastriginN6,7.3083124610322665,39.113061211798644,100395691604.392,64.70563180199679,Continuous,Differentiable,Non-Separable,Scalable,Multimodal,6,True,True,LunacekBiRastrigin,3.0,600000,100000.0,99999.83333333333,False,False,False,False,,,,,1
7,[1.93136908 0.32076885 1.2723268  1.32657026 1.20875066 1.50410726],4996,CMAES,LunacekBiRastriginN6,6.262573944935176,11.916989857329046,38990450.28752474,1.5100493089994416,Continuous,Differentiable,Non-Separable,Scalable,Multimodal,6,True,True,LunacekBiRastrigin,3.0,600000,100000.0,832.6666666666666,False,False,False,False,,,,,1
