,BestArm,NumberFunctionEval,Algorithm,CostFunction,EuclideanDistance,TrueRewardDifference,CumulativeRegret,TimeToComplete,Continuous,Differentiability,Separability,Scalability,Modality,Ndimensions,OptimizationSuccessful,BBOB,BaseClass,SD,MaxFeval,MaxFevalPerDimensions,FevalPerDimensions,SolveAt1,SolveAt1e-1,SolveAt1e-3,SolveAt1e-6,SolveEarlierAt1,SolveEarlierAt1e-1,SolveEarlierAt1e-3,SolveEarlierAt1e-6,simNumber
0,[ 4.71046275  0.70199308  1.01067223  2.20116447 -0.09957733 -0.4210156 ],120,NiaPyNelderMead,LunacekBiRastriginN6,6.3957161326572285,113.0200852068657,999365.4640537228,0.0125549850000084,Continuous,Differentiable,Non-Separable,Scalable,Multimodal,6,True,True,LunacekBiRastrigin,0.0,120,20.0,20.0,False,False,False,False,,,,,1
1,[-2.99905593  0.55429008 -0.05103993 -0.76447908  1.20622223  0.17534457],120,NiaPyPSO,LunacekBiRastriginN6,5.610457321143868,78.45449950010331,6893759.172496582,0.012482289000004698,Continuous,Differentiable,Non-Separable,Scalable,Multimodal,6,True,True,LunacekBiRastrigin,0.0,120,20.0,20.0,False,False,False,False,,,,,1
2,[ 2.65802406  5.33536635  3.9321659   1.44208366 -1.81992646  0.62261039],120,NiaPySimulatedAnnealing,LunacekBiRastriginN6,7.702942086409184,1364.4579529675332,6196735.254980896,0.013723622000000546,Continuous,Differentiable,Non-Separable,Scalable,Multimodal,6,True,True,LunacekBiRastrigin,0.0,120,20.0,20.0,False,False,False,False,,,,,1
3,[ 3.86361052  1.52484394 -2.61355844  0.64371541 -4.70197781 -0.91526686],120,NiaPyCuckooSearch,LunacekBiRastriginN6,8.095317253199433,152.75204277887917,18194806.373208705,0.01215962999999931,Continuous,Differentiable,Non-Separable,Scalable,Multimodal,6,True,True,LunacekBiRastrigin,0.0,120,20.0,20.0,False,False,False,False,,,,,1
4,[ 1.72995718 -3.49714099  3.14197108  3.82715766  1.07333561 -2.66812136],120,NiaPyDifferentialEvolution,LunacekBiRastriginN6,5.557353953848943,174.00184249267465,27654345.644853786,0.026768099999998185,Continuous,Differentiable,Non-Separable,Scalable,Multimodal,6,True,True,LunacekBiRastrigin,0.0,120,20.0,20.0,False,False,False,False,,,,,1
5,[ 0.94795669 -0.72896889 -0.65320182  2.89848494  1.42770222 -0.38855015],120,RandomSearch1,LunacekBiRastriginN6,5.430085490202768,105.73171402330001,17157011.197191723,0.013005786999997326,Continuous,Differentiable,Non-Separable,Scalable,Multimodal,6,True,True,LunacekBiRastrigin,0.0,120,20.0,20.0,False,False,False,False,,,,,1
6,[ 1.63739479 -4.51714969  2.03033959  4.17316978 -3.92609453 -3.39724849],119,RandomSearch2,LunacekBiRastriginN6,10.05507397785421,194.2933777181173,19654999.60649267,0.01308127599999409,Continuous,Differentiable,Non-Separable,Scalable,Multimodal,6,True,True,LunacekBiRastrigin,0.0,120,20.0,19.833333333333332,False,False,False,False,,,,,1
7,[1.22639279 1.49880792 1.96127199 3.09491219 3.79612469 2.08936563],127,CMAES,LunacekBiRastriginN6,7.845563424277325,96.98676485097928,25340.344429672816,0.07838808500000027,Continuous,Differentiable,Non-Separable,Scalable,Multimodal,6,True,True,LunacekBiRastrigin,0.0,120,20.0,21.166666666666668,False,False,False,False,,,,,1
