,BestArm,NumberFunctionEval,Algorithm,CostFunction,EuclideanDistance,TrueRewardDifference,CumulativeRegret,TimeToComplete,Continuous,Differentiability,Separability,Scalability,Modality,Ndimensions,OptimizationSuccessful,BBOB,BaseClass,SD,MaxFeval,MaxFevalPerDimensions,FevalPerDimensions,SolveAt1,SolveAt1e-1,SolveAt1e-3,SolveAt1e-6,SolveEarlierAt1,SolveEarlierAt1e-1,SolveEarlierAt1e-3,SolveEarlierAt1e-6,simNumber
0,[4.60037757 1.20254098 4.18475361 5.38569585 5.48001918 4.50986307],60000,NiaPyNelderMead,LunacekBiRastriginN6,12.840559410745039,4046.2750701112545,245276117.64476582,6.336679961999835,Continuous,Differentiable,Non-Separable,Scalable,Multimodal,6,True,True,LunacekBiRastrigin,3.0,60000,10000.0,10000.0,False,False,False,False,,,,,6
1,[ 1.72076092 -0.80957999  1.72663099  0.89603923 -1.95954075 -0.75544787],60000,NiaPyPSO,LunacekBiRastriginN6,6.391876063640212,15.838455703178644,10658520.552254401,6.814086423000845,Continuous,Differentiable,Non-Separable,Scalable,Multimodal,6,True,True,LunacekBiRastrigin,3.0,60000,10000.0,10000.0,False,False,False,False,,,,,6
2,[ 1.75381868 -1.16809825 -1.93926791  0.14476198 -0.65845112 -0.91766605],60000,NiaPySimulatedAnnealing,LunacekBiRastriginN6,3.31993285507915,53.46621457293507,11717585892.276686,7.1114696590002495,Continuous,Differentiable,Non-Separable,Scalable,Multimodal,6,True,True,LunacekBiRastrigin,3.0,60000,10000.0,10000.0,False,False,False,False,,,,,6
3,[ 0.28351068 -2.67182116  0.9047318   1.37834943  2.80008338 -1.6653263 ],60000,NiaPyCuckooSearch,LunacekBiRastriginN6,7.26417066343348,50.36011126672539,10713195804.181936,6.037802019999617,Continuous,Differentiable,Non-Separable,Scalable,Multimodal,6,True,True,LunacekBiRastrigin,3.0,60000,10000.0,10000.0,False,False,False,False,,,,,6
4,[-1.60962747  1.62933734 -2.39209271  2.29792577 -0.64458966 -1.89461501],60000,NiaPyDifferentialEvolution,LunacekBiRastriginN6,7.46985561207428,13.808168058601227,88520959.61796847,15.75229716299964,Continuous,Differentiable,Non-Separable,Scalable,Multimodal,6,True,True,LunacekBiRastrigin,3.0,60000,10000.0,10000.0,False,False,False,False,,,,,6
5,[-0.63886529  3.05301966 -0.75722936 -0.76001489  0.73337708 -1.30271407],60000,RandomSearch1,LunacekBiRastriginN6,6.372052542580264,43.63035371039925,10043040344.308847,6.546798052000668,Continuous,Differentiable,Non-Separable,Scalable,Multimodal,6,True,True,LunacekBiRastrigin,3.0,60000,10000.0,10000.0,False,False,False,False,,,,,6
6,[ 2.11535069  2.1705903  -2.52354897  2.45476093  1.39894466 -2.51957837],59999,RandomSearch2,LunacekBiRastriginN6,8.498092580966519,46.077834891491875,10007176243.159966,6.404801804999806,Continuous,Differentiable,Non-Separable,Scalable,Multimodal,6,True,True,LunacekBiRastrigin,3.0,60000,10000.0,9999.833333333334,False,False,False,False,,,,,6
7,[-1.18083129  3.09469769  1.17676234  0.06328015 -1.52390434  1.70696374],4546,CMAES,LunacekBiRastriginN6,6.988375982877009,17.55403746721806,7387901.995202556,1.3359278069992797,Continuous,Differentiable,Non-Separable,Scalable,Multimodal,6,True,True,LunacekBiRastrigin,3.0,60000,10000.0,757.6666666666666,False,False,False,False,,,,,6
