,BestArm,NumberFunctionEval,Algorithm,CostFunction,EuclideanDistance,TrueRewardDifference,CumulativeRegret,TimeToComplete,Continuous,Differentiability,Separability,Scalability,Modality,Ndimensions,OptimizationSuccessful,BBOB,BaseClass,SD,MaxFeval,MaxFevalPerDimensions,FevalPerDimensions,SolveAt1,SolveAt1e-1,SolveAt1e-3,SolveAt1e-6,SolveEarlierAt1,SolveEarlierAt1e-1,SolveEarlierAt1e-3,SolveEarlierAt1e-6,simNumber
0,[ 1.94636507  2.28510722  2.21030524 -0.93821451 -2.5633783  -0.16925097],120,NiaPyNelderMead,LunacekBiRastriginN6,5.205608039049824,101.04063547003453,739000.1412090932,0.013725116000003368,Continuous,Differentiable,Non-Separable,Scalable,Multimodal,6,True,True,LunacekBiRastrigin,3.0,120,20.0,20.0,False,False,False,False,,,,,4
1,[ 2.66227237 -1.79983308 -1.41914087 -2.49864134  0.7007605  -0.1753736 ],120,NiaPyPSO,LunacekBiRastriginN6,2.493571220523947,74.10568623857223,8094841.527905073,0.013396662999994646,Continuous,Differentiable,Non-Separable,Scalable,Multimodal,6,True,True,LunacekBiRastrigin,3.0,120,20.0,20.0,False,False,False,False,,,,,4
2,[-1.80763102  6.17466402 -0.3846071   7.63323257 -1.92066593  5.49623478],120,NiaPySimulatedAnnealing,LunacekBiRastriginN6,12.392643647737696,85941.4689093595,19725917.961664878,0.01471249399999408,Continuous,Differentiable,Non-Separable,Scalable,Multimodal,6,True,True,LunacekBiRastrigin,3.0,120,20.0,20.0,False,False,False,False,,,,,4
3,[-3.68211022  1.63047727 -1.61638411 -0.11622965  1.36752958 -0.86987777],120,NiaPyCuckooSearch,LunacekBiRastriginN6,7.0085952623929,78.32420768148893,15774196.596184775,0.012582296000005044,Continuous,Differentiable,Non-Separable,Scalable,Multimodal,6,True,True,LunacekBiRastrigin,3.0,120,20.0,20.0,False,False,False,False,,,,,4
4,[ 0.91445858  0.17261454 -2.93743925 -1.47498664  0.45666275 -3.7493541 ],120,NiaPyDifferentialEvolution,LunacekBiRastriginN6,7.224971884008085,121.28438464427086,34187689.7630625,0.02769140499999878,Continuous,Differentiable,Non-Separable,Scalable,Multimodal,6,True,True,LunacekBiRastrigin,3.0,120,20.0,20.0,False,False,False,False,,,,,4
5,[-1.97062554  2.19026154 -1.20036422  3.10546952 -1.4258202   0.97273247],120,RandomSearch1,LunacekBiRastriginN6,6.210005649573818,109.89096821425466,22331342.22534409,0.013520185999993828,Continuous,Differentiable,Non-Separable,Scalable,Multimodal,6,True,True,LunacekBiRastrigin,3.0,120,20.0,20.0,False,False,False,False,,,,,4
6,[-4.05575132  4.62212793  1.9523316  -3.14173974 -3.83490182  0.07779466],119,RandomSearch2,LunacekBiRastriginN6,10.945065294506337,141.6572982709335,18902500.44902468,0.01310028299999999,Continuous,Differentiable,Non-Separable,Scalable,Multimodal,6,True,True,LunacekBiRastrigin,3.0,120,20.0,19.833333333333332,False,False,False,False,,,,,4
7,[ 1.76548598  2.20805513 -2.12376796  1.67769299  2.66165342 -0.56088189],127,CMAES,LunacekBiRastriginN6,7.155197986407776,67.03138519023835,41559.82750916658,0.08169339399999842,Continuous,Differentiable,Non-Separable,Scalable,Multimodal,6,True,True,LunacekBiRastrigin,3.0,120,20.0,21.166666666666668,False,False,False,False,,,,,4
