,BestArm,NumberFunctionEval,Algorithm,CostFunction,EuclideanDistance,TrueRewardDifference,CumulativeRegret,TimeToComplete,Continuous,Differentiability,Separability,Scalability,Modality,Ndimensions,OptimizationSuccessful,BBOB,BaseClass,SD,MaxFeval,MaxFevalPerDimensions,FevalPerDimensions,SolveAt1,SolveAt1e-1,SolveAt1e-3,SolveAt1e-6,SolveEarlierAt1,SolveEarlierAt1e-1,SolveEarlierAt1e-3,SolveEarlierAt1e-6,simNumber
0,[ 0.99839677  1.97384329  0.50775594  0.93582448 -1.010284    0.27540986],120,NiaPyNelderMead,LunacekBiRastriginN6,4.707100573125588,63.531483325761236,686357.4803548122,0.012271341000001712,Continuous,Differentiable,Non-Separable,Scalable,Multimodal,6,True,True,LunacekBiRastrigin,0.0,120,20.0,20.0,False,False,False,False,,,,,0
1,[-0.03976191 -1.95613572 -2.5814169  -1.46773058  3.69910479  4.76159754],120,NiaPyPSO,LunacekBiRastriginN6,9.718165495293155,94.68776192691789,9511436.514387218,0.012469887999998264,Continuous,Differentiable,Non-Separable,Scalable,Multimodal,6,True,True,LunacekBiRastrigin,0.0,120,20.0,20.0,False,False,False,False,,,,,0
2,[ 1.70678033  0.77358394  0.0300475  -4.31638853  7.87867169 -4.40700657],120,NiaPySimulatedAnnealing,LunacekBiRastriginN6,12.680497420010074,83046.14184070531,17774814.371566072,0.013607801000006248,Continuous,Differentiable,Non-Separable,Scalable,Multimodal,6,True,True,LunacekBiRastrigin,0.0,120,20.0,20.0,False,False,False,False,,,,,0
3,[-4.39417092 -1.26879462  0.38923149 -0.64701744 -4.47406149 -0.46671287],120,NiaPyCuckooSearch,LunacekBiRastriginN6,8.661263482766312,112.83258447805702,15005035.038943116,0.011564930999995227,Continuous,Differentiable,Non-Separable,Scalable,Multimodal,6,True,True,LunacekBiRastrigin,0.0,120,20.0,20.0,False,False,False,False,,,,,0
4,[ 2.18099207  4.25433713  4.94343236  0.53346665 -0.46479003 -3.15159187],120,NiaPyDifferentialEvolution,LunacekBiRastriginN6,5.532106918386099,174.28903465766,36046239.07804635,0.027157481999992683,Continuous,Differentiable,Non-Separable,Scalable,Multimodal,6,True,True,LunacekBiRastrigin,0.0,120,20.0,20.0,False,False,False,False,,,,,0
5,[ 0.88547481 -2.32940647 -0.23044336 -2.63981855  3.36673659 -2.52890913],120,RandomSearch1,LunacekBiRastriginN6,8.115530867776974,98.85012781384017,20715328.486236766,0.012935060000003773,Continuous,Differentiable,Non-Separable,Scalable,Multimodal,6,True,True,LunacekBiRastrigin,0.0,120,20.0,20.0,False,False,False,False,,,,,0
6,[3.94149556 3.94149556 3.94149556 3.94149556 3.94149556 3.94149556],119,RandomSearch2,LunacekBiRastriginN6,12.71651512562845,114.52910603564307,20535063.636727475,0.012284179000005224,Continuous,Differentiable,Non-Separable,Scalable,Multimodal,6,True,True,LunacekBiRastrigin,0.0,120,20.0,19.833333333333332,False,False,False,False,,,,,0
7,[-1.14152349  0.67480493  1.21710365  1.01894406 -2.69188195 -0.74230467],127,CMAES,LunacekBiRastriginN6,6.33771862653907,53.553978152552695,288981.7125009811,0.07818459599999983,Continuous,Differentiable,Non-Separable,Scalable,Multimodal,6,True,True,LunacekBiRastrigin,0.0,120,20.0,21.166666666666668,False,False,False,False,,,,,0
