,BestArm,NumberFunctionEval,Algorithm,CostFunction,EuclideanDistance,TrueRewardDifference,CumulativeRegret,TimeToComplete,Continuous,Differentiability,Separability,Scalability,Modality,Ndimensions,OptimizationSuccessful,BBOB,BaseClass,SD,MaxFeval,MaxFevalPerDimensions,FevalPerDimensions,SolveAt1,SolveAt1e-1,SolveAt1e-3,SolveAt1e-6,SolveEarlierAt1,SolveEarlierAt1e-1,SolveEarlierAt1e-3,SolveEarlierAt1e-6,simNumber
0,[1.24717441 2.00070736 1.17902203 4.30593377 3.40673028 1.98294335],60000,NiaPyNelderMead,LunacekBiRastriginN6,6.491010570486705,183.0950798285315,12017057.34411388,6.4027871010002855,Continuous,Differentiable,Non-Separable,Scalable,Multimodal,6,True,True,LunacekBiRastrigin,3.0,60000,10000.0,10000.0,False,False,False,False,,,,,0
1,[ 1.02323041 -1.71695618  1.2151118   1.73296056  1.13234759 -1.88331787],60000,NiaPyPSO,LunacekBiRastriginN6,0.9585792744999384,6.973366250187428,13085788.435961673,6.823965614999906,Continuous,Differentiable,Non-Separable,Scalable,Multimodal,6,True,True,LunacekBiRastrigin,3.0,60000,10000.0,10000.0,False,False,False,False,,,,,0
2,[-2.61117466 -1.20496892 -2.232182   -0.03039571 -1.43735867 -2.78435988],60000,NiaPySimulatedAnnealing,LunacekBiRastriginN6,2.587721749680745,42.44115948238749,6639613433.270208,7.268999482999789,Continuous,Differentiable,Non-Separable,Scalable,Multimodal,6,True,True,LunacekBiRastrigin,3.0,60000,10000.0,10000.0,False,False,False,False,,,,,0
3,[ 4.78719868 -1.37895117 -0.59841603 -1.72129572 -3.13623742  2.20065475],60000,NiaPyCuckooSearch,LunacekBiRastriginN6,9.313994264508207,57.00078113827579,10868487046.72211,6.060993530000815,Continuous,Differentiable,Non-Separable,Scalable,Multimodal,6,True,True,LunacekBiRastrigin,3.0,60000,10000.0,10000.0,False,False,False,False,,,,,0
4,[-0.7560572   1.11949011 -2.39750567 -1.53605781 -1.77194932 -1.41024241],60000,NiaPyDifferentialEvolution,LunacekBiRastriginN6,6.849396462972389,16.282345417912275,56444108.679204926,15.751968810999642,Continuous,Differentiable,Non-Separable,Scalable,Multimodal,6,True,True,LunacekBiRastrigin,3.0,60000,10000.0,10000.0,False,False,False,False,,,,,0
5,[ 2.45582583  1.73867775 -1.90009963  0.91137756 -0.40622492 -2.03324383],60000,RandomSearch1,LunacekBiRastriginN6,6.647915392199454,45.921597794528076,10053523050.467648,6.609750067999812,Continuous,Differentiable,Non-Separable,Scalable,Multimodal,6,True,True,LunacekBiRastrigin,3.0,60000,10000.0,10000.0,False,False,False,False,,,,,0
6,[ 1.77773613 -0.42833617  2.17581374 -1.75645304 -3.62323765 -2.04706956],59999,RandomSearch2,LunacekBiRastriginN6,8.076904730096661,35.04213852623635,9993127895.892302,6.324521473000459,Continuous,Differentiable,Non-Separable,Scalable,Multimodal,6,True,True,LunacekBiRastrigin,3.0,60000,10000.0,9999.833333333334,False,False,False,False,,,,,0
7,[ 1.18523765  2.24283257  2.00422463  1.67116412  0.48937703 -0.85529517],4546,CMAES,LunacekBiRastriginN6,1.5717772991542556,17.990784298230672,15268754.504124472,1.333663995000279,Continuous,Differentiable,Non-Separable,Scalable,Multimodal,6,True,True,LunacekBiRastrigin,3.0,60000,10000.0,757.6666666666666,False,False,False,False,,,,,0
