,BestArm,NumberFunctionEval,Algorithm,CostFunction,EuclideanDistance,TrueRewardDifference,CumulativeRegret,TimeToComplete,Continuous,Differentiability,Separability,Scalability,Modality,Ndimensions,OptimizationSuccessful,BBOB,BaseClass,SD,MaxFeval,MaxFevalPerDimensions,FevalPerDimensions,SolveAt1,SolveAt1e-1,SolveAt1e-3,SolveAt1e-6,SolveEarlierAt1,SolveEarlierAt1e-1,SolveEarlierAt1e-3,SolveEarlierAt1e-6,simNumber
0,[4.23050526 4.19368723 4.10771014 3.24637347 2.63976911 0.25141517],120,NiaPyNelderMead,LunacekBiRastriginN6,10.475914509489842,105.27290539105215,1439654.6129165061,0.015887039999995523,Continuous,Differentiable,Non-Separable,Scalable,Multimodal,6,True,True,LunacekBiRastrigin,3.0,120,20.0,20.0,False,False,False,False,,,,,6
1,[-1.02353839  0.09982487  1.66770729  3.71686204 -1.10597552  2.14458003],120,NiaPyPSO,LunacekBiRastriginN6,7.185451708281106,53.8289732477672,8737440.250153262,0.01605788999999902,Continuous,Differentiable,Non-Separable,Scalable,Multimodal,6,True,True,LunacekBiRastrigin,3.0,120,20.0,20.0,False,False,False,False,,,,,6
2,[ 6.27475285  7.08099482  6.76744253 -1.49936533 -0.83354422  0.29443653],120,NiaPySimulatedAnnealing,LunacekBiRastriginN6,11.453484509271378,91221.39018691458,21472536.3158491,0.0169447590000118,Continuous,Differentiable,Non-Separable,Scalable,Multimodal,6,True,True,LunacekBiRastrigin,3.0,120,20.0,20.0,False,False,False,False,,,,,6
3,[ 0.31069497  1.34201944  2.4181978   0.62657814 -0.43097716  2.99591485],120,NiaPyCuckooSearch,LunacekBiRastriginN6,4.810454661182275,118.53429174395247,26186375.370060682,0.014426028000002589,Continuous,Differentiable,Non-Separable,Scalable,Multimodal,6,True,True,LunacekBiRastrigin,3.0,120,20.0,20.0,False,False,False,False,,,,,6
4,[ 2.7595656   2.02779276 -2.51138987  0.43365543 -0.85212268  1.16922147],120,NiaPyDifferentialEvolution,LunacekBiRastriginN6,5.972586260130708,131.8797281702312,22347262.518612273,0.03112739000000886,Continuous,Differentiable,Non-Separable,Scalable,Multimodal,6,True,True,LunacekBiRastrigin,3.0,120,20.0,20.0,False,False,False,False,,,,,6
5,[ 2.76991685 -3.43841007 -0.47794227 -2.78614754 -2.12631359 -1.04136033],120,RandomSearch1,LunacekBiRastriginN6,7.96463744065742,119.89050783053706,19516034.333101716,0.01582304999999451,Continuous,Differentiable,Non-Separable,Scalable,Multimodal,6,True,True,LunacekBiRastrigin,3.0,120,20.0,20.0,False,False,False,False,,,,,6
6,[2.37436925 2.37436925 2.37436925 2.37436925 2.37436925 2.37436925],119,RandomSearch2,LunacekBiRastriginN6,7.421093064420046,129.39050637310217,22441388.66878604,0.014291040999992788,Continuous,Differentiable,Non-Separable,Scalable,Multimodal,6,True,True,LunacekBiRastrigin,3.0,120,20.0,19.833333333333332,False,False,False,False,,,,,6
7,[1.9453326  2.88222923 3.18633608 1.92321719 2.91603446 1.98787536],127,CMAES,LunacekBiRastriginN6,8.668844845079594,57.070205103226165,12692.163690004638,0.080805550000008,Continuous,Differentiable,Non-Separable,Scalable,Multimodal,6,True,True,LunacekBiRastrigin,3.0,120,20.0,21.166666666666668,False,False,False,False,,,,,6
