,BestArm,NumberFunctionEval,Algorithm,CostFunction,EuclideanDistance,TrueRewardDifference,CumulativeRegret,TimeToComplete,Continuous,Differentiability,Separability,Scalability,Modality,Ndimensions,OptimizationSuccessful,BBOB,BaseClass,SD,MaxFeval,MaxFevalPerDimensions,FevalPerDimensions,SolveAt1,SolveAt1e-1,SolveAt1e-3,SolveAt1e-6,SolveEarlierAt1,SolveEarlierAt1e-1,SolveEarlierAt1e-3,SolveEarlierAt1e-6,simNumber
0,[ 1.76280142 -0.00859836  3.43755681  2.67686279  2.00970999  1.52979855],600000,NiaPyNelderMead,LunacekBiRastriginN6,6.979249884462849,79.63036883857096,49398864.49387959,65.17421455599833,Continuous,Differentiable,Non-Separable,Scalable,Multimodal,6,True,True,LunacekBiRastrigin,3.0,600000,100000.0,100000.0,False,False,False,False,,,,,0
1,[-1.76468616  0.48073628  1.78057483  1.24715755  1.59983533  1.35792921],600000,NiaPyPSO,LunacekBiRastriginN6,1.1279271748656654,7.735350562599829,52115068.21569044,69.76619557500089,Continuous,Differentiable,Non-Separable,Scalable,Multimodal,6,True,True,LunacekBiRastrigin,3.0,600000,100000.0,100000.0,False,False,False,False,,,,,0
2,[-2.26189156 -2.59001891 -1.17413033  1.86952488 -2.65144579  1.5754134 ],600000,NiaPySimulatedAnnealing,LunacekBiRastriginN6,2.2976263148612706,36.28454009892578,96498119842.8759,72.25530776199594,Continuous,Differentiable,Non-Separable,Scalable,Multimodal,6,True,True,LunacekBiRastrigin,3.0,600000,100000.0,100000.0,False,False,False,False,,,,,0
3,[-0.13860261  3.85802897 -0.73130304 -1.64716902 -1.38151381  4.00224041],600000,NiaPyCuckooSearch,LunacekBiRastriginN6,8.651602248899339,46.02818801665124,107583723690.11436,62.224530838000646,Continuous,Differentiable,Non-Separable,Scalable,Multimodal,6,True,True,LunacekBiRastrigin,3.0,600000,100000.0,100000.0,False,False,False,False,,,,,0
4,[ 1.40646542 -2.55328506 -1.28685453 -0.22110154  0.85401529  1.39225241],600000,NiaPyDifferentialEvolution,LunacekBiRastriginN6,6.4443723209821595,19.251764339906394,110498080.22582744,160.06245667199983,Continuous,Differentiable,Non-Separable,Scalable,Multimodal,6,True,True,LunacekBiRastrigin,3.0,600000,100000.0,100000.0,False,False,False,False,,,,,0
5,[ 1.61281052  2.82959004 -1.50540938 -2.61783403 -0.21155744  0.99777946],600000,RandomSearch1,LunacekBiRastriginN6,2.388497060616585,28.517621244035926,100187018144.9545,67.74549543899775,Continuous,Differentiable,Non-Separable,Scalable,Multimodal,6,True,True,LunacekBiRastrigin,3.0,600000,100000.0,100000.0,False,False,False,False,,,,,0
6,[ 2.02280999 -2.58121147  1.68455021 -2.06702136  0.67630947 -1.95823721],599999,RandomSearch2,LunacekBiRastriginN6,2.0140600353423577,30.241400853449917,100178303740.95087,64.53326587900665,Continuous,Differentiable,Non-Separable,Scalable,Multimodal,6,True,True,LunacekBiRastrigin,3.0,600000,100000.0,99999.83333333333,False,False,False,False,,,,,0
7,[ 0.81150134  0.49406477 -1.05457814  0.15057985  0.3518819   1.92285691],5266,CMAES,LunacekBiRastriginN6,5.215103126700186,18.64999469461886,49713320.056629784,1.6630275930001517,Continuous,Differentiable,Non-Separable,Scalable,Multimodal,6,True,True,LunacekBiRastrigin,3.0,600000,100000.0,877.6666666666666,False,False,False,False,,,,,0
