,BestArm,NumberFunctionEval,Algorithm,CostFunction,EuclideanDistance,TrueRewardDifference,CumulativeRegret,TimeToComplete,Continuous,Differentiability,Separability,Scalability,Modality,Ndimensions,OptimizationSuccessful,BBOB,BaseClass,SD,MaxFeval,MaxFevalPerDimensions,FevalPerDimensions,SolveAt1,SolveAt1e-1,SolveAt1e-3,SolveAt1e-6,SolveEarlierAt1,SolveEarlierAt1e-1,SolveEarlierAt1e-3,SolveEarlierAt1e-6,simNumber
0,[ 4.90343822  2.46030947 -3.41874772  1.97643892  2.39145635  5.24303642],60000,NiaPyNelderMead,LunacekBiRastriginN6,10.016227979713992,826.1954517715888,50824626.648125,6.390436176999174,Continuous,Differentiable,Non-Separable,Scalable,Multimodal,6,True,True,LunacekBiRastrigin,3.0,60000,10000.0,10000.0,False,False,False,False,,,,,1
1,[-1.16497641  1.90001465  1.50853111  2.43751639 -2.23245679 -2.01724408],60000,NiaPyPSO,LunacekBiRastriginN6,7.730741462151702,13.516580595511133,11847293.474277327,6.758953391000432,Continuous,Differentiable,Non-Separable,Scalable,Multimodal,6,True,True,LunacekBiRastrigin,3.0,60000,10000.0,10000.0,False,False,False,False,,,,,1
2,[ 4.92444573 -2.79862457  0.20740114  2.20267619  1.47401226 -3.82209803],60000,NiaPySimulatedAnnealing,LunacekBiRastriginN6,9.659165913621116,91.69878937013912,12993941859.712128,7.088347107000118,Continuous,Differentiable,Non-Separable,Scalable,Multimodal,6,True,True,LunacekBiRastrigin,3.0,60000,10000.0,10000.0,False,False,False,False,,,,,1
3,[-1.97882511  0.94390155 -1.47186578  0.07973626  1.11561475 -0.8084724 ],60000,NiaPyCuckooSearch,LunacekBiRastriginN6,2.715661802014533,59.587536562937586,11126001971.190111,6.068105680999906,Continuous,Differentiable,Non-Separable,Scalable,Multimodal,6,True,True,LunacekBiRastrigin,3.0,60000,10000.0,10000.0,False,False,False,False,,,,,1
4,[-2.9799549  -1.57088527  2.2203765   1.2020055   1.97203276 -0.55497803],60000,NiaPyDifferentialEvolution,LunacekBiRastriginN6,7.58585505901381,22.088909544793847,106625729.09714326,15.944057914000041,Continuous,Differentiable,Non-Separable,Scalable,Multimodal,6,True,True,LunacekBiRastrigin,3.0,60000,10000.0,10000.0,False,False,False,False,,,,,1
5,[-1.11010224 -3.98816677 -2.61717687  3.71478099  0.46320262  0.96409309],60000,RandomSearch1,LunacekBiRastriginN6,8.969384163009803,37.620241190850756,10002670293.837755,6.574514879999697,Continuous,Differentiable,Non-Separable,Scalable,Multimodal,6,True,True,LunacekBiRastrigin,3.0,60000,10000.0,10000.0,False,False,False,False,,,,,1
6,[-0.59145122 -2.67316753 -1.75418361  1.67829823  2.37263988  1.65953668],59999,RandomSearch2,LunacekBiRastriginN6,7.613879374120754,58.53960984881999,10099608208.897926,6.321021437000127,Continuous,Differentiable,Non-Separable,Scalable,Multimodal,6,True,True,LunacekBiRastrigin,3.0,60000,10000.0,9999.833333333334,False,False,False,False,,,,,1
7,[-1.04442246 -3.32086452 -2.07436418 -1.90449257  1.93965378 -1.20361608],7336,CMAES,LunacekBiRastriginN6,7.95949248532381,23.068522930382862,11609514.02608067,2.2272934209995583,Continuous,Differentiable,Non-Separable,Scalable,Multimodal,6,True,True,LunacekBiRastrigin,3.0,60000,10000.0,1222.6666666666667,False,False,False,False,,,,,1
