,BestArm,NumberFunctionEval,Algorithm,CostFunction,EuclideanDistance,TrueRewardDifference,CumulativeRegret,TimeToComplete,Continuous,Differentiability,Separability,Scalability,Modality,Ndimensions,OptimizationSuccessful,BBOB,BaseClass,SD,MaxFeval,MaxFevalPerDimensions,FevalPerDimensions,SolveAt1,SolveAt1e-1,SolveAt1e-3,SolveAt1e-6,SolveEarlierAt1,SolveEarlierAt1e-1,SolveEarlierAt1e-3,SolveEarlierAt1e-6,simNumber
0,[ 1.95980249  4.99334422  4.20076906 -0.69722315  2.3406775   0.99641884],600000,NiaPyNelderMead,LunacekBiRastriginN6,9.16725810410504,111.17210138350731,67831864.85024339,59.6921875659973,Continuous,Differentiable,Non-Separable,Scalable,Multimodal,6,True,True,LunacekBiRastrigin,0.0,600000,100000.0,100000.0,False,False,False,False,,,,,7
1,[ 1.25572886 -1.38130627  1.05670293 -0.51040917 -1.52040522  0.65677763],600000,NiaPyPSO,LunacekBiRastriginN6,1.013244425780629,6.075721071597818,51745514.36934429,63.79061403199739,Continuous,Differentiable,Non-Separable,Scalable,Multimodal,6,True,True,LunacekBiRastrigin,0.0,600000,100000.0,100000.0,False,False,False,False,,,,,7
2,[ 1.93663716 -1.38216534 -1.61404657 -1.40744195  0.05114002 -0.83658448],600000,NiaPySimulatedAnnealing,LunacekBiRastriginN6,1.5014771985550326,36.57184770638761,104951530280.8364,66.49115143199742,Continuous,Differentiable,Non-Separable,Scalable,Multimodal,6,True,True,LunacekBiRastrigin,0.0,600000,100000.0,100000.0,False,False,False,False,,,,,7
3,[-1.0977817  -0.78193199 -1.73045981  2.02254632 -0.6701665  -0.33733927],600000,NiaPyCuckooSearch,LunacekBiRastriginN6,1.4963569100866327,30.572271250645837,107705580299.48198,56.66843575299572,Continuous,Differentiable,Non-Separable,Scalable,Multimodal,6,True,True,LunacekBiRastrigin,0.0,600000,100000.0,100000.0,False,False,False,False,,,,,7
4,[-1.36367531 -0.8935362  -1.28841427 -1.80997887 -1.04035247  0.8401542 ],600000,NiaPyDifferentialEvolution,LunacekBiRastriginN6,6.070216038674158,20.700098871004872,93117094.93132505,153.28621167600068,Continuous,Differentiable,Non-Separable,Scalable,Multimodal,6,True,True,LunacekBiRastrigin,0.0,600000,100000.0,100000.0,False,False,False,False,,,,,7
5,[ 2.44502494 -1.10553162 -1.50540664 -2.30109995  2.21904426 -1.12931509],600000,RandomSearch1,LunacekBiRastriginN6,7.5564359000681876,34.531965639902054,100377768745.50032,62.725955560999864,Continuous,Differentiable,Non-Separable,Scalable,Multimodal,6,True,True,LunacekBiRastrigin,0.0,600000,100000.0,100000.0,False,False,False,False,,,,,7
6,[-1.28233091 -1.69037359  0.60405212  0.79424756  0.44679751  1.93738759],599999,RandomSearch2,LunacekBiRastriginN6,2.2266184449473125,40.19644091856858,100392185674.55972,60.356568262999645,Continuous,Differentiable,Non-Separable,Scalable,Multimodal,6,True,True,LunacekBiRastrigin,0.0,600000,100000.0,99999.83333333333,False,False,False,False,,,,,7
7,[-0.73152462  0.15284328 -1.69908431  1.71829633  3.5397862   1.29121796],3142,CMAES,LunacekBiRastriginN6,7.266507481273172,19.49896977387413,161113.45720740134,0.937153651000699,Continuous,Differentiable,Non-Separable,Scalable,Multimodal,6,True,True,LunacekBiRastrigin,0.0,600000,100000.0,523.6666666666666,False,False,False,False,,,,,7
