,BestArm,NumberFunctionEval,Algorithm,CostFunction,EuclideanDistance,TrueRewardDifference,CumulativeRegret,TimeToComplete,Continuous,Differentiability,Separability,Scalability,Modality,Ndimensions,OptimizationSuccessful,BBOB,BaseClass,SD,MaxFeval,MaxFevalPerDimensions,FevalPerDimensions,SolveAt1,SolveAt1e-1,SolveAt1e-3,SolveAt1e-6,SolveEarlierAt1,SolveEarlierAt1e-1,SolveEarlierAt1e-3,SolveEarlierAt1e-6,simNumber
0,[ 3.03128544  2.3405319  -1.33845205  1.15905015 -1.74519764  0.48200117],120,NiaPyNelderMead,LunacekBiRastriginN6,7.299723427181613,51.552415941643496,758994.190458032,0.014180009000000382,Continuous,Differentiable,Non-Separable,Scalable,Multimodal,6,True,True,LunacekBiRastrigin,3.0,120,20.0,20.0,False,False,False,False,,,,,5
1,[ 1.36833173  2.76954204  3.60425622 -0.91682346 -3.70435225  0.67443049],120,NiaPyPSO,LunacekBiRastriginN6,8.726293206361282,86.61242766641485,9678706.192767732,0.013830028000000993,Continuous,Differentiable,Non-Separable,Scalable,Multimodal,6,True,True,LunacekBiRastrigin,3.0,120,20.0,20.0,False,False,False,False,,,,,5
2,[-4.06312904 -2.00316367  1.18433287  2.79882607 -3.40904901  0.67663397],120,NiaPySimulatedAnnealing,LunacekBiRastriginN6,7.712909687955635,123.95390586574129,22635.1534094898,0.01492504700000552,Continuous,Differentiable,Non-Separable,Scalable,Multimodal,6,True,True,LunacekBiRastrigin,3.0,120,20.0,20.0,False,False,False,False,,,,,5
3,[-0.51921602  0.8552623  -4.68247971 -0.09534289 -3.41357596 -1.70987293],120,NiaPyCuckooSearch,LunacekBiRastriginN6,8.414273268923582,115.56093443043333,11489494.775057662,0.01240515499999617,Continuous,Differentiable,Non-Separable,Scalable,Multimodal,6,True,True,LunacekBiRastrigin,3.0,120,20.0,20.0,False,False,False,False,,,,,5
4,[ 0.33321496 -1.46335043  2.36674182 -1.20696302  4.12199561 -0.5926244 ],120,NiaPyDifferentialEvolution,LunacekBiRastriginN6,3.9299714926380562,110.3104027796982,31192479.05398361,0.027498539000006872,Continuous,Differentiable,Non-Separable,Scalable,Multimodal,6,True,True,LunacekBiRastrigin,3.0,120,20.0,20.0,False,False,False,False,,,,,5
5,[ 3.18598012 -2.8117521  -0.22089161 -0.23433895 -4.08324787 -3.10136812],120,RandomSearch1,LunacekBiRastriginN6,9.254421565531056,99.54528621592797,21164304.41698444,0.013202903000006927,Continuous,Differentiable,Non-Separable,Scalable,Multimodal,6,True,True,LunacekBiRastrigin,3.0,120,20.0,20.0,False,False,False,False,,,,,5
6,[2.37436925 2.37436925 2.37436925 2.37436925 2.37436925 2.37436925],119,RandomSearch2,LunacekBiRastriginN6,7.421093064420046,103.83835739107066,19744455.916876394,0.012723899999997457,Continuous,Differentiable,Non-Separable,Scalable,Multimodal,6,True,True,LunacekBiRastrigin,3.0,120,20.0,19.833333333333332,False,False,False,False,,,,,5
7,[ 0.08623119  2.59092605  0.78147678 -0.55301306 -2.09495636  0.07208443],127,CMAES,LunacekBiRastriginN6,2.5279117093437504,56.523331389539834,16966.82689663954,0.07736939800000187,Continuous,Differentiable,Non-Separable,Scalable,Multimodal,6,True,True,LunacekBiRastrigin,3.0,120,20.0,21.166666666666668,False,False,False,False,,,,,5
