,BestArm,NumberFunctionEval,Algorithm,CostFunction,EuclideanDistance,TrueRewardDifference,CumulativeRegret,TimeToComplete,Continuous,Differentiability,Separability,Scalability,Modality,Ndimensions,OptimizationSuccessful,BBOB,BaseClass,SD,MaxFeval,MaxFevalPerDimensions,FevalPerDimensions,SolveAt1,SolveAt1e-1,SolveAt1e-3,SolveAt1e-6,SolveEarlierAt1,SolveEarlierAt1e-1,SolveEarlierAt1e-3,SolveEarlierAt1e-6,simNumber
0,[ 3.80443333  3.32078202  2.61641877 -0.47931436  1.93875252 -2.18473616],120,NiaPyNelderMead,LunacekBiRastriginN6,8.107230017834246,108.19565540301114,1530276.1931752544,0.01248136300000624,Continuous,Differentiable,Non-Separable,Scalable,Multimodal,6,True,True,LunacekBiRastrigin,0.0,120,20.0,20.0,False,False,False,False,,,,,2
1,[ 3.40264471 -0.5821074   1.44757213  0.92300482 -1.1732053   0.90612171],120,NiaPyPSO,LunacekBiRastriginN6,3.143354678063006,76.22497998468121,7471193.171024993,0.012617007999992325,Continuous,Differentiable,Non-Separable,Scalable,Multimodal,6,True,True,LunacekBiRastrigin,0.0,120,20.0,20.0,False,False,False,False,,,,,2
2,[6.93532688 4.71491856 3.31582655 3.4132022  8.62626053 1.38603484],120,NiaPySimulatedAnnealing,LunacekBiRastriginN6,15.579829393315357,169193.10577573447,26876276.49231538,0.013640901000002259,Continuous,Differentiable,Non-Separable,Scalable,Multimodal,6,True,True,LunacekBiRastrigin,0.0,120,20.0,20.0,False,False,False,False,,,,,2
3,[-0.94417276 -0.4949722  -4.22031233 -0.80540498 -4.25823745  1.52313827],120,NiaPyCuckooSearch,LunacekBiRastriginN6,6.1356788906610085,200.3527626652779,16656861.919654476,0.011632954999996059,Continuous,Differentiable,Non-Separable,Scalable,Multimodal,6,True,True,LunacekBiRastrigin,0.0,120,20.0,20.0,False,False,False,False,,,,,2
4,[-5.         -1.59763725 -2.66098888  2.85034493  0.19011501 -1.33076729],120,NiaPyDifferentialEvolution,LunacekBiRastriginN6,7.688754734088148,169.1995658124069,30693976.5196058,0.02677001099999643,Continuous,Differentiable,Non-Separable,Scalable,Multimodal,6,True,True,LunacekBiRastrigin,0.0,120,20.0,20.0,False,False,False,False,,,,,2
5,[ 4.60408186  2.33884987  4.62398006 -3.55152234 -1.0385768   3.42495155],120,RandomSearch1,LunacekBiRastriginN6,11.252033058966566,145.40103085741612,21689538.86581006,0.013053728999992131,Continuous,Differentiable,Non-Separable,Scalable,Multimodal,6,True,True,LunacekBiRastrigin,0.0,120,20.0,20.0,False,False,False,False,,,,,2
6,[-4.88614474 -1.31353343 -0.78388735  3.33441759 -0.0188784  -3.82107465],119,RandomSearch2,LunacekBiRastriginN6,8.946022631781513,170.12565529922406,25064853.873133972,0.012638785000007147,Continuous,Differentiable,Non-Separable,Scalable,Multimodal,6,True,True,LunacekBiRastrigin,0.0,120,20.0,19.833333333333332,False,False,False,False,,,,,2
7,[-0.70637767  1.2694283   2.61156999 -1.66354069 -2.61155916 -3.46695662],127,CMAES,LunacekBiRastriginN6,8.410510901684948,56.15484728124659,545883.2977911803,0.0789310889999939,Continuous,Differentiable,Non-Separable,Scalable,Multimodal,6,True,True,LunacekBiRastrigin,0.0,120,20.0,21.166666666666668,False,False,False,False,,,,,2
