,BestArm,NumberFunctionEval,Algorithm,CostFunction,EuclideanDistance,TrueRewardDifference,CumulativeRegret,TimeToComplete,Continuous,Differentiability,Separability,Scalability,Modality,Ndimensions,OptimizationSuccessful,BBOB,BaseClass,SD,MaxFeval,MaxFevalPerDimensions,FevalPerDimensions,SolveAt1,SolveAt1e-1,SolveAt1e-3,SolveAt1e-6,SolveEarlierAt1,SolveEarlierAt1e-1,SolveEarlierAt1e-3,SolveEarlierAt1e-6,simNumber
0,"[-4.35121957e+01 -1.03637045e+01  1.06599086e+01  2.28153159e+01
 -1.00219114e-02  1.04725525e+01]",600000,NiaPyNelderMead,Mishra7N6,50.911601014157156,149594796.39839625,2.280290137383156e+22,24.28377857799933,Continuous,Differentiable,Non-Separable,Scalable,Multimodal,6,True,False,Mishra7,3.0,600000,100000.0,100000.0,False,False,False,False,,,,,5
1,"[ 22.33664512 -10.85513817   2.43403152 -16.92281351  -0.56624191
  -0.12719548]",600000,NiaPyPSO,Mishra7N6,33.572563522712514,0.45424823744155685,8.656679555143989e+22,28.382499457999074,Continuous,Differentiable,Non-Separable,Scalable,Multimodal,6,True,False,Mishra7,3.0,600000,100000.0,100000.0,True,False,False,False,8433.0,25848.0,131627.0,,5
2,"[ 7.24002926e+01 -6.19697294e+01 -8.90399634e+01 -1.61074090e+01
 -2.12349264e-04 -1.67802801e-01]",600000,NiaPySimulatedAnnealing,Mishra7N6,134.64336127321573,901146.9260362022,4.181776151486731e+26,31.85114600000088,Continuous,Differentiable,Non-Separable,Scalable,Multimodal,6,True,False,Mishra7,3.0,600000,100000.0,100000.0,False,False,False,False,,,,,5
3,"[-8.79199713e+01 -3.28068962e+01  2.99146768e+01  5.16333061e-02
  1.00000000e+02  1.67262746e-03]",600000,NiaPyCuckooSearch,Mishra7N6,137.54726707989303,634.4614539081333,8.652406861355761e+26,20.984264897000685,Continuous,Differentiable,Non-Separable,Scalable,Multimodal,6,True,False,Mishra7,3.0,600000,100000.0,100000.0,False,False,False,False,,,,,5
4,"[ 1.69529519e+00 -6.93050269e+01  6.70673750e+00 -3.52627230e-02
  1.00334561e+00  2.57624365e+01]",600000,NiaPyDifferentialEvolution,Mishra7N6,74.30639739186805,3.067858782821846,5.442450918371453e+24,107.16171074700105,Continuous,Differentiable,Non-Separable,Scalable,Multimodal,6,True,False,Mishra7,3.0,600000,100000.0,100000.0,False,False,False,False,,,,,5
5,"[ -0.38757726   1.58484038  93.05873821  -0.92188466 -30.2407978
  -0.42105817]",600000,RandomSearch1,Mishra7N6,97.05690506746376,2402.4554968850343,8.219573074614252e+26,26.744772209000075,Continuous,Differentiable,Non-Separable,Scalable,Multimodal,6,True,False,Mishra7,3.0,600000,100000.0,100000.0,False,False,False,False,,,,,5
6,"[-4.35074242e+01  1.01134222e-02 -1.19010285e+01  6.59267010e+01
 -1.25930478e+00 -1.70858490e+00]",599999,RandomSearch2,Mishra7N6,78.36088681177729,520.0641942555023,8.29731736847295e+26,23.752605535999464,Continuous,Differentiable,Non-Separable,Scalable,Multimodal,6,True,False,Mishra7,3.0,600000,100000.0,99999.83333333333,False,False,False,False,,,,,5
7,[-7.78649655  1.02742589 -1.13096681 -1.18311914 -1.30235772 51.57176459],5221,CMAES,Mishra7N6,47.31367110304446,1.0525596633293248,3.100374102948694e+22,1.235298285006138,Continuous,Differentiable,Non-Separable,Scalable,Multimodal,6,True,False,Mishra7,3.0,600000,100000.0,870.1666666666666,False,False,False,False,765.0,765.0,1256.0,1639.0,5
