,BestArm,NumberFunctionEval,Algorithm,CostFunction,EuclideanDistance,TrueRewardDifference,CumulativeRegret,TimeToComplete,Continuous,Differentiability,Separability,Scalability,Modality,Ndimensions,OptimizationSuccessful,BBOB,BaseClass,SD,MaxFeval,MaxFevalPerDimensions,FevalPerDimensions,SolveAt1,SolveAt1e-1,SolveAt1e-3,SolveAt1e-6,SolveEarlierAt1,SolveEarlierAt1e-1,SolveEarlierAt1e-3,SolveEarlierAt1e-6,simNumber
0,"[-46.14090305   0.26613674  20.18748001  33.53974739 -31.93037909
   0.27257546]",600000,NiaPyNelderMead,Mishra7N6,69.20934517421587,5132888892.701022,1.4064760975648542e+21,19.082453547001933,Continuous,Differentiable,Non-Separable,Scalable,Multimodal,6,True,False,Mishra7,0.0,600000,100000.0,100000.0,False,False,False,False,,,,,2
1,"[ -0.12211657  -5.81793097 -20.63685184  18.71501522  17.4802422
  -0.15010807]",600000,NiaPyPSO,Mishra7N6,32.11217686295387,4.848664259539677e-05,5.618209915131228e+23,24.244125369994435,Continuous,Differentiable,Non-Separable,Scalable,Multimodal,6,True,False,Mishra7,0.0,600000,100000.0,100000.0,True,True,True,False,3246.0,3246.0,504897.0,,2
2,"[ 1.78563425e+01 -2.86353615e+01  8.42043446e+01 -8.29188728e-05
 -1.30080831e+01  2.43361541e+01]",600000,NiaPySimulatedAnnealing,Mishra7N6,92.15917486571564,3423172.7824998843,3.324418517275008e+26,26.623114208996412,Continuous,Differentiable,Non-Separable,Scalable,Multimodal,6,True,False,Mishra7,0.0,600000,100000.0,100000.0,False,False,False,False,,,,,2
3,[23.7762406  39.75976854  2.6192949   0.06082205 25.52500334  0.18546066],600000,NiaPyCuckooSearch,Mishra7N6,49.14574188468553,49.910872071551516,8.463877008406653e+26,16.63270660499984,Continuous,Differentiable,Non-Separable,Scalable,Multimodal,6,True,False,Mishra7,0.0,600000,100000.0,100000.0,False,False,False,False,,,,,2
4,[ 2.19559906 -0.69850103 -2.00405322 28.50233467  0.24992035 32.88676088],600000,NiaPyDifferentialEvolution,Mishra7N6,37.142663948398926,0.0,1.051669256238043e+25,101.49933976299508,Continuous,Differentiable,Non-Separable,Scalable,Multimodal,6,True,False,Mishra7,0.0,600000,100000.0,100000.0,True,True,True,True,14593.0,32196.0,32660.0,32874.0,2
5,"[ 87.48248146 -13.69519602   0.09966568   0.14748479  24.60393279
  -1.74165259]",600000,RandomSearch1,Mishra7N6,90.51552329031217,1200.9460612634373,8.18282742055418e+26,22.918801375999465,Continuous,Differentiable,Non-Separable,Scalable,Multimodal,6,True,False,Mishra7,0.0,600000,100000.0,100000.0,False,False,False,False,,,,,2
6,"[-7.26239925e+00  2.01340669e-04 -2.77611128e+01 -3.82855244e+01
 -5.39897773e+00  7.25179384e+01]",599999,RandomSearch2,Mishra7N6,85.67002356842904,12438.655114140296,8.301301269901302e+26,19.80155449099402,Continuous,Differentiable,Non-Separable,Scalable,Multimodal,6,True,False,Mishra7,0.0,600000,100000.0,99999.83333333333,False,False,False,False,,,,,2
7,"[ -30.51736287    0.6185278    -0.40569292   -1.88363412 -141.40559435
    0.35299268]",3097,CMAES,Mishra7N6,150.02651523041885,1.9996925309993364e-15,4.979295946658859e+25,0.7133840039969073,Continuous,Differentiable,Non-Separable,Scalable,Multimodal,6,True,False,Mishra7,0.0,600000,100000.0,516.1666666666666,True,True,True,True,1370.0,1370.0,1829.0,2037.0,2
