,BestArm,NumberFunctionEval,Algorithm,CostFunction,EuclideanDistance,TrueRewardDifference,CumulativeRegret,TimeToComplete,Continuous,Differentiability,Separability,Scalability,Modality,Ndimensions,OptimizationSuccessful,BBOB,BaseClass,SD,MaxFeval,MaxFevalPerDimensions,FevalPerDimensions,SolveAt1,SolveAt1e-1,SolveAt1e-3,SolveAt1e-6,SolveEarlierAt1,SolveEarlierAt1e-1,SolveEarlierAt1e-3,SolveEarlierAt1e-6,simNumber
0,"[ 3.49336086e+00  3.01971955e+01  4.08108221e+01  1.42649196e+01
  6.76142906e-04 -8.33898349e+01]",600000,NiaPyNelderMead,Mishra7N6,101.74409739374144,17494410.721120324,2.0490482212342855e+21,19.251583607998327,Continuous,Differentiable,Non-Separable,Scalable,Multimodal,6,True,False,Mishra7,0.0,600000,100000.0,100000.0,False,False,False,False,,,,,4
1,[ 0.52547776  4.7302581   0.92805133 14.02214377  0.67365621 33.04199855],600000,NiaPyPSO,Mishra7N6,29.366694635794715,1.4246873165115033e-05,3.947314290947733e+22,24.227496011997573,Continuous,Differentiable,Non-Separable,Scalable,Multimodal,6,True,False,Mishra7,0.0,600000,100000.0,100000.0,True,True,True,False,9053.0,9053.0,359713.0,,4
2,"[4.14660030e+01 5.80539864e+01 2.97817549e-04 1.88950691e+01
 6.06781879e+01 1.51613738e+01]",600000,NiaPySimulatedAnnealing,Mishra7N6,90.52292231956471,137878877.4176002,4.0088441338684514e+26,26.555183507000038,Continuous,Differentiable,Non-Separable,Scalable,Multimodal,6,True,False,Mishra7,0.0,600000,100000.0,100000.0,False,False,False,False,,,,,4
3,"[ -0.03695761 -27.36011591   3.7275387    0.48778804  12.80258885
  29.39027902]",600000,NiaPyCuckooSearch,Mishra7N6,38.52197007206338,795.5883284931663,8.349521788639954e+26,16.67924399900221,Continuous,Differentiable,Non-Separable,Scalable,Multimodal,6,True,False,Mishra7,0.0,600000,100000.0,100000.0,False,False,False,False,,,,,4
4,"[-4.46575852e-02  9.03446028e+01  1.50228393e+01  1.82802887e+01
 -6.15377915e-01  1.05760672e+00]",600000,NiaPyDifferentialEvolution,Mishra7N6,90.61067920287543,1.2214679627479095,3.5455367764735044e+24,100.81803567899624,Continuous,Differentiable,Non-Separable,Scalable,Multimodal,6,True,False,Mishra7,0.0,600000,100000.0,100000.0,False,False,False,False,,,,,4
5,"[ 2.50578542e+01  1.28653787e-03 -4.81386042e+00 -2.21905015e+01
  1.60912287e+01  1.31942390e+01]",600000,RandomSearch1,Mishra7N6,38.78848309175792,124.10243398425717,8.218186220904165e+26,22.89689827899565,Continuous,Differentiable,Non-Separable,Scalable,Multimodal,6,True,False,Mishra7,0.0,600000,100000.0,100000.0,False,False,False,False,,,,,4
6,"[ 1.40198494e+01  3.31826031e+01  3.81426113e+01 -5.60198271e+00
 -4.82112691e+01  9.29280223e-05]",599999,RandomSearch2,Mishra7N6,73.05142342249029,75432.74160747869,8.326384183619405e+26,19.781621235000785,Continuous,Differentiable,Non-Separable,Scalable,Multimodal,6,True,False,Mishra7,0.0,600000,100000.0,99999.83333333333,False,False,False,False,,,,,4
7,"[ -0.80168935   2.99170786   2.08118168  -0.7385389   -2.12818754
 -91.77279035]",2890,CMAES,Mishra7N6,98.17258852468095,1.5181359055523318e-16,6.292167448897878e+25,0.6680226630051038,Continuous,Differentiable,Non-Separable,Scalable,Multimodal,6,True,False,Mishra7,0.0,600000,100000.0,481.6666666666667,True,True,True,True,967.0,967.0,967.0,1615.0,4
