,BestArm,NumberFunctionEval,Algorithm,CostFunction,EuclideanDistance,TrueRewardDifference,CumulativeRegret,TimeToComplete,Continuous,Differentiability,Separability,Scalability,Modality,Ndimensions,OptimizationSuccessful,BBOB,BaseClass,SD,MaxFeval,MaxFevalPerDimensions,FevalPerDimensions,SolveAt1,SolveAt1e-1,SolveAt1e-3,SolveAt1e-6,SolveEarlierAt1,SolveEarlierAt1e-1,SolveEarlierAt1e-3,SolveEarlierAt1e-6,simNumber
0,"[-21.36994766 -19.75193848  -7.67684732  -1.83434277 -11.99414503
  16.96063596]",600000,NiaPyNelderMead,Mishra7N6,39.12202086510443,1463838154738.223,6.614645301911905e+20,19.458982265998202,Continuous,Differentiable,Non-Separable,Scalable,Multimodal,6,True,False,Mishra7,0.0,600000,100000.0,100000.0,False,False,False,False,,,,,1
1,[ 0.68933578  9.98492596 -0.48648782  6.76816934  8.2941017  -3.83040147],600000,NiaPyPSO,Mishra7N6,13.82612790330626,9.301273799606254e-10,1.5270824315119496e+23,24.034077105003234,Continuous,Differentiable,Non-Separable,Scalable,Multimodal,6,True,False,Mishra7,0.0,600000,100000.0,100000.0,True,True,True,True,2680.0,2680.0,6376.0,93784.0,1
2,"[ 4.26461280e+01 -8.53743427e+01 -6.03805293e-05  9.88886791e+01
  5.71862046e+01  9.18770253e+01]",600000,NiaPySimulatedAnnealing,Mishra7N6,168.75959511535567,12882638889.821962,3.518882304183698e+26,26.625061246006226,Continuous,Differentiable,Non-Separable,Scalable,Multimodal,6,True,False,Mishra7,0.0,600000,100000.0,100000.0,False,False,False,False,,,,,1
3,"[1.00000000e+02 3.99455892e-02 2.02135982e+01 4.58097645e+00
 1.96510610e+00 7.86045221e-01]",600000,NiaPyCuckooSearch,Mishra7N6,100.68705585602092,22096.109387160657,8.543049004982273e+26,16.76286651600094,Continuous,Differentiable,Non-Separable,Scalable,Multimodal,6,True,False,Mishra7,0.0,600000,100000.0,100000.0,False,False,False,False,,,,,1
4,"[  1.62172162   5.47647954 -13.09449706 -24.2811924    1.14556268
   0.22257533]",600000,NiaPyDifferentialEvolution,Mishra7N6,33.45992303732605,0.0,6.753025656352525e+24,101.97444885099685,Continuous,Differentiable,Non-Separable,Scalable,Multimodal,6,True,False,Mishra7,0.0,600000,100000.0,100000.0,True,True,True,True,55848.0,90931.0,91373.0,91697.0,1
5,"[ 4.17428717e+01  5.79539430e+00  4.27919463e+00 -3.21906743e+01
  4.06761644e+01 -5.55844714e-04]",600000,RandomSearch1,Mishra7N6,65.53306980709367,1118.4920747338529,8.31121625856806e+26,22.85005854799965,Continuous,Differentiable,Non-Separable,Scalable,Multimodal,6,True,False,Mishra7,0.0,600000,100000.0,100000.0,False,False,False,False,,,,,1
6,"[ -0.63314402  61.3874341   -1.64940851   3.26485136 -25.73219526
  -0.14240387]",599999,RandomSearch2,Mishra7N6,67.33415836673075,2205.17025748516,8.268204461375188e+26,19.694797422998818,Continuous,Differentiable,Non-Separable,Scalable,Multimodal,6,True,False,Mishra7,0.0,600000,100000.0,99999.83333333333,False,False,False,False,,,,,1
7,"[-57.21680996   3.11142809  -1.08531185  -1.08494344   0.90529147
  -3.7940148 ]",2656,CMAES,Mishra7N6,59.54551217548064,1.165275476082613e-16,4.878677226520432e+25,0.6160430359959719,Continuous,Differentiable,Non-Separable,Scalable,Multimodal,6,True,False,Mishra7,0.0,600000,100000.0,442.6666666666667,True,True,True,True,1091.0,1091.0,1413.0,1627.0,1
