,BestArm,NumberFunctionEval,Algorithm,CostFunction,EuclideanDistance,TrueRewardDifference,CumulativeRegret,TimeToComplete,Continuous,Differentiability,Separability,Scalability,Modality,Ndimensions,OptimizationSuccessful,BBOB,BaseClass,SD,MaxFeval,MaxFevalPerDimensions,FevalPerDimensions,SolveAt1,SolveAt1e-1,SolveAt1e-3,SolveAt1e-6,SolveEarlierAt1,SolveEarlierAt1e-1,SolveEarlierAt1e-3,SolveEarlierAt1e-6,simNumber
0,"[  6.58223207  77.01887466  -0.11031046 -19.037696     3.82307367
  24.75801694]",60000,NiaPyNelderMead,Mishra7N6,80.9484446575184,10009941872.80106,2.693723520513391e+21,2.3780286769997474,Continuous,Differentiable,Non-Separable,Scalable,Multimodal,6,True,False,Mishra7,3.0,60000,10000.0,10000.0,False,False,False,False,,,,,8
1,"[-13.52790015  -1.10525985  -1.06019479   4.50934935  -2.88887455
   3.4848835 ]",60000,NiaPyPSO,Mishra7N6,17.49306413708972,0.134433170109531,4.199598634483331e+22,2.8371050799996738,Continuous,Differentiable,Non-Separable,Scalable,Multimodal,6,True,False,Mishra7,3.0,60000,10000.0,10000.0,True,False,False,False,3393.0,3393.0,3393.0,,8
2,"[-4.81194936e+01 -5.14480300e+00 -7.67953839e+01 -1.68690814e-03
  7.89694135e+01  7.85977671e+01]",60000,NiaPySimulatedAnnealing,Mishra7N6,139.9607072486012,39339022592.17097,2.2690358876296653e+24,3.1632710989997577,Continuous,Differentiable,Non-Separable,Scalable,Multimodal,6,True,False,Mishra7,3.0,60000,10000.0,10000.0,False,False,False,False,,,,,8
3,[ 2.57977758  3.90351805 48.86072545  3.4016253  -0.10649836 -4.08262137],60000,NiaPyCuckooSearch,Mishra7N6,47.30136201156041,59.663988918994114,8.037845230461796e+25,2.083132656000089,Continuous,Differentiable,Non-Separable,Scalable,Multimodal,6,True,False,Mishra7,3.0,60000,10000.0,10000.0,False,False,False,False,,,,,8
4,"[  5.86499275  -0.18620183  -7.11308999  -0.61098967 -54.39157919
   2.80564548]",60000,NiaPyDifferentialEvolution,Mishra7N6,60.741641624690594,18.340640029678973,1.3147974045313623e+25,10.675878151999314,Continuous,Differentiable,Non-Separable,Scalable,Multimodal,6,True,False,Mishra7,3.0,60000,10000.0,10000.0,False,False,False,False,,,,,8
5,"[-6.46558553e+01 -1.49976372e+00 -4.49633865e+00  5.44120805e+01
 -2.42755277e-02 -1.32555946e+00]",60000,RandomSearch1,Mishra7N6,83.66253521233428,2200479.662161887,8.148985531510259e+25,2.6000586390000535,Continuous,Differentiable,Non-Separable,Scalable,Multimodal,6,True,False,Mishra7,3.0,60000,10000.0,10000.0,False,False,False,False,,,,,8
6,"[ -0.37094018  -0.44437709  18.0296437    0.08654498 -68.98718174
  33.9870889 ]",59999,RandomSearch2,Mishra7N6,80.66250666979741,1750511.2708450141,8.099198691763173e+25,2.3886734640000213,Continuous,Differentiable,Non-Separable,Scalable,Multimodal,6,True,False,Mishra7,3.0,60000,10000.0,9999.833333333334,False,False,False,False,,,,,8
7,"[ -1.14034407  -1.05746806   1.43436942 -83.4308136    1.28199294
  -3.88938932]",5176,CMAES,Mishra7N6,88.15980460235697,0.20739560455859632,6.343778818413606e+23,1.2165116270007275,Continuous,Differentiable,Non-Separable,Scalable,Multimodal,6,True,False,Mishra7,3.0,60000,10000.0,862.6666666666666,True,False,False,False,983.0,1031.0,1288.0,,8
