,BestArm,NumberFunctionEval,Algorithm,CostFunction,EuclideanDistance,TrueRewardDifference,CumulativeRegret,TimeToComplete,Continuous,Differentiability,Separability,Scalability,Modality,Ndimensions,OptimizationSuccessful,BBOB,BaseClass,SD,MaxFeval,MaxFevalPerDimensions,FevalPerDimensions,SolveAt1,SolveAt1e-1,SolveAt1e-3,SolveAt1e-6,SolveEarlierAt1,SolveEarlierAt1e-1,SolveEarlierAt1e-3,SolveEarlierAt1e-6,simNumber
0,"[-2.36416884e-04 -5.30903334e+01 -3.89792622e+01  3.23869562e+01
  2.61222326e+01 -5.79666307e+01]",600000,NiaPyNelderMead,Mishra7N6,100.70700866066782,541636350.735544,3.2750033297682334e+20,19.167566742995405,Continuous,Differentiable,Non-Separable,Scalable,Multimodal,6,True,False,Mishra7,0.0,600000,100000.0,100000.0,False,False,False,False,,,,,3
1,"[  0.02740866 -16.96197746   9.06210267 -24.96340144   0.67082209
  10.20558963]",600000,NiaPyPSO,Mishra7N6,35.67294493008105,0.0002724877263986437,6.6126460494221096e+22,24.155199605993403,Continuous,Differentiable,Non-Separable,Scalable,Multimodal,6,True,False,Mishra7,0.0,600000,100000.0,100000.0,True,True,True,False,2520.0,2628.0,382711.0,,3
2,"[-1.60149662e+00 -3.85149691e+01  8.71681519e+01  9.43437319e-05
  6.67748691e+01 -4.94384993e+01]",600000,NiaPySimulatedAnnealing,Mishra7N6,125.05226590380721,5733992.971190738,3.8296164070537855e+26,27.04966260699439,Continuous,Differentiable,Non-Separable,Scalable,Multimodal,6,True,False,Mishra7,0.0,600000,100000.0,100000.0,False,False,False,False,,,,,3
3,[41.79833425  1.33139842  2.64395066 21.71817559  4.82176981  0.04654178],600000,NiaPyCuckooSearch,Mishra7N6,44.88303748351554,8.281676898560518,8.715208272022771e+26,16.598000084006344,Continuous,Differentiable,Non-Separable,Scalable,Multimodal,6,True,False,Mishra7,0.0,600000,100000.0,100000.0,False,False,False,False,,,,,3
4,"[ -3.29547141   1.18579013  -1.65373912 -46.97102312 -32.02848199
   0.07411794]",600000,NiaPyDifferentialEvolution,Mishra7N6,63.60063722329206,0.33624715053959253,8.291764705543845e+24,101.30353241500416,Continuous,Differentiable,Non-Separable,Scalable,Multimodal,6,True,False,Mishra7,0.0,600000,100000.0,100000.0,True,False,False,False,10648.0,,,,3
5,"[-24.3679949   -0.73016739   0.12591756   5.14432831   1.14828726
  60.10331974]",600000,RandomSearch1,Mishra7N6,60.02136048241107,5690.861545259841,8.284606577409795e+26,22.672394471999723,Continuous,Differentiable,Non-Separable,Scalable,Multimodal,6,True,False,Mishra7,0.0,600000,100000.0,100000.0,False,False,False,False,,,,,3
6,"[ 3.94333852e-01 -8.22369784e-01  1.29480674e+01  2.62935975e-02
 -8.82922505e+01  6.22049095e+01]",599999,RandomSearch2,Mishra7N6,109.47841267911983,12913.137356648069,8.355008843746794e+26,19.62606541599962,Continuous,Differentiable,Non-Separable,Scalable,Multimodal,6,True,False,Mishra7,0.0,600000,100000.0,99999.83333333333,False,False,False,False,,,,,3
7,[ 1.27339358 -5.21678298 -4.75814069  2.39710052 -4.24918851 -2.23633853],2575,CMAES,Mishra7N6,16.379850269988193,7.016485099725927e-17,4.110534553699085e+25,0.6002169260027586,Continuous,Differentiable,Non-Separable,Scalable,Multimodal,6,True,False,Mishra7,0.0,600000,100000.0,429.1666666666667,True,True,True,True,1129.0,1198.0,1255.0,1352.0,3
