,BestArm,NumberFunctionEval,Algorithm,CostFunction,EuclideanDistance,TrueRewardDifference,CumulativeRegret,TimeToComplete,Continuous,Differentiability,Separability,Scalability,Modality,Ndimensions,OptimizationSuccessful,BBOB,BaseClass,SD,MaxFeval,MaxFevalPerDimensions,FevalPerDimensions,SolveAt1,SolveAt1e-1,SolveAt1e-3,SolveAt1e-6,SolveEarlierAt1,SolveEarlierAt1e-1,SolveEarlierAt1e-3,SolveEarlierAt1e-6,simNumber
0,"[-22.46138345  26.83819802  -1.53308718   0.32083848   0.10551522
  23.05907192]",600000,NiaPyNelderMead,Mishra7N6,38.94130993096702,2.072930987015434,4.1048292380589147e+21,24.434636773999955,Continuous,Differentiable,Non-Separable,Scalable,Multimodal,6,True,False,Mishra7,3.0,600000,100000.0,100000.0,False,False,False,False,63.0,64.0,,,4
1,"[ 3.88905095e-02 -2.69261408e+01 -7.61292335e-01  1.66365376e+01
 -1.36210532e+00 -3.99023711e+01]",600000,NiaPyPSO,Mishra7N6,56.20479350266663,0.7130435323808503,6.267055638067663e+22,28.942187922999437,Continuous,Differentiable,Non-Separable,Scalable,Multimodal,6,True,False,Mishra7,3.0,600000,100000.0,100000.0,True,False,False,False,3902.0,16830.0,,,4
2,"[-3.86300591e+00 -2.55686577e+01 -1.54641908e-04  9.53529635e+01
 -6.45379697e+00  7.59537748e+01]",600000,NiaPySimulatedAnnealing,Mishra7N6,119.00741425035619,36.77061102760998,3.341088555578395e+26,32.2817468140056,Continuous,Differentiable,Non-Separable,Scalable,Multimodal,6,True,False,Mishra7,3.0,600000,100000.0,100000.0,False,False,False,False,,,,,4
3,[ 0.88334204 -2.95560219 10.68504013  8.09439142 -0.20403899 15.58693971],600000,NiaPyCuckooSearch,Mishra7N6,14.811715630803347,3.458737133641299,8.276166158015146e+26,21.12002965400461,Continuous,Differentiable,Non-Separable,Scalable,Multimodal,6,True,False,Mishra7,3.0,600000,100000.0,100000.0,False,False,False,False,,,,,4
4,"[-3.32607147e+01 -1.59006268e+00  1.00000000e+02  2.86888911e+00
  4.17416507e-03  1.13602897e+01]",600000,NiaPyDifferentialEvolution,Mishra7N6,103.20201314681593,0.2706021028118639,6.520879519395711e+24,108.80737127100292,Continuous,Differentiable,Non-Separable,Scalable,Multimodal,6,True,False,Mishra7,3.0,600000,100000.0,100000.0,True,False,False,False,41510.0,,,,4
5,"[ 3.53344149e+01 -1.07728202e+00  1.73408165e-03 -1.73793592e+01
 -4.41880635e+01 -1.30505774e+01]",600000,RandomSearch1,Mishra7N6,66.60914648054849,3415.932811580584,8.318882366283366e+26,26.38219842500257,Continuous,Differentiable,Non-Separable,Scalable,Multimodal,6,True,False,Mishra7,3.0,600000,100000.0,100000.0,False,False,False,False,,,,,4
6,"[-4.30690676e+01  3.16772083e+01  4.22177660e+01 -2.36930780e+00
 -2.22300200e+01 -2.09300917e-04]",599999,RandomSearch2,Mishra7N6,71.9645548666729,7233.363662462601,8.269858139100905e+26,24.206559057995037,Continuous,Differentiable,Non-Separable,Scalable,Multimodal,6,True,False,Mishra7,3.0,600000,100000.0,99999.83333333333,False,False,False,False,,,,,4
7,[-6.03555922  2.053276   -0.55161799  1.72142939  0.85032987 71.94446985],4906,CMAES,Mishra7N6,66.58228496848339,0.008362928641613624,4.265067522843188e+22,1.15351740999904,Continuous,Differentiable,Non-Separable,Scalable,Multimodal,6,True,False,Mishra7,3.0,600000,100000.0,817.6666666666666,True,True,False,False,979.0,983.0,1294.0,,4
