,BestArm,NumberFunctionEval,Algorithm,CostFunction,EuclideanDistance,TrueRewardDifference,CumulativeRegret,TimeToComplete,Continuous,Differentiability,Separability,Scalability,Modality,Ndimensions,OptimizationSuccessful,BBOB,BaseClass,SD,MaxFeval,MaxFevalPerDimensions,FevalPerDimensions,SolveAt1,SolveAt1e-1,SolveAt1e-3,SolveAt1e-6,SolveEarlierAt1,SolveEarlierAt1e-1,SolveEarlierAt1e-3,SolveEarlierAt1e-6,simNumber
0,[ 9.1757105  11.3932965  -1.10596578 -6.85298347 37.77598836  0.18447719],600000,NiaPyNelderMead,Mishra7N6,37.38727303568678,23055857.5106565,4.950502178757513e+21,23.649658706999617,Continuous,Differentiable,Non-Separable,Scalable,Multimodal,6,True,False,Mishra7,3.0,600000,100000.0,100000.0,False,False,False,False,,,,,1
1,"[-29.8119182    1.38338788   1.0085129    1.1312016  -12.67124811
   1.20758794]",600000,NiaPyPSO,Mishra7N6,36.01653456182608,0.004175225502466876,1.0430583725482896e+23,28.511946687998716,Continuous,Differentiable,Non-Separable,Scalable,Multimodal,6,True,False,Mishra7,3.0,600000,100000.0,100000.0,True,True,False,False,1246.0,1246.0,22425.0,486767.0,1
2,"[-1.41745105e-02  7.13678238e+01  1.81287866e-01 -6.73109797e+00
 -7.98567317e+01 -6.71061446e+00]",600000,NiaPySimulatedAnnealing,Mishra7N6,110.89747416163623,3420.6206997816007,3.199234747975123e+26,31.992156164000335,Continuous,Differentiable,Non-Separable,Scalable,Multimodal,6,True,False,Mishra7,3.0,600000,100000.0,100000.0,False,False,False,False,,,,,1
3,[-0.04383237 -9.69035653 19.57348897  6.28701766 13.06226395  1.03428073],600000,NiaPyCuckooSearch,Mishra7N6,22.523842391348378,191.48294454728787,8.540144712283672e+26,20.724312967002334,Continuous,Differentiable,Non-Separable,Scalable,Multimodal,6,True,False,Mishra7,3.0,600000,100000.0,100000.0,False,False,False,False,,,,,1
4,"[-3.46585534e+01  1.24683684e+00  3.97591543e-02  5.21489442e-01
 -1.67862901e+01  4.76930546e+01]",600000,NiaPyDifferentialEvolution,Mishra7N6,59.21077589693286,7.185603603291481,5.292494613283983e+24,107.56800457400095,Continuous,Differentiable,Non-Separable,Scalable,Multimodal,6,True,False,Mishra7,3.0,600000,100000.0,100000.0,False,False,False,False,,,,,1
5,"[ -0.87601482 -16.69299175  -0.48780151   0.34360703 -20.50195973
  14.17203256]",600000,RandomSearch1,Mishra7N6,33.100051467021494,61.446223445414056,8.09276335843375e+26,26.49887131900323,Continuous,Differentiable,Non-Separable,Scalable,Multimodal,6,True,False,Mishra7,3.0,600000,100000.0,100000.0,False,False,False,False,,,,,1
6,"[-3.50356754e+01 -2.90182607e-02 -3.75226877e+00  1.86359601e+00
 -5.31718463e+00  1.43924710e+01]",599999,RandomSearch2,Mishra7N6,39.111661170266395,30955.81406263452,8.177614349729225e+26,23.91573857000185,Continuous,Differentiable,Non-Separable,Scalable,Multimodal,6,True,False,Mishra7,3.0,600000,100000.0,99999.83333333333,False,False,False,False,,,,,1
7,[ 0.84580613 -4.99941625  1.29604007 21.62084524  2.56913511 -2.36426673],4546,CMAES,Mishra7N6,20.93521750214737,0.07741051538897947,3.510674393402932e+22,1.0532309080008417,Continuous,Differentiable,Non-Separable,Scalable,Multimodal,6,True,False,Mishra7,3.0,600000,100000.0,757.6666666666666,True,True,False,False,852.0,929.0,929.0,1002.0,1
