,BestArm,NumberFunctionEval,Algorithm,CostFunction,EuclideanDistance,TrueRewardDifference,CumulativeRegret,TimeToComplete,Continuous,Differentiability,Separability,Scalability,Modality,Ndimensions,OptimizationSuccessful,BBOB,BaseClass,SD,MaxFeval,MaxFevalPerDimensions,FevalPerDimensions,SolveAt1,SolveAt1e-1,SolveAt1e-3,SolveAt1e-6,SolveEarlierAt1,SolveEarlierAt1e-1,SolveEarlierAt1e-3,SolveEarlierAt1e-6,simNumber
0,"[-3.93991046e+00  7.73201606e+00  3.96660305e-06  6.47303059e+01
  4.13158070e+00 -2.14029587e+01]",600000,NiaPyNelderMead,Mishra7N6,67.12752825616425,517404.4813622701,8.858726998477535e+20,23.429184392000025,Continuous,Differentiable,Non-Separable,Scalable,Multimodal,6,True,False,Mishra7,3.0,600000,100000.0,100000.0,False,False,False,False,,,,,7
1,"[ -1.30010229   8.48119508  -6.73690913  -5.77699931 -17.839749
   0.09410668]",600000,NiaPyPSO,Mishra7N6,28.18203657789978,0.20688219093396604,6.492084831153018e+22,28.582329886005027,Continuous,Differentiable,Non-Separable,Scalable,Multimodal,6,True,False,Mishra7,3.0,600000,100000.0,100000.0,True,False,False,False,6166.0,20681.0,62885.0,,7
2,"[ 25.55058985  -0.11713986 -20.25456672  -0.0428148  -16.96043637
  16.72857414]",600000,NiaPySimulatedAnnealing,Mishra7N6,41.97256290950449,269.221665551196,6.096167688349241e+26,31.809335247999115,Continuous,Differentiable,Non-Separable,Scalable,Multimodal,6,True,False,Mishra7,3.0,600000,100000.0,100000.0,False,False,False,False,,,,,7
3,[ 0.51308271  0.26410895 27.10074928 18.65528578  1.85806066  5.84945454],600000,NiaPyCuckooSearch,Mishra7N6,28.438853182259866,605.661037835213,8.108887941335763e+26,21.213039148999087,Continuous,Differentiable,Non-Separable,Scalable,Multimodal,6,True,False,Mishra7,3.0,600000,100000.0,100000.0,False,False,False,False,,,,,7
4,"[-22.80302596  -0.19865703  -1.10681298   0.34850395   5.33514436
 -77.32914498]",600000,NiaPyDifferentialEvolution,Mishra7N6,86.86470053053367,0.788386911802143,6.852529111486985e+24,109.20768361799855,Continuous,Differentiable,Non-Separable,Scalable,Multimodal,6,True,False,Mishra7,3.0,600000,100000.0,100000.0,True,False,False,False,17010.0,,,,7
5,"[ -0.4779519  -46.95170407  -0.67942028  49.50847703  15.83019543
  -0.06085506]",600000,RandomSearch1,Mishra7N6,68.09581767859441,51.42432221872058,8.215571652256324e+26,26.70594346500002,Continuous,Differentiable,Non-Separable,Scalable,Multimodal,6,True,False,Mishra7,3.0,600000,100000.0,100000.0,False,False,False,False,,,,,7
6,"[  2.36105393   0.18461153   5.7918128   56.62369737  -0.10858377
 -38.16879101]",599999,RandomSearch2,Mishra7N6,68.98677825882874,16269.318403203848,8.212189961069316e+26,23.837822182002128,Continuous,Differentiable,Non-Separable,Scalable,Multimodal,6,True,False,Mishra7,3.0,600000,100000.0,99999.83333333333,False,False,False,False,,,,,7
7,[88.2480644  -1.36649656  0.99656604  1.21463144 -2.87972287  1.7130439 ],5626,CMAES,Mishra7N6,87.83961572969808,0.007155729162717457,3.4801853248771518e+22,1.348616019000474,Continuous,Differentiable,Non-Separable,Scalable,Multimodal,6,True,False,Mishra7,3.0,600000,100000.0,937.6666666666666,True,True,False,False,1024.0,1024.0,1370.0,1919.0,7
