,BestArm,NumberFunctionEval,Algorithm,CostFunction,EuclideanDistance,TrueRewardDifference,CumulativeRegret,TimeToComplete,Continuous,Differentiability,Separability,Scalability,Modality,Ndimensions,OptimizationSuccessful,BBOB,BaseClass,SD,MaxFeval,MaxFevalPerDimensions,FevalPerDimensions,SolveAt1,SolveAt1e-1,SolveAt1e-3,SolveAt1e-6,SolveEarlierAt1,SolveEarlierAt1e-1,SolveEarlierAt1e-3,SolveEarlierAt1e-6,simNumber
0,"[ 3.93806022e+01 -3.29966345e-02  5.94866431e+00  6.17889092e+01
 -9.32010315e+00  9.41262705e+00]",600000,NiaPyNelderMead,Mishra7N6,71.00822298144195,1695788718.9888303,2.3512128554976186e+20,19.23942600299779,Continuous,Differentiable,Non-Separable,Scalable,Multimodal,6,True,False,Mishra7,0.0,600000,100000.0,100000.0,False,False,False,False,,,,,0
1,"[-11.72302469   0.3763473    0.22722534  -2.46543835  31.30375424
   9.30568716]",600000,NiaPyPSO,Mishra7N6,30.278983342428553,0.00018597708512989162,4.851517475566984e+22,24.164893695997307,Continuous,Differentiable,Non-Separable,Scalable,Multimodal,6,True,False,Mishra7,0.0,600000,100000.0,100000.0,True,True,True,False,6870.0,31338.0,293391.0,,0
2,"[-9.71463744e+01 -8.08420081e-04  7.65755445e-02  2.68422681e+01
  7.75171732e+01  7.68430086e+01]",600000,NiaPySimulatedAnnealing,Mishra7N6,142.98427170049035,58350.0486374849,1.6818699748375677e+26,26.781599243004166,Continuous,Differentiable,Non-Separable,Scalable,Multimodal,6,True,False,Mishra7,0.0,600000,100000.0,100000.0,False,False,False,False,,,,,0
3,"[-1.30353235e+01  7.26341208e+00 -2.00608839e+01 -6.03476576e-01
 -1.04871192e-02  5.98402039e+01]",600000,NiaPyCuckooSearch,Mishra7N6,60.84046931799221,0.462147007507462,8.658057656449282e+26,16.43039443899761,Continuous,Differentiable,Non-Separable,Scalable,Multimodal,6,True,False,Mishra7,0.0,600000,100000.0,100000.0,True,False,False,False,584863.0,,,,0
4,"[ -2.58577249   4.3059034   -1.73162299  -0.09061473 -14.75437664
  27.93218465]",600000,NiaPyDifferentialEvolution,Mishra7N6,30.472158760008465,0.0,3.127922154124111e+24,100.28712952599744,Continuous,Differentiable,Non-Separable,Scalable,Multimodal,6,True,False,Mishra7,0.0,600000,100000.0,100000.0,True,True,True,True,16273.0,16507.0,16565.0,16862.0,0
5,[-0.73726785 13.51595584 -8.4628886   4.99899124  1.07214688  1.51003971],600000,RandomSearch1,Mishra7N6,17.424663856385855,1404.711829085619,8.329828065811475e+26,22.478732726995077,Continuous,Differentiable,Non-Separable,Scalable,Multimodal,6,True,False,Mishra7,0.0,600000,100000.0,100000.0,False,False,False,False,,,,,0
6,"[-5.75270942e+00 -2.49513780e-04 -3.27225147e+01  3.35063662e+01
 -3.91992740e+01  1.37925546e+01]",599999,RandomSearch2,Mishra7N6,64.88931738537492,17127.21277597317,8.102290536481645e+26,19.710233179997886,Continuous,Differentiable,Non-Separable,Scalable,Multimodal,6,True,False,Mishra7,0.0,600000,100000.0,99999.83333333333,False,False,False,False,,,,,0
7,"[   0.48525177   -0.45507972   -4.86513929   -1.45268422    2.58458066
 -178.49304658]",2602,CMAES,Mishra7N6,184.77392416554122,2.1113975438655707e-17,5.160891562483569e+25,0.6008424979954725,Continuous,Differentiable,Non-Separable,Scalable,Multimodal,6,True,False,Mishra7,0.0,600000,100000.0,433.6666666666667,True,True,True,True,909.0,1055.0,1534.0,1627.0,0
