,BestArm,NumberFunctionEval,Algorithm,CostFunction,EuclideanDistance,TrueRewardDifference,CumulativeRegret,TimeToComplete,Continuous,Differentiability,Separability,Scalability,Modality,Ndimensions,OptimizationSuccessful,BBOB,BaseClass,SD,MaxFeval,MaxFevalPerDimensions,FevalPerDimensions,SolveAt1,SolveAt1e-1,SolveAt1e-3,SolveAt1e-6,SolveEarlierAt1,SolveEarlierAt1e-1,SolveEarlierAt1e-3,SolveEarlierAt1e-6,simNumber
0,"[ 9.86429298e-01  7.52993444e+01 -3.10441638e+00  4.43763768e-03
 -3.69235877e+01  1.87611490e+01]",600000,NiaPyNelderMead,Mishra7N6,85.71147313505845,124.39721216250649,1.9098492286611562e+22,24.024546382999688,Continuous,Differentiable,Non-Separable,Scalable,Multimodal,6,True,False,Mishra7,3.0,600000,100000.0,100000.0,False,False,False,False,,,,,6
1,"[  5.23864735   3.23610718  -8.79741082 -12.02353131  -0.24485678
  -1.63854468]",600000,NiaPyPSO,Mishra7N6,22.38933758738999,0.3047250837479985,7.9643241009972e+22,28.406143089996476,Continuous,Differentiable,Non-Separable,Scalable,Multimodal,6,True,False,Mishra7,3.0,600000,100000.0,100000.0,True,False,False,False,2997.0,11134.0,22852.0,,6
2,"[-2.24237990e+01 -7.77598295e+01 -4.19041168e+00 -2.25667408e-01
  7.75286114e+01  5.69705768e-03]",600000,NiaPySimulatedAnnealing,Mishra7N6,110.79798816464131,68.67677908415823,3.725780392335969e+26,31.44374098800472,Continuous,Differentiable,Non-Separable,Scalable,Multimodal,6,True,False,Mishra7,3.0,600000,100000.0,100000.0,False,False,False,False,,,,,6
3,"[ 11.67212083 -56.54068983  -0.15991754  14.0714162    0.72074127
   0.67015145]",600000,NiaPyCuckooSearch,Mishra7N6,60.81976959149814,7.322979831145973,8.235541384735742e+26,20.916788520997216,Continuous,Differentiable,Non-Separable,Scalable,Multimodal,6,True,False,Mishra7,3.0,600000,100000.0,100000.0,False,False,False,False,,,,,6
4,"[ 3.53070028e-03  6.28402677e-01  2.70472146e+01  5.21180897e+00
 -1.00000000e+02 -2.30650525e+01]",600000,NiaPyDifferentialEvolution,Mishra7N6,111.59027071827762,1.9056133624387677,5.681753990980032e+24,107.9274748980024,Continuous,Differentiable,Non-Separable,Scalable,Multimodal,6,True,False,Mishra7,3.0,600000,100000.0,100000.0,False,False,False,False,,,,,6
5,"[ 39.36632622  -0.49234019 -36.79920859   0.64725944   0.36175339
   4.55677671]",600000,RandomSearch1,Mishra7N6,55.65070391371432,1679.9571378375604,8.25211452252795e+26,26.624789752000652,Continuous,Differentiable,Non-Separable,Scalable,Multimodal,6,True,False,Mishra7,3.0,600000,100000.0,100000.0,False,False,False,False,,,,,6
6,"[ -0.37977231  25.5718999  -96.645813     0.18085333  -0.31059556
 -14.43146429]",599999,RandomSearch2,Mishra7N6,104.62819564752046,1669.070402088747,8.223460506314052e+26,23.83405904599931,Continuous,Differentiable,Non-Separable,Scalable,Multimodal,6,True,False,Mishra7,3.0,600000,100000.0,99999.83333333333,False,False,False,False,,,,,6
7,"[  1.55051783   1.59123704 -14.20350162   5.48311409   2.09741363
  -1.78539646]",4591,CMAES,Mishra7N6,19.174661874552196,0.21440326042118418,3.885519552483284e+22,1.0556215569959022,Continuous,Differentiable,Non-Separable,Scalable,Multimodal,6,True,False,Mishra7,3.0,600000,100000.0,765.1666666666666,True,False,False,False,784.0,916.0,1158.0,3118.0,6
