,BestArm,NumberFunctionEval,Algorithm,CostFunction,EuclideanDistance,TrueRewardDifference,CumulativeRegret,TimeToComplete,Continuous,Differentiability,Separability,Scalability,Modality,Ndimensions,OptimizationSuccessful,BBOB,BaseClass,SD,MaxFeval,MaxFevalPerDimensions,FevalPerDimensions,SolveAt1,SolveAt1e-1,SolveAt1e-3,SolveAt1e-6,SolveEarlierAt1,SolveEarlierAt1e-1,SolveEarlierAt1e-3,SolveEarlierAt1e-6,simNumber
0,"[ 1.50876845e+01  2.36077019e-02  2.19902821e+00  4.75788487e+01
 -1.47911575e+01 -1.69049379e+00]",60000,NiaPyNelderMead,Mishra7N6,50.5268265281426,44872.03047281431,4.644310118632747e+20,2.3360795930002496,Continuous,Differentiable,Non-Separable,Scalable,Multimodal,6,True,False,Mishra7,3.0,60000,10000.0,10000.0,False,False,False,False,,,,,9
1,"[ -1.97204158   6.69330645   7.34650128  -0.15401699 -46.61418753
  -1.0356815 ]",60000,NiaPyPSO,Mishra7N6,52.730761951674545,1.0505327224593461,2.321398062945429e+23,2.8289079400001356,Continuous,Differentiable,Non-Separable,Scalable,Multimodal,6,True,False,Mishra7,3.0,60000,10000.0,10000.0,False,False,False,False,6296.0,6296.0,40925.0,,9
2,"[ 7.11787286e+01 -1.89480153e+01 -2.74940355e+01  7.16118853e+01
 -4.46282041e+01 -2.39275725e-04]",60000,NiaPySimulatedAnnealing,Mishra7N6,115.60314892480613,763750777.7769569,3.2576889415590915e+23,3.160280079999211,Continuous,Differentiable,Non-Separable,Scalable,Multimodal,6,True,False,Mishra7,3.0,60000,10000.0,10000.0,False,False,False,False,,,,,9
3,"[-59.86794616   0.37841463  -0.90988973  25.08566455  33.70256586
   0.06278307]",60000,NiaPyCuckooSearch,Mishra7N6,70.89793176481788,139998.25437262745,8.271746982996154e+25,2.0900698530003865,Continuous,Differentiable,Non-Separable,Scalable,Multimodal,6,True,False,Mishra7,3.0,60000,10000.0,10000.0,False,False,False,False,,,,,9
4,"[-10.92602759  11.42466835 -25.88740617   0.13811959   0.30451374
   5.30555099]",60000,NiaPyDifferentialEvolution,Mishra7N6,33.21115345128055,1.1794922438301703,9.347933880744452e+24,10.746104193000065,Continuous,Differentiable,Non-Separable,Scalable,Multimodal,6,True,False,Mishra7,3.0,60000,10000.0,10000.0,False,False,False,False,,,,,9
5,"[ 31.20909849   0.95143079   0.05958139  -0.62356064 -30.66315199
  24.47727472]",60000,RandomSearch1,Mishra7N6,50.56661540971988,11662.884088025745,8.197249043220302e+25,2.5886139960002765,Continuous,Differentiable,Non-Separable,Scalable,Multimodal,6,True,False,Mishra7,3.0,60000,10000.0,10000.0,False,False,False,False,,,,,9
6,"[-1.31912946e+01  1.25225551e+01  1.79900487e-03 -3.43322123e+01
 -1.74683924e+01 -6.02924744e-01]",59999,RandomSearch2,Mishra7N6,48.36209247926788,375210.1901096063,8.473288222974476e+25,2.3321795430001657,Continuous,Differentiable,Non-Separable,Scalable,Multimodal,6,True,False,Mishra7,3.0,60000,10000.0,9999.833333333334,False,False,False,False,,,,,9
7,"[  1.83488369   1.06295792 -17.58440145  -3.811473     2.22903632
   2.47049477]",5806,CMAES,Mishra7N6,22.50438665916218,0.020496439320234334,5.9847283506716044e+23,1.35197168600007,Continuous,Differentiable,Non-Separable,Scalable,Multimodal,6,True,False,Mishra7,3.0,60000,10000.0,967.6666666666666,True,True,False,False,960.0,960.0,960.0,1874.0,9
