,BestArm,NumberFunctionEval,Algorithm,CostFunction,EuclideanDistance,TrueRewardDifference,CumulativeRegret,TimeToComplete,Continuous,Differentiability,Separability,Scalability,Modality,Ndimensions,OptimizationSuccessful,BBOB,BaseClass,SD,MaxFeval,MaxFevalPerDimensions,FevalPerDimensions,SolveAt1,SolveAt1e-1,SolveAt1e-3,SolveAt1e-6,SolveEarlierAt1,SolveEarlierAt1e-1,SolveEarlierAt1e-3,SolveEarlierAt1e-6,simNumber
0,[3.76352782 1.95445378 4.58207143 3.52404955 4.89381891 0.80726712],6000,NiaPyNelderMead,PinterN6,8.717767988999551,404.57410862366896,2435077.987399772,0.44396741500000303,Continuous,Differentiable,Non-Separable,Scalable,Multimodal,6,True,False,Pinter,3.0,6000,1000.0,1000.0,False,False,False,False,,,,,2
1,[ 0.06765801 -0.05798011 -0.00833513 -0.05700638  0.00261381  0.02248325],6000,NiaPyPSO,PinterN6,0.10849344917544793,1.5429507476812536,942959.2546927497,0.46608262600000216,Continuous,Differentiable,Non-Separable,Scalable,Multimodal,6,True,False,Pinter,3.0,6000,1000.0,1000.0,False,False,False,False,,,,,2
2,[ 1.76833573  2.44749634 -1.39241343 -1.22337572 -1.94218686 -0.95952419],6000,NiaPySimulatedAnnealing,PinterN6,4.152768883721598,151.93825502859852,3367212.5646213433,0.5050829699999895,Continuous,Differentiable,Non-Separable,Scalable,Multimodal,6,True,False,Pinter,3.0,6000,1000.0,1000.0,False,False,False,False,,,,,2
3,[ 1.21075192  6.27149837  1.42663526 -3.19767543  0.70403111 -1.93666969],6000,NiaPyCuckooSearch,PinterN6,7.569965497104688,297.4669101123756,5063320.80585442,0.3999941149999984,Continuous,Differentiable,Non-Separable,Scalable,Multimodal,6,True,False,Pinter,3.0,6000,1000.0,1000.0,False,False,False,False,,,,,2
4,[-0.23625527  0.26760737 -0.13079422  0.441432    0.0817308  -0.05518304],6000,NiaPyDifferentialEvolution,PinterN6,0.5908677444928188,28.12234502174579,2343590.2879977264,1.3124416850000102,Continuous,Differentiable,Non-Separable,Scalable,Multimodal,6,True,False,Pinter,3.0,6000,1000.0,1000.0,False,False,False,False,,,,,2
5,[-2.84619979 -1.62397958 -0.59891259 -0.04019729  0.35681082  0.65355227],6000,RandomSearch1,PinterN6,3.4136372902728427,172.07137914074886,4762435.728031119,0.45095833399997787,Continuous,Differentiable,Non-Separable,Scalable,Multimodal,6,True,False,Pinter,3.0,6000,1000.0,1000.0,False,False,False,False,,,,,2
6,[-2.03422675 -1.37710023  0.18440337 -0.86549435  1.20397803  1.6674217 ],5999,RandomSearch2,PinterN6,3.323766962569757,207.82641468644084,4735458.967589978,0.43917764399998305,Continuous,Differentiable,Non-Separable,Scalable,Multimodal,6,True,False,Pinter,3.0,6000,1000.0,999.8333333333334,False,False,False,False,,,,,2
7,[4.27544976 2.57011657 2.14533585 2.10555573 1.40124247 0.81591302],5581,CMAES,PinterN6,6.045659206268629,149.71191382364708,871557.6348737725,1.4825555879999968,Continuous,Differentiable,Non-Separable,Scalable,Multimodal,6,True,False,Pinter,3.0,6000,1000.0,930.1666666666666,False,False,False,False,,,,,2
