,BestArm,NumberFunctionEval,Algorithm,CostFunction,EuclideanDistance,TrueRewardDifference,CumulativeRegret,TimeToComplete,Continuous,Differentiability,Separability,Scalability,Modality,Ndimensions,OptimizationSuccessful,BBOB,BaseClass,SD,MaxFeval,MaxFevalPerDimensions,FevalPerDimensions,SolveAt1,SolveAt1e-1,SolveAt1e-3,SolveAt1e-6,SolveEarlierAt1,SolveEarlierAt1e-1,SolveEarlierAt1e-3,SolveEarlierAt1e-6,simNumber
0,[ 0.56931539  0.9354638  -2.17772393  0.11856833  0.38310884 -0.29889349],600000,NiaPyNelderMead,PinterN6,2.4883452763194174,114.5555640043236,68740326.00612122,38.796299360000376,Continuous,Differentiable,Non-Separable,Scalable,Multimodal,6,True,False,Pinter,0.0,600000,100000.0,100000.0,False,False,False,False,,,,,9
1,[ 3.14363123 -0.05162057  0.15580976  0.0327982   0.00777831  0.02892767],600000,NiaPyPSO,PinterN6,3.1482267522701344,32.70121231196006,95603196.01612283,42.31165168300049,Continuous,Differentiable,Non-Separable,Scalable,Multimodal,6,True,False,Pinter,0.0,600000,100000.0,100000.0,False,False,False,False,,,,,9
2,[-1.79192896  0.56523936  1.29146459 -0.68784505  1.45723398  0.55373451],600000,NiaPySimulatedAnnealing,PinterN6,2.8463431474468854,65.76100792457225,474789893.99309313,46.29244245599966,Continuous,Differentiable,Non-Separable,Scalable,Multimodal,6,True,False,Pinter,0.0,600000,100000.0,100000.0,False,False,False,False,,,,,9
3,[ 2.31203146  0.62792605 -1.14199635  1.13528409  2.07342301 -0.57490535],600000,NiaPyCuckooSearch,PinterN6,3.6003340589235675,133.7990601146173,489194909.8629494,35.59053882200078,Continuous,Differentiable,Non-Separable,Scalable,Multimodal,6,True,False,Pinter,0.0,600000,100000.0,100000.0,False,False,False,False,,,,,9
4,[0. 0. 0. 0. 0. 0.],600000,NiaPyDifferentialEvolution,PinterN6,0.0,0.0,2074711.73628693,127.04372615899956,Continuous,Differentiable,Non-Separable,Scalable,Multimodal,6,True,False,Pinter,0.0,600000,100000.0,100000.0,True,True,True,True,7386.0,8593.0,11361.0,15726.0,9
5,[-2.87545927  0.94104877 -0.8318641   0.27534383  0.28959062 -0.14451083],600000,RandomSearch1,PinterN6,3.1664486436930237,78.25261089710867,478761703.87419033,41.26239997099947,Continuous,Differentiable,Non-Separable,Scalable,Multimodal,6,True,False,Pinter,0.0,600000,100000.0,100000.0,False,False,False,False,,,,,9
6,[-0.6852337  -1.1535636  -0.58215845 -0.66835718 -0.51914723 -1.37380048],599999,RandomSearch2,PinterN6,2.177775379960453,77.34355666727276,479175107.6602112,40.00927976500043,Continuous,Differentiable,Non-Separable,Scalable,Multimodal,6,True,False,Pinter,0.0,600000,100000.0,99999.83333333333,False,False,False,False,,,,,9
7,[-3.10876729 -2.85473693 -1.43500955 -3.14604654 -0.0334833  -0.11474889],1846,CMAES,PinterN6,5.457573332154694,128.55099441754612,323236.3603592407,0.5011947699995289,Continuous,Differentiable,Non-Separable,Scalable,Multimodal,6,True,False,Pinter,0.0,600000,100000.0,307.6666666666667,False,False,False,False,,,,,9
