,BestArm,NumberFunctionEval,Algorithm,CostFunction,EuclideanDistance,TrueRewardDifference,CumulativeRegret,TimeToComplete,Continuous,Differentiability,Separability,Scalability,Modality,Ndimensions,OptimizationSuccessful,BBOB,BaseClass,SD,MaxFeval,MaxFevalPerDimensions,FevalPerDimensions,SolveAt1,SolveAt1e-1,SolveAt1e-3,SolveAt1e-6,SolveEarlierAt1,SolveEarlierAt1e-1,SolveEarlierAt1e-3,SolveEarlierAt1e-6,simNumber
0,[ 4.53210639  2.27481238 -0.30762164  2.08976886  3.53634767  0.33574258],6000,NiaPyNelderMead,PinterN6,6.541788941625247,216.84498057681753,1306707.269308135,0.4431556400000005,Continuous,Differentiable,Non-Separable,Scalable,Multimodal,6,True,False,Pinter,3.0,6000,1000.0,1000.0,False,False,False,False,,,,,1
1,[ 3.0146086   0.13911418 -0.24776965  0.04686903 -0.14185729  0.02282873],6000,NiaPyPSO,PinterN6,3.0317402486042817,39.5456278964902,1178491.9305193003,0.45973944799999344,Continuous,Differentiable,Non-Separable,Scalable,Multimodal,6,True,False,Pinter,3.0,6000,1000.0,1000.0,False,False,False,False,,,,,1
2,[ 6.87281354  6.93427435  6.48246563  4.09609297 -1.87176711  0.37436855],6000,NiaPySimulatedAnnealing,PinterN6,12.56040321032962,508.32035744617076,5225217.69083802,0.49935244799999623,Continuous,Differentiable,Non-Separable,Scalable,Multimodal,6,True,False,Pinter,3.0,6000,1000.0,1000.0,False,False,False,False,,,,,1
3,[-2.23183509  3.6896543   1.07302431  0.28860158 -0.95176388 -0.96714621],6000,NiaPyCuckooSearch,PinterN6,4.655162189784498,213.605824494976,4947107.557661183,0.4024854999999974,Continuous,Differentiable,Non-Separable,Scalable,Multimodal,6,True,False,Pinter,3.0,6000,1000.0,1000.0,False,False,False,False,,,,,1
4,[ 0.05333826  0.2511045   0.10831844 -0.01766583  0.11813415  0.01994152],6000,NiaPyDifferentialEvolution,PinterN6,0.30380379492379656,5.281892608546807,2009917.9211795023,1.3184100570000084,Continuous,Differentiable,Non-Separable,Scalable,Multimodal,6,True,False,Pinter,3.0,6000,1000.0,1000.0,False,False,False,False,,,,,1
5,[-0.04704617 -1.23302081  1.14499557  0.42088617 -0.77297114  2.35473711],6000,RandomSearch1,PinterN6,3.0253900492392574,203.19637318525173,4799432.086917259,0.45534877700001175,Continuous,Differentiable,Non-Separable,Scalable,Multimodal,6,True,False,Pinter,3.0,6000,1000.0,1000.0,False,False,False,False,,,,,1
6,[ 2.0879002   0.52936677 -1.46620615  2.98504829  0.31594738 -1.81316397],5999,RandomSearch2,PinterN6,4.368891911482363,163.2132578699031,4799950.57962011,0.4381854540000063,Continuous,Differentiable,Non-Separable,Scalable,Multimodal,6,True,False,Pinter,3.0,6000,1000.0,999.8333333333334,False,False,False,False,,,,,1
7,[1.31687972 3.69329372 2.47507739 2.0668768  1.92700397 1.32621157],4681,CMAES,PinterN6,5.5897012365053325,168.29690079881033,812499.587608451,1.2348897070000078,Continuous,Differentiable,Non-Separable,Scalable,Multimodal,6,True,False,Pinter,3.0,6000,1000.0,780.1666666666666,False,False,False,False,,,,,1
