,BestArm,NumberFunctionEval,Algorithm,CostFunction,EuclideanDistance,TrueRewardDifference,CumulativeRegret,TimeToComplete,Continuous,Differentiability,Separability,Scalability,Modality,Ndimensions,OptimizationSuccessful,BBOB,BaseClass,SD,MaxFeval,MaxFevalPerDimensions,FevalPerDimensions,SolveAt1,SolveAt1e-1,SolveAt1e-3,SolveAt1e-6,SolveEarlierAt1,SolveEarlierAt1e-1,SolveEarlierAt1e-3,SolveEarlierAt1e-6,simNumber
0,[3.68084868 3.02915411 1.77099968 3.27928278 3.20158114 0.19256811],6000,NiaPyNelderMead,PinterN6,6.84848606036017,245.78489875532415,1480427.6930514819,0.3847009200000002,Continuous,Differentiable,Non-Separable,Scalable,Multimodal,6,True,False,Pinter,0.0,6000,1000.0,1000.0,False,False,False,False,,,,,9
1,[-0.07391501 -0.13263017 -0.09321814  0.07232918  0.11889122  0.08299145],6000,NiaPyPSO,PinterN6,0.24082779555795078,6.082579033731696,987466.1966406738,0.41600830999999516,Continuous,Differentiable,Non-Separable,Scalable,Multimodal,6,True,False,Pinter,0.0,6000,1000.0,1000.0,False,False,False,False,,,,,9
2,[-4.54468462  1.996263    1.5263021  -3.99343036  4.00889249 -0.17541709],6000,NiaPySimulatedAnnealing,PinterN6,7.682336792392626,278.4570697026267,5413913.321753573,0.46610591999998974,Continuous,Differentiable,Non-Separable,Scalable,Multimodal,6,True,False,Pinter,0.0,6000,1000.0,1000.0,False,False,False,False,,,,,9
3,[ 5.35429003  2.67695819 -1.94395509 -0.65914745 -1.20680654 -0.61290153],6000,NiaPyCuckooSearch,PinterN6,6.471475405056828,169.11579768545198,4716481.7414992815,0.35037808699999573,Continuous,Differentiable,Non-Separable,Scalable,Multimodal,6,True,False,Pinter,0.0,6000,1000.0,1000.0,False,False,False,False,,,,,9
4,[ 0.20265104 -0.31010153  0.91983986  0.42937648 -0.65491601  0.35851386],6000,NiaPyDifferentialEvolution,PinterN6,1.313448552553928,49.611125228948296,2354115.831281796,1.2767666510000026,Continuous,Differentiable,Non-Separable,Scalable,Multimodal,6,True,False,Pinter,0.0,6000,1000.0,1000.0,False,False,False,False,,,,,9
5,[ 3.12677131  3.05326427 -1.03421488  0.01574168  0.21870519 -0.3270835 ],6000,RandomSearch1,PinterN6,4.508190918953827,111.50600606081035,4783977.417169113,0.42317954100002453,Continuous,Differentiable,Non-Separable,Scalable,Multimodal,6,True,False,Pinter,0.0,6000,1000.0,1000.0,False,False,False,False,,,,,9
6,[-0.69592387 -0.76125596  1.01256906  0.5338437  -1.44989613 -0.11272675],5999,RandomSearch2,PinterN6,2.118728853694861,162.33938952232666,4762458.702916157,0.39814895800000727,Continuous,Differentiable,Non-Separable,Scalable,Multimodal,6,True,False,Pinter,0.0,6000,1000.0,999.8333333333334,False,False,False,False,,,,,9
7,"[ 7.03575991e-10 -1.64530273e-09 -4.38454788e-10 -3.82434455e-10
 -8.94258367e-10  3.72426507e-09]",1837,CMAES,PinterN6,4.267363043181183e-09,4.182540288381915e-15,266851.9063278903,0.49835024399999384,Continuous,Differentiable,Non-Separable,Scalable,Multimodal,6,True,False,Pinter,0.0,6000,1000.0,306.1666666666667,True,True,True,True,552.0,643.0,816.0,1114.0,9
