,BestArm,NumberFunctionEval,Algorithm,CostFunction,EuclideanDistance,TrueRewardDifference,CumulativeRegret,TimeToComplete,Continuous,Differentiability,Separability,Scalability,Modality,Ndimensions,OptimizationSuccessful,BBOB,BaseClass,SD,MaxFeval,MaxFevalPerDimensions,FevalPerDimensions,SolveAt1,SolveAt1e-1,SolveAt1e-3,SolveAt1e-6,SolveEarlierAt1,SolveEarlierAt1e-1,SolveEarlierAt1e-3,SolveEarlierAt1e-6,simNumber
0,[0.94443035 0.00712245 3.03247697 4.09138964 3.33475653 0.78369284],6000,NiaPyNelderMead,PinterN6,6.209843861221532,267.9848786421957,1612751.5060418332,0.44499422399999844,Continuous,Differentiable,Non-Separable,Scalable,Multimodal,6,True,False,Pinter,3.0,6000,1000.0,1000.0,False,False,False,False,,,,,0
1,[-0.03924313 -0.04014402 -0.29451625 -0.11629987 -0.02784962  0.01124706],6000,NiaPyPSO,PinterN6,0.32298474106183334,6.231030259764966,951005.1636941689,0.4751205729999981,Continuous,Differentiable,Non-Separable,Scalable,Multimodal,6,True,False,Pinter,3.0,6000,1000.0,1000.0,False,False,False,False,,,,,0
2,[ 2.94981454  5.8549451   7.53403494  0.11280973 -2.26771205  0.050428  ],6000,NiaPySimulatedAnnealing,PinterN6,10.242131484487249,363.8235211344852,5021704.935841059,0.5004576059999977,Continuous,Differentiable,Non-Separable,Scalable,Multimodal,6,True,False,Pinter,3.0,6000,1000.0,1000.0,False,False,False,False,,,,,0
3,[ 0.70596426 -0.54349482  1.48923108  0.56851379 -0.09314494  0.41211957],6000,NiaPyCuckooSearch,PinterN6,1.8743819825559174,130.3371132205176,4764673.078810931,0.4041286439999965,Continuous,Differentiable,Non-Separable,Scalable,Multimodal,6,True,False,Pinter,3.0,6000,1000.0,1000.0,False,False,False,False,,,,,0
4,[ 0.04922924  0.32910659  0.09550454  0.20167075  0.15815552 -0.12499731],6000,NiaPyDifferentialEvolution,PinterN6,0.4485135142773181,15.299466488416169,2278301.1455009226,1.3209384729999982,Continuous,Differentiable,Non-Separable,Scalable,Multimodal,6,True,False,Pinter,3.0,6000,1000.0,1000.0,False,False,False,False,,,,,0
5,[ 2.65502425  1.11087644 -1.12557791  1.41613259  0.82940361 -0.14887115],6000,RandomSearch1,PinterN6,3.502232198128067,190.7617802341299,4803436.293883626,0.45091036700000586,Continuous,Differentiable,Non-Separable,Scalable,Multimodal,6,True,False,Pinter,3.0,6000,1000.0,1000.0,False,False,False,False,,,,,0
6,[-0.84648633  1.04016759  2.61767006 -1.96417859 -0.8023693  -1.40057153],5999,RandomSearch2,PinterN6,3.8876829729015796,136.51849656818678,4784149.747976348,0.4389764799999938,Continuous,Differentiable,Non-Separable,Scalable,Multimodal,6,True,False,Pinter,3.0,6000,1000.0,999.8333333333334,False,False,False,False,,,,,0
7,[1.38095712 3.6983945  2.44088431 2.11324114 1.9422086  1.37739561],4591,CMAES,PinterN6,5.628344487473501,168.38802067855755,792839.2393632443,1.2050615220000083,Continuous,Differentiable,Non-Separable,Scalable,Multimodal,6,True,False,Pinter,3.0,6000,1000.0,765.1666666666666,False,False,False,False,,,,,0
