,BestArm,NumberFunctionEval,Algorithm,CostFunction,EuclideanDistance,TrueRewardDifference,CumulativeRegret,TimeToComplete,Continuous,Differentiability,Separability,Scalability,Modality,Ndimensions,OptimizationSuccessful,BBOB,BaseClass,SD,MaxFeval,MaxFevalPerDimensions,FevalPerDimensions,SolveAt1,SolveAt1e-1,SolveAt1e-3,SolveAt1e-6,SolveEarlierAt1,SolveEarlierAt1e-1,SolveEarlierAt1e-3,SolveEarlierAt1e-6,simNumber
0,[ 0.70653575  2.2553737  -0.73001408 -1.88975297  3.13838181 -0.20184123],6000,NiaPyNelderMead,PinterN6,4.424948635659129,186.54405687213188,1124386.7427788237,0.43739360699998997,Continuous,Differentiable,Non-Separable,Scalable,Multimodal,6,True,False,Pinter,3.0,6000,1000.0,1000.0,False,False,False,False,,,,,4
1,[ 3.08042339  0.1294402  -0.11457543  0.08167641  0.19269655 -0.16097449],6000,NiaPyPSO,PinterN6,3.0965474831016935,45.449023652515066,1246950.18291267,0.46702509399997894,Continuous,Differentiable,Non-Separable,Scalable,Multimodal,6,True,False,Pinter,3.0,6000,1000.0,1000.0,False,False,False,False,,,,,4
2,[ 6.19157325  4.30927072 -0.74256796  3.22862609  0.02630987 -3.16989537],6000,NiaPySimulatedAnnealing,PinterN6,8.82778318071001,241.56590225065526,4186028.80765426,0.5012089839999874,Continuous,Differentiable,Non-Separable,Scalable,Multimodal,6,True,False,Pinter,3.0,6000,1000.0,1000.0,False,False,False,False,,,,,4
3,[ 3.22270672  2.55135282 -2.14621786  1.85057926 -0.08454687  0.15386161],6000,NiaPyCuckooSearch,PinterN6,4.9956937510507515,232.97930429293706,4863838.106643447,0.3954153589999976,Continuous,Differentiable,Non-Separable,Scalable,Multimodal,6,True,False,Pinter,3.0,6000,1000.0,1000.0,False,False,False,False,,,,,4
4,[-0.08893188 -0.62972066  0.05385247  0.31256556  0.03333883 -0.12845789],6000,NiaPyDifferentialEvolution,PinterN6,0.7229572676208987,21.284388940669196,2216729.2290933207,1.321555786999994,Continuous,Differentiable,Non-Separable,Scalable,Multimodal,6,True,False,Pinter,3.0,6000,1000.0,1000.0,False,False,False,False,,,,,4
5,[ 2.90502801 -1.80124841  0.50273004  0.08972279 -0.52742171 -0.25352192],6000,RandomSearch1,PinterN6,3.505270073598324,154.91964805986532,4801057.050197277,0.4543328700000018,Continuous,Differentiable,Non-Separable,Scalable,Multimodal,6,True,False,Pinter,3.0,6000,1000.0,1000.0,False,False,False,False,,,,,4
6,[-1.44837412  4.30885465 -1.56337891  2.00998279 -1.30542906 -0.70386825],5999,RandomSearch2,PinterN6,5.4173587616395045,192.21886235979878,4792767.770150756,0.4370520610000028,Continuous,Differentiable,Non-Separable,Scalable,Multimodal,6,True,False,Pinter,3.0,6000,1000.0,999.8333333333334,False,False,False,False,,,,,4
7,[1.6096164  3.47903864 2.44261757 2.06273934 1.95576457 1.41245459],4546,CMAES,PinterN6,5.54399603189941,170.0888354430426,791071.3067793528,1.18225615099999,Continuous,Differentiable,Non-Separable,Scalable,Multimodal,6,True,False,Pinter,3.0,6000,1000.0,757.6666666666666,False,False,False,False,,,,,4
