,BestArm,NumberFunctionEval,Algorithm,CostFunction,EuclideanDistance,TrueRewardDifference,CumulativeRegret,TimeToComplete,Continuous,Differentiability,Separability,Scalability,Modality,Ndimensions,OptimizationSuccessful,BBOB,BaseClass,SD,MaxFeval,MaxFevalPerDimensions,FevalPerDimensions,SolveAt1,SolveAt1e-1,SolveAt1e-3,SolveAt1e-6,SolveEarlierAt1,SolveEarlierAt1e-1,SolveEarlierAt1e-3,SolveEarlierAt1e-6,simNumber
0,[-0.27439958  1.98274171  0.48060263  0.4257812   0.30420374 -0.04104924],6000,NiaPyNelderMead,PinterN6,2.1243948005421625,123.1485183542628,745446.7897245362,0.4321300279999889,Continuous,Differentiable,Non-Separable,Scalable,Multimodal,6,True,False,Pinter,3.0,6000,1000.0,1000.0,False,False,False,False,,,,,3
1,[ 0.06341079  0.32548889 -0.04095874  0.05410333 -0.07687736 -0.07401468],6000,NiaPyPSO,PinterN6,0.35490425692106814,7.379151063558701,915592.187634212,0.46339927799999714,Continuous,Differentiable,Non-Separable,Scalable,Multimodal,6,True,False,Pinter,3.0,6000,1000.0,1000.0,False,False,False,False,,,,,3
2,[ 9.09705107  7.0044726   0.46007865 -2.57184701  0.35826808 -2.97946832],6000,NiaPySimulatedAnnealing,PinterN6,12.151157616617937,430.27152523049625,5481053.618283935,0.502004592999981,Continuous,Differentiable,Non-Separable,Scalable,Multimodal,6,True,False,Pinter,3.0,6000,1000.0,1000.0,False,False,False,False,,,,,3
3,[ 2.09824942 -1.51915246  3.66271251  1.29665712  3.18125929 -0.27477465],6000,NiaPyCuckooSearch,PinterN6,5.657134359837151,263.7964517189165,4997132.371521001,0.3977780039999743,Continuous,Differentiable,Non-Separable,Scalable,Multimodal,6,True,False,Pinter,3.0,6000,1000.0,1000.0,False,False,False,False,,,,,3
4,[-0.02281258 -0.04702943  0.01214882  0.10013752  0.03962369  0.11556013],6000,NiaPyDifferentialEvolution,PinterN6,0.16682768953041624,4.49763308590873,2011332.4895679469,1.3238551640000082,Continuous,Differentiable,Non-Separable,Scalable,Multimodal,6,True,False,Pinter,3.0,6000,1000.0,1000.0,False,False,False,False,,,,,3
5,[-2.76743294  0.2295676  -0.49719859  0.46759565  0.75638643  0.6159272 ],6000,RandomSearch1,PinterN6,3.021378035316227,164.03558353871315,4751286.557699906,0.4479888479999943,Continuous,Differentiable,Non-Separable,Scalable,Multimodal,6,True,False,Pinter,3.0,6000,1000.0,1000.0,False,False,False,False,,,,,3
6,[ 3.25286954  2.7190252   1.95413152 -3.39745157 -0.85505918  0.06753188],5999,RandomSearch2,PinterN6,5.837058526970354,207.9538032216201,4806726.089839642,0.4407788120000191,Continuous,Differentiable,Non-Separable,Scalable,Multimodal,6,True,False,Pinter,3.0,6000,1000.0,999.8333333333334,False,False,False,False,,,,,3
7,[1.88354412 1.88275283 1.89140741 1.88249916 1.87770679 1.56800441],5491,CMAES,PinterN6,4.494234340982368,172.72814698562746,968048.0289291695,1.4562632280000116,Continuous,Differentiable,Non-Separable,Scalable,Multimodal,6,True,False,Pinter,3.0,6000,1000.0,915.1666666666666,False,False,False,False,,,,,3
