,BestArm,NumberFunctionEval,Algorithm,CostFunction,EuclideanDistance,TrueRewardDifference,CumulativeRegret,TimeToComplete,Continuous,Differentiability,Separability,Scalability,Modality,Ndimensions,OptimizationSuccessful,BBOB,BaseClass,SD,MaxFeval,MaxFevalPerDimensions,FevalPerDimensions,SolveAt1,SolveAt1e-1,SolveAt1e-3,SolveAt1e-6,SolveEarlierAt1,SolveEarlierAt1e-1,SolveEarlierAt1e-3,SolveEarlierAt1e-6,simNumber
0,[-1.00681735 -0.14393987  0.95564991  0.05020842  2.69377517 -1.04916686],600000,NiaPyNelderMead,PinterN6,3.2105082558405305,199.23416501297442,119543618.07085493,38.82213643399973,Continuous,Differentiable,Non-Separable,Scalable,Multimodal,6,True,False,Pinter,0.0,600000,100000.0,100000.0,False,False,False,False,,,,,8
1,[-0.01390571  0.04424935  0.01768169 -0.01473287 -0.00425589 -0.00386533],600000,NiaPyPSO,PinterN6,0.052097288034296724,0.15128609136411902,74431347.04397686,42.3242628779999,Continuous,Differentiable,Non-Separable,Scalable,Multimodal,6,True,False,Pinter,0.0,600000,100000.0,100000.0,True,False,False,False,47118.0,,,,8
2,[ 0.14476875  0.14792963  0.28743013 -0.44610609 -0.25102994  0.47478765],600000,NiaPySimulatedAnnealing,PinterN6,0.7828839195196918,68.17006104338063,477888903.0306319,46.10419461699985,Continuous,Differentiable,Non-Separable,Scalable,Multimodal,6,True,False,Pinter,0.0,600000,100000.0,100000.0,False,False,False,False,,,,,8
3,[-0.60898704 -0.37125599  0.46134894  0.04841612  0.37132893  0.40138483],600000,NiaPyCuckooSearch,PinterN6,1.0113743850910841,90.73909591447833,486208668.84034157,34.96153782900001,Continuous,Differentiable,Non-Separable,Scalable,Multimodal,6,True,False,Pinter,0.0,600000,100000.0,100000.0,False,False,False,False,,,,,8
4,[0. 0. 0. 0. 0. 0.],600000,NiaPyDifferentialEvolution,PinterN6,0.0,0.0,2509126.009098067,126.70030510000015,Continuous,Differentiable,Non-Separable,Scalable,Multimodal,6,True,False,Pinter,0.0,600000,100000.0,100000.0,True,True,True,True,8148.0,9758.0,12854.0,16215.0,8
5,[-2.94252897  0.48101994  1.3188554  -0.10370153 -0.4509753  -0.11558281],600000,RandomSearch1,PinterN6,3.294955020477346,89.7062908933566,478655779.89741576,41.21879368000009,Continuous,Differentiable,Non-Separable,Scalable,Multimodal,6,True,False,Pinter,0.0,600000,100000.0,100000.0,False,False,False,False,,,,,8
6,[-1.9048264  -0.44035567 -1.3892234  -0.37577005 -0.74476355 -0.55404663],599999,RandomSearch2,PinterN6,2.5990501941879236,78.27999889982556,479583816.4770639,40.122035033999964,Continuous,Differentiable,Non-Separable,Scalable,Multimodal,6,True,False,Pinter,0.0,600000,100000.0,99999.83333333333,False,False,False,False,,,,,8
7,[-3.75937853 -1.18312648 -2.62624597 -2.7070189  -1.40829393 -3.55557546],1639,CMAES,PinterN6,6.662074982874776,177.04003921317837,336035.3741626617,0.4386791650003943,Continuous,Differentiable,Non-Separable,Scalable,Multimodal,6,True,False,Pinter,0.0,600000,100000.0,273.1666666666667,False,False,False,False,,,,,8
