,BestArm,NumberFunctionEval,Algorithm,CostFunction,EuclideanDistance,TrueRewardDifference,CumulativeRegret,TimeToComplete,Continuous,Differentiability,Separability,Scalability,Modality,Ndimensions,OptimizationSuccessful,BBOB,BaseClass,SD,MaxFeval,MaxFevalPerDimensions,FevalPerDimensions,SolveAt1,SolveAt1e-1,SolveAt1e-3,SolveAt1e-6,SolveEarlierAt1,SolveEarlierAt1e-1,SolveEarlierAt1e-3,SolveEarlierAt1e-6,simNumber
0,[ 1.58469173 -4.58289872],200,NiaPyNelderMead,Price1,3.440683657568201,11.838304031456893,2339.7221891213076,0.009762476999981118,Continuous,Non-Differentiable,Separable,Non-Scalable,Multimodal,2,True,False,Price1,3.0,200,100.0,100.0,False,False,False,False,,,,,8
1,[-4.01135724 -4.6623503 ],200,NiaPyPSO,Price1,1.0447113618891597,1.0914218296603029,2836.8938564926075,0.00802744099999586,Continuous,Non-Differentiable,Separable,Non-Scalable,Multimodal,2,True,False,Price1,3.0,200,100.0,100.0,False,False,False,False,46.0,72.0,,,8
2,[-3.05489112 -6.85202596],200,NiaPySimulatedAnnealing,Price1,2.685786423297469,7.213448711569011,2480.2697770182986,0.008701298000005409,Continuous,Non-Differentiable,Separable,Non-Scalable,Multimodal,2,True,False,Price1,3.0,200,100.0,100.0,False,False,False,False,,,,,8
3,[ 5.78793713 -3.43098572],200,NiaPyCuckooSearch,Price1,1.755747908412237,3.082650717893945,3426.5055626838516,0.0061490710000100535,Continuous,Non-Differentiable,Separable,Non-Scalable,Multimodal,2,True,False,Price1,3.0,200,100.0,100.0,False,False,False,False,12.0,,,,8
4,[-5.13456129  5.43981187],200,NiaPyDifferentialEvolution,Price1,0.4599361075822769,0.21154122305793577,4803.745074200922,0.03007010400000354,Continuous,Non-Differentiable,Separable,Non-Scalable,Multimodal,2,True,False,Price1,3.0,200,100.0,100.0,True,False,False,False,22.0,,,,8
5,[-5.4371033  -4.69501017],200,RandomSearch1,Price1,0.53298976298571,0.28407808744756335,3325.850466978057,0.004350392999981523,Continuous,Non-Differentiable,Separable,Non-Scalable,Multimodal,2,True,False,Price1,3.0,200,100.0,100.0,True,False,False,False,26.0,,,,8
6,[-2.5813845  -3.98411428],199,RandomSearch2,Price1,2.6233041596397406,6.881724713983165,3373.2176492079407,0.005061875999984977,Continuous,Non-Differentiable,Separable,Non-Scalable,Multimodal,2,True,False,Price1,3.0,200,100.0,99.5,False,False,False,False,18.0,,,,8
7,[5.74125577 4.73912843],205,CMAES,Price1,0.7858206511441493,0.6175140957646149,149.00496408218225,0.09369787399998586,Continuous,Non-Differentiable,Separable,Non-Scalable,Multimodal,2,True,False,Price1,3.0,200,100.0,102.5,True,False,False,False,3.0,113.0,,,8
