,BestArm,NumberFunctionEval,Algorithm,CostFunction,EuclideanDistance,TrueRewardDifference,CumulativeRegret,TimeToComplete,Continuous,Differentiability,Separability,Scalability,Modality,Ndimensions,OptimizationSuccessful,BBOB,BaseClass,SD,MaxFeval,MaxFevalPerDimensions,FevalPerDimensions,SolveAt1,SolveAt1e-1,SolveAt1e-3,SolveAt1e-6,SolveEarlierAt1,SolveEarlierAt1e-1,SolveEarlierAt1e-3,SolveEarlierAt1e-6,simNumber
0,[-3.50159173  7.76262527],20000,NiaPyNelderMead,Price1,3.142821300479371,9.877325726746843,197630.2381533406,0.8094864559998314,Continuous,Non-Differentiable,Separable,Non-Scalable,Multimodal,2,True,False,Price1,0.0,20000,10000.0,10000.0,False,False,False,False,,,,,1
1,[-5.00023877 -4.99971548],20000,NiaPyPSO,Price1,0.0003714288827553956,1.379594149449214e-07,47116.698142845125,0.6654846659994291,Continuous,Non-Differentiable,Separable,Non-Scalable,Multimodal,2,True,False,Price1,0.0,20000,10000.0,10000.0,True,True,True,True,7.0,111.0,452.0,4467.0,1
2,[-4.68839359 -5.01307609],20000,NiaPySimulatedAnnealing,Price1,0.3118806482157665,0.09726953873148668,371565.4955119721,0.679023910000069,Continuous,Non-Differentiable,Separable,Non-Scalable,Multimodal,2,True,False,Price1,0.0,20000,10000.0,10000.0,True,True,False,False,1688.0,18002.0,,,1
3,[-4.88492661 -4.93395125],20000,NiaPyCuckooSearch,Price1,0.13268128090776546,0.01760432230332537,342359.40266322886,0.4219533619998401,Continuous,Non-Differentiable,Separable,Non-Scalable,Multimodal,2,True,False,Price1,0.0,20000,10000.0,10000.0,True,True,False,False,20.0,1735.0,,,1
4,[-5. -5.],20000,NiaPyDifferentialEvolution,Price1,0.0,0.0,228354.85536158434,2.9182624269997177,Continuous,Non-Differentiable,Separable,Non-Scalable,Multimodal,2,True,False,Price1,0.0,20000,10000.0,10000.0,True,True,True,True,28.0,258.0,931.0,2121.0,1
5,[5.00380881 4.99095225],20000,RandomSearch1,Price1,0.00981676595687116,9.636889385198456e-05,332090.8564374497,0.30512300499958656,Continuous,Non-Differentiable,Separable,Non-Scalable,Multimodal,2,True,False,Price1,0.0,20000,10000.0,10000.0,True,True,True,False,8.0,146.0,11344.0,,1
6,[5.0448897  4.91733549],19999,RandomSearch2,Price1,0.09406650404021626,0.008848507182348022,332567.68863878876,0.3747062599995843,Continuous,Non-Differentiable,Separable,Non-Scalable,Multimodal,2,True,False,Price1,0.0,20000,10000.0,9999.5,True,True,False,False,90.0,672.0,,,1
7,[ 5.00000002 -5.00000001],475,CMAES,Price1,1.71677473941143e-08,2.9473155058811836e-16,167.43186518887225,0.16400384200005647,Continuous,Non-Differentiable,Separable,Non-Scalable,Multimodal,2,True,False,Price1,0.0,20000,10000.0,237.5,True,True,True,True,19.0,39.0,83.0,199.0,1
