,BestArm,NumberFunctionEval,Algorithm,CostFunction,EuclideanDistance,TrueRewardDifference,CumulativeRegret,TimeToComplete,Continuous,Differentiability,Separability,Scalability,Modality,Ndimensions,OptimizationSuccessful,BBOB,BaseClass,SD,MaxFeval,MaxFevalPerDimensions,FevalPerDimensions,SolveAt1,SolveAt1e-1,SolveAt1e-3,SolveAt1e-6,SolveEarlierAt1,SolveEarlierAt1e-1,SolveEarlierAt1e-3,SolveEarlierAt1e-6,simNumber
0,[1.41499239 2.99284616],20000,NiaPyNelderMead,Price1,4.108642852321679,16.88094608793402,337622.85150386166,0.8271395980000307,Continuous,Non-Differentiable,Separable,Non-Scalable,Multimodal,2,True,False,Price1,0.0,20000,10000.0,10000.0,False,False,False,False,,,,,0
1,[ 4.99883313 -4.99874854],20000,NiaPyPSO,Price1,0.0017110631984859636,2.927737269213016e-06,89036.03622389078,0.6707982139996602,Continuous,Non-Differentiable,Separable,Non-Scalable,Multimodal,2,True,False,Price1,0.0,20000,10000.0,10000.0,True,True,True,False,15.0,56.0,735.0,,0
2,[ 4.98358766 -5.01120882],20000,NiaPySimulatedAnnealing,Price1,0.019874670922038744,0.00039500254425933246,309809.81930107967,0.6906749909994687,Continuous,Non-Differentiable,Separable,Non-Scalable,Multimodal,2,True,False,Price1,0.0,20000,10000.0,10000.0,True,True,True,False,1185.0,1255.0,6281.0,,0
3,[-4.94403088 -5.04116834],20000,NiaPyCuckooSearch,Price1,0.06947930612832517,0.0048273739800735235,339588.29331774934,0.4328571229998488,Continuous,Non-Differentiable,Separable,Non-Scalable,Multimodal,2,True,False,Price1,0.0,20000,10000.0,10000.0,True,True,False,False,296.0,1040.0,,,0
4,[5. 5.],20000,NiaPyDifferentialEvolution,Price1,0.0,0.0,223254.8604169407,3.0141419330002464,Continuous,Non-Differentiable,Separable,Non-Scalable,Multimodal,2,True,False,Price1,0.0,20000,10000.0,10000.0,True,True,True,True,30.0,601.0,601.0,2387.0,0
5,[-4.94932168 -4.98552262],20000,RandomSearch1,Price1,0.05270566188931809,0.0027778867951911176,333376.3438247678,0.31067760700079816,Continuous,Non-Differentiable,Separable,Non-Scalable,Multimodal,2,True,False,Price1,0.0,20000,10000.0,10000.0,True,True,False,False,35.0,466.0,,,0
6,[-4.99257784 -4.98274945],19999,RandomSearch2,Price1,0.018779511139544403,0.0003526700386402723,331077.21240174206,0.36493765600062034,Continuous,Non-Differentiable,Separable,Non-Scalable,Multimodal,2,True,False,Price1,0.0,20000,10000.0,9999.5,True,True,True,False,48.0,336.0,8258.0,,0
7,[ 4.99999999 -5.00000004],427,CMAES,Price1,3.832084371383426e-08,1.4684870629401107e-15,95.47488094662285,0.15252472900010616,Continuous,Non-Differentiable,Separable,Non-Scalable,Multimodal,2,True,False,Price1,0.0,20000,10000.0,213.5,True,True,True,True,9.0,38.0,109.0,176.0,0
