,BestArm,NumberFunctionEval,Algorithm,CostFunction,EuclideanDistance,TrueRewardDifference,CumulativeRegret,TimeToComplete,Continuous,Differentiability,Separability,Scalability,Modality,Ndimensions,OptimizationSuccessful,BBOB,BaseClass,SD,MaxFeval,MaxFevalPerDimensions,FevalPerDimensions,SolveAt1,SolveAt1e-1,SolveAt1e-3,SolveAt1e-6,SolveEarlierAt1,SolveEarlierAt1e-1,SolveEarlierAt1e-3,SolveEarlierAt1e-6,simNumber
0,[6.35409197 2.04410678],200,NiaPyNelderMead,Price1,3.2512874035246657,10.570869780318162,2141.477707889993,0.008478011000022434,Continuous,Non-Differentiable,Separable,Non-Scalable,Multimodal,2,True,False,Price1,0.0,200,100.0,100.0,False,False,False,False,,,,,9
1,[ 5.12215275 -5.0082256 ],200,NiaPyPSO,Price1,0.12242938845219738,0.014988955156779038,2092.7160018463364,0.006853906000003462,Continuous,Non-Differentiable,Separable,Non-Scalable,Multimodal,2,True,False,Price1,0.0,200,100.0,100.0,True,True,False,False,2.0,122.0,,,9
2,[-5.93462041 -6.32205862],200,NiaPySimulatedAnnealing,Price1,1.6190596955007839,2.6213542975950905,2735.8359252187315,0.007932065999995075,Continuous,Non-Differentiable,Separable,Non-Scalable,Multimodal,2,True,False,Price1,0.0,200,100.0,100.0,False,False,False,False,,,,,9
3,[-5.76648182  5.00960103],200,NiaPyCuckooSearch,Price1,0.7665419543990571,0.5875865678539263,3668.9785781441983,0.005279451999996354,Continuous,Non-Differentiable,Separable,Non-Scalable,Multimodal,2,True,False,Price1,0.0,200,100.0,100.0,True,False,False,False,4.0,,,,9
4,[ 5.45602576 -5.19172805],200,NiaPyDifferentialEvolution,Price1,0.49469095426530035,0.2447191402319135,5090.069982978637,0.028677944999998317,Continuous,Non-Differentiable,Separable,Non-Scalable,Multimodal,2,True,False,Price1,0.0,200,100.0,100.0,True,False,False,False,15.0,,,,9
5,[-4.5428209  -5.62305017],200,RandomSearch1,Price1,0.7727899061066028,0.5972042389802521,3371.909371132081,0.004208518000012873,Continuous,Non-Differentiable,Separable,Non-Scalable,Multimodal,2,True,False,Price1,0.0,200,100.0,100.0,True,False,False,False,106.0,,,,9
6,[-4.90141817 -4.98967578],199,RandomSearch2,Price1,0.09912097010254235,0.009824966714069093,3067.701194786593,0.004437810000013087,Continuous,Non-Differentiable,Separable,Non-Scalable,Multimodal,2,True,False,Price1,0.0,200,100.0,99.5,True,True,False,False,30.0,30.0,,,9
7,[-4.99968888  5.00115392],205,CMAES,Price1,0.0011951302688662018,1.4283363595601997e-06,911.7489025626004,0.09454855100000259,Continuous,Non-Differentiable,Separable,Non-Scalable,Multimodal,2,True,False,Price1,0.0,200,100.0,102.5,True,True,True,False,47.0,69.0,124.0,,9
