,BestArm,NumberFunctionEval,Algorithm,CostFunction,EuclideanDistance,TrueRewardDifference,CumulativeRegret,TimeToComplete,Continuous,Differentiability,Separability,Scalability,Modality,Ndimensions,OptimizationSuccessful,BBOB,BaseClass,SD,MaxFeval,MaxFevalPerDimensions,FevalPerDimensions,SolveAt1,SolveAt1e-1,SolveAt1e-3,SolveAt1e-6,SolveEarlierAt1,SolveEarlierAt1e-1,SolveEarlierAt1e-3,SolveEarlierAt1e-6,simNumber
0,[-5.48072006  5.61121592],2000,NiaPyNelderMead,Price1,0.7776095896514532,0.6046766739179015,1232.1614928136855,0.08088937499996973,Continuous,Non-Differentiable,Separable,Non-Scalable,Multimodal,2,True,False,Price1,0.0,2000,1000.0,1000.0,True,False,False,False,4,,,,2
1,[-4.99405107 -4.99523986],2000,NiaPyPSO,Price1,0.007618972883288625,5.804874779628739e-05,21316.78385438138,0.06961465999995653,Continuous,Non-Differentiable,Separable,Non-Scalable,Multimodal,2,True,False,Price1,0.0,2000,1000.0,1000.0,True,True,True,False,25,147.0,937.0,,2
2,[4.97105726 5.01432093],2000,NiaPySimulatedAnnealing,Price1,0.032291965316675254,0.0010427710240133576,14043.230627943165,0.06813939900007426,Continuous,Non-Differentiable,Separable,Non-Scalable,Multimodal,2,True,False,Price1,0.0,2000,1000.0,1000.0,True,True,False,False,93,726.0,,,2
3,[ 5.23972376 -4.93793881],2000,NiaPyCuckooSearch,Price1,0.24762688224241794,0.061319072809100324,30077.049054300696,0.04426672099998541,Continuous,Non-Differentiable,Separable,Non-Scalable,Multimodal,2,True,False,Price1,0.0,2000,1000.0,1000.0,True,True,False,False,4,1400.0,,,2
4,[5.00104713 4.99964491],2000,NiaPyDifferentialEvolution,Price1,0.001105699907270694,1.2225722849384214e-06,26445.86893997958,0.2901449139999386,Continuous,Non-Differentiable,Separable,Non-Scalable,Multimodal,2,True,False,Price1,0.0,2000,1000.0,1000.0,True,True,True,False,90,302.0,302.0,,2
5,[-4.99462778 -4.88324229],2000,RandomSearch1,Price1,0.11688123939678098,0.013661224122927626,33765.6867874455,0.03259213599994837,Continuous,Non-Differentiable,Separable,Non-Scalable,Multimodal,2,True,False,Price1,0.0,2000,1000.0,1000.0,True,True,False,False,16,16.0,,,2
6,[ 4.99391024 -5.01773039],1999,RandomSearch2,Price1,0.01874704665888748,0.00035145175843050424,32950.84131707116,0.03686319899998125,Continuous,Non-Differentiable,Separable,Non-Scalable,Multimodal,2,True,False,Price1,0.0,2000,1000.0,999.5,True,True,True,False,202,266.0,1634.0,,2
7,[-4.99999997  5.00000004],463,CMAES,Price1,4.980963009217369e-08,2.480999249919175e-15,828.9448703607444,0.15714608400003272,Continuous,Non-Differentiable,Separable,Non-Scalable,Multimodal,2,True,False,Price1,0.0,2000,1000.0,231.5,True,True,True,True,38,86.0,112.0,208.0,2
