,BestArm,NumberFunctionEval,Algorithm,CostFunction,EuclideanDistance,TrueRewardDifference,CumulativeRegret,TimeToComplete,Continuous,Differentiability,Separability,Scalability,Modality,Ndimensions,OptimizationSuccessful,BBOB,BaseClass,SD,MaxFeval,MaxFevalPerDimensions,FevalPerDimensions,SolveAt1,SolveAt1e-1,SolveAt1e-3,SolveAt1e-6,SolveEarlierAt1,SolveEarlierAt1e-1,SolveEarlierAt1e-3,SolveEarlierAt1e-6,simNumber
0,[-7.40671561  6.03701637],200,NiaPyNelderMead,Price1,2.6206264535597295,6.867683009097044,1408.8185316778668,0.01029719699999987,Continuous,Non-Differentiable,Separable,Non-Scalable,Multimodal,2,True,False,Price1,3.0,200,100.0,100.0,False,False,False,False,,,,,9
1,[-4.36881324 -5.43209428],200,NiaPyPSO,Price1,0.7649197300250771,0.5851021933816367,2546.7398437627658,0.007760363000016923,Continuous,Non-Differentiable,Separable,Non-Scalable,Multimodal,2,True,False,Price1,3.0,200,100.0,100.0,True,False,False,False,12.0,145.0,,,9
2,[ 3.805208   -4.08341736],200,NiaPySimulatedAnnealing,Price1,1.5058723907463303,2.267651657212068,1391.7193279395888,0.008638493999995944,Continuous,Non-Differentiable,Separable,Non-Scalable,Multimodal,2,True,False,Price1,3.0,200,100.0,100.0,False,False,False,False,,,,,9
3,[ 4.79849473 -2.262078  ],200,NiaPyCuckooSearch,Price1,2.745327168960406,7.536821264632159,3778.7895871145142,0.006048388000010618,Continuous,Non-Differentiable,Separable,Non-Scalable,Multimodal,2,True,False,Price1,3.0,200,100.0,100.0,False,False,False,False,,,,,9
4,[-4.99304517 -4.96288317],200,NiaPyDifferentialEvolution,Price1,0.037762795397309507,0.0014260287162190602,4456.811776592011,0.03006436800001211,Continuous,Non-Differentiable,Separable,Non-Scalable,Multimodal,2,True,False,Price1,3.0,200,100.0,100.0,True,True,False,False,55.0,55.0,,,9
5,[-6.05141856  3.82934814],200,RandomSearch1,Price1,1.5735014369712776,2.475906772150676,3016.154052684937,0.0043188199999804056,Continuous,Non-Differentiable,Separable,Non-Scalable,Multimodal,2,True,False,Price1,3.0,200,100.0,100.0,False,False,False,False,18.0,18.0,,,9
6,[-5.57624433 -4.77331002],199,RandomSearch2,Price1,0.619230070672532,0.3834458804251089,3446.866596824376,0.0050593610000078115,Continuous,Non-Differentiable,Separable,Non-Scalable,Multimodal,2,True,False,Price1,3.0,200,100.0,99.5,True,False,False,False,30.0,88.0,,,9
7,[6.13757662 4.82878243],205,CMAES,Price1,1.1503895066888172,1.3233960170997403,256.8009356159202,0.09318014500001937,Continuous,Non-Differentiable,Separable,Non-Scalable,Multimodal,2,True,False,Price1,3.0,200,100.0,102.5,False,False,False,False,2.0,,,,9
