,BestArm,NumberFunctionEval,Algorithm,CostFunction,EuclideanDistance,TrueRewardDifference,CumulativeRegret,TimeToComplete,Continuous,Differentiability,Separability,Scalability,Modality,Ndimensions,OptimizationSuccessful,BBOB,BaseClass,SD,MaxFeval,MaxFevalPerDimensions,FevalPerDimensions,SolveAt1,SolveAt1e-1,SolveAt1e-3,SolveAt1e-6,SolveEarlierAt1,SolveEarlierAt1e-1,SolveEarlierAt1e-3,SolveEarlierAt1e-6,simNumber
0,[7.32989728 3.23582471],20000,NiaPyNelderMead,Price1,2.9224537333591165,8.540735823624638,170829.1107936908,0.7934535569993386,Continuous,Non-Differentiable,Separable,Non-Scalable,Multimodal,2,True,False,Price1,0.0,20000,10000.0,10000.0,False,False,False,False,,,,,5
1,[4.99866832 5.00136803],20000,NiaPyPSO,Price1,0.001909156138770179,3.6448771622038584e-06,141290.8870532851,0.6642664219998551,Continuous,Non-Differentiable,Separable,Non-Scalable,Multimodal,2,True,False,Price1,0.0,20000,10000.0,10000.0,True,True,True,False,19.0,35.0,1250.0,,5
2,[4.99795668 4.95571881],20000,NiaPySimulatedAnnealing,Price1,0.04432831174412346,0.0019649992220841933,307153.0341963339,0.6930118319996836,Continuous,Non-Differentiable,Separable,Non-Scalable,Multimodal,2,True,False,Price1,0.0,20000,10000.0,10000.0,True,True,False,False,17.0,205.0,,,5
3,[4.97402797 4.94747551],20000,NiaPyCuckooSearch,Price1,0.058594951876024315,0.0034333683853536054,337159.8852072717,0.4236707939999178,Continuous,Non-Differentiable,Separable,Non-Scalable,Multimodal,2,True,False,Price1,0.0,20000,10000.0,10000.0,True,True,False,False,12.0,1111.0,,,5
4,[-5. -5.],20000,NiaPyDifferentialEvolution,Price1,0.0,0.0,229608.39273668293,2.991962639999656,Continuous,Non-Differentiable,Separable,Non-Scalable,Multimodal,2,True,False,Price1,0.0,20000,10000.0,10000.0,True,True,True,True,26.0,301.0,988.0,2147.0,5
5,[-4.98695619  5.00816213],20000,RandomSearch1,Price1,0.01538705544307129,0.00023676147520814984,333957.1949111968,0.3144793090004896,Continuous,Non-Differentiable,Separable,Non-Scalable,Multimodal,2,True,False,Price1,0.0,20000,10000.0,10000.0,True,True,True,False,7.0,1081.0,2589.0,,5
6,[ 4.92655266 -4.98851992],19999,RandomSearch2,Price1,0.07433911825864577,0.0055263045034729215,332443.52670074493,0.36661998700037657,Continuous,Non-Differentiable,Separable,Non-Scalable,Multimodal,2,True,False,Price1,0.0,20000,10000.0,9999.5,True,True,False,False,198.0,408.0,,,5
7,[ 5.00000002 -5.00000002],385,CMAES,Price1,2.2464222182822585e-08,5.046412782792183e-16,106.52494490405995,0.15084741999999096,Continuous,Non-Differentiable,Separable,Non-Scalable,Multimodal,2,True,False,Price1,0.0,20000,10000.0,192.5,True,True,True,True,15.0,33.0,76.0,148.0,5
