,BestArm,NumberFunctionEval,Algorithm,CostFunction,EuclideanDistance,TrueRewardDifference,CumulativeRegret,TimeToComplete,Continuous,Differentiability,Separability,Scalability,Modality,Ndimensions,OptimizationSuccessful,BBOB,BaseClass,SD,MaxFeval,MaxFevalPerDimensions,FevalPerDimensions,SolveAt1,SolveAt1e-1,SolveAt1e-3,SolveAt1e-6,SolveEarlierAt1,SolveEarlierAt1e-1,SolveEarlierAt1e-3,SolveEarlierAt1e-6,simNumber
0,[-4.77478777  2.17913195],2000,NiaPyNelderMead,Price1,2.829844011562059,8.008017129773647,16044.704387917507,0.08193964899999173,Continuous,Non-Differentiable,Separable,Non-Scalable,Multimodal,2,True,False,Price1,0.0,2000,1000.0,1000.0,False,False,False,False,,,,,6
1,[-4.98727722 -5.00128907],2000,NiaPyPSO,Price1,0.012787917488992377,0.0001635308337052771,15908.197350984961,0.06565628400005608,Continuous,Non-Differentiable,Separable,Non-Scalable,Multimodal,2,True,False,Price1,0.0,2000,1000.0,1000.0,True,True,True,False,61.0,141.0,775.0,,6
2,[-7.7158845  -4.00157286],2000,NiaPySimulatedAnnealing,Price1,2.893593845981121,8.372885345499814,52413.30499118604,0.06857019999995373,Continuous,Non-Differentiable,Separable,Non-Scalable,Multimodal,2,True,False,Price1,0.0,2000,1000.0,1000.0,False,False,False,False,,,,,6
3,[-4.64760779  5.14422447],2000,NiaPyCuckooSearch,Price1,0.3807636638247596,0.14498096768925456,32997.24524680906,0.043631894000100147,Continuous,Non-Differentiable,Separable,Non-Scalable,Multimodal,2,True,False,Price1,0.0,2000,1000.0,1000.0,True,False,False,False,7.0,,,,6
4,[-4.99904272 -4.99835226],2000,NiaPyDifferentialEvolution,Price1,0.0019056300921466648,3.6314260480949064e-06,27148.71892813263,0.29942795800002386,Continuous,Non-Differentiable,Separable,Non-Scalable,Multimodal,2,True,False,Price1,0.0,2000,1000.0,1000.0,True,True,True,False,4.0,87.0,664.0,,6
5,[5.06668491 4.90815835],2000,RandomSearch1,Price1,0.11349786492058303,0.012881765341530911,32780.24691104304,0.03251189200000226,Continuous,Non-Differentiable,Separable,Non-Scalable,Multimodal,2,True,False,Price1,0.0,2000,1000.0,1000.0,True,True,False,False,8.0,843.0,,,6
6,[-4.90757436 -5.10397181],1999,RandomSearch2,Price1,0.1391137475561055,0.019352634759103857,32369.50436083806,0.03661466100004418,Continuous,Non-Differentiable,Separable,Non-Scalable,Multimodal,2,True,False,Price1,0.0,2000,1000.0,999.5,True,True,False,False,6.0,314.0,,,6
7,[-5.          4.99999999],415,CMAES,Price1,1.006876753630225e-08,1.0138007970009408e-16,853.79191360519,0.14733340700001918,Continuous,Non-Differentiable,Separable,Non-Scalable,Multimodal,2,True,False,Price1,0.0,2000,1000.0,207.5,True,True,True,True,49.0,64.0,99.0,181.0,6
