,BestArm,NumberFunctionEval,Algorithm,CostFunction,EuclideanDistance,TrueRewardDifference,CumulativeRegret,TimeToComplete,Continuous,Differentiability,Separability,Scalability,Modality,Ndimensions,OptimizationSuccessful,BBOB,BaseClass,SD,MaxFeval,MaxFevalPerDimensions,FevalPerDimensions,SolveAt1,SolveAt1e-1,SolveAt1e-3,SolveAt1e-6,SolveEarlierAt1,SolveEarlierAt1e-1,SolveEarlierAt1e-3,SolveEarlierAt1e-6,simNumber
0,[ 4.42551303 -5.25258885],20000,NiaPyNelderMead,Price1,0.6275638677114784,0.39383640805698994,7922.61689665031,0.8051277889999255,Continuous,Non-Differentiable,Separable,Non-Scalable,Multimodal,2,True,False,Price1,0.0,20000,10000.0,10000.0,True,False,False,False,6,,,,3
1,[4.99875572 4.99945892],20000,NiaPyPSO,Price1,0.0013568323904173383,1.8409941356856285e-06,118186.70954087356,0.6710526529996059,Continuous,Non-Differentiable,Separable,Non-Scalable,Multimodal,2,True,False,Price1,0.0,20000,10000.0,10000.0,True,True,True,False,29,71.0,672.0,,3
2,[ 4.98361584 -4.97557285],20000,NiaPySimulatedAnnealing,Price1,0.029413031279599856,0.0008651264090547195,362286.32244945946,0.6874125559997992,Continuous,Non-Differentiable,Separable,Non-Scalable,Multimodal,2,True,False,Price1,0.0,20000,10000.0,10000.0,True,True,True,False,996,1539.0,1573.0,,3
3,[-5.15936265 -4.92191904],20000,NiaPyCuckooSearch,Price1,0.17746292531462743,0.03149308986122503,326664.1247508997,0.4263273010001285,Continuous,Non-Differentiable,Separable,Non-Scalable,Multimodal,2,True,False,Price1,0.0,20000,10000.0,10000.0,True,True,False,False,18,18.0,,,3
4,[ 5. -5.],20000,NiaPyDifferentialEvolution,Price1,0.0,0.0,225005.9356707821,2.9781135530001848,Continuous,Non-Differentiable,Separable,Non-Scalable,Multimodal,2,True,False,Price1,0.0,20000,10000.0,10000.0,True,True,True,True,70,184.0,1087.0,2271.0,3
5,[ 4.99509524 -5.01762789],20000,RandomSearch1,Price1,0.018297517649493042,0.00033479915213350934,332949.5372065384,0.3158748920004655,Continuous,Non-Differentiable,Separable,Non-Scalable,Multimodal,2,True,False,Price1,0.0,20000,10000.0,10000.0,True,True,True,False,45,45.0,2818.0,,3
6,[-4.99927831  4.98689741],19999,RandomSearch2,Price1,0.013122445979136019,0.0001721985884753431,337660.06913394644,0.3655795750000834,Continuous,Non-Differentiable,Separable,Non-Scalable,Multimodal,2,True,False,Price1,0.0,20000,10000.0,9999.5,True,True,True,False,4,114.0,536.0,,3
7,[ 4.99999999 -4.99999999],415,CMAES,Price1,1.5840252047591564e-08,2.509135849312288e-16,139.29407216488065,0.14807417999963945,Continuous,Non-Differentiable,Separable,Non-Scalable,Multimodal,2,True,False,Price1,0.0,20000,10000.0,207.5,True,True,True,True,26,33.0,83.0,171.0,3
