,BestArm,NumberFunctionEval,Algorithm,CostFunction,EuclideanDistance,TrueRewardDifference,CumulativeRegret,TimeToComplete,Continuous,Differentiability,Separability,Scalability,Modality,Ndimensions,OptimizationSuccessful,BBOB,BaseClass,SD,MaxFeval,MaxFevalPerDimensions,FevalPerDimensions,SolveAt1,SolveAt1e-1,SolveAt1e-3,SolveAt1e-6,SolveEarlierAt1,SolveEarlierAt1e-1,SolveEarlierAt1e-3,SolveEarlierAt1e-6,simNumber
0,[-3.41041893 -5.60139736],2000,NiaPyNelderMead,Price1,1.6995431024565275,2.8884467571075585,5868.098895905074,0.0799491619999344,Continuous,Non-Differentiable,Separable,Non-Scalable,Multimodal,2,True,False,Price1,0.0,2000,1000.0,1000.0,False,False,False,False,,,,,1
1,[4.99524139 4.9865134 ],2000,NiaPyPSO,Price1,0.01430149614898679,0.00020453279209948399,17985.656281414747,0.06610924999995405,Continuous,Non-Differentiable,Separable,Non-Scalable,Multimodal,2,True,False,Price1,0.0,2000,1000.0,1000.0,True,True,True,False,48.0,202.0,1198.0,,1
2,[5.202078   5.34907011],2000,NiaPySimulatedAnnealing,Price1,0.4033428543846603,0.16268545818316527,31572.065384101657,0.06900456200003191,Continuous,Non-Differentiable,Separable,Non-Scalable,Multimodal,2,True,False,Price1,0.0,2000,1000.0,1000.0,True,False,False,False,684.0,,,,1
3,[ 5.24829984 -4.95947841],2000,NiaPyCuckooSearch,Price1,0.25158459986334436,0.0632948108883991,32070.605752020027,0.04315203500004827,Continuous,Non-Differentiable,Separable,Non-Scalable,Multimodal,2,True,False,Price1,0.0,2000,1000.0,1000.0,True,True,False,False,12.0,1063.0,,,1
4,[-4.99954421 -5.00072576],2000,NiaPyDifferentialEvolution,Price1,0.0008570138373957795,7.344727174878395e-07,26587.331363376798,0.29559795499994834,Continuous,Non-Differentiable,Separable,Non-Scalable,Multimodal,2,True,False,Price1,0.0,2000,1000.0,1000.0,True,True,True,True,32.0,218.0,787.0,1902.0,1
5,[ 4.84510056 -4.87708953],2000,RandomSearch1,Price1,0.1977392729987989,0.03910082008609352,32563.261908979803,0.03263151599992398,Continuous,Non-Differentiable,Separable,Non-Scalable,Multimodal,2,True,False,Price1,0.0,2000,1000.0,1000.0,True,True,False,False,30.0,292.0,,,1
6,[-5.01914765  4.88803348],1999,RandomSearch2,Price1,0.11359196213787583,0.012903133862332616,33498.69602950485,0.03823809400000755,Continuous,Non-Differentiable,Separable,Non-Scalable,Multimodal,2,True,False,Price1,0.0,2000,1000.0,999.5,True,True,False,False,34.0,34.0,,,1
7,[-4.99999999  5.        ],451,CMAES,Price1,8.728165918499261e-09,7.618088030085205e-17,659.7866010774404,0.15521639500002493,Continuous,Non-Differentiable,Separable,Non-Scalable,Multimodal,2,True,False,Price1,0.0,2000,1000.0,225.5,True,True,True,True,26.0,31.0,112.0,218.0,1
