,BestArm,NumberFunctionEval,Algorithm,CostFunction,EuclideanDistance,TrueRewardDifference,CumulativeRegret,TimeToComplete,Continuous,Differentiability,Separability,Scalability,Modality,Ndimensions,OptimizationSuccessful,BBOB,BaseClass,SD,MaxFeval,MaxFevalPerDimensions,FevalPerDimensions,SolveAt1,SolveAt1e-1,SolveAt1e-3,SolveAt1e-6,SolveEarlierAt1,SolveEarlierAt1e-1,SolveEarlierAt1e-3,SolveEarlierAt1e-6,simNumber
0,[ 1.8571786  -2.54264928],2000,NiaPyNelderMead,Price1,3.989473509855793,15.9158988858411,31844.737069253544,0.08292589699999553,Continuous,Non-Differentiable,Separable,Non-Scalable,Multimodal,2,True,False,Price1,0.0,2000,1000.0,1000.0,False,False,False,False,,,,,0
1,[-5.01548699 -4.9995386 ],2000,NiaPyPSO,Price1,0.015493857806722267,0.00024005962973492852,11335.077363789042,0.06666004099997735,Continuous,Non-Differentiable,Separable,Non-Scalable,Multimodal,2,True,False,Price1,0.0,2000,1000.0,1000.0,True,True,True,False,75.0,221.0,514.0,,0
2,[4.9749181 5.0233039],2000,NiaPySimulatedAnnealing,Price1,0.034237017969772396,0.001172173399462518,13347.0311026969,0.07074746099999629,Continuous,Non-Differentiable,Separable,Non-Scalable,Multimodal,2,True,False,Price1,0.0,2000,1000.0,1000.0,True,True,False,False,201.0,239.0,,,0
3,[-5.06144231  5.2920938 ],2000,NiaPyCuckooSearch,Price1,0.2984860849074839,0.08909394288339768,30060.481586509326,0.04385684700002912,Continuous,Non-Differentiable,Separable,Non-Scalable,Multimodal,2,True,False,Price1,0.0,2000,1000.0,1000.0,True,True,False,False,9.0,1544.0,,,0
4,[ 4.99461938 -4.99726718],2000,NiaPyDifferentialEvolution,Price1,0.006034845441648093,3.641935950458077e-05,27752.502237616558,0.2940039729999171,Continuous,Non-Differentiable,Separable,Non-Scalable,Multimodal,2,True,False,Price1,0.0,2000,1000.0,1000.0,True,True,True,False,4.0,141.0,1252.0,,0
5,[ 4.94997893 -4.87311428],2000,RandomSearch1,Price1,0.13638949540719655,0.01860209445742969,33173.87486665704,0.03284060800001498,Continuous,Non-Differentiable,Separable,Non-Scalable,Multimodal,2,True,False,Price1,0.0,2000,1000.0,1000.0,True,True,False,False,24.0,24.0,,,0
6,[ 4.9024537  -4.94994361],1999,RandomSearch2,Price1,0.10963996744747696,0.012020922461883805,34014.336800854624,0.038177055000005566,Continuous,Non-Differentiable,Separable,Non-Scalable,Multimodal,2,True,False,Price1,0.0,2000,1000.0,999.5,True,True,False,False,24.0,1024.0,,,0
7,[-4.99999999  5.00000001],493,CMAES,Price1,1.4565171841692191e-08,2.121442307780231e-16,796.859275448687,0.16586025900005552,Continuous,Non-Differentiable,Separable,Non-Scalable,Multimodal,2,True,False,Price1,0.0,2000,1000.0,246.5,True,True,True,True,44.0,44.0,108.0,178.0,0
