,BestArm,NumberFunctionEval,Algorithm,CostFunction,EuclideanDistance,TrueRewardDifference,CumulativeRegret,TimeToComplete,Continuous,Differentiability,Separability,Scalability,Modality,Ndimensions,OptimizationSuccessful,BBOB,BaseClass,SD,MaxFeval,MaxFevalPerDimensions,FevalPerDimensions,SolveAt1,SolveAt1e-1,SolveAt1e-3,SolveAt1e-6,SolveEarlierAt1,SolveEarlierAt1e-1,SolveEarlierAt1e-3,SolveEarlierAt1e-6,simNumber
0,[5.32180528 2.79455702],20000,NiaPyNelderMead,Price1,2.2287972974845442,4.967537393274408,99406.07924621849,0.8059155500004636,Continuous,Non-Differentiable,Separable,Non-Scalable,Multimodal,2,True,False,Price1,0.0,20000,10000.0,10000.0,False,False,False,False,,,,,2
1,[-5.00021943 -5.00503795],20000,NiaPyPSO,Price1,0.005042730603857214,2.5429131943078144e-05,57700.513739725226,0.6582417489998988,Continuous,Non-Differentiable,Separable,Non-Scalable,Multimodal,2,True,False,Price1,0.0,20000,10000.0,10000.0,True,True,True,False,20.0,125.0,1150.0,,2
2,[ 4.98566856 -4.99849119],20000,NiaPySimulatedAnnealing,Price1,0.014410643531692626,0.00020766664699751452,315457.7715790333,0.6838431369997124,Continuous,Non-Differentiable,Separable,Non-Scalable,Multimodal,2,True,False,Price1,0.0,20000,10000.0,10000.0,True,True,True,False,1618.0,2058.0,11177.0,,2
3,[-5.03769399  5.19652492],20000,NiaPyCuckooSearch,Price1,0.20010717644168716,0.04004288206346452,331742.025334971,0.438280264000241,Continuous,Non-Differentiable,Separable,Non-Scalable,Multimodal,2,True,False,Price1,0.0,20000,10000.0,10000.0,True,True,False,False,25.0,799.0,,,2
4,[-5. -5.],20000,NiaPyDifferentialEvolution,Price1,0.0,0.0,228564.7554282947,2.9448380460007684,Continuous,Non-Differentiable,Separable,Non-Scalable,Multimodal,2,True,False,Price1,0.0,20000,10000.0,10000.0,True,True,True,True,60.0,400.0,936.0,2269.0,2
5,[-4.9792095  -4.98873176],20000,RandomSearch1,Price1,0.023647791815393195,0.0005592180577441775,332356.8501823424,0.31411945299987565,Continuous,Non-Differentiable,Separable,Non-Scalable,Multimodal,2,True,False,Price1,0.0,20000,10000.0,10000.0,True,True,True,False,18.0,18.0,9246.0,,2
6,[-4.99601548 -4.97973755],19999,RandomSearch2,Price1,0.0206505057352705,0.00042644338712243977,332660.43253334984,0.36949215500044374,Continuous,Non-Differentiable,Separable,Non-Scalable,Multimodal,2,True,False,Price1,0.0,20000,10000.0,9999.5,True,True,True,False,44.0,290.0,14926.0,,2
7,[ 5. -5.],487,CMAES,Price1,1.883588267449326e-09,3.547904761272754e-18,202.37397903373724,0.1669512990001749,Continuous,Non-Differentiable,Separable,Non-Scalable,Multimodal,2,True,False,Price1,0.0,20000,10000.0,243.5,True,True,True,True,27.0,74.0,119.0,227.0,2
