,BestArm,NumberFunctionEval,Algorithm,CostFunction,EuclideanDistance,TrueRewardDifference,CumulativeRegret,TimeToComplete,Continuous,Differentiability,Separability,Scalability,Modality,Ndimensions,OptimizationSuccessful,BBOB,BaseClass,SD,MaxFeval,MaxFevalPerDimensions,FevalPerDimensions,SolveAt1,SolveAt1e-1,SolveAt1e-3,SolveAt1e-6,SolveEarlierAt1,SolveEarlierAt1e-1,SolveEarlierAt1e-3,SolveEarlierAt1e-6,simNumber
0,[ 4.51456186 -6.15486559],200,NiaPyNelderMead,Price1,1.2527428734428807,1.5693647069619259,331.54781380228746,0.00962214000000472,Continuous,Non-Differentiable,Separable,Non-Scalable,Multimodal,2,True,False,Price1,0.0,200,100.0,100.0,False,False,False,False,,,,,8
1,[5.05989591 5.06810548],200,NiaPyPSO,Price1,0.09069661985299204,0.00822587685275815,2372.5847444313176,0.007455943999985948,Continuous,Non-Differentiable,Separable,Non-Scalable,Multimodal,2,True,False,Price1,0.0,200,100.0,100.0,True,True,False,False,6.0,34.0,,,8
2,[-7.66429543  4.58609224],200,NiaPySimulatedAnnealing,Price1,2.69625477233696,7.269789797349832,3122.3192584152116,0.007688952999984622,Continuous,Non-Differentiable,Separable,Non-Scalable,Multimodal,2,True,False,Price1,0.0,200,100.0,100.0,False,False,False,False,,,,,8
3,[-5.56265582 -4.95692403],200,NiaPyCuckooSearch,Price1,0.5643023256338081,0.31843711471572445,2841.759755869881,0.00554420299999947,Continuous,Non-Differentiable,Separable,Non-Scalable,Multimodal,2,True,False,Price1,0.0,200,100.0,100.0,True,False,False,False,151.0,,,,8
4,[ 4.96802627 -4.84279492],200,NiaPyDifferentialEvolution,Price1,0.16042367596152832,0.025735755809009442,4863.45781285023,0.028869727999989436,Continuous,Non-Differentiable,Separable,Non-Scalable,Multimodal,2,True,False,Price1,0.0,200,100.0,100.0,True,True,False,False,22.0,56.0,,,8
5,[5.02059425 5.59367672],200,RandomSearch1,Price1,0.5940338170585034,0.3528761758090956,3163.2527374736633,0.004047106000001577,Continuous,Non-Differentiable,Separable,Non-Scalable,Multimodal,2,True,False,Price1,0.0,200,100.0,100.0,True,False,False,False,6.0,,,,8
6,[ 5.41825109 -4.81289193],199,RandomSearch2,Price1,0.45819581431302514,0.20994340425397623,3162.6456210282136,0.004595842000014727,Continuous,Non-Differentiable,Separable,Non-Scalable,Multimodal,2,True,False,Price1,0.0,200,100.0,99.5,True,False,False,False,32.0,,,,8
7,[-4.99978002  5.00066552],205,CMAES,Price1,0.000700930733304687,4.913038928910463e-07,774.4208622464882,0.09271095899998727,Continuous,Non-Differentiable,Separable,Non-Scalable,Multimodal,2,True,False,Price1,0.0,200,100.0,102.5,True,True,True,True,45.0,68.0,91.0,203.0,8
