,BestArm,NumberFunctionEval,Algorithm,CostFunction,EuclideanDistance,TrueRewardDifference,CumulativeRegret,TimeToComplete,Continuous,Differentiability,Separability,Scalability,Modality,Ndimensions,OptimizationSuccessful,BBOB,BaseClass,SD,MaxFeval,MaxFevalPerDimensions,FevalPerDimensions,SolveAt1,SolveAt1e-1,SolveAt1e-3,SolveAt1e-6,SolveEarlierAt1,SolveEarlierAt1e-1,SolveEarlierAt1e-3,SolveEarlierAt1e-6,simNumber
0,[ 1.24219674 -7.8596582 ],2000,NiaPyNelderMead,Price1,4.722153148798502,22.298730360707605,44605.89933607924,0.08040698100001009,Continuous,Non-Differentiable,Separable,Non-Scalable,Multimodal,2,True,False,Price1,0.0,2000,1000.0,1000.0,False,False,False,False,,,,,3
1,[ 5.02153782 -5.00650029],2000,NiaPyPSO,Price1,0.02249737025123832,0.000506131668221303,19357.647704090057,0.06526826699996491,Continuous,Non-Differentiable,Separable,Non-Scalable,Multimodal,2,True,False,Price1,0.0,2000,1000.0,1000.0,True,True,True,False,15.0,92.0,1768.0,,3
2,[-5.09390652 -5.08021654],2000,NiaPySimulatedAnnealing,Price1,0.12350355086315343,0.015253127075807525,30144.618387631068,0.06952178500000628,Continuous,Non-Differentiable,Separable,Non-Scalable,Multimodal,2,True,False,Price1,0.0,2000,1000.0,1000.0,True,True,False,False,596.0,665.0,,,3
3,[ 4.88531012 -4.70000657],2000,NiaPyCuckooSearch,Price1,0.3211694665500689,0.10314982624405583,37570.96033006448,0.0483146519999309,Continuous,Non-Differentiable,Separable,Non-Scalable,Multimodal,2,True,False,Price1,0.0,2000,1000.0,1000.0,True,False,False,False,56.0,,,,3
4,[-5.00024593  5.00099271],2000,NiaPyDifferentialEvolution,Price1,0.0010227169628977395,1.0459499861987765e-06,26280.86588337043,0.30090511100002004,Continuous,Non-Differentiable,Separable,Non-Scalable,Multimodal,2,True,False,Price1,0.0,2000,1000.0,1000.0,True,True,True,False,6.0,376.0,861.0,,3
5,[5.01510961 5.02194978],2000,RandomSearch1,Price1,0.026647579633396097,0.0007100935003181864,33849.590153886704,0.031963736000079734,Continuous,Non-Differentiable,Separable,Non-Scalable,Multimodal,2,True,False,Price1,0.0,2000,1000.0,1000.0,True,True,True,False,44.0,575.0,719.0,,3
6,[-5.02903677 -5.01558004],1999,RandomSearch2,Price1,0.03295256900200754,0.0010858718038320682,33649.90939169812,0.037314042000048175,Continuous,Non-Differentiable,Separable,Non-Scalable,Multimodal,2,True,False,Price1,0.0,2000,1000.0,999.5,True,True,False,False,8.0,8.0,,,3
7,[-5.00000002  4.99999998],493,CMAES,Price1,2.8179242184988295e-08,7.940696901202239e-16,671.8912609852272,0.1666598870000371,Continuous,Non-Differentiable,Separable,Non-Scalable,Multimodal,2,True,False,Price1,0.0,2000,1000.0,246.5,True,True,True,True,26.0,62.0,133.0,237.0,3
