,BestArm,NumberFunctionEval,Algorithm,CostFunction,EuclideanDistance,TrueRewardDifference,CumulativeRegret,TimeToComplete,Continuous,Differentiability,Separability,Scalability,Modality,Ndimensions,OptimizationSuccessful,BBOB,BaseClass,SD,MaxFeval,MaxFevalPerDimensions,FevalPerDimensions,SolveAt1,SolveAt1e-1,SolveAt1e-3,SolveAt1e-6,SolveEarlierAt1,SolveEarlierAt1e-1,SolveEarlierAt1e-3,SolveEarlierAt1e-6,simNumber
0,[ 4.44241737 14.45379298],200,NiaPyNelderMead,QingN2,13.486321545756747,43163.633123373336,44809312.28485891,0.010822461999993038,Continuous,Differentiable,Separable,Scalable,Multimodal,2,True,False,Qing,3.0,200,100.0,100.0,False,False,False,False,,,,,5
1,[9.97583127 0.31395143],200,NiaPyPSO,QingN2,9.043015194863312,9709.256039537064,6099267333.785748,0.008640295000020615,Continuous,Differentiable,Separable,Scalable,Multimodal,2,True,False,Qing,3.0,200,100.0,100.0,False,False,False,False,,,,,5
2,[76.12713872 73.90948294],200,NiaPySimulatedAnnealing,QingN2,104.40139393378686,63392670.32237095,13310809950.00215,0.009881475000014461,Continuous,Differentiable,Separable,Scalable,Multimodal,2,True,False,Qing,3.0,200,100.0,100.0,False,False,False,False,,,,,5
3,[6.68064502 7.5461287 ],200,NiaPyCuckooSearch,QingN2,8.358834314914045,4922.515272132772,9148881770.627388,0.007190876999999318,Continuous,Differentiable,Separable,Scalable,Multimodal,2,True,False,Qing,3.0,200,100.0,100.0,False,False,False,False,,,,,5
4,[0. 0.],200,NiaPyDifferentialEvolution,QingN2,1.7320508075688774,5.0,7330089789.730524,0.03134628699999098,Continuous,Differentiable,Separable,Scalable,Multimodal,2,True,False,Qing,3.0,200,100.0,100.0,False,False,False,False,,,,,5
5,[3.23333263 4.41441821],200,RandomSearch1,QingN2,3.7401875064361754,395.1846855866376,7458210369.775009,0.004928245000002107,Continuous,Differentiable,Separable,Scalable,Multimodal,2,True,False,Qing,3.0,200,100.0,100.0,False,False,False,False,,,,,5
6,[3.44676133 1.03669537],199,RandomSearch2,QingN2,2.475714234839484,119.23407184688195,6282274579.229177,0.005881970000018555,Continuous,Differentiable,Separable,Scalable,Multimodal,2,True,False,Qing,3.0,200,100.0,99.5,False,False,False,False,,,,,5
7,[-1.53461989  1.44590266],205,CMAES,QingN2,2.5348179795988854,1.8443973646593659,8374734177.365626,0.09529227799998807,Continuous,Differentiable,Separable,Scalable,Multimodal,2,True,False,Qing,3.0,200,100.0,102.5,False,False,False,False,190.0,,,,5
