,BestArm,NumberFunctionEval,Algorithm,CostFunction,EuclideanDistance,TrueRewardDifference,CumulativeRegret,TimeToComplete,Continuous,Differentiability,Separability,Scalability,Modality,Ndimensions,OptimizationSuccessful,BBOB,BaseClass,SD,MaxFeval,MaxFevalPerDimensions,FevalPerDimensions,SolveAt1,SolveAt1e-1,SolveAt1e-3,SolveAt1e-6,SolveEarlierAt1,SolveEarlierAt1e-1,SolveEarlierAt1e-3,SolveEarlierAt1e-6,simNumber
0,[59.88992497 35.81512308],2000,NiaPyNelderMead,QingN2,68.20150906312614,14498235.473232968,29010946814.36446,0.09230905799995526,Continuous,Differentiable,Separable,Scalable,Multimodal,2,True,False,Qing,0.0,2000,1000.0,1000.0,False,False,False,False,,,,,2
1,[0.97400379 1.46117514],2000,NiaPyPSO,QingN2,0.05367674289596107,0.02086724997708151,20060148999.47938,0.07060609600000589,Continuous,Differentiable,Separable,Scalable,Multimodal,2,True,False,Qing,0.0,2000,1000.0,1000.0,True,True,False,False,1384.0,1539.0,,,2
2,[43.81846002 19.07786434],2000,NiaPySimulatedAnnealing,QingN2,46.31873354680184,3813800.046951952,12638793467.303564,0.07762641599993003,Continuous,Differentiable,Separable,Scalable,Multimodal,2,True,False,Qing,0.0,2000,1000.0,1000.0,False,False,False,False,,,,,2
3,[ 9.44501213 13.16072825],2000,NiaPyCuckooSearch,QingN2,14.467164105315005,37091.768730173964,85304773672.31436,0.048503645000096185,Continuous,Differentiable,Separable,Scalable,Multimodal,2,True,False,Qing,0.0,2000,1000.0,1000.0,False,False,False,False,,,,,2
4,[0.91952458 1.42282836],2000,NiaPyDifferentialEvolution,QingN2,0.08093520416853509,0.02445972310098876,5520871104.56886,0.30239273699999103,Continuous,Differentiable,Separable,Scalable,Multimodal,2,True,False,Qing,0.0,2000,1000.0,1000.0,True,True,False,False,813.0,841.0,,,2
5,[0.20646058 0.90261409],2000,RandomSearch1,QingN2,0.9441603811406908,2.3214722101610623,81268752314.83301,0.037746317000028284,Continuous,Differentiable,Separable,Scalable,Multimodal,2,True,False,Qing,0.0,2000,1000.0,1000.0,False,False,False,False,,,,,2
6,[4.464049  5.4724011],1999,RandomSearch2,QingN2,5.335590081631048,1139.303614944819,78527389768.78455,0.04488225499994769,Continuous,Differentiable,Separable,Scalable,Multimodal,2,True,False,Qing,0.0,2000,1000.0,999.5,False,False,False,False,,,,,2
7,[ 0.99999999 -1.41421356],631,CMAES,QingN2,2.828427125467728,4.2479333671555705e-16,1168080932.5350544,0.20576455900004476,Continuous,Differentiable,Separable,Scalable,Multimodal,2,True,False,Qing,0.0,2000,1000.0,315.5,True,True,True,True,158.0,173.0,266.0,356.0,2
