,BestArm,NumberFunctionEval,Algorithm,CostFunction,EuclideanDistance,TrueRewardDifference,CumulativeRegret,TimeToComplete,Continuous,Differentiability,Separability,Scalability,Modality,Ndimensions,OptimizationSuccessful,BBOB,BaseClass,SD,MaxFeval,MaxFevalPerDimensions,FevalPerDimensions,SolveAt1,SolveAt1e-1,SolveAt1e-3,SolveAt1e-6,SolveEarlierAt1,SolveEarlierAt1e-1,SolveEarlierAt1e-3,SolveEarlierAt1e-6,simNumber
0,[ 0.87027762 18.66913928],200,NiaPyNelderMead,QingN2,17.255413338561414,120087.78595365245,24987010.19914446,0.009777318000004698,Continuous,Differentiable,Separable,Scalable,Multimodal,2,True,False,Qing,0.0,200,100.0,100.0,False,False,False,False,,,,,7
1,[13.64514496  1.8204722 ],200,NiaPyPSO,QingN2,12.651669343659968,34297.05597959519,7732219260.5206375,0.007413986999978306,Continuous,Differentiable,Separable,Scalable,Multimodal,2,True,False,Qing,0.0,200,100.0,100.0,False,False,False,False,,,,,7
2,[50.01246798 53.78450584],200,NiaPySimulatedAnnealing,QingN2,71.72774588764072,14607803.758296838,3198081585.6420565,0.008274534999998195,Continuous,Differentiable,Separable,Scalable,Multimodal,2,True,False,Qing,0.0,200,100.0,100.0,False,False,False,False,,,,,7
3,[29.49905827 23.56008323],200,NiaPyCuckooSearch,QingN2,36.09204712349357,1061393.717605146,9349513816.00713,0.005414626000003864,Continuous,Differentiable,Separable,Scalable,Multimodal,2,True,False,Qing,0.0,200,100.0,100.0,False,False,False,False,,,,,7
4,[0.         1.42606029],200,NiaPyDifferentialEvolution,QingN2,1.000070170035215,1.0011321849016035,4985956780.794287,0.029275387000012643,Continuous,Differentiable,Separable,Scalable,Multimodal,2,True,False,Qing,0.0,200,100.0,100.0,False,False,False,False,,,,,7
5,[8.4056237  8.66796601],200,RandomSearch1,QingN2,10.366300543655472,10200.27926631115,8744340408.97877,0.0039553329999932885,Continuous,Differentiable,Separable,Scalable,Multimodal,2,True,False,Qing,0.0,200,100.0,100.0,False,False,False,False,,,,,7
6,[2.34853553 1.29280762],199,RandomSearch2,QingN2,1.3539894647740711,20.49882586894785,6313426583.865565,0.005144023000013931,Continuous,Differentiable,Separable,Scalable,Multimodal,2,True,False,Qing,0.0,200,100.0,99.5,False,False,False,False,,,,,7
7,[ 0.47322974 -1.36619801],205,CMAES,QingN2,2.8298719815821483,0.6200822629078958,87817583.44495627,0.09161600900000622,Continuous,Differentiable,Separable,Scalable,Multimodal,2,True,False,Qing,0.0,200,100.0,102.5,True,False,False,False,117.0,,,,7
