,BestArm,NumberFunctionEval,Algorithm,CostFunction,EuclideanDistance,TrueRewardDifference,CumulativeRegret,TimeToComplete,Continuous,Differentiability,Separability,Scalability,Modality,Ndimensions,OptimizationSuccessful,BBOB,BaseClass,SD,MaxFeval,MaxFevalPerDimensions,FevalPerDimensions,SolveAt1,SolveAt1e-1,SolveAt1e-3,SolveAt1e-6,SolveEarlierAt1,SolveEarlierAt1e-1,SolveEarlierAt1e-3,SolveEarlierAt1e-6,simNumber
0,[39.69600756 36.77722912],40,NiaPyNelderMead,QingN2,52.420643553334294,4303934.7423714,218737313.14294398,0.002690674999996645,Continuous,Differentiable,Separable,Scalable,Multimodal,2,True,False,Qing,0.0,40,20.0,20.0,False,False,False,False,,,,,3
1,[1.58862388 4.35802887],40,NiaPyPSO,QingN2,3.0020870433287823,291.06392809336063,1826499853.5809803,0.0016450019999894039,Continuous,Differentiable,Separable,Scalable,Multimodal,2,True,False,Qing,0.0,40,20.0,20.0,False,False,False,False,,,,,3
2,[75.49461758 38.87196295],40,NiaPySimulatedAnnealing,QingN2,83.38183877727678,34749357.52124086,1456859094.4434364,0.0017955160000013848,Continuous,Differentiable,Separable,Scalable,Multimodal,2,True,False,Qing,0.0,40,20.0,20.0,False,False,False,False,,,,,3
3,[16.99622515 20.51682551],40,NiaPyCuckooSearch,QingN2,24.91563770900106,258380.9298268389,1061742763.6928077,0.001410669999998504,Continuous,Differentiable,Separable,Scalable,Multimodal,2,True,False,Qing,0.0,40,20.0,20.0,False,False,False,False,,,,,3
4,[ 6.46812598 16.07104391],40,NiaPyDifferentialEvolution,QingN2,15.643627383845452,67346.27749084694,1604022878.665895,0.00815012500000023,Continuous,Differentiable,Separable,Scalable,Multimodal,2,True,False,Qing,0.0,40,20.0,20.0,False,False,False,False,,,,,3
5,[1.12591127 4.7027392 ],40,RandomSearch1,QingN2,3.2909352009421973,404.71528809385563,1592154617.7357264,0.0015554710000031946,Continuous,Differentiable,Separable,Scalable,Multimodal,2,True,False,Qing,0.0,40,20.0,20.0,False,False,False,False,,,,,3
6,[11.38847193 27.76353702],39,RandomSearch2,QingN2,28.323262445441642,607637.940848408,1612295182.828641,0.0012036619999946652,Continuous,Differentiable,Separable,Scalable,Multimodal,2,True,False,Qing,0.0,40,20.0,19.5,False,False,False,False,,,,,3
7,[50.4704264  47.83742461],43,CMAES,QingN2,67.84126776086568,11711172.780983595,655786918.1213638,0.05452420800000368,Continuous,Differentiable,Separable,Scalable,Multimodal,2,True,False,Qing,0.0,40,20.0,21.5,False,False,False,False,,,,,3
