,BestArm,NumberFunctionEval,Algorithm,CostFunction,EuclideanDistance,TrueRewardDifference,CumulativeRegret,TimeToComplete,Continuous,Differentiability,Separability,Scalability,Modality,Ndimensions,OptimizationSuccessful,BBOB,BaseClass,SD,MaxFeval,MaxFevalPerDimensions,FevalPerDimensions,SolveAt1,SolveAt1e-1,SolveAt1e-3,SolveAt1e-6,SolveEarlierAt1,SolveEarlierAt1e-1,SolveEarlierAt1e-3,SolveEarlierAt1e-6,simNumber
0,[58.19585587 76.7664172 ],2000,NiaPyNelderMead,QingN2,94.60084841901521,46168211.46670462,92393830651.39093,0.09217011099997308,Continuous,Differentiable,Separable,Scalable,Multimodal,2,True,False,Qing,0.0,2000,1000.0,1000.0,False,False,False,False,,,,,0
1,[1.00576778 1.38658316],2000,NiaPyPSO,QingN2,0.0282259932205411,0.0061226092966765394,13276823734.307713,0.07135022499994648,Continuous,Differentiable,Separable,Scalable,Multimodal,2,True,False,Qing,0.0,2000,1000.0,1000.0,True,True,False,False,537.0,807.0,,,0
2,[19.17622456 40.05282487],2000,NiaPySimulatedAnnealing,QingN2,42.700321109695345,2701626.187478248,9566850702.786335,0.07769520499994087,Continuous,Differentiable,Separable,Scalable,Multimodal,2,True,False,Qing,0.0,2000,1000.0,1000.0,False,False,False,False,,,,,0
3,[2.53016821 6.85851037],2000,NiaPyCuckooSearch,QingN2,5.655243801775539,2057.705250141966,78229907847.9401,0.048724038000045766,Continuous,Differentiable,Separable,Scalable,Multimodal,2,True,False,Qing,0.0,2000,1000.0,1000.0,False,False,False,False,,,,,0
4,[0.92996006 1.25190028],2000,NiaPyDifferentialEvolution,QingN2,0.1767800798065387,0.20554092921333525,4690213148.858521,0.3077548210000032,Continuous,Differentiable,Separable,Scalable,Multimodal,2,True,False,Qing,0.0,2000,1000.0,1000.0,True,False,False,False,282.0,,,,0
5,[1.28059151 0.82492894],2000,RandomSearch1,QingN2,0.6526775317485676,2.1505504876635384,79846955587.93777,0.03741044299999885,Continuous,Differentiable,Separable,Scalable,Multimodal,2,True,False,Qing,0.0,2000,1000.0,1000.0,False,False,False,False,,,,,0
6,[1.4015697  1.54849392],1999,RandomSearch2,QingN2,0.42342583453936156,1.0883342028460556,84759985575.98947,0.0441762089999429,Continuous,Differentiable,Separable,Scalable,Multimodal,2,True,False,Qing,0.0,2000,1000.0,999.5,False,False,False,False,,,,,0
7,[ 1.         -1.41421356],643,CMAES,QingN2,2.8284271253735254,3.848657475893494e-18,765112996.084876,0.20867450399998688,Continuous,Differentiable,Separable,Scalable,Multimodal,2,True,False,Qing,0.0,2000,1000.0,321.5,True,True,True,True,128.0,224.0,267.0,381.0,0
