,BestArm,NumberFunctionEval,Algorithm,CostFunction,EuclideanDistance,TrueRewardDifference,CumulativeRegret,TimeToComplete,Continuous,Differentiability,Separability,Scalability,Modality,Ndimensions,OptimizationSuccessful,BBOB,BaseClass,SD,MaxFeval,MaxFevalPerDimensions,FevalPerDimensions,SolveAt1,SolveAt1e-1,SolveAt1e-3,SolveAt1e-6,SolveEarlierAt1,SolveEarlierAt1e-1,SolveEarlierAt1e-3,SolveEarlierAt1e-6,simNumber
0,[61.44756828 25.49562056],40,NiaPyNelderMead,QingN2,65.06783133089131,14669081.14210453,681418595.9818873,0.0028105529999891132,Continuous,Differentiable,Separable,Scalable,Multimodal,2,True,False,Qing,3.0,40,20.0,20.0,False,False,False,False,,,,,6
1,[33.62173879 14.72493603],40,NiaPyPSO,QingN2,35.23284226315544,1321741.755514151,1250171854.7615957,0.001954412000003458,Continuous,Differentiable,Separable,Scalable,Multimodal,2,True,False,Qing,3.0,40,20.0,20.0,False,False,False,False,,,,,6
2,[49.39983662 98.19205563],40,NiaPySimulatedAnnealing,QingN2,108.20579882317634,98873824.86972949,4010506992.69416,0.002223898000011104,Continuous,Differentiable,Separable,Scalable,Multimodal,2,True,False,Qing,3.0,40,20.0,20.0,False,False,False,False,,,,,6
3,[ 9.49482911 14.2708948 ],40,NiaPyCuckooSearch,QingN2,15.409619529804306,48614.16560974694,1222008686.9904208,0.0015472710000068446,Continuous,Differentiable,Separable,Scalable,Multimodal,2,True,False,Qing,3.0,40,20.0,20.0,False,False,False,False,,,,,6
4,[ 0.         24.62740124],40,NiaPyDifferentialEvolution,QingN2,23.234717174593687,365432.0003428892,2316830597.8196487,0.0059190850000021555,Continuous,Differentiable,Separable,Scalable,Multimodal,2,True,False,Qing,3.0,40,20.0,20.0,False,False,False,False,,,,,6
5,[ 3.46138773 13.12953463],40,RandomSearch1,QingN2,11.97109758108047,29151.52590844407,1858571874.01143,0.0015500119999956041,Continuous,Differentiable,Separable,Scalable,Multimodal,2,True,False,Qing,3.0,40,20.0,20.0,False,False,False,False,,,,,6
6,[11.67224051 28.83697599],39,RandomSearch2,QingN2,29.426257262614683,706478.5311932557,1682124322.1774907,0.0013062019999949825,Continuous,Differentiable,Separable,Scalable,Multimodal,2,True,False,Qing,3.0,40,20.0,19.5,False,False,False,False,,,,,6
7,[39.77953308 41.64776567],43,CMAES,QingN2,55.88014764753224,5502543.874534822,333241366.92168206,0.05345379599999944,Continuous,Differentiable,Separable,Scalable,Multimodal,2,True,False,Qing,3.0,40,20.0,21.5,False,False,False,False,,,,,6
