,BestArm,NumberFunctionEval,Algorithm,CostFunction,EuclideanDistance,TrueRewardDifference,CumulativeRegret,TimeToComplete,Continuous,Differentiability,Separability,Scalability,Modality,Ndimensions,OptimizationSuccessful,BBOB,BaseClass,SD,MaxFeval,MaxFevalPerDimensions,FevalPerDimensions,SolveAt1,SolveAt1e-1,SolveAt1e-3,SolveAt1e-6,SolveEarlierAt1,SolveEarlierAt1e-1,SolveEarlierAt1e-3,SolveEarlierAt1e-6,simNumber
0,[18.43046237 38.54237803],2000,NiaPyNelderMead,QingN2,41.0161140908144,2315521.9294171855,4633013430.428101,0.09107856200000697,Continuous,Differentiable,Separable,Scalable,Multimodal,2,True,False,Qing,0.0,2000,1000.0,1000.0,False,False,False,False,,,,,3
1,[0.98092957 1.4258683 ],2000,NiaPyPSO,QingN2,0.022349812921152252,0.002522752448881167,12089526092.493803,0.07078057000001081,Continuous,Differentiable,Separable,Scalable,Multimodal,2,True,False,Qing,0.0,2000,1000.0,1000.0,True,True,False,False,906.0,1266.0,,,3
2,[72.48326092  7.20047897],2000,NiaPySimulatedAnnealing,QingN2,71.71706532927215,27594635.378958613,81792985556.66248,0.07802997299995695,Continuous,Differentiable,Separable,Scalable,Multimodal,2,True,False,Qing,0.0,2000,1000.0,1000.0,False,False,False,False,,,,,3
3,[1.33817131 5.89953321],2000,NiaPyCuckooSearch,QingN2,4.49804982024075,1076.7599128242455,79444251573.72603,0.04929497800003446,Continuous,Differentiable,Separable,Scalable,Multimodal,2,True,False,Qing,0.0,2000,1000.0,1000.0,False,False,False,False,,,,,3
4,[0.         1.59925753],2000,NiaPyDifferentialEvolution,QingN2,1.0169765330748488,1.3109452363404634,7007756036.43452,0.3023278209999489,Continuous,Differentiable,Separable,Scalable,Multimodal,2,True,False,Qing,0.0,2000,1000.0,1000.0,False,False,False,False,,,,,3
5,[0.85477128 1.07928478],2000,RandomSearch1,QingN2,0.365059815561049,0.7700241733558357,78608459514.70901,0.03733586500004549,Continuous,Differentiable,Separable,Scalable,Multimodal,2,True,False,Qing,0.0,2000,1000.0,1000.0,True,False,False,False,1524.0,,,,3
6,[3.57424763 3.89310527],1999,RandomSearch2,QingN2,3.573745230139163,311.7438262141555,81557618272.83044,0.04418200899999647,Continuous,Differentiable,Separable,Scalable,Multimodal,2,True,False,Qing,0.0,2000,1000.0,999.5,False,False,False,False,,,,,3
7,[-0.99999999  1.41421357],643,CMAES,QingN2,1.9999999923950127,4.782185555436081e-16,766174923.7236325,0.20722901099998126,Continuous,Differentiable,Separable,Scalable,Multimodal,2,True,False,Qing,0.0,2000,1000.0,321.5,True,True,True,True,131.0,131.0,280.0,345.0,3
