,BestArm,NumberFunctionEval,Algorithm,CostFunction,EuclideanDistance,TrueRewardDifference,CumulativeRegret,TimeToComplete,Continuous,Differentiability,Separability,Scalability,Modality,Ndimensions,OptimizationSuccessful,BBOB,BaseClass,SD,MaxFeval,MaxFevalPerDimensions,FevalPerDimensions,SolveAt1,SolveAt1e-1,SolveAt1e-3,SolveAt1e-6,SolveEarlierAt1,SolveEarlierAt1e-1,SolveEarlierAt1e-3,SolveEarlierAt1e-6,simNumber
0,[34.22199996 57.23550507],200,NiaPyNelderMead,QingN2,64.95935549736767,12087681.097529411,2447102386.2532206,0.011291752000005317,Continuous,Differentiable,Separable,Scalable,Multimodal,2,True,False,Qing,0.0,200,100.0,100.0,False,False,False,False,,,,,4
1,[ 9.13229274 24.10197144],200,NiaPyPSO,QingN2,24.10121454399048,341920.58781155414,6890631756.601164,0.007588787000003094,Continuous,Differentiable,Separable,Scalable,Multimodal,2,True,False,Qing,0.0,200,100.0,100.0,False,False,False,False,,,,,4
2,[68.38594877 75.92975115],200,NiaPySimulatedAnnealing,QingN2,100.46607105794014,55077529.982298076,11683268773.29532,0.008232151999976622,Continuous,Differentiable,Separable,Scalable,Multimodal,2,True,False,Qing,0.0,200,100.0,100.0,False,False,False,False,,,,,4
3,[7.57096237 5.18414221],200,NiaPyCuckooSearch,QingN2,7.575612739392558,3790.664891682271,8506422452.024218,0.005557790000011664,Continuous,Differentiable,Separable,Scalable,Multimodal,2,True,False,Qing,0.0,200,100.0,100.0,False,False,False,False,,,,,4
4,[0. 0.],200,NiaPyDifferentialEvolution,QingN2,1.7320508075688774,5.0,6504627597.453777,0.029723939999996674,Continuous,Differentiable,Separable,Scalable,Multimodal,2,True,False,Qing,0.0,200,100.0,100.0,False,False,False,False,,,,,4
5,[7.98891984 5.25794362],200,RandomSearch1,QingN2,7.976168331669404,4604.425080469504,8290057535.7337265,0.003887308999992456,Continuous,Differentiable,Separable,Scalable,Multimodal,2,True,False,Qing,0.0,200,100.0,100.0,False,False,False,False,,,,,4
6,[6.56188615 2.59511794],199,RandomSearch2,QingN2,5.685869562038322,1791.3215780278679,7911239904.581535,0.004668631000015466,Continuous,Differentiable,Separable,Scalable,Multimodal,2,True,False,Qing,0.0,200,100.0,99.5,False,False,False,False,,,,,4
7,[1.0411739  1.40127856],205,CMAES,QingN2,0.04315790279116808,0.008389541224464302,70087961.94749597,0.09196844900000656,Continuous,Differentiable,Separable,Scalable,Multimodal,2,True,False,Qing,0.0,200,100.0,102.5,True,True,False,False,96.0,100.0,,,4
