,BestArm,NumberFunctionEval,Algorithm,CostFunction,EuclideanDistance,TrueRewardDifference,CumulativeRegret,TimeToComplete,Continuous,Differentiability,Separability,Scalability,Modality,Ndimensions,OptimizationSuccessful,BBOB,BaseClass,SD,MaxFeval,MaxFevalPerDimensions,FevalPerDimensions,SolveAt1,SolveAt1e-1,SolveAt1e-3,SolveAt1e-6,SolveEarlierAt1,SolveEarlierAt1e-1,SolveEarlierAt1e-3,SolveEarlierAt1e-6,simNumber
0,[76.42197569 68.74166187],40,NiaPyNelderMead,QingN2,101.10123497514627,56408298.44953762,2297967941.0766172,0.002624597999997036,Continuous,Differentiable,Separable,Scalable,Multimodal,2,True,False,Qing,3.0,40,20.0,20.0,False,False,False,False,,,,,5
1,[20.29519966 13.16575324],40,NiaPyPSO,QingN2,22.59210957096816,198191.19493853775,1469638996.1587446,0.002032303999996543,Continuous,Differentiable,Separable,Scalable,Multimodal,2,True,False,Qing,3.0,40,20.0,20.0,False,False,False,False,,,,,5
2,[11.15520999  9.01034625],40,NiaPySimulatedAnnealing,QingN2,12.681857976023537,21507.591471445237,990813.744826525,0.002218310999992923,Continuous,Differentiable,Separable,Scalable,Multimodal,2,True,False,Qing,3.0,40,20.0,20.0,False,False,False,False,,,,,5
3,[13.47499262  2.13873089],40,NiaPyCuckooSearch,QingN2,12.496014008668837,32614.11081943153,1833319697.7671757,0.001525774000000979,Continuous,Differentiable,Separable,Scalable,Multimodal,2,True,False,Qing,3.0,40,20.0,20.0,False,False,False,False,,,,,5
4,[0. 0.],40,NiaPyDifferentialEvolution,QingN2,1.7320508075688774,5.0,2130276874.0460048,0.006040420999994467,Continuous,Differentiable,Separable,Scalable,Multimodal,2,True,False,Qing,3.0,40,20.0,20.0,False,False,False,False,,,,,5
5,[17.90034987  8.6172742 ],40,RandomSearch1,QingN2,18.37133387424373,107251.88376957431,1246405018.2439616,0.0010982799999936788,Continuous,Differentiable,Separable,Scalable,Multimodal,2,True,False,Qing,3.0,40,20.0,20.0,False,False,False,False,,,,,5
6,[ 0.11951758 34.12631788],39,RandomSearch2,QingN2,32.72395175513343,1351652.6884933212,1879838979.327916,0.001342248000000268,Continuous,Differentiable,Separable,Scalable,Multimodal,2,True,False,Qing,3.0,40,20.0,19.5,False,False,False,False,,,,,5
7,[36.09185909 38.49723199],43,CMAES,QingN2,51.05476304647012,3884729.73060517,319722000.85074764,0.05242407999999443,Continuous,Differentiable,Separable,Scalable,Multimodal,2,True,False,Qing,3.0,40,20.0,21.5,False,False,False,False,,,,,5
