,BestArm,NumberFunctionEval,Algorithm,CostFunction,EuclideanDistance,TrueRewardDifference,CumulativeRegret,TimeToComplete,Continuous,Differentiability,Separability,Scalability,Modality,Ndimensions,OptimizationSuccessful,BBOB,BaseClass,SD,MaxFeval,MaxFevalPerDimensions,FevalPerDimensions,SolveAt1,SolveAt1e-1,SolveAt1e-3,SolveAt1e-6,SolveEarlierAt1,SolveEarlierAt1e-1,SolveEarlierAt1e-3,SolveEarlierAt1e-6,simNumber
0,[28.23731529 86.40586126],40,NiaPyNelderMead,QingN2,89.24937827294518,56345057.76134042,2331640241.280142,0.002632011999992301,Continuous,Differentiable,Separable,Scalable,Multimodal,2,True,False,Qing,3.0,40,20.0,20.0,False,False,False,False,,,,,7
1,[17.40434447 13.94250556],40,NiaPyPSO,QingN2,20.64123585953659,128165.62047496196,1495343114.9939325,0.0024857129999986682,Continuous,Differentiable,Separable,Scalable,Multimodal,2,True,False,Qing,3.0,40,20.0,20.0,False,False,False,False,,,,,7
2,[27.49557366 80.53310714],40,NiaPySimulatedAnnealing,QingN2,83.43749004258461,42606861.986310095,1776930448.3591886,0.002328570000003083,Continuous,Differentiable,Separable,Scalable,Multimodal,2,True,False,Qing,3.0,40,20.0,20.0,False,False,False,False,,,,,7
3,[0.9312424  1.63888676],40,NiaPyCuckooSearch,QingN2,0.23495883389531788,0.4881596960323263,1399948316.709477,0.0017169119999920213,Continuous,Differentiable,Separable,Scalable,Multimodal,2,True,False,Qing,3.0,40,20.0,20.0,True,False,False,False,7.0,,,,7
4,[3.61424735 0.        ],40,NiaPyDifferentialEvolution,QingN2,2.972253216194246,149.51075472584344,1711148426.8853087,0.006270697999994468,Continuous,Differentiable,Separable,Scalable,Multimodal,2,True,False,Qing,3.0,40,20.0,20.0,False,False,False,False,,,,,7
5,[15.971897   25.03234941],40,RandomSearch1,QingN2,27.963798754597647,454715.8610704433,1824578937.4820032,0.001555757000005542,Continuous,Differentiable,Separable,Scalable,Multimodal,2,True,False,Qing,3.0,40,20.0,20.0,False,False,False,False,,,,,7
6,[14.72183743 13.08691103],39,RandomSearch2,QingN2,18.01501286596792,75191.90901573011,1833290427.361177,0.0015911049999886018,Continuous,Differentiable,Separable,Scalable,Multimodal,2,True,False,Qing,3.0,40,20.0,19.5,False,False,False,False,,,,,7
7,[34.96137277 32.15908187],43,CMAES,QingN2,45.81071673177503,2557018.1481196536,292095487.2839708,0.05314155799999298,Continuous,Differentiable,Separable,Scalable,Multimodal,2,True,False,Qing,3.0,40,20.0,21.5,False,False,False,False,,,,,7
