,BestArm,NumberFunctionEval,Algorithm,CostFunction,EuclideanDistance,TrueRewardDifference,CumulativeRegret,TimeToComplete,Continuous,Differentiability,Separability,Scalability,Modality,Ndimensions,OptimizationSuccessful,BBOB,BaseClass,SD,MaxFeval,MaxFevalPerDimensions,FevalPerDimensions,SolveAt1,SolveAt1e-1,SolveAt1e-3,SolveAt1e-6,SolveEarlierAt1,SolveEarlierAt1e-1,SolveEarlierAt1e-3,SolveEarlierAt1e-6,simNumber
0,[13.15587201  1.45382849],2000,NiaPyNelderMead,QingN2,12.15593656371209,29610.495971106266,202578550.3994048,0.09250768599997627,Continuous,Differentiable,Separable,Scalable,Multimodal,2,True,False,Qing,0.0,2000,1000.0,1000.0,False,False,False,False,,,,,7
1,[0.98578207 1.42308366],2000,NiaPyPSO,QingN2,0.01675792601781996,0.0014305250373886679,15622409724.77587,0.07166021700004421,Continuous,Differentiable,Separable,Scalable,Multimodal,2,True,False,Qing,0.0,2000,1000.0,1000.0,True,True,False,False,739.0,739.0,,,7
2,[47.6438432 11.9284791],2000,NiaPySimulatedAnnealing,QingN2,47.81420174516812,5167750.537865683,14349966666.636984,0.07772973700002694,Continuous,Differentiable,Separable,Scalable,Multimodal,2,True,False,Qing,0.0,2000,1000.0,1000.0,False,False,False,False,,,,,7
3,[6.52317152 6.07983914],2000,NiaPyCuckooSearch,QingN2,7.23004049978039,2949.0616521999395,83553498950.20412,0.04972172699990551,Continuous,Differentiable,Separable,Scalable,Multimodal,2,True,False,Qing,0.0,2000,1000.0,1000.0,False,False,False,False,,,,,7
4,[0.         1.55500394],2000,NiaPyDifferentialEvolution,QingN2,1.0098623319532318,1.1747551366155304,5474982141.078648,0.3057810939999399,Continuous,Differentiable,Separable,Scalable,Multimodal,2,True,False,Qing,0.0,2000,1000.0,1000.0,False,False,False,False,,,,,7
5,[1.19460691 0.05832107],2000,RandomSearch1,QingN2,1.369786953401615,4.168808345016111,78811537978.10516,0.03810292399998616,Continuous,Differentiable,Separable,Scalable,Multimodal,2,True,False,Qing,0.0,2000,1000.0,1000.0,False,False,False,False,,,,,7
6,[3.95426086 2.46384381],1999,RandomSearch2,QingN2,3.1351843471412506,230.78691903762459,83925987180.35002,0.04477602300005401,Continuous,Differentiable,Separable,Scalable,Multimodal,2,True,False,Qing,0.0,2000,1000.0,999.5,False,False,False,False,,,,,7
7,[ 0.99999998 -1.41421357],709,CMAES,QingN2,2.8284271338840057,2.8710574946914467e-15,1886452735.1272907,0.23099409700000706,Continuous,Differentiable,Separable,Scalable,Multimodal,2,True,False,Qing,0.0,2000,1000.0,354.5,True,True,True,True,244.0,312.0,358.0,441.0,7
