,BestArm,NumberFunctionEval,Algorithm,CostFunction,EuclideanDistance,TrueRewardDifference,CumulativeRegret,TimeToComplete,Continuous,Differentiability,Separability,Scalability,Modality,Ndimensions,OptimizationSuccessful,BBOB,BaseClass,SD,MaxFeval,MaxFevalPerDimensions,FevalPerDimensions,SolveAt1,SolveAt1e-1,SolveAt1e-3,SolveAt1e-6,SolveEarlierAt1,SolveEarlierAt1e-1,SolveEarlierAt1e-3,SolveEarlierAt1e-6,simNumber
0,[47.31420415 31.40821247],200,NiaPyNelderMead,QingN2,55.17830620803651,5976198.154363865,1295551208.8466434,0.010823301999977275,Continuous,Differentiable,Separable,Scalable,Multimodal,2,True,False,Qing,0.0,200,100.0,100.0,False,False,False,False,,,,,6
1,[13.98169433  1.71801289],200,NiaPyPSO,QingN2,12.985248621519574,37826.400649549134,6477544248.8505335,0.007267790000014429,Continuous,Differentiable,Separable,Scalable,Multimodal,2,True,False,Qing,0.0,200,100.0,100.0,False,False,False,False,,,,,6
2,[41.66209198  4.38665444],200,NiaPySimulatedAnnealing,QingN2,40.77059147044399,3009585.1659193207,678580036.7268987,0.007871674999989864,Continuous,Differentiable,Separable,Scalable,Multimodal,2,True,False,Qing,0.0,200,100.0,100.0,False,False,False,False,,,,,6
3,[11.02568759  6.21067242],200,NiaPyCuckooSearch,QingN2,11.113974498205156,15873.653176908363,7562323699.005432,0.005436814999995931,Continuous,Differentiable,Separable,Scalable,Multimodal,2,True,False,Qing,0.0,200,100.0,100.0,False,False,False,False,,,,,6
4,[0.         1.38366836],200,NiaPyDifferentialEvolution,QingN2,1.0004663958715374,1.007303730216601,4737747945.490645,0.028515131000006022,Continuous,Differentiable,Separable,Scalable,Multimodal,2,True,False,Qing,0.0,200,100.0,100.0,False,False,False,False,,,,,6
5,[2.18466062 4.56398325],200,RandomSearch1,QingN2,3.365184969675909,368.80034045260396,8198118245.59483,0.003876031000004332,Continuous,Differentiable,Separable,Scalable,Multimodal,2,True,False,Qing,0.0,200,100.0,100.0,False,False,False,False,,,,,6
6,[4.73673984 3.66527426],199,RandomSearch2,QingN2,4.362396002605997,590.2740305182183,8346912086.079712,0.00514956200001393,Continuous,Differentiable,Separable,Scalable,Multimodal,2,True,False,Qing,0.0,200,100.0,99.5,False,False,False,False,,,,,6
7,[-1.01035244 -1.41985728],205,CMAES,QingN2,3.474690560955027,0.0006889721721757317,71229942.44311734,0.09426859399999898,Continuous,Differentiable,Separable,Scalable,Multimodal,2,True,False,Qing,0.0,200,100.0,102.5,True,True,True,False,128.0,170.0,193.0,,6
