,BestArm,NumberFunctionEval,Algorithm,CostFunction,EuclideanDistance,TrueRewardDifference,CumulativeRegret,TimeToComplete,Continuous,Differentiability,Separability,Scalability,Modality,Ndimensions,OptimizationSuccessful,BBOB,BaseClass,SD,MaxFeval,MaxFevalPerDimensions,FevalPerDimensions,SolveAt1,SolveAt1e-1,SolveAt1e-3,SolveAt1e-6,SolveEarlierAt1,SolveEarlierAt1e-1,SolveEarlierAt1e-3,SolveEarlierAt1e-6,simNumber
0,[74.10290334 54.94855899],2000,NiaPyNelderMead,QingN2,90.60883299449642,39247103.99428955,78501441760.92667,0.09353589299996656,Continuous,Differentiable,Separable,Scalable,Multimodal,2,True,False,Qing,0.0,2000,1000.0,1000.0,False,False,False,False,,,,,1
1,[0.97015925 1.41842372],2000,NiaPyPSO,QingN2,0.03013628863532056,0.0035986113468950984,12216793960.14237,0.07505895799999962,Continuous,Differentiable,Separable,Scalable,Multimodal,2,True,False,Qing,0.0,2000,1000.0,1000.0,True,True,False,False,277.0,1340.0,,,1
2,[92.36103325 48.01997834],2000,NiaPySimulatedAnnealing,QingN2,102.56186282772636,78061441.31086798,189994119097.51193,0.07931516299993291,Continuous,Differentiable,Separable,Scalable,Multimodal,2,True,False,Qing,0.0,2000,1000.0,1000.0,False,False,False,False,,,,,1
3,[14.27041567  9.62716475],2000,NiaPyCuckooSearch,QingN2,15.606296781880934,49288.179861720746,86261100768.96964,0.04868880699996225,Continuous,Differentiable,Separable,Scalable,Multimodal,2,True,False,Qing,0.0,2000,1000.0,1000.0,False,False,False,False,,,,,1
4,[0.99805455 0.        ],2000,NiaPyDifferentialEvolution,QingN2,1.414214900498605,4.000015109730881,7250472754.425267,0.30327365100004045,Continuous,Differentiable,Separable,Scalable,Multimodal,2,True,False,Qing,0.0,2000,1000.0,1000.0,False,False,False,False,,,,,1
5,[0.20766884 1.95909925],2000,RandomSearch1,QingN2,0.9616075449869305,4.294107991018519,79825894417.10855,0.03765574699991703,Continuous,Differentiable,Separable,Scalable,Multimodal,2,True,False,Qing,0.0,2000,1000.0,1000.0,False,False,False,False,,,,,1
6,[0.46787741 2.58634678],1999,RandomSearch2,QingN2,1.2872648284556798,22.598602566445404,82048911793.6694,0.04402195800003028,Continuous,Differentiable,Separable,Scalable,Multimodal,2,True,False,Qing,0.0,2000,1000.0,999.5,False,False,False,False,,,,,1
7,[-1.          1.41421356],637,CMAES,QingN2,1.9999999972766953,3.4232713850027534e-17,1083044375.9021535,0.21162136600003123,Continuous,Differentiable,Separable,Scalable,Multimodal,2,True,False,Qing,0.0,2000,1000.0,318.5,True,True,True,True,149.0,202.0,260.0,367.0,1
