,BestArm,NumberFunctionEval,Algorithm,CostFunction,EuclideanDistance,TrueRewardDifference,CumulativeRegret,TimeToComplete,Continuous,Differentiability,Separability,Scalability,Modality,Ndimensions,OptimizationSuccessful,BBOB,BaseClass,SD,MaxFeval,MaxFevalPerDimensions,FevalPerDimensions,SolveAt1,SolveAt1e-1,SolveAt1e-3,SolveAt1e-6,SolveEarlierAt1,SolveEarlierAt1e-1,SolveEarlierAt1e-3,SolveEarlierAt1e-6,simNumber
0,[37.47866563 85.19347016],200000,NiaPyNelderMead,QingN2,91.37645693793233,54618716.209279925,10923830756856.818,9.085344840998005,Continuous,Differentiable,Separable,Scalable,Multimodal,2,True,False,Qing,0.0,200000,100000.0,100000.0,False,False,False,False,,,,,9
1,[1.00022294 1.41446079],200000,NiaPyPSO,QingN2,0.00033290443859858234,6.879270818160522e-07,14347882218.725382,7.324748629005626,Continuous,Differentiable,Separable,Scalable,Multimodal,2,True,False,Qing,0.0,200000,100000.0,100000.0,True,True,True,True,291.0,291.0,2585.0,181292.0,9
2,[34.05239029 30.21487997],200000,NiaPySimulatedAnnealing,QingN2,43.83992346038686,2172083.327503404,6843075350326.963,7.784402359000524,Continuous,Differentiable,Separable,Scalable,Multimodal,2,True,False,Qing,0.0,200000,100000.0,100000.0,False,False,False,False,,,,,9
3,[0.84803899 1.55392695],200000,NiaPyCuckooSearch,QingN2,0.20642669467501998,0.25083236111339585,8038214887747.451,4.882832194001821,Continuous,Differentiable,Separable,Scalable,Multimodal,2,True,False,Qing,0.0,200000,100000.0,100000.0,True,False,False,False,91903.0,,,,9
4,[0.         1.41335028],200000,NiaPyDifferentialEvolution,QingN2,1.000000372625404,1.0000059583687406,5688078682.63684,30.87472975000128,Continuous,Differentiable,Separable,Scalable,Multimodal,2,True,False,Qing,0.0,200000,100000.0,100000.0,False,False,False,False,,,,,9
5,[0.98989621 1.46418234],200000,RandomSearch1,QingN2,0.0509800488765307,0.021091278926261905,8005038271208.694,3.7807851640027366,Continuous,Differentiable,Separable,Scalable,Multimodal,2,True,False,Qing,0.0,200000,100000.0,100000.0,True,True,False,False,17064.0,159596.0,,,9
6,[1.01681238 1.33591957],199999,RandomSearch2,QingN2,0.08007874586602738,0.04751194441744194,8025948994618.08,4.51877347700065,Continuous,Differentiable,Separable,Scalable,Multimodal,2,True,False,Qing,0.0,200000,100000.0,99999.5,True,True,False,False,18396.0,91678.0,,,9
7,[-0.99999998 -1.41421356],637,CMAES,QingN2,3.4641016050023836,1.6757504099477614e-15,10434193617.784012,0.20359646099677775,Continuous,Differentiable,Separable,Scalable,Multimodal,2,True,False,Qing,0.0,200000,100000.0,318.5,True,True,True,True,189.0,256.0,289.0,357.0,9
