,BestArm,NumberFunctionEval,Algorithm,CostFunction,EuclideanDistance,TrueRewardDifference,CumulativeRegret,TimeToComplete,Continuous,Differentiability,Separability,Scalability,Modality,Ndimensions,OptimizationSuccessful,BBOB,BaseClass,SD,MaxFeval,MaxFevalPerDimensions,FevalPerDimensions,SolveAt1,SolveAt1e-1,SolveAt1e-3,SolveAt1e-6,SolveEarlierAt1,SolveEarlierAt1e-1,SolveEarlierAt1e-3,SolveEarlierAt1e-6,simNumber
0,[57.26894249 82.42604108],200,NiaPyNelderMead,QingN2,98.6362513855152,56882055.79225203,11394837694.981968,0.01088637899999867,Continuous,Differentiable,Separable,Scalable,Multimodal,2,True,False,Qing,3.0,200,100.0,100.0,False,False,False,False,,,,,3
1,[7.6245391  4.86177533],200,NiaPyPSO,QingN2,7.467944865269037,3732.401539154885,6115241648.4127655,0.008635580999992953,Continuous,Differentiable,Separable,Scalable,Multimodal,2,True,False,Qing,3.0,200,100.0,100.0,False,False,False,False,,,,,3
2,[21.03253055 63.35855041],200,NiaPySimulatedAnnealing,QingN2,65.10301949997275,16293403.84844884,4039487673.9812994,0.009528095999996822,Continuous,Differentiable,Separable,Scalable,Multimodal,2,True,False,Qing,3.0,200,100.0,100.0,False,False,False,False,,,,,3
3,[17.54824545 22.25024167],200,NiaPyCuckooSearch,QingN2,26.60797803302611,337333.96174662,5815775260.4046,0.006782667999999603,Continuous,Differentiable,Separable,Scalable,Multimodal,2,True,False,Qing,3.0,200,100.0,100.0,False,False,False,False,,,,,3
4,[0. 0.],200,NiaPyDifferentialEvolution,QingN2,1.7320508075688774,5.0,7838341995.895133,0.0321102369999835,Continuous,Differentiable,Separable,Scalable,Multimodal,2,True,False,Qing,3.0,200,100.0,100.0,False,False,False,False,,,,,3
5,[3.48231722 6.20426899],200,RandomSearch1,QingN2,5.395046780545459,1455.5354092024695,8203771612.6006365,0.004970934999988685,Continuous,Differentiable,Separable,Scalable,Multimodal,2,True,False,Qing,3.0,200,100.0,100.0,False,False,False,False,,,,,3
6,[15.62213179  5.63048715],199,RandomSearch2,QingN2,15.21787439367643,59956.02111729341,9584265107.178104,0.005841443000008439,Continuous,Differentiable,Separable,Scalable,Multimodal,2,True,False,Qing,3.0,200,100.0,99.5,False,False,False,False,,,,,3
7,[-0.36895664 -0.96449965],205,CMAES,QingN2,2.7445070249543324,1.890617691903798,8952907560.346539,0.09368088299999044,Continuous,Differentiable,Separable,Scalable,Multimodal,2,True,False,Qing,3.0,200,100.0,102.5,False,False,False,False,194.0,,,,3
