,BestArm,NumberFunctionEval,Algorithm,CostFunction,EuclideanDistance,TrueRewardDifference,CumulativeRegret,TimeToComplete,Continuous,Differentiability,Separability,Scalability,Modality,Ndimensions,OptimizationSuccessful,BBOB,BaseClass,SD,MaxFeval,MaxFevalPerDimensions,FevalPerDimensions,SolveAt1,SolveAt1e-1,SolveAt1e-3,SolveAt1e-6,SolveEarlierAt1,SolveEarlierAt1e-1,SolveEarlierAt1e-3,SolveEarlierAt1e-6,simNumber
0,[27.60817589  8.27513099],200,NiaPyNelderMead,QingN2,27.478486346702375,583862.0555035969,144274122.67922658,0.011059846999984302,Continuous,Differentiable,Separable,Scalable,Multimodal,2,True,False,Qing,3.0,200,100.0,100.0,False,False,False,False,,,,,7
1,[ 8.98640169 30.13658642],200,NiaPyPSO,QingN2,29.8120330472049,827584.4518372952,9619417998.983505,0.00901101700000595,Continuous,Differentiable,Separable,Scalable,Multimodal,2,True,False,Qing,3.0,200,100.0,100.0,False,False,False,False,,,,,7
2,[13.08682736 27.12870865],200,NiaPySimulatedAnnealing,QingN2,28.41349420969766,567697.4992210807,150275116.60604677,0.009974158000005673,Continuous,Differentiable,Separable,Scalable,Multimodal,2,True,False,Qing,3.0,200,100.0,100.0,False,False,False,False,,,,,7
3,[11.86725665 25.0578782 ],200,NiaPyCuckooSearch,QingN2,26.02153232880619,411300.3068975128,7394479056.482763,0.007281454000008125,Continuous,Differentiable,Separable,Scalable,Multimodal,2,True,False,Qing,3.0,200,100.0,100.0,False,False,False,False,,,,,7
4,[0. 0.],200,NiaPyDifferentialEvolution,QingN2,1.7320508075688774,5.0,5015581418.047241,0.03131252200000745,Continuous,Differentiable,Separable,Scalable,Multimodal,2,True,False,Qing,3.0,200,100.0,100.0,False,False,False,False,,,,,7
5,[1.59238634 6.45223501],200,RandomSearch1,QingN2,5.072729211884807,1573.0011964117655,8021270480.574382,0.005603848000021117,Continuous,Differentiable,Separable,Scalable,Multimodal,2,True,False,Qing,3.0,200,100.0,100.0,False,False,False,False,,,,,7
6,[ 8.04735524 12.72917363],199,RandomSearch2,QingN2,13.330173940495925,29675.524858682456,8109062298.483009,0.006435850000002574,Continuous,Differentiable,Separable,Scalable,Multimodal,2,True,False,Qing,3.0,200,100.0,99.5,False,False,False,False,,,,,7
7,[-0.67410304  1.26415216],205,CMAES,QingN2,1.6808151027657663,0.4592022201060393,6228585448.805441,0.09484064000000103,Continuous,Differentiable,Separable,Scalable,Multimodal,2,True,False,Qing,3.0,200,100.0,102.5,True,False,False,False,175.0,175.0,,,7
