,BestArm,NumberFunctionEval,Algorithm,CostFunction,EuclideanDistance,TrueRewardDifference,CumulativeRegret,TimeToComplete,Continuous,Differentiability,Separability,Scalability,Modality,Ndimensions,OptimizationSuccessful,BBOB,BaseClass,SD,MaxFeval,MaxFevalPerDimensions,FevalPerDimensions,SolveAt1,SolveAt1e-1,SolveAt1e-3,SolveAt1e-6,SolveEarlierAt1,SolveEarlierAt1e-1,SolveEarlierAt1e-3,SolveEarlierAt1e-6,simNumber
0,[53.25957746 40.98863606],40,NiaPyNelderMead,QingN2,65.5530194007368,10856441.806288222,448606824.9763378,0.0022852809999989177,Continuous,Differentiable,Separable,Scalable,Multimodal,2,True,False,Qing,0.0,40,20.0,20.0,False,False,False,False,,,,,1
1,[17.79400536  7.56904227],40,NiaPyPSO,QingN2,17.886322490733995,102677.1958345499,1270892628.5495095,0.0016687359999991713,Continuous,Differentiable,Separable,Scalable,Multimodal,2,True,False,Qing,0.0,40,20.0,20.0,False,False,False,False,,,,,1
2,[62.52745457 43.68223454],40,NiaPySimulatedAnnealing,QingN2,74.64725891518643,18911160.078740545,791533676.752918,0.0018324810000081015,Continuous,Differentiable,Separable,Scalable,Multimodal,2,True,False,Qing,0.0,40,20.0,20.0,False,False,False,False,,,,,1
3,[ 4.62538467 12.22134853],40,NiaPyCuckooSearch,QingN2,11.399016633973208,22131.29311397173,2097596762.4321585,0.0016108859999945935,Continuous,Differentiable,Separable,Scalable,Multimodal,2,True,False,Qing,0.0,40,20.0,20.0,False,False,False,False,,,,,1
4,[0. 0.],40,NiaPyDifferentialEvolution,QingN2,1.7320508075688774,5.0,1931073199.2623286,0.005964777999992066,Continuous,Differentiable,Separable,Scalable,Multimodal,2,True,False,Qing,0.0,40,20.0,20.0,False,False,False,False,,,,,1
5,[7.37783879 7.64091062],40,RandomSearch1,QingN2,8.913393512624483,6034.133393198463,1536137860.673338,0.001518153999995775,Continuous,Differentiable,Separable,Scalable,Multimodal,2,True,False,Qing,0.0,40,20.0,20.0,False,False,False,False,,,,,1
6,[9.0405469  0.69141708],39,RandomSearch2,QingN2,8.072969042546008,6519.889495487811,1349337485.3860667,0.0014933290000129773,Continuous,Differentiable,Separable,Scalable,Multimodal,2,True,False,Qing,0.0,40,20.0,19.5,False,False,False,False,,,,,1
7,[35.16960307 41.47873608],43,CMAES,QingN2,52.65669700066683,4480643.808745294,543722034.0173439,0.05362520899998913,Continuous,Differentiable,Separable,Scalable,Multimodal,2,True,False,Qing,0.0,40,20.0,21.5,False,False,False,False,,,,,1
