,BestArm,NumberFunctionEval,Algorithm,CostFunction,EuclideanDistance,TrueRewardDifference,CumulativeRegret,TimeToComplete,Continuous,Differentiability,Separability,Scalability,Modality,Ndimensions,OptimizationSuccessful,BBOB,BaseClass,SD,MaxFeval,MaxFevalPerDimensions,FevalPerDimensions,SolveAt1,SolveAt1e-1,SolveAt1e-3,SolveAt1e-6,SolveEarlierAt1,SolveEarlierAt1e-1,SolveEarlierAt1e-3,SolveEarlierAt1e-6,simNumber
0,[50.29881261 42.37683002],40,NiaPyNelderMead,QingN2,64.09609092933397,9613395.139671165,451455414.6269214,0.002171363000002202,Continuous,Differentiable,Separable,Scalable,Multimodal,2,True,False,Qing,0.0,40,20.0,20.0,False,False,False,False,,,,,0
1,[11.02285562  9.12933168],40,NiaPyPSO,QingN2,12.648347020494601,21138.016119128886,1823021564.1196475,0.0016655459999981304,Continuous,Differentiable,Separable,Scalable,Multimodal,2,True,False,Qing,0.0,40,20.0,20.0,False,False,False,False,,,,,0
2,[52.40851775 98.40671719],40,NiaPySimulatedAnnealing,QingN2,109.77422947568459,101277447.75205953,4141138956.554922,0.0017784629999937351,Continuous,Differentiable,Separable,Scalable,Multimodal,2,True,False,Qing,0.0,40,20.0,20.0,False,False,False,False,,,,,0
3,[25.23907805 23.20823107],40,NiaPyCuckooSearch,QingN2,32.59619768895604,692473.2288812888,1190642574.5349336,0.0012859590000005028,Continuous,Differentiable,Separable,Scalable,Multimodal,2,True,False,Qing,0.0,40,20.0,20.0,False,False,False,False,,,,,0
4,[ 1.56284426 14.67044669],40,NiaPyDifferentialEvolution,QingN2,13.268176607230542,45465.70467196299,1480205119.3105323,0.005694513000008783,Continuous,Differentiable,Separable,Scalable,Multimodal,2,True,False,Qing,0.0,40,20.0,20.0,False,False,False,False,,,,,0
5,[22.15020984  7.95817362],40,RandomSearch1,QingN2,22.13943968644492,243500.97466966903,1819213885.831424,0.000894273000000112,Continuous,Differentiable,Separable,Scalable,Multimodal,2,True,False,Qing,0.0,40,20.0,20.0,False,False,False,False,,,,,0
6,[12.50933119 15.07707702],39,RandomSearch2,QingN2,17.864449116829974,74943.39178348467,1955406508.2315836,0.0010630350000013777,Continuous,Differentiable,Separable,Scalable,Multimodal,2,True,False,Qing,0.0,40,20.0,19.5,False,False,False,False,,,,,0
7,[52.31670715 51.73071604],43,CMAES,QingN2,71.86901178433806,14636537.327706192,685952481.8431123,0.05240470299999345,Continuous,Differentiable,Separable,Scalable,Multimodal,2,True,False,Qing,0.0,40,20.0,21.5,False,False,False,False,,,,,0
