,BestArm,NumberFunctionEval,Algorithm,CostFunction,EuclideanDistance,TrueRewardDifference,CumulativeRegret,TimeToComplete,Continuous,Differentiability,Separability,Scalability,Modality,Ndimensions,OptimizationSuccessful,BBOB,BaseClass,SD,MaxFeval,MaxFevalPerDimensions,FevalPerDimensions,SolveAt1,SolveAt1e-1,SolveAt1e-3,SolveAt1e-6,SolveEarlierAt1,SolveEarlierAt1e-1,SolveEarlierAt1e-3,SolveEarlierAt1e-6,simNumber
0,[55.39692545 38.80363327],200000,NiaPyNelderMead,QingN2,66.00753141904914,11672695.275899308,2334587165266.8003,8.988762938002765,Continuous,Differentiable,Separable,Scalable,Multimodal,2,True,False,Qing,0.0,200000,100000.0,100000.0,False,False,False,False,,,,,8
1,[0.99919251 1.41371544],200000,NiaPyPSO,QingN2,0.0009487734152215046,4.590400699198182e-06,11786799698.566078,7.2690808229963295,Continuous,Differentiable,Separable,Scalable,Multimodal,2,True,False,Qing,0.0,200000,100000.0,100000.0,True,True,True,False,593.0,855.0,4137.0,,8
2,[13.52139669  7.40812603],200000,NiaPySimulatedAnnealing,QingN2,13.882087798495702,35857.81224342873,12155532799470.53,7.8157262680033455,Continuous,Differentiable,Separable,Scalable,Multimodal,2,True,False,Qing,0.0,200000,100000.0,100000.0,False,False,False,False,,,,,8
3,[1.0237234  1.48506844],200000,NiaPyCuckooSearch,QingN2,0.07472090500802213,0.04450569901412288,8044940529864.112,4.887003014999209,Continuous,Differentiable,Separable,Scalable,Multimodal,2,True,False,Qing,0.0,200000,100000.0,100000.0,True,True,False,False,27535.0,31399.0,,,8
4,[0.         1.42615432],200000,NiaPyDifferentialEvolution,QingN2,1.000071288325656,1.0011503051838617,5148682825.248949,30.681898552000348,Continuous,Differentiable,Separable,Scalable,Multimodal,2,True,False,Qing,0.0,200000,100000.0,100000.0,False,False,False,False,,,,,8
5,[1.03311031 1.37115785],200000,RandomSearch1,QingN2,0.05431470084278809,0.01891384572613639,8002530320457.938,3.757659547001822,Continuous,Differentiable,Separable,Scalable,Multimodal,2,True,False,Qing,0.0,200000,100000.0,100000.0,True,True,False,False,2930.0,44773.0,,,8
6,[1.03763359 1.43543387],199999,RandomSearch2,QingN2,0.04320403742162944,0.009537024069170237,8030242837937.967,4.490225924993865,Continuous,Differentiable,Separable,Scalable,Multimodal,2,True,False,Qing,0.0,200000,100000.0,99999.5,True,True,False,False,43640.0,43640.0,,,8
7,[-1.         -1.41421357],679,CMAES,QingN2,3.4641016209116056,2.535980844547058e-16,7873582359.136547,0.2184599669999443,Continuous,Differentiable,Separable,Scalable,Multimodal,2,True,False,Qing,0.0,200000,100000.0,339.5,True,True,True,True,149.0,159.0,254.0,423.0,8
