,BestArm,NumberFunctionEval,Algorithm,CostFunction,EuclideanDistance,TrueRewardDifference,CumulativeRegret,TimeToComplete,Continuous,Differentiability,Separability,Scalability,Modality,Ndimensions,OptimizationSuccessful,BBOB,BaseClass,SD,MaxFeval,MaxFevalPerDimensions,FevalPerDimensions,SolveAt1,SolveAt1e-1,SolveAt1e-3,SolveAt1e-6,SolveEarlierAt1,SolveEarlierAt1e-1,SolveEarlierAt1e-3,SolveEarlierAt1e-6,simNumber
0,[ 1.39752818 -0.45742955],40,NiaPyNelderMead,QingN2,1.91339400046161,4.115185995425858,68901769.99640088,0.002503904000008106,Continuous,Differentiable,Separable,Scalable,Multimodal,2,True,False,Qing,0.0,40,20.0,20.0,False,False,False,False,,,,,5
1,[17.21802772  6.383896  ],40,NiaPyPSO,QingN2,16.962375026914984,88798.7767867745,1661710686.479147,0.0017105189999995218,Continuous,Differentiable,Separable,Scalable,Multimodal,2,True,False,Qing,0.0,40,20.0,20.0,False,False,False,False,,,,,5
2,[22.90793046  8.70671014],40,NiaPySimulatedAnnealing,QingN2,23.08977962796672,279785.8905901631,11904264.54433192,0.00176359000001014,Continuous,Differentiable,Separable,Scalable,Multimodal,2,True,False,Qing,0.0,40,20.0,20.0,False,False,False,False,,,,,5
3,[ 4.11036011 16.4136651 ],40,NiaPyCuckooSearch,QingN2,15.318547140066437,71759.90641750685,1095242204.0649676,0.0012254700000084995,Continuous,Differentiable,Separable,Scalable,Multimodal,2,True,False,Qing,0.0,40,20.0,20.0,False,False,False,False,,,,,5
4,[7.76323388 0.58510442],40,NiaPyDifferentialEvolution,QingN2,6.813864872896314,3515.4199643521624,1895135686.3908606,0.0057235599999927445,Continuous,Differentiable,Separable,Scalable,Multimodal,2,True,False,Qing,0.0,40,20.0,20.0,False,False,False,False,,,,,5
5,[5.08996497 6.44495123],40,RandomSearch1,QingN2,6.483527969034051,2183.601392142422,1399447749.7998219,0.0008601349999963759,Continuous,Differentiable,Separable,Scalable,Multimodal,2,True,False,Qing,0.0,40,20.0,20.0,False,False,False,False,,,,,5
6,[ 9.93267737 32.87599881],39,RandomSearch2,QingN2,32.70530012346814,1173414.0698577652,1711919740.7241902,0.0010052100000024211,Continuous,Differentiable,Separable,Scalable,Multimodal,2,True,False,Qing,0.0,40,20.0,19.5,False,False,False,False,,,,,5
7,[47.52872518 38.56752005],43,CMAES,QingN2,59.54234165770774,7305044.810961988,627913403.0081923,0.05281584600000144,Continuous,Differentiable,Separable,Scalable,Multimodal,2,True,False,Qing,0.0,40,20.0,21.5,False,False,False,False,,,,,5
