,BestArm,NumberFunctionEval,Algorithm,CostFunction,EuclideanDistance,TrueRewardDifference,CumulativeRegret,TimeToComplete,Continuous,Differentiability,Separability,Scalability,Modality,Ndimensions,OptimizationSuccessful,BBOB,BaseClass,SD,MaxFeval,MaxFevalPerDimensions,FevalPerDimensions,SolveAt1,SolveAt1e-1,SolveAt1e-3,SolveAt1e-6,SolveEarlierAt1,SolveEarlierAt1e-1,SolveEarlierAt1e-3,SolveEarlierAt1e-6,simNumber
0,[40.62044632 22.30523699],200,NiaPyNelderMead,QingN2,44.790787292316566,2964812.76918568,616160181.7834985,0.012081679000004897,Continuous,Differentiable,Separable,Scalable,Multimodal,2,True,False,Qing,3.0,200,100.0,100.0,False,False,False,False,,,,,4
1,[6.29081123 5.57167901],200,NiaPyPSO,QingN2,6.728833656755434,2331.5081819789802,6353660836.324923,0.009040581999983033,Continuous,Differentiable,Separable,Scalable,Multimodal,2,True,False,Qing,3.0,200,100.0,100.0,False,False,False,False,,,,,4
2,[9.72669494e+01 2.02993680e-02],200,NiaPySimulatedAnnealing,QingN2,96.2770405524006,89488944.6131573,18733626889.196724,0.009988533000012012,Continuous,Differentiable,Separable,Scalable,Multimodal,2,True,False,Qing,3.0,200,100.0,100.0,False,False,False,False,,,,,4
3,[5.13434012 7.06816851],200,NiaPyCuckooSearch,QingN2,7.004282600611108,2943.2693317289995,5265279008.008011,0.00695264300000531,Continuous,Differentiable,Separable,Scalable,Multimodal,2,True,False,Qing,3.0,200,100.0,100.0,False,False,False,False,,,,,4
4,[0. 0.],200,NiaPyDifferentialEvolution,QingN2,1.7320508075688774,5.0,5778278453.714993,0.03123469999999884,Continuous,Differentiable,Separable,Scalable,Multimodal,2,True,False,Qing,3.0,200,100.0,100.0,False,False,False,False,,,,,4
5,[ 8.85962855 12.34103592],200,RandomSearch1,QingN2,13.459911140170528,28595.60885462645,8225170487.809986,0.004864840999999842,Continuous,Differentiable,Separable,Scalable,Multimodal,2,True,False,Qing,3.0,200,100.0,100.0,False,False,False,False,,,,,4
6,[9.95693483 8.77582735],199,RandomSearch2,QingN2,11.593965634218014,15258.839877564022,8910254305.102268,0.005875251999981401,Continuous,Differentiable,Separable,Scalable,Multimodal,2,True,False,Qing,3.0,200,100.0,99.5,False,False,False,False,,,,,4
7,[0.11685262 1.20943023],205,CMAES,QingN2,0.9065790162863945,1.2615455919857406,6879432258.013181,0.0962654289999989,Continuous,Differentiable,Separable,Scalable,Multimodal,2,True,False,Qing,3.0,200,100.0,102.5,False,False,False,False,145.0,181.0,,,4
