,BestArm,NumberFunctionEval,Algorithm,CostFunction,EuclideanDistance,TrueRewardDifference,CumulativeRegret,TimeToComplete,Continuous,Differentiability,Separability,Scalability,Modality,Ndimensions,OptimizationSuccessful,BBOB,BaseClass,SD,MaxFeval,MaxFevalPerDimensions,FevalPerDimensions,SolveAt1,SolveAt1e-1,SolveAt1e-3,SolveAt1e-6,SolveEarlierAt1,SolveEarlierAt1e-1,SolveEarlierAt1e-3,SolveEarlierAt1e-6,simNumber
0,[24.98183742 77.41114606],40,NiaPyNelderMead,QingN2,79.69104262648663,36274160.8267272,1491130468.3225145,0.0024576100000075485,Continuous,Differentiable,Separable,Scalable,Multimodal,2,True,False,Qing,3.0,40,20.0,20.0,False,False,False,False,,,,,4
1,[1.41659043 4.93917852],40,NiaPyPSO,QingN2,3.5494965233632088,502.5712281079312,1528995669.8091125,0.0019632679999972424,Continuous,Differentiable,Separable,Scalable,Multimodal,2,True,False,Qing,3.0,40,20.0,20.0,False,False,False,False,,,,,4
2,[62.34515509 31.36005483],40,NiaPySimulatedAnnealing,QingN2,68.26405688872902,16063611.597043013,666082075.4870698,0.00210227700000587,Continuous,Differentiable,Separable,Scalable,Multimodal,2,True,False,Qing,3.0,40,20.0,20.0,False,False,False,False,,,,,4
3,[1.05024583 1.39786039],40,NiaPyCuckooSearch,QingN2,0.052840035688664674,0.012727100229393534,1789169461.1189418,0.0014783279999903698,Continuous,Differentiable,Separable,Scalable,Multimodal,2,True,False,Qing,3.0,40,20.0,20.0,True,True,False,False,18.0,18.0,,,4
4,[10.76997235 10.55680655],40,NiaPyDifferentialEvolution,QingN2,13.380559263765937,25201.69299540209,1685023041.9075413,0.005989077999998926,Continuous,Differentiable,Separable,Scalable,Multimodal,2,True,False,Qing,3.0,40,20.0,20.0,False,False,False,False,,,,,4
5,[23.26403446 24.56669033],40,RandomSearch1,QingN2,32.120467165107286,653661.6155091055,1235004306.268706,0.0011153669999970361,Continuous,Differentiable,Separable,Scalable,Multimodal,2,True,False,Qing,3.0,40,20.0,20.0,False,False,False,False,,,,,4
6,[13.53488805  4.80371551],39,RandomSearch2,QingN2,12.98507381190476,33638.54453870852,1352489895.176826,0.0012511770000003253,Continuous,Differentiable,Separable,Scalable,Multimodal,2,True,False,Qing,3.0,40,20.0,19.5,False,False,False,False,,,,,4
7,[45.3918684  40.96673534],43,CMAES,QingN2,59.45620202395592,7051110.334694482,353171916.4288214,0.05219175699998857,Continuous,Differentiable,Separable,Scalable,Multimodal,2,True,False,Qing,3.0,40,20.0,21.5,False,False,False,False,,,,,4
