,BestArm,NumberFunctionEval,Algorithm,CostFunction,EuclideanDistance,TrueRewardDifference,CumulativeRegret,TimeToComplete,Continuous,Differentiability,Separability,Scalability,Modality,Ndimensions,OptimizationSuccessful,BBOB,BaseClass,SD,MaxFeval,MaxFevalPerDimensions,FevalPerDimensions,SolveAt1,SolveAt1e-1,SolveAt1e-3,SolveAt1e-6,SolveEarlierAt1,SolveEarlierAt1e-1,SolveEarlierAt1e-3,SolveEarlierAt1e-6,simNumber
0,[-5.95855023 11.26251959],40,NiaPyNelderMead,QingN2,12.058629814155639,16776.659288559033,88650173.31992295,0.002933854999994878,Continuous,Differentiable,Separable,Scalable,Multimodal,2,True,False,Qing,3.0,40,20.0,20.0,False,False,False,False,,,,,1
1,[4.54223245 6.29511026],40,NiaPyPSO,QingN2,6.030801218629533,1801.308023440111,1341709412.125927,0.0022944910000006757,Continuous,Differentiable,Separable,Scalable,Multimodal,2,True,False,Qing,3.0,40,20.0,20.0,False,False,False,False,,,,,1
2,[35.65709333 62.45169432],40,NiaPySimulatedAnnealing,QingN2,70.19037095886824,16810061.428546637,684740666.5984607,0.002581457999994541,Continuous,Differentiable,Separable,Scalable,Multimodal,2,True,False,Qing,3.0,40,20.0,20.0,False,False,False,False,,,,,1
3,[10.60493361 20.55267076],40,NiaPyCuckooSearch,QingN2,21.413437224041918,189170.8422488397,1179644183.2515883,0.0017011399999944388,Continuous,Differentiable,Separable,Scalable,Multimodal,2,True,False,Qing,3.0,40,20.0,20.0,False,False,False,False,,,,,1
4,[10.89136517  0.        ],40,NiaPyDifferentialEvolution,QingN2,9.991952012410719,13838.89615524813,1488353195.9661334,0.007913787999996202,Continuous,Differentiable,Separable,Scalable,Multimodal,2,True,False,Qing,3.0,40,20.0,20.0,False,False,False,False,,,,,1
5,[ 9.668715   10.87276625],40,RandomSearch1,QingN2,12.830075554647138,22059.701233880864,1059709568.7304351,0.0016702890000033221,Continuous,Differentiable,Separable,Scalable,Multimodal,2,True,False,Qing,3.0,40,20.0,20.0,False,False,False,False,,,,,1
6,[25.4219472  11.35797577],39,RandomSearch2,QingN2,26.36872981481782,432510.25925682695,1639533727.1079502,0.001477625999996235,Continuous,Differentiable,Separable,Scalable,Multimodal,2,True,False,Qing,3.0,40,20.0,19.5,False,False,False,False,,,,,1
7,[31.55166706 34.32473462],43,CMAES,QingN2,44.905531467789174,2372462.369683362,287558508.52793145,0.05344758799999738,Continuous,Differentiable,Separable,Scalable,Multimodal,2,True,False,Qing,3.0,40,20.0,21.5,False,False,False,False,,,,,1
