,BestArm,NumberFunctionEval,Algorithm,CostFunction,EuclideanDistance,TrueRewardDifference,CumulativeRegret,TimeToComplete,Continuous,Differentiability,Separability,Scalability,Modality,Ndimensions,OptimizationSuccessful,BBOB,BaseClass,SD,MaxFeval,MaxFevalPerDimensions,FevalPerDimensions,SolveAt1,SolveAt1e-1,SolveAt1e-3,SolveAt1e-6,SolveEarlierAt1,SolveEarlierAt1e-1,SolveEarlierAt1e-3,SolveEarlierAt1e-6,simNumber
0,[68.04062317  6.39824132],20000,NiaPyNelderMead,QingN2,67.22563267023448,21424772.77801568,428501801186.1472,0.9137916339996082,Continuous,Differentiable,Separable,Scalable,Multimodal,2,True,False,Qing,0.0,20000,10000.0,10000.0,False,False,False,False,,,,,9
1,[1.00143729 1.41289686],20000,NiaPyPSO,QingN2,0.0019492288584586797,2.213173808383203e-05,17693060589.896694,0.7119253420005407,Continuous,Differentiable,Separable,Scalable,Multimodal,2,True,False,Qing,0.0,20000,10000.0,10000.0,True,True,True,False,904.0,904.0,4969.0,,9
2,[38.98462404 76.14133256],20000,NiaPySimulatedAnnealing,QingN2,83.82704800172658,35894605.71024411,1479945449571.2307,0.7886621799998466,Continuous,Differentiable,Separable,Scalable,Multimodal,2,True,False,Qing,0.0,20000,10000.0,10000.0,False,False,False,False,,,,,9
3,[1.59311235 3.04418102],20000,NiaPyCuckooSearch,QingN2,1.7345247726586146,55.17530827989821,842040607350.4663,0.4897308409999823,Continuous,Differentiable,Separable,Scalable,Multimodal,2,True,False,Qing,0.0,20000,10000.0,10000.0,False,False,False,False,,,,,9
4,[0.         1.41898477],20000,NiaPyDifferentialEvolution,QingN2,1.0000113821459056,1.0001827303014512,10118028185.696297,3.0852704710005128,Continuous,Differentiable,Separable,Scalable,Multimodal,2,True,False,Qing,0.0,20000,10000.0,10000.0,False,False,False,False,,,,,9
5,[0.85688401 1.50697679],20000,RandomSearch1,QingN2,0.1705497140552031,0.14405260700219022,799445839077.0621,0.37714029499966273,Continuous,Differentiable,Separable,Scalable,Multimodal,2,True,False,Qing,0.0,20000,10000.0,10000.0,True,False,False,False,10866.0,,,,9
6,[0.56999027 1.52318119],19999,RandomSearch2,QingN2,0.44360152259951235,0.5582267845297884,805167340248.9169,0.44973505799953273,Continuous,Differentiable,Separable,Scalable,Multimodal,2,True,False,Qing,0.0,20000,10000.0,9999.5,True,False,False,False,12360.0,,,,9
7,[-1.          1.41421355],613,CMAES,QingN2,1.9999999953600176,1.126257056518531e-15,1459808760.3523626,0.199454636000155,Continuous,Differentiable,Separable,Scalable,Multimodal,2,True,False,Qing,0.0,20000,10000.0,306.5,True,True,True,True,148.0,213.0,255.0,367.0,9
