,BestArm,NumberFunctionEval,Algorithm,CostFunction,EuclideanDistance,TrueRewardDifference,CumulativeRegret,TimeToComplete,Continuous,Differentiability,Separability,Scalability,Modality,Ndimensions,OptimizationSuccessful,BBOB,BaseClass,SD,MaxFeval,MaxFevalPerDimensions,FevalPerDimensions,SolveAt1,SolveAt1e-1,SolveAt1e-3,SolveAt1e-6,SolveEarlierAt1,SolveEarlierAt1e-1,SolveEarlierAt1e-3,SolveEarlierAt1e-6,simNumber
0,[17.89053316  4.21335533],20000,NiaPyNelderMead,QingN2,17.120902579472617,102054.55284035779,2100657024.7329257,0.8938347580005939,Continuous,Differentiable,Separable,Scalable,Multimodal,2,True,False,Qing,0.0,20000,10000.0,10000.0,False,False,False,False,,,,,8
1,[0.99921843 1.41440465],20000,NiaPyPSO,QingN2,0.000804591479971064,2.7336645720050826e-06,12234026495.879013,0.7176455919998261,Continuous,Differentiable,Separable,Scalable,Multimodal,2,True,False,Qing,0.0,20000,10000.0,10000.0,True,True,True,False,965.0,965.0,3464.0,,8
2,[18.87208711 68.90659678],20000,NiaPySimulatedAnnealing,QingN2,69.81857410586281,22651781.87172546,1534122678925.935,0.7800161399991339,Continuous,Differentiable,Separable,Scalable,Multimodal,2,True,False,Qing,0.0,20000,10000.0,10000.0,False,False,False,False,,,,,8
3,[2.20896109 4.1325493 ],20000,NiaPyCuckooSearch,QingN2,2.9750522878186083,242.39558156744795,814119865101.4719,0.4917236299997967,Continuous,Differentiable,Separable,Scalable,Multimodal,2,True,False,Qing,0.0,20000,10000.0,10000.0,False,False,False,False,,,,,8
4,[0.         1.43366765],20000,NiaPyDifferentialEvolution,QingN2,1.0001892128694032,1.0030694848471733,7186875999.346247,3.0829836689999865,Continuous,Differentiable,Separable,Scalable,Multimodal,2,True,False,Qing,0.0,20000,10000.0,10000.0,False,False,False,False,,,,,8
5,[1.30215007 1.14568402],20000,RandomSearch1,QingN2,0.40423110017620606,0.9563820790803563,785390485275.6421,0.38056683400009206,Continuous,Differentiable,Separable,Scalable,Multimodal,2,True,False,Qing,0.0,20000,10000.0,10000.0,True,False,False,False,4037.0,,,,8
6,[0.84596326 1.2375629 ],19999,RandomSearch2,QingN2,0.23437742290044622,0.30028697717743935,801821305753.7233,0.44650548200024787,Continuous,Differentiable,Separable,Scalable,Multimodal,2,True,False,Qing,0.0,20000,10000.0,9999.5,True,False,False,False,10130.0,,,,8
7,[-1.         -1.41421356],685,CMAES,QingN2,3.4641016147465553,1.3594527481640903e-18,979678858.249976,0.21924588000001677,Continuous,Differentiable,Separable,Scalable,Multimodal,2,True,False,Qing,0.0,20000,10000.0,342.5,True,True,True,True,145.0,152.0,298.0,351.0,8
