,BestArm,NumberFunctionEval,Algorithm,CostFunction,EuclideanDistance,TrueRewardDifference,CumulativeRegret,TimeToComplete,Continuous,Differentiability,Separability,Scalability,Modality,Ndimensions,OptimizationSuccessful,BBOB,BaseClass,SD,MaxFeval,MaxFevalPerDimensions,FevalPerDimensions,SolveAt1,SolveAt1e-1,SolveAt1e-3,SolveAt1e-6,SolveEarlierAt1,SolveEarlierAt1e-1,SolveEarlierAt1e-3,SolveEarlierAt1e-6,simNumber
0,[42.49870724 52.90122715],200000,NiaPyNelderMead,QingN2,66.12908037050137,11079165.884409234,2215854605619.3564,9.785361019996344,Continuous,Differentiable,Separable,Scalable,Multimodal,2,True,False,Qing,3.0,200000,100000.0,100000.0,False,False,False,False,,,,,9
1,[0.         1.19122211],200000,NiaPyPSO,QingN2,1.0245609734737986,1.3375492493777248,8160725035.600459,8.71060526400106,Continuous,Differentiable,Separable,Scalable,Multimodal,2,True,False,Qing,3.0,200000,100000.0,100000.0,False,False,False,False,409.0,979.0,9498.0,,9
2,[44.48368607 52.66687496],200000,NiaPySimulatedAnnealing,QingN2,67.21358682960354,11594559.896669295,10049364945152.855,9.739948955997534,Continuous,Differentiable,Separable,Scalable,Multimodal,2,True,False,Qing,3.0,200000,100000.0,100000.0,False,False,False,False,,,,,9
3,[0.58954222 1.42771411],200000,NiaPyCuckooSearch,QingN2,0.4106797480718986,0.4271499887789581,8106309862324.317,6.368260725001164,Continuous,Differentiable,Separable,Scalable,Multimodal,2,True,False,Qing,3.0,200000,100000.0,100000.0,True,False,False,False,151112.0,,,,9
4,[0. 0.],200000,NiaPyDifferentialEvolution,QingN2,1.7320508075688774,5.0,4553812907.668704,33.78076782300195,Continuous,Differentiable,Separable,Scalable,Multimodal,2,True,False,Qing,3.0,200000,100000.0,100000.0,False,False,False,False,,,,,9
5,[0.29134573 1.48319987],200000,RandomSearch1,QingN2,0.7120042064382833,0.8773931060475663,7992414156988.573,4.898041957996611,Continuous,Differentiable,Separable,Scalable,Multimodal,2,True,False,Qing,3.0,200000,100000.0,100000.0,True,False,False,False,19269.0,95679.0,,,9
6,[0.38348989 1.4186484 ],199999,RandomSearch2,QingN2,0.6165260631536124,0.7276568135934847,8003320850684.1045,5.780264512999565,Continuous,Differentiable,Separable,Scalable,Multimodal,2,True,False,Qing,3.0,200000,100000.0,99999.5,True,False,False,False,23356.0,,,,9
7,[0.85262825 1.37569991],3211,CMAES,QingN2,0.15232115409447514,0.08608813727469966,14117650420.016277,0.8926406370010227,Continuous,Differentiable,Separable,Scalable,Multimodal,2,True,False,Qing,3.0,200000,100000.0,1605.5,True,True,False,False,194.0,254.0,,,9
