,BestArm,NumberFunctionEval,Algorithm,CostFunction,EuclideanDistance,TrueRewardDifference,CumulativeRegret,TimeToComplete,Continuous,Differentiability,Separability,Scalability,Modality,Ndimensions,OptimizationSuccessful,BBOB,BaseClass,SD,MaxFeval,MaxFevalPerDimensions,FevalPerDimensions,SolveAt1,SolveAt1e-1,SolveAt1e-3,SolveAt1e-6,SolveEarlierAt1,SolveEarlierAt1e-1,SolveEarlierAt1e-3,SolveEarlierAt1e-6,simNumber
0,[45.46102852 20.9482421 ],40,NiaPyNelderMead,QingN2,48.56296251218992,4457957.059659034,218842639.74641305,0.002741665000002058,Continuous,Differentiable,Separable,Scalable,Multimodal,2,True,False,Qing,0.0,40,20.0,20.0,False,False,False,False,,,,,2
1,[5.72488014 0.83181994],40,NiaPyPSO,QingN2,4.760638055306558,1011.3141928829588,2223285593.2678385,0.0017219270000055076,Continuous,Differentiable,Separable,Scalable,Multimodal,2,True,False,Qing,0.0,40,20.0,20.0,False,False,False,False,,,,,2
2,[51.31170093 81.35494937],40,NiaPySimulatedAnnealing,QingN2,94.45521950777022,50706611.68015009,2098547527.1633782,0.0018502589999940255,Continuous,Differentiable,Separable,Scalable,Multimodal,2,True,False,Qing,0.0,40,20.0,20.0,False,False,False,False,,,,,2
3,[4.30283648 8.78573048],40,NiaPyCuckooSearch,QingN2,8.077622825383735,5960.149025254006,1384955513.369542,0.001283560999993938,Continuous,Differentiable,Separable,Scalable,Multimodal,2,True,False,Qing,0.0,40,20.0,20.0,False,False,False,False,,,,,2
4,[10.63853345  0.        ],40,NiaPyDifferentialEvolution,QingN2,9.741731214690624,12587.992071108527,1954194449.8020487,0.0066002750000109245,Continuous,Differentiable,Separable,Scalable,Multimodal,2,True,False,Qing,0.0,40,20.0,20.0,False,False,False,False,,,,,2
5,[20.03561373  9.31139087],40,RandomSearch1,QingN2,20.608735998415227,167515.26410339004,1502117326.269072,0.0009347999999960166,Continuous,Differentiable,Separable,Scalable,Multimodal,2,True,False,Qing,0.0,40,20.0,20.0,False,False,False,False,,,,,2
6,[ 7.40489497 18.35720469],39,RandomSearch2,QingN2,18.113189337051566,115114.20083848621,1046615282.4854157,0.0010713300000020354,Continuous,Differentiable,Separable,Scalable,Multimodal,2,True,False,Qing,0.0,40,20.0,19.5,False,False,False,False,,,,,2
7,[48.26555478 45.2014352 ],43,CMAES,QingN2,64.43099756462226,9588583.192709824,632226427.2186575,0.05387588799999321,Continuous,Differentiable,Separable,Scalable,Multimodal,2,True,False,Qing,0.0,40,20.0,21.5,False,False,False,False,,,,,2
