,BestArm,NumberFunctionEval,Algorithm,CostFunction,EuclideanDistance,TrueRewardDifference,CumulativeRegret,TimeToComplete,Continuous,Differentiability,Separability,Scalability,Modality,Ndimensions,OptimizationSuccessful,BBOB,BaseClass,SD,MaxFeval,MaxFevalPerDimensions,FevalPerDimensions,SolveAt1,SolveAt1e-1,SolveAt1e-3,SolveAt1e-6,SolveEarlierAt1,SolveEarlierAt1e-1,SolveEarlierAt1e-3,SolveEarlierAt1e-6,simNumber
0,[51.94933397 12.62538571],200,NiaPyNelderMead,QingN2,52.16823758728967,7302539.832112491,1467477091.3696907,0.011127023000000236,Continuous,Differentiable,Separable,Scalable,Multimodal,2,True,False,Qing,3.0,200,100.0,100.0,False,False,False,False,,,,,6
1,[22.96459187 19.881292  ],200,NiaPyPSO,QingN2,28.6962764477436,431725.9544694144,6974990275.706804,0.008635053999995534,Continuous,Differentiable,Separable,Scalable,Multimodal,2,True,False,Qing,3.0,200,100.0,100.0,False,False,False,False,,,,,6
2,[55.86154599  8.8360115 ],200,NiaPySimulatedAnnealing,QingN2,55.36128893620567,9737144.535050249,2218061561.04743,0.009977595000009387,Continuous,Differentiable,Separable,Scalable,Multimodal,2,True,False,Qing,3.0,200,100.0,100.0,False,False,False,False,,,,,6
3,[2.4291965  5.66741258],200,NiaPyCuckooSearch,QingN2,4.48690367067508,931.2079770147087,8584244095.9723015,0.007928582000005235,Continuous,Differentiable,Separable,Scalable,Multimodal,2,True,False,Qing,3.0,200,100.0,100.0,False,False,False,False,,,,,6
4,[0. 0.],200,NiaPyDifferentialEvolution,QingN2,1.7320508075688774,5.0,5523183478.194019,0.03367732000000956,Continuous,Differentiable,Separable,Scalable,Multimodal,2,True,False,Qing,3.0,200,100.0,100.0,False,False,False,False,,,,,6
5,[1.14797845 4.7520183 ],200,RandomSearch1,QingN2,3.3410833652522745,423.70649568751674,8617150284.4778,0.005049667999998064,Continuous,Differentiable,Separable,Scalable,Multimodal,2,True,False,Qing,3.0,200,100.0,100.0,False,False,False,False,,,,,6
6,[3.28500854 2.0679748 ],199,RandomSearch2,QingN2,2.3766926128795736,101.05172783646928,7667920228.663565,0.005878262999999606,Continuous,Differentiable,Separable,Scalable,Multimodal,2,True,False,Qing,3.0,200,100.0,99.5,False,False,False,False,,,,,6
7,[-1.06107813 -1.50825386],205,CMAES,QingN2,3.576151408788045,0.09137885589957798,9294974358.462963,0.09627904499998863,Continuous,Differentiable,Separable,Scalable,Multimodal,2,True,False,Qing,3.0,200,100.0,102.5,True,True,False,False,186.0,195.0,,,6
