,BestArm,NumberFunctionEval,Algorithm,CostFunction,EuclideanDistance,TrueRewardDifference,CumulativeRegret,TimeToComplete,Continuous,Differentiability,Separability,Scalability,Modality,Ndimensions,OptimizationSuccessful,BBOB,BaseClass,SD,MaxFeval,MaxFevalPerDimensions,FevalPerDimensions,SolveAt1,SolveAt1e-1,SolveAt1e-3,SolveAt1e-6,SolveEarlierAt1,SolveEarlierAt1e-1,SolveEarlierAt1e-3,SolveEarlierAt1e-6,simNumber
0,[57.93278899 35.75678236],200,NiaPyNelderMead,QingN2,66.48875464110264,12886994.471745946,2589460414.6720853,0.0097905479999838,Continuous,Differentiable,Separable,Scalable,Multimodal,2,True,False,Qing,0.0,200,100.0,100.0,False,False,False,False,,,,,5
1,[32.2761597  13.07067627],200,NiaPyPSO,QingN2,33.3777064556802,1111669.3876393333,8526923644.321598,0.007413127000006625,Continuous,Differentiable,Separable,Scalable,Multimodal,2,True,False,Qing,0.0,200,100.0,100.0,False,False,False,False,,,,,5
2,[61.52655135 61.23286578],200,NiaPySimulatedAnnealing,QingN2,85.09838171804277,28366050.613895535,6039823797.4802685,0.008163701000000856,Continuous,Differentiable,Separable,Scalable,Multimodal,2,True,False,Qing,0.0,200,100.0,100.0,False,False,False,False,,,,,5
3,[ 4.63738022 12.13311943],200,NiaPyCuckooSearch,QingN2,11.319252527838547,21507.16257350932,9763629949.655863,0.005287336999998615,Continuous,Differentiable,Separable,Scalable,Multimodal,2,True,False,Qing,0.0,200,100.0,100.0,False,False,False,False,,,,,5
4,[0.         1.43726868],200,NiaPyDifferentialEvolution,QingN2,1.0002657338232301,1.004321911530466,7472893468.057883,0.030282958000015014,Continuous,Differentiable,Separable,Scalable,Multimodal,2,True,False,Qing,0.0,200,100.0,100.0,False,False,False,False,,,,,5
5,[4.91525213 4.54757662],200,RandomSearch1,QingN2,5.014694733396062,885.3311934865694,7572751418.889153,0.003852158000000827,Continuous,Differentiable,Separable,Scalable,Multimodal,2,True,False,Qing,0.0,200,100.0,100.0,False,False,False,False,,,,,5
6,[11.00801716  1.38450964],199,RandomSearch2,QingN2,10.00806123865607,14442.384062715188,7403555904.122931,0.00453657899998916,Continuous,Differentiable,Separable,Scalable,Multimodal,2,True,False,Qing,0.0,200,100.0,99.5,False,False,False,False,,,,,5
7,[-0.95434839  1.45640068],205,CMAES,QingN2,1.95480366761756,0.02262598120958941,90626805.83609185,0.09291274800000338,Continuous,Differentiable,Separable,Scalable,Multimodal,2,True,False,Qing,0.0,200,100.0,102.5,True,True,False,False,141.0,182.0,,,5
