,BestArm,NumberFunctionEval,Algorithm,CostFunction,EuclideanDistance,TrueRewardDifference,CumulativeRegret,TimeToComplete,Continuous,Differentiability,Separability,Scalability,Modality,Ndimensions,OptimizationSuccessful,BBOB,BaseClass,SD,MaxFeval,MaxFevalPerDimensions,FevalPerDimensions,SolveAt1,SolveAt1e-1,SolveAt1e-3,SolveAt1e-6,SolveEarlierAt1,SolveEarlierAt1e-1,SolveEarlierAt1e-3,SolveEarlierAt1e-6,simNumber
0,[32.86054462 50.05713602],200,NiaPyNelderMead,QingN2,58.14832936962445,7432440.797953349,1501693793.6035967,0.009711008000010679,Continuous,Differentiable,Separable,Scalable,Multimodal,2,True,False,Qing,0.0,200,100.0,100.0,False,False,False,False,,,,,1
1,[4.70224102 6.03753287],200,NiaPyPSO,QingN2,5.922978134236625,1632.6040411820713,4003068555.175994,0.007787328000006255,Continuous,Differentiable,Separable,Scalable,Multimodal,2,True,False,Qing,0.0,200,100.0,100.0,False,False,False,False,,,,,1
2,[82.71197574 76.63186652],200,NiaPySimulatedAnnealing,QingN2,111.06098458545767,81251407.04475889,16848064118.258942,0.008311091000024362,Continuous,Differentiable,Separable,Scalable,Multimodal,2,True,False,Qing,0.0,200,100.0,100.0,False,False,False,False,,,,,1
3,[11.99668417  3.8450819 ],200,NiaPyCuckooSearch,QingN2,11.26215714327807,20589.696984414702,5697857987.337179,0.005656530000010207,Continuous,Differentiable,Separable,Scalable,Multimodal,2,True,False,Qing,0.0,200,100.0,100.0,False,False,False,False,,,,,1
4,[0.         1.28610749],200,NiaPyDifferentialEvolution,QingN2,1.0081721903821177,1.119665849759951,4480569087.81953,0.02921391300000664,Continuous,Differentiable,Separable,Scalable,Multimodal,2,True,False,Qing,0.0,200,100.0,100.0,False,False,False,False,,,,,1
5,[0.41711972 4.20147312],200,RandomSearch1,QingN2,2.8475542592833407,245.67918074219273,8202902673.590809,0.004494479000015872,Continuous,Differentiable,Separable,Scalable,Multimodal,2,True,False,Qing,0.0,200,100.0,100.0,False,False,False,False,,,,,1
6,[4.18898237 0.75861919],199,RandomSearch2,QingN2,3.2556739012461064,275.85137415343854,7849202286.915752,0.005084381000017402,Continuous,Differentiable,Separable,Scalable,Multimodal,2,True,False,Qing,0.0,200,100.0,99.5,False,False,False,False,,,,,1
7,[0.8684609  1.44122509],205,CMAES,QingN2,0.1342838699292014,0.06635467951720167,82005762.90210326,0.0962873860000002,Continuous,Differentiable,Separable,Scalable,Multimodal,2,True,False,Qing,0.0,200,100.0,102.5,True,True,False,False,91.0,154.0,,,1
