,BestArm,NumberFunctionEval,Algorithm,CostFunction,EuclideanDistance,TrueRewardDifference,CumulativeRegret,TimeToComplete,Continuous,Differentiability,Separability,Scalability,Modality,Ndimensions,OptimizationSuccessful,BBOB,BaseClass,SD,MaxFeval,MaxFevalPerDimensions,FevalPerDimensions,SolveAt1,SolveAt1e-1,SolveAt1e-3,SolveAt1e-6,SolveEarlierAt1,SolveEarlierAt1e-1,SolveEarlierAt1e-3,SolveEarlierAt1e-6,simNumber
0,"[-15.77997399   4.64045877  -6.92461131  -3.91986635 -10.07094239
  -7.31393672]",600,NiaPyNelderMead,RosenbrockRotatedN6,22.3315907140117,5488242.759195408,3730596394.645218,0.0974421980000102,Continuous,Differentiable,Non-Separable,Scalable,Unimodal,6,True,True,RosenbrockRotated,0.0,600,100.0,100.0,False,False,False,False,,,,,4
1,[ 3.11163111 -3.37520611  2.8739025  -0.26237291 -2.27030646 -5.64232687],600,NiaPyPSO,RosenbrockRotatedN6,7.549927959555698,273.83318072260744,9429688461.037706,0.10894305700000473,Continuous,Differentiable,Non-Separable,Scalable,Unimodal,6,True,True,RosenbrockRotated,0.0,600,100.0,100.0,False,False,False,False,,,,,4
2,"[  7.18034042  -4.46020511   0.95717002   1.54694566 -17.39686145
   2.47539755]",600,NiaPySimulatedAnnealing,RosenbrockRotatedN6,20.10419567897644,4182190.0261281305,7372360503.953701,0.1116667899999868,Continuous,Differentiable,Non-Separable,Scalable,Unimodal,6,True,True,RosenbrockRotated,0.0,600,100.0,100.0,False,False,False,False,,,,,4
3,[ 8.89664519 -6.83565712  4.11351928 -4.87571122  4.1784936   8.01093032],600,NiaPyCuckooSearch,RosenbrockRotatedN6,15.518116742312559,1053257.0674000347,51725902894.90001,0.09338870800002042,Continuous,Differentiable,Non-Separable,Scalable,Unimodal,6,True,True,RosenbrockRotated,0.0,600,100.0,100.0,False,False,False,False,,,,,4
4,[ 3.66759903 -8.53349743  9.14898037  2.43917272  4.04662879 -8.27766644],600,NiaPyDifferentialEvolution,RosenbrockRotatedN6,16.3813678772577,76926.95551163783,25946798857.432472,0.19296662400000741,Continuous,Differentiable,Non-Separable,Scalable,Unimodal,6,True,True,RosenbrockRotated,0.0,600,100.0,100.0,False,False,False,False,,,,,4
5,[ 8.92802313 -0.87059133 -5.3901931   3.7448791  -0.89341989 -1.88297774],600,RandomSearch1,RosenbrockRotatedN6,11.931223673652168,127551.77873298738,43577670810.95827,0.11803011799997876,Continuous,Differentiable,Non-Separable,Scalable,Unimodal,6,True,True,RosenbrockRotated,0.0,600,100.0,100.0,False,False,False,False,,,,,4
6,"[ -4.60744211  -5.67423439  -8.32308155   3.77430433 -11.55478985
  -5.55046391]",599,RandomSearch2,RosenbrockRotatedN6,17.213958303517444,380106.28425551084,36631185234.089355,0.10173897600000714,Continuous,Differentiable,Non-Separable,Scalable,Unimodal,6,True,True,RosenbrockRotated,0.0,600,100.0,99.83333333333333,False,False,False,False,,,,,4
7,[0.40577029 0.63246318 0.13784884 0.29145633 0.48050861 0.41858435],604,CMAES,RosenbrockRotatedN6,2.252227214970523,5.315595672155378,235382539.42664894,0.258955426,Continuous,Differentiable,Non-Separable,Scalable,Unimodal,6,True,True,RosenbrockRotated,0.0,600,100.0,100.66666666666667,False,False,False,False,,,,,4
