,BestArm,NumberFunctionEval,Algorithm,CostFunction,EuclideanDistance,TrueRewardDifference,CumulativeRegret,TimeToComplete,Continuous,Differentiability,Separability,Scalability,Modality,Ndimensions,OptimizationSuccessful,BBOB,BaseClass,SD,MaxFeval,MaxFevalPerDimensions,FevalPerDimensions,SolveAt1,SolveAt1e-1,SolveAt1e-3,SolveAt1e-6,SolveEarlierAt1,SolveEarlierAt1e-1,SolveEarlierAt1e-3,SolveEarlierAt1e-6,simNumber
0,"[  1.33001292  -0.83661759  -6.28346956  -9.24233751  -3.0735501
 -11.57378969]",6000,NiaPyNelderMead,RosenbrockRotatedN6,16.480286656691227,675774.6445616134,4580902385.4078865,0.6139882280000393,Continuous,Differentiable,Non-Separable,Scalable,Unimodal,6,True,True,RosenbrockRotated,3.0,6000,1000.0,1000.0,False,False,False,False,,,,,1
1,"[ 2.88286704e-01  5.90323156e-05 -3.70639905e-01  4.39437202e-01
  4.56239607e-01 -1.10376070e+00]",6000,NiaPyPSO,RosenbrockRotatedN6,2.537382793779743,7.612299337911264,12394599922.034061,0.6404415649999464,Continuous,Differentiable,Non-Separable,Scalable,Unimodal,6,True,True,RosenbrockRotated,3.0,6000,1000.0,1000.0,False,False,False,False,,,,,1
2,"[  0.89570756  -8.7379664  -17.01302492 -15.56972436   6.62645785
 -26.17139766]",6000,NiaPySimulatedAnnealing,RosenbrockRotatedN6,36.35241203537565,45020797.10855309,570384841202.6338,0.6743900079999321,Continuous,Differentiable,Non-Separable,Scalable,Unimodal,6,True,True,RosenbrockRotated,3.0,6000,1000.0,1000.0,False,False,False,False,,,,,1
3,[ 1.45077437 -5.51402484  2.8035789  -3.25026013 -0.87921387  1.62996598],6000,NiaPyCuckooSearch,RosenbrockRotatedN6,8.096106545186144,28792.38219420652,440595034676.22314,0.5842779910000218,Continuous,Differentiable,Non-Separable,Scalable,Unimodal,6,True,True,RosenbrockRotated,3.0,6000,1000.0,1000.0,False,False,False,False,,,,,1
4,[-0.88042693  0.47516408  0.50150882  0.54685122  0.17121381  0.34249045],6000,NiaPyDifferentialEvolution,RosenbrockRotatedN6,2.2201817776591684,86.58801078650272,36974947373.885,1.4820824810000204,Continuous,Differentiable,Non-Separable,Scalable,Unimodal,6,True,True,RosenbrockRotated,3.0,6000,1000.0,1000.0,False,False,False,False,,,,,1
5,[-6.20288269  7.75675971  4.38831289  5.74414389 -0.54143963  2.91408787],6000,RandomSearch1,RosenbrockRotatedN6,12.495136880813428,31557.5384968272,399863383081.05164,0.6064591769999197,Continuous,Differentiable,Non-Separable,Scalable,Unimodal,6,True,True,RosenbrockRotated,3.0,6000,1000.0,1000.0,False,False,False,False,,,,,1
6,[-8.20669067  4.75517861  6.25495333 -1.10745547  2.81130615 -4.16477795],5999,RandomSearch2,RosenbrockRotatedN6,13.305048003261835,74506.50228688329,521269209860.17377,0.6009565539999357,Continuous,Differentiable,Non-Separable,Scalable,Unimodal,6,True,True,RosenbrockRotated,3.0,6000,1000.0,999.8333333333334,False,False,False,False,,,,,1
7,[ 0.56546403 -0.33342687 -0.07235205 -0.31215614  0.66051649 -0.15088563],5446,CMAES,RosenbrockRotatedN6,2.120290566396511,4.870360593510205,75430750387.94138,1.6018959640000503,Continuous,Differentiable,Non-Separable,Scalable,Unimodal,6,True,True,RosenbrockRotated,3.0,6000,1000.0,907.6666666666666,False,False,False,False,,,,,1
