,BestArm,NumberFunctionEval,Algorithm,CostFunction,EuclideanDistance,TrueRewardDifference,CumulativeRegret,TimeToComplete,Continuous,Differentiability,Separability,Scalability,Modality,Ndimensions,OptimizationSuccessful,BBOB,BaseClass,SD,MaxFeval,MaxFevalPerDimensions,FevalPerDimensions,SolveAt1,SolveAt1e-1,SolveAt1e-3,SolveAt1e-6,SolveEarlierAt1,SolveEarlierAt1e-1,SolveEarlierAt1e-3,SolveEarlierAt1e-6,simNumber
0,"[-13.09941531  -7.80873298 -13.30373081  -1.99415577   0.28082228
  -5.65107476]",600,NiaPyNelderMead,RosenbrockRotatedN6,20.702206573139588,4425263.405752827,2942161604.4968524,0.09746833199997695,Continuous,Differentiable,Non-Separable,Scalable,Unimodal,6,True,True,RosenbrockRotated,0.0,600,100.0,100.0,False,False,False,False,,,,,5
1,[-4.37769398 -4.03023586  6.10079074 -0.05879288  2.1517196  -7.98392699],600,NiaPyPSO,RosenbrockRotatedN6,11.3214392163279,352.91752075551636,6862749602.593088,0.10915735900002232,Continuous,Differentiable,Non-Separable,Scalable,Unimodal,6,True,True,RosenbrockRotated,0.0,600,100.0,100.0,False,False,False,False,,,,,5
2,"[-14.2397614  -19.2050181   -8.17503098 -10.04872927 -11.69591336
   3.24364586]",600,NiaPySimulatedAnnealing,RosenbrockRotatedN6,29.020693935654347,11904866.08401005,13995424455.727283,0.11167658400000846,Continuous,Differentiable,Non-Separable,Scalable,Unimodal,6,True,True,RosenbrockRotated,0.0,600,100.0,100.0,False,False,False,False,,,,,5
3,[-3.29485925  0.37804341 -4.67874093  8.10518073  4.88792817 -2.47076385],600,NiaPyCuckooSearch,RosenbrockRotatedN6,10.940250976767393,304881.93443338317,49884031702.15966,0.09427046600001177,Continuous,Differentiable,Non-Separable,Scalable,Unimodal,6,True,True,RosenbrockRotated,0.0,600,100.0,100.0,False,False,False,False,,,,,5
4,[-2.41998334 -6.23849557  5.05251881 10.          7.54655732  5.31606953],600,NiaPyDifferentialEvolution,RosenbrockRotatedN6,15.664446089476442,22833.904641057386,19422194612.96693,0.189408114999992,Continuous,Differentiable,Non-Separable,Scalable,Unimodal,6,True,True,RosenbrockRotated,0.0,600,100.0,100.0,False,False,False,False,,,,,5
5,[ 5.02402874 -2.65071497  0.04390132 -3.61329315 -0.83421559 -1.85751843],600,RandomSearch1,RosenbrockRotatedN6,7.31843739463277,77373.13621558368,46915845431.45692,0.1079703800000118,Continuous,Differentiable,Non-Separable,Scalable,Unimodal,6,True,True,RosenbrockRotated,0.0,600,100.0,100.0,False,False,False,False,,,,,5
6,[-1.8271471   8.73266387  3.21228042 -3.21495673 -0.55033611  0.69254133],599,RandomSearch2,RosenbrockRotatedN6,10.170680693467702,356932.6960176648,42384851418.05215,0.10114579699998671,Continuous,Differentiable,Non-Separable,Scalable,Unimodal,6,True,True,RosenbrockRotated,0.0,600,100.0,99.83333333333333,False,False,False,False,,,,,5
7,[-0.58262815 -0.12578717  0.7340259   0.09202164  0.6704173   0.06254171],604,CMAES,RosenbrockRotatedN6,2.3853491671354656,6.776023995821776,190960154.73510125,0.26215658899999994,Continuous,Differentiable,Non-Separable,Scalable,Unimodal,6,True,True,RosenbrockRotated,0.0,600,100.0,100.66666666666667,False,False,False,False,,,,,5
