,BestArm,NumberFunctionEval,Algorithm,CostFunction,EuclideanDistance,TrueRewardDifference,CumulativeRegret,TimeToComplete,Continuous,Differentiability,Separability,Scalability,Modality,Ndimensions,OptimizationSuccessful,BBOB,BaseClass,SD,MaxFeval,MaxFevalPerDimensions,FevalPerDimensions,SolveAt1,SolveAt1e-1,SolveAt1e-3,SolveAt1e-6,SolveEarlierAt1,SolveEarlierAt1e-1,SolveEarlierAt1e-3,SolveEarlierAt1e-6,simNumber
0,"[ -5.93412836 -19.40295692  -0.36564392  -2.70751906   5.02835617
  -2.59977827]",600000,NiaPyNelderMead,RosenbrockRotatedN6,20.887439091892876,3390736.146538525,2035124318495.3213,51.39092956499371,Continuous,Differentiable,Non-Separable,Scalable,Unimodal,6,True,True,RosenbrockRotated,0.0,600000,100000.0,100000.0,False,False,False,False,,,,,6
1,[ 0.36443099  0.31088107 -0.14630396 -0.11927214 -0.08408695 -0.51005412],600000,NiaPyPSO,RosenbrockRotatedN6,1.1039069836046491,1.3327631937050837,6229943409.558646,54.640797733998625,Continuous,Differentiable,Non-Separable,Scalable,Unimodal,6,True,True,RosenbrockRotated,0.0,600000,100000.0,100000.0,False,False,False,False,,,,,6
2,[ 0.62593776 -0.93035987 -8.50564532 -6.76791678 -3.24328734  0.5357242 ],600000,NiaPySimulatedAnnealing,RosenbrockRotatedN6,12.143842196267858,30967.048637797314,37851186387898.58,58.40294983200147,Continuous,Differentiable,Non-Separable,Scalable,Unimodal,6,True,True,RosenbrockRotated,0.0,600000,100000.0,100000.0,False,False,False,False,,,,,6
3,"[ 10.          -4.24152483  10.         -20.98370663 -16.06378502
   3.52930841]",600000,NiaPyCuckooSearch,RosenbrockRotatedN6,29.950635295018962,1248.795072934741,40802405778842.484,47.45005554900126,Continuous,Differentiable,Non-Separable,Scalable,Unimodal,6,True,True,RosenbrockRotated,0.0,600000,100000.0,100000.0,False,False,False,False,,,,,6
4,[ 0.30856434 -0.22118989  0.87429007 -0.15750484  0.30591845  0.68781254],600000,NiaPyDifferentialEvolution,RosenbrockRotatedN6,9.008213066351704e-15,4.197233053841546e-28,31149117584.62679,139.8232413690057,Continuous,Differentiable,Non-Separable,Scalable,Unimodal,6,True,True,RosenbrockRotated,0.0,600000,100000.0,100000.0,True,True,True,True,13580.0,17213.0,24170.0,34490.0,6
5,[ 9.38188868  5.86646307  3.88730373 -5.27196762 -0.89660816  3.88436752],600000,RandomSearch1,RosenbrockRotatedN6,12.863972078691749,1838.8914234584904,38834855315851.49,52.36066557799495,Continuous,Differentiable,Non-Separable,Scalable,Unimodal,6,True,True,RosenbrockRotated,0.0,600000,100000.0,100000.0,False,False,False,False,,,,,6
6,[ 2.55352192  3.38077894 -0.326493    2.88291671  1.21883314 -0.76798069],599999,RandomSearch2,RosenbrockRotatedN6,5.574037737699844,3172.8173298578427,22019198802990.77,51.2309438059965,Continuous,Differentiable,Non-Separable,Scalable,Unimodal,6,True,True,RosenbrockRotated,0.0,600000,100000.0,99999.83333333333,False,False,False,False,,,,,6
7,[-0.13435082  0.01900113  0.92500391 -0.09467965  0.62250482  0.47904094],3043,CMAES,RosenbrockRotatedN6,7.881849812013193e-08,1.0227678536999325e-14,1154388028.6208673,0.8663779370035627,Continuous,Differentiable,Non-Separable,Scalable,Unimodal,6,True,True,RosenbrockRotated,0.0,600000,100000.0,507.1666666666667,True,True,True,True,1035.0,1597.0,2020.0,2300.0,6
