,BestArm,NumberFunctionEval,Algorithm,CostFunction,EuclideanDistance,TrueRewardDifference,CumulativeRegret,TimeToComplete,Continuous,Differentiability,Separability,Scalability,Modality,Ndimensions,OptimizationSuccessful,BBOB,BaseClass,SD,MaxFeval,MaxFevalPerDimensions,FevalPerDimensions,SolveAt1,SolveAt1e-1,SolveAt1e-3,SolveAt1e-6,SolveEarlierAt1,SolveEarlierAt1e-1,SolveEarlierAt1e-3,SolveEarlierAt1e-6,simNumber
0,"[ -3.64944804 -13.70018598  -7.19636268  -9.54318534 -12.0813046
  -4.47469068]",600,NiaPyNelderMead,RosenbrockRotatedN6,22.400483005317206,3908842.6974882404,2530086456.1434617,0.10666753799998219,Continuous,Differentiable,Non-Separable,Scalable,Unimodal,6,True,True,RosenbrockRotated,3.0,600,100.0,100.0,False,False,False,False,,,,,6
1,[ 2.990649   -1.81513022 -3.51917907 -9.92609302 -0.34681826 -6.89546711],600,NiaPyPSO,RosenbrockRotatedN6,13.711239012164514,15876.616103056338,8269361954.069763,0.11935615600000915,Continuous,Differentiable,Non-Separable,Scalable,Unimodal,6,True,True,RosenbrockRotated,3.0,600,100.0,100.0,False,False,False,False,,,,,6
2,"[ -6.22098397   5.84393948   3.75819235 -22.99133028 -18.42232615
 -10.73938279]",600,NiaPySimulatedAnnealing,RosenbrockRotatedN6,32.9710297120043,45698809.09364739,34425489816.63329,0.12135570099999882,Continuous,Differentiable,Non-Separable,Scalable,Unimodal,6,True,True,RosenbrockRotated,3.0,600,100.0,100.0,False,False,False,False,,,,,6
3,"[ -5.03100938   6.97049123  -6.04126939 -18.87758443   1.08579643
   1.10272069]",600,NiaPyCuckooSearch,RosenbrockRotatedN6,21.94173636752757,130160.38911979951,47081622209.65552,0.10712874700001862,Continuous,Differentiable,Non-Separable,Scalable,Unimodal,6,True,True,RosenbrockRotated,3.0,600,100.0,100.0,False,False,False,False,,,,,6
4,[ 3.22307802 -4.07997961 -5.90154348  3.70275997 -7.62055219  6.44507889],600,NiaPyDifferentialEvolution,RosenbrockRotatedN6,13.797422115486558,18203.163277560663,24228555497.034977,0.19956004400000893,Continuous,Differentiable,Non-Separable,Scalable,Unimodal,6,True,True,RosenbrockRotated,3.0,600,100.0,100.0,False,False,False,False,,,,,6
5,[ 4.02972638 -3.41225873  3.10312932 -1.3133814   2.63431161 -1.27809551],600,RandomSearch1,RosenbrockRotatedN6,6.0258309021532535,77023.09281940198,52240576766.88268,0.11651078399998482,Continuous,Differentiable,Non-Separable,Scalable,Unimodal,6,True,True,RosenbrockRotated,3.0,600,100.0,100.0,False,False,False,False,,,,,6
6,[ 6.68142307 -2.21575668 -1.10292733 -2.0458318   5.58942908  3.31387543],599,RandomSearch2,RosenbrockRotatedN6,10.39542787856249,23622.70491542659,48418129954.69882,0.11013250999999968,Continuous,Differentiable,Non-Separable,Scalable,Unimodal,6,True,True,RosenbrockRotated,3.0,600,100.0,99.83333333333333,False,False,False,False,,,,,6
7,[ 0.64071856  0.93370241  0.66490708 -0.14377923  0.54109426 -0.34026901],604,CMAES,RosenbrockRotatedN6,2.5710664723899384,76.42287621154988,1450194570.0460272,0.2665170779999926,Continuous,Differentiable,Non-Separable,Scalable,Unimodal,6,True,True,RosenbrockRotated,3.0,600,100.0,100.66666666666667,False,False,False,False,,,,,6
