,BestArm,NumberFunctionEval,Algorithm,CostFunction,EuclideanDistance,TrueRewardDifference,CumulativeRegret,TimeToComplete,Continuous,Differentiability,Separability,Scalability,Modality,Ndimensions,OptimizationSuccessful,BBOB,BaseClass,SD,MaxFeval,MaxFevalPerDimensions,FevalPerDimensions,SolveAt1,SolveAt1e-1,SolveAt1e-3,SolveAt1e-6,SolveEarlierAt1,SolveEarlierAt1e-1,SolveEarlierAt1e-3,SolveEarlierAt1e-6,simNumber
0,"[ -6.87352296  -6.46027758  -6.544362    -2.49813526  -6.14213007
 -13.74026364]",600,NiaPyNelderMead,RosenbrockRotatedN6,19.659870603754136,3186373.43826105,2358173954.5904427,0.1127617310000062,Continuous,Differentiable,Non-Separable,Scalable,Unimodal,6,True,True,RosenbrockRotated,3.0,600,100.0,100.0,False,False,False,False,,,,,4
1,[-1.07776048 -0.26947535  0.0613794  -0.74886387  0.44922816 -0.55325266],600,NiaPyPSO,RosenbrockRotatedN6,2.076969847690519,339.3658532669174,10876756072.196043,0.11622738599999138,Continuous,Differentiable,Non-Separable,Scalable,Unimodal,6,True,True,RosenbrockRotated,3.0,600,100.0,100.0,False,False,False,False,,,,,4
2,"[ -7.92236397  -6.89449573 -21.49635113 -16.72518618 -15.81141142
 -18.81341431]",600,NiaPySimulatedAnnealing,RosenbrockRotatedN6,38.43603242328339,61741024.00987362,49120882809.91001,0.11779481400000691,Continuous,Differentiable,Non-Separable,Scalable,Unimodal,6,True,True,RosenbrockRotated,3.0,600,100.0,100.0,False,False,False,False,,,,,4
3,"[ -8.45411481   9.61149356  -6.92745976 -10.57237598 -20.9669354
  -5.90710951]",600,NiaPyCuckooSearch,RosenbrockRotatedN6,28.751147454340053,118390.37084359913,40238542679.502525,0.10223385699998744,Continuous,Differentiable,Non-Separable,Scalable,Unimodal,6,True,True,RosenbrockRotated,3.0,600,100.0,100.0,False,False,False,False,,,,,4
4,[ 2.34116459 10.          9.68421823 -4.34849312  9.90347614 10.        ],600,NiaPyDifferentialEvolution,RosenbrockRotatedN6,20.05800681471397,9334.287352812427,14953014717.906824,0.19205018099998483,Continuous,Differentiable,Non-Separable,Scalable,Unimodal,6,True,True,RosenbrockRotated,3.0,600,100.0,100.0,False,False,False,False,,,,,4
5,[-2.31826496  4.1741735  -0.34045241 -4.44239087  1.11023232 -0.34060049],600,RandomSearch1,RosenbrockRotatedN6,6.747758143753981,74167.8557656965,37707777068.67262,0.11676004199998147,Continuous,Differentiable,Non-Separable,Scalable,Unimodal,6,True,True,RosenbrockRotated,3.0,600,100.0,100.0,False,False,False,False,,,,,4
6,[-0.85819949 -7.72223005  6.32807824  2.63278801 -0.67913817  4.39145999],599,RandomSearch2,RosenbrockRotatedN6,11.3247903400117,280739.8757994535,44528874351.13527,0.10326935400001958,Continuous,Differentiable,Non-Separable,Scalable,Unimodal,6,True,True,RosenbrockRotated,3.0,600,100.0,99.83333333333333,False,False,False,False,,,,,4
7,[-0.61989468 -0.80050153  0.68665393 -0.42073201  0.29097786  0.32725985],604,CMAES,RosenbrockRotatedN6,2.567899992456251,6.2525222866874826,1478937106.0799522,0.2779571419999911,Continuous,Differentiable,Non-Separable,Scalable,Unimodal,6,True,True,RosenbrockRotated,3.0,600,100.0,100.66666666666667,False,False,False,False,,,,,4
