,BestArm,NumberFunctionEval,Algorithm,CostFunction,EuclideanDistance,TrueRewardDifference,CumulativeRegret,TimeToComplete,Continuous,Differentiability,Separability,Scalability,Modality,Ndimensions,OptimizationSuccessful,BBOB,BaseClass,SD,MaxFeval,MaxFevalPerDimensions,FevalPerDimensions,SolveAt1,SolveAt1e-1,SolveAt1e-3,SolveAt1e-6,SolveEarlierAt1,SolveEarlierAt1e-1,SolveEarlierAt1e-3,SolveEarlierAt1e-6,simNumber
0,"[ -6.25656236 -12.45253561  -3.62756666 -17.11186419  -2.58312976
 -10.97263892]",600,NiaPyNelderMead,RosenbrockRotatedN6,25.64547340561961,12405892.892407488,7870075388.236341,0.1078718250000179,Continuous,Differentiable,Non-Separable,Scalable,Unimodal,6,True,True,RosenbrockRotated,3.0,600,100.0,100.0,False,False,False,False,,,,,7
1,[-0.92246324  1.82952487  0.86647881 -0.56516565  0.31439787 -1.37843516],600,NiaPyPSO,RosenbrockRotatedN6,3.5794923206514957,446.5323953560682,9161993783.703533,0.1172717579999869,Continuous,Differentiable,Non-Separable,Scalable,Unimodal,6,True,True,RosenbrockRotated,3.0,600,100.0,100.0,False,False,False,False,,,,,7
2,"[-15.6172338    3.3704268    0.15067598   3.9250614  -19.49044036
 -27.62971852]",600,NiaPySimulatedAnnealing,RosenbrockRotatedN6,37.21373415169522,110730254.13787119,85654652018.91666,0.12103638199999978,Continuous,Differentiable,Non-Separable,Scalable,Unimodal,6,True,True,RosenbrockRotated,3.0,600,100.0,100.0,False,False,False,False,,,,,7
3,[-3.18075292 -1.17511047  6.51869943  3.5773923  -4.93495112  8.67867151],600,NiaPyCuckooSearch,RosenbrockRotatedN6,12.81565952633551,536633.5038697679,40073992105.21037,0.10610735599999543,Continuous,Differentiable,Non-Separable,Scalable,Unimodal,6,True,True,RosenbrockRotated,3.0,600,100.0,100.0,False,False,False,False,,,,,7
4,[-4.99218422  3.18451021 -3.96411278 -1.32062064  2.405766    2.50177472],600,NiaPyDifferentialEvolution,RosenbrockRotatedN6,8.231030688713345,81793.81501973378,18402489793.077194,0.19471154900000442,Continuous,Differentiable,Non-Separable,Scalable,Unimodal,6,True,True,RosenbrockRotated,3.0,600,100.0,100.0,False,False,False,False,,,,,7
5,"[ -0.77389563 -10.54905876  -0.61470297   7.32419118   0.21257603
   3.02454146]",600,RandomSearch1,RosenbrockRotatedN6,12.839090321624688,381389.905720568,46469500758.90977,0.11449882100001219,Continuous,Differentiable,Non-Separable,Scalable,Unimodal,6,True,True,RosenbrockRotated,3.0,600,100.0,100.0,False,False,False,False,,,,,7
6,"[-11.16219629   9.08131909   7.50723851 -19.48315526 -12.88456198
   0.9482181 ]",599,RandomSearch2,RosenbrockRotatedN6,27.998408602663826,236668.9452530966,38940524053.6606,0.10823425600000292,Continuous,Differentiable,Non-Separable,Scalable,Unimodal,6,True,True,RosenbrockRotated,3.0,600,100.0,99.83333333333333,False,False,False,False,,,,,7
7,[-0.15297044 -0.36771237 -0.37339116  0.35689056 -0.02392097 -0.04031964],604,CMAES,RosenbrockRotatedN6,1.6931178375762421,49.966599348802596,1688050320.9001768,0.26644727899997633,Continuous,Differentiable,Non-Separable,Scalable,Unimodal,6,True,True,RosenbrockRotated,3.0,600,100.0,100.66666666666667,False,False,False,False,,,,,7
