,BestArm,NumberFunctionEval,Algorithm,CostFunction,EuclideanDistance,TrueRewardDifference,CumulativeRegret,TimeToComplete,Continuous,Differentiability,Separability,Scalability,Modality,Ndimensions,OptimizationSuccessful,BBOB,BaseClass,SD,MaxFeval,MaxFevalPerDimensions,FevalPerDimensions,SolveAt1,SolveAt1e-1,SolveAt1e-3,SolveAt1e-6,SolveEarlierAt1,SolveEarlierAt1e-1,SolveEarlierAt1e-3,SolveEarlierAt1e-6,simNumber
0,[ 0.39180063 -2.8635818  -8.64281087 -5.64885962 -5.66994041 -9.98897134],600000,NiaPyNelderMead,RosenbrockRotatedN6,15.643785202221732,1852771.893558567,1112120628791.306,57.44798865800112,Continuous,Differentiable,Non-Separable,Scalable,Unimodal,6,True,True,RosenbrockRotated,3.0,600000,100000.0,100000.0,False,False,False,False,,,,,0
1,[ 0.16605195  0.60585289  0.00097467  0.17286715 -0.04792491  0.33229924],600000,NiaPyPSO,RosenbrockRotatedN6,1.4563966737235507,1.5279414417430623,6664622395.467619,61.1699964349973,Continuous,Differentiable,Non-Separable,Scalable,Unimodal,6,True,True,RosenbrockRotated,3.0,600000,100000.0,100000.0,False,False,False,False,,,,,0
2,"[-3.43550408e+00 -2.27872077e-04 -1.89112746e+00 -3.61367432e+00
 -1.32681497e+00  4.64756484e+00]",600000,NiaPySimulatedAnnealing,RosenbrockRotatedN6,7.479363748832234,100222.88408878325,75651379959552.64,65.44717296899762,Continuous,Differentiable,Non-Separable,Scalable,Unimodal,6,True,True,RosenbrockRotated,3.0,600000,100000.0,100000.0,False,False,False,False,,,,,0
3,[ 0.8751972   0.88325254 -1.41051089  1.97314887 -0.71205236  1.74398745],600000,NiaPyCuckooSearch,RosenbrockRotatedN6,3.768452810214799,1695.428455616354,48001045902368.51,54.16428663199622,Continuous,Differentiable,Non-Separable,Scalable,Unimodal,6,True,True,RosenbrockRotated,3.0,600000,100000.0,100000.0,False,False,False,False,,,,,0
4,[ 0.29826337 -0.31729476 -0.13589534 -0.36322672  0.16252644 -0.57555299],600000,NiaPyDifferentialEvolution,RosenbrockRotatedN6,0.7266134680491659,2.1467888018269203,23973622091.115295,146.83327180099877,Continuous,Differentiable,Non-Separable,Scalable,Unimodal,6,True,True,RosenbrockRotated,3.0,600000,100000.0,100000.0,False,False,False,False,53131.0,,,,0
5,[-8.70628517  6.58945757 -5.59291405  6.72182998 -9.55631921  7.6145953 ],600000,RandomSearch1,RosenbrockRotatedN6,18.075068210884464,1617.832949702701,54728281994112.305,58.53541004599538,Continuous,Differentiable,Non-Separable,Scalable,Unimodal,6,True,True,RosenbrockRotated,3.0,600000,100000.0,100000.0,False,False,False,False,,,,,0
6,[-0.50447159 -0.61530474 -2.1869113  -1.94773754  2.65256056  1.2696282 ],599999,RandomSearch2,RosenbrockRotatedN6,4.786783353919882,3012.4984954429624,55781068280475.805,56.666967734003265,Continuous,Differentiable,Non-Separable,Scalable,Unimodal,6,True,True,RosenbrockRotated,3.0,600000,100000.0,99999.83333333333,False,False,False,False,,,,,0
7,[ 0.30696238  0.34511376 -0.59155586  0.4529626  -0.8146283  -0.71180559],4546,CMAES,RosenbrockRotatedN6,2.5773699651868656,5.92451867125577,207710282.3313207,1.3278829480041168,Continuous,Differentiable,Non-Separable,Scalable,Unimodal,6,True,True,RosenbrockRotated,3.0,600000,100000.0,757.6666666666666,False,False,False,False,,,,,0
