,BestArm,NumberFunctionEval,Algorithm,CostFunction,EuclideanDistance,TrueRewardDifference,CumulativeRegret,TimeToComplete,Continuous,Differentiability,Separability,Scalability,Modality,Ndimensions,OptimizationSuccessful,BBOB,BaseClass,SD,MaxFeval,MaxFevalPerDimensions,FevalPerDimensions,SolveAt1,SolveAt1e-1,SolveAt1e-3,SolveAt1e-6,SolveEarlierAt1,SolveEarlierAt1e-1,SolveEarlierAt1e-3,SolveEarlierAt1e-6,simNumber
0,"[ -4.88948915  -8.43595909  -7.10176224  -0.3358572   -6.36420882
 -11.30941752]",60000,NiaPyNelderMead,RosenbrockRotatedN6,17.762424163419997,1983244.858518156,119224037367.75914,5.507689083000514,Continuous,Differentiable,Non-Separable,Scalable,Unimodal,6,True,True,RosenbrockRotated,3.0,60000,10000.0,10000.0,False,False,False,False,,,,,1
1,[-0.52981174 -0.62874527  0.22929537 -0.18245777 -0.86845951 -0.12868664],60000,NiaPyPSO,RosenbrockRotatedN6,2.4549647738712155,8.502579618182546,8640703114.764532,5.848893366000084,Continuous,Differentiable,Non-Separable,Scalable,Unimodal,6,True,True,RosenbrockRotated,3.0,60000,10000.0,10000.0,False,False,False,False,,,,,1
2,"[-15.51328473   2.75253696   5.17678662  -3.84712148   0.65729581
   5.60007144]",60000,NiaPySimulatedAnnealing,RosenbrockRotatedN6,17.87513044913063,31537.544903955328,2962774334444.5347,6.246707921000052,Continuous,Differentiable,Non-Separable,Scalable,Unimodal,6,True,True,RosenbrockRotated,3.0,60000,10000.0,10000.0,False,False,False,False,,,,,1
3,[-1.20720166 -0.73699373 -0.04029737  2.20000146 -0.05874689  2.03770884],60000,NiaPyCuckooSearch,RosenbrockRotatedN6,3.794648557315208,848.6893949724791,4891320920388.059,5.13695814500079,Continuous,Differentiable,Non-Separable,Scalable,Unimodal,6,True,True,RosenbrockRotated,3.0,60000,10000.0,10000.0,False,False,False,False,,,,,1
4,[ 0.46175467 -0.12178827  0.3638211  -0.31629912 -0.23514972  0.38122223],60000,NiaPyDifferentialEvolution,RosenbrockRotatedN6,1.506943950844987,1.972077660398404,14816588532.502726,14.429888374999791,Continuous,Differentiable,Non-Separable,Scalable,Unimodal,6,True,True,RosenbrockRotated,3.0,60000,10000.0,10000.0,False,False,False,False,,,,,1
5,[ 1.47137345 -1.87143229  3.40103115 -0.05064333 -1.26383661 -0.81194135],60000,RandomSearch1,RosenbrockRotatedN6,5.357935016863704,5000.824826402166,4655175197528.798,5.6996418389999235,Continuous,Differentiable,Non-Separable,Scalable,Unimodal,6,True,True,RosenbrockRotated,3.0,60000,10000.0,10000.0,False,False,False,False,,,,,1
6,[-1.85728179 -1.29992853 -2.83851558 -4.80739744 -1.10013291  0.77240593],59999,RandomSearch2,RosenbrockRotatedN6,6.967028885261269,9516.190102472734,4264122633259.935,5.510294487000465,Continuous,Differentiable,Non-Separable,Scalable,Unimodal,6,True,True,RosenbrockRotated,3.0,60000,10000.0,9999.833333333334,False,False,False,False,,,,,1
7,[-0.00313494  0.43796769  0.19991578 -0.65477532  0.5170794  -0.28205895],5761,CMAES,RosenbrockRotatedN6,2.1948580742198547,4.168644698520799,49866508.60931151,1.7010422370003653,Continuous,Differentiable,Non-Separable,Scalable,Unimodal,6,True,True,RosenbrockRotated,3.0,60000,10000.0,960.1666666666666,False,False,False,False,,,,,1
