,BestArm,NumberFunctionEval,Algorithm,CostFunction,EuclideanDistance,TrueRewardDifference,CumulativeRegret,TimeToComplete,Continuous,Differentiability,Separability,Scalability,Modality,Ndimensions,OptimizationSuccessful,BBOB,BaseClass,SD,MaxFeval,MaxFevalPerDimensions,FevalPerDimensions,SolveAt1,SolveAt1e-1,SolveAt1e-3,SolveAt1e-6,SolveEarlierAt1,SolveEarlierAt1e-1,SolveEarlierAt1e-3,SolveEarlierAt1e-6,simNumber
0,[-1.47341198  0.29419622 -6.35076371  1.97147517 -2.03884755 -6.21048898],60000,NiaPyNelderMead,RosenbrockRotatedN6,9.654981151692462,138243.94559262352,8720654121.861948,5.532974106999973,Continuous,Differentiable,Non-Separable,Scalable,Unimodal,6,True,True,RosenbrockRotated,3.0,60000,10000.0,10000.0,False,False,False,False,,,,,2
1,"[  4.88796738 -16.07171503  10.         -13.27485617 -24.73283521
  -0.23778391]",60000,NiaPyPSO,RosenbrockRotatedN6,33.71464287588453,599.2355887808941,10274413405.208015,5.86007635399983,Continuous,Differentiable,Non-Separable,Scalable,Unimodal,6,True,True,RosenbrockRotated,3.0,60000,10000.0,10000.0,False,False,False,False,,,,,2
2,[-9.85764602  4.84229631  4.50650234 -7.76421737 -9.06138759 -2.72954792],60000,NiaPySimulatedAnnealing,RosenbrockRotatedN6,17.81552587608192,2482314.4552907613,4466948734661.089,6.268065375999868,Continuous,Differentiable,Non-Separable,Scalable,Unimodal,6,True,True,RosenbrockRotated,3.0,60000,10000.0,10000.0,False,False,False,False,,,,,2
3,[10.          3.03408252 -1.2846484   9.4982975  -1.43838868  7.45089834],60000,NiaPyCuckooSearch,RosenbrockRotatedN6,15.944229023468136,10390.073017493502,3220900834059.673,5.2237507840000035,Continuous,Differentiable,Non-Separable,Scalable,Unimodal,6,True,True,RosenbrockRotated,3.0,60000,10000.0,10000.0,False,False,False,False,,,,,2
4,"[-1.38002078e-03 -9.00135599e-02  7.73970961e-01  2.31487734e-01
  1.03323667e+00 -8.11532302e-04]",60000,NiaPyDifferentialEvolution,RosenbrockRotatedN6,2.534444422209859,8.727165493228567,20226574933.89852,14.417788570000084,Continuous,Differentiable,Non-Separable,Scalable,Unimodal,6,True,True,RosenbrockRotated,3.0,60000,10000.0,10000.0,False,False,False,False,,,,,2
5,[ 2.27455846 -4.82438652 -5.65741294 -8.67114783 -5.63594145  5.25971079],60000,RandomSearch1,RosenbrockRotatedN6,13.426061548524027,6720.69226271211,3711477234466.6904,5.748683688999336,Continuous,Differentiable,Non-Separable,Scalable,Unimodal,6,True,True,RosenbrockRotated,3.0,60000,10000.0,10000.0,False,False,False,False,,,,,2
6,[ 0.48795461  1.47776118 -7.08343111 -6.79734364 -0.59469833  0.74633778],59999,RandomSearch2,RosenbrockRotatedN6,9.626957887531123,4470.425139672828,4538755870112.68,5.500697905000379,Continuous,Differentiable,Non-Separable,Scalable,Unimodal,6,True,True,RosenbrockRotated,3.0,60000,10000.0,9999.833333333334,False,False,False,False,,,,,2
7,[0.67914469 0.2841762  0.03411381 0.41639336 0.85391924 0.30695495],4546,CMAES,RosenbrockRotatedN6,2.4649855484340852,5.365625558639083,21233752.710273873,1.320142556999599,Continuous,Differentiable,Non-Separable,Scalable,Unimodal,6,True,True,RosenbrockRotated,3.0,60000,10000.0,757.6666666666666,False,False,False,False,,,,,2
