,BestArm,NumberFunctionEval,Algorithm,CostFunction,EuclideanDistance,TrueRewardDifference,CumulativeRegret,TimeToComplete,Continuous,Differentiability,Separability,Scalability,Modality,Ndimensions,OptimizationSuccessful,BBOB,BaseClass,SD,MaxFeval,MaxFevalPerDimensions,FevalPerDimensions,SolveAt1,SolveAt1e-1,SolveAt1e-3,SolveAt1e-6,SolveEarlierAt1,SolveEarlierAt1e-1,SolveEarlierAt1e-3,SolveEarlierAt1e-6,simNumber
0,"[ -2.93867251  -2.86148985   0.25455113 -12.6663093  -17.48095265
 -13.31531592]",6000,NiaPyNelderMead,RosenbrockRotatedN6,26.07737782282397,13129214.953928841,79042278664.56747,0.6005423280000741,Continuous,Differentiable,Non-Separable,Scalable,Unimodal,6,True,True,RosenbrockRotated,3.0,6000,1000.0,1000.0,False,False,False,False,,,,,0
1,[ 0.02387081 -0.08970954 -0.44272979 -0.59592005 -0.01428797  0.18168332],6000,NiaPyPSO,RosenbrockRotatedN6,1.8783316660296534,10.992706074432231,8714606146.35329,0.6329284539999662,Continuous,Differentiable,Non-Separable,Scalable,Unimodal,6,True,True,RosenbrockRotated,3.0,6000,1000.0,1000.0,False,False,False,False,,,,,0
2,"[  1.46824889 -21.63007308   3.15604293  -1.90987959 -17.5801423
  -2.95522522]",6000,NiaPySimulatedAnnealing,RosenbrockRotatedN6,27.657552548508352,16162733.272305839,280377583854.4737,0.6759482300000172,Continuous,Differentiable,Non-Separable,Scalable,Unimodal,6,True,True,RosenbrockRotated,3.0,6000,1000.0,1000.0,False,False,False,False,,,,,0
3,"[ 10.          -4.20442285  10.          10.           0.50459489
 -11.80642815]",6000,NiaPyCuckooSearch,RosenbrockRotatedN6,22.068945703317123,74893.34022146181,509699205213.7715,0.5670002110000496,Continuous,Differentiable,Non-Separable,Scalable,Unimodal,6,True,True,RosenbrockRotated,3.0,6000,1000.0,1000.0,False,False,False,False,,,,,0
4,[-0.96485622  0.21331918 -0.11005582 -0.09077814 -0.45980587 -0.61180883],6000,NiaPyDifferentialEvolution,RosenbrockRotatedN6,2.4659347986485725,11.419953424595711,26667521570.692936,1.4907656899999893,Continuous,Differentiable,Non-Separable,Scalable,Unimodal,6,True,True,RosenbrockRotated,3.0,6000,1000.0,1000.0,False,False,False,False,,,,,0
5,[-3.22157427 -0.05746586 -0.29173474 -1.82782433 -4.16091398 -1.99893066],6000,RandomSearch1,RosenbrockRotatedN6,6.256786963048759,42699.95178759597,395652460185.48206,0.619167647999916,Continuous,Differentiable,Non-Separable,Scalable,Unimodal,6,True,True,RosenbrockRotated,3.0,6000,1000.0,1000.0,False,False,False,False,,,,,0
6,[ 4.80271145  3.50733243  0.96532677 -3.92722677 -6.14112264  7.2197047 ],5999,RandomSearch2,RosenbrockRotatedN6,12.175048720074496,106907.12253228275,502420450892.0285,0.6015325930000017,Continuous,Differentiable,Non-Separable,Scalable,Unimodal,6,True,True,RosenbrockRotated,3.0,6000,1000.0,999.8333333333334,False,False,False,False,,,,,0
7,[-0.74671003 -0.24358294 -0.04106873  0.42736077  0.16435874 -0.21603321],6004,CMAES,RosenbrockRotatedN6,2.085527707884783,4.164338615222171,37976572238.83369,1.7829370569999128,Continuous,Differentiable,Non-Separable,Scalable,Unimodal,6,True,True,RosenbrockRotated,3.0,6000,1000.0,1000.6666666666666,False,False,False,False,,,,,0
