,BestArm,NumberFunctionEval,Algorithm,CostFunction,EuclideanDistance,TrueRewardDifference,CumulativeRegret,TimeToComplete,Continuous,Differentiability,Separability,Scalability,Modality,Ndimensions,OptimizationSuccessful,BBOB,BaseClass,SD,MaxFeval,MaxFevalPerDimensions,FevalPerDimensions,SolveAt1,SolveAt1e-1,SolveAt1e-3,SolveAt1e-6,SolveEarlierAt1,SolveEarlierAt1e-1,SolveEarlierAt1e-3,SolveEarlierAt1e-6,simNumber
0,[-4.40865648 -4.3932584  -5.12869465 -0.78526238 -5.76735362  0.03675717],600000,NiaPyNelderMead,RosenbrockRotatedN6,9.387418312328657,62190.49652186156,37407181392.00132,51.0807960059974,Continuous,Differentiable,Non-Separable,Scalable,Unimodal,6,True,True,RosenbrockRotated,0.0,600000,100000.0,100000.0,False,False,False,False,,,,,3
1,[-0.03208084 -0.02846143 -0.04753674  0.18385116 -0.69110607 -0.15496187],600000,NiaPyPSO,RosenbrockRotatedN6,1.0218770575369005,1.3216915362239332,9649477524.20951,53.51019823500246,Continuous,Differentiable,Non-Separable,Scalable,Unimodal,6,True,True,RosenbrockRotated,0.0,600000,100000.0,100000.0,False,False,False,False,,,,,3
2,[ 5.17096629  1.43339096 -9.12462248  0.17280455 -6.15674854  3.34218682],600000,NiaPySimulatedAnnealing,RosenbrockRotatedN6,12.710397762197164,195191.60698289113,73549919430100.38,57.302437637001276,Continuous,Differentiable,Non-Separable,Scalable,Unimodal,6,True,True,RosenbrockRotated,0.0,600000,100000.0,100000.0,False,False,False,False,,,,,3
3,[-0.46407793 -0.16959869 -1.50605426  1.9777476   0.85918578  1.9749532 ],600000,NiaPyCuckooSearch,RosenbrockRotatedN6,3.8497611601596713,1705.4131345927738,32857741253484.977,47.505032645996835,Continuous,Differentiable,Non-Separable,Scalable,Unimodal,6,True,True,RosenbrockRotated,0.0,600000,100000.0,100000.0,False,False,False,False,,,,,3
4,[-0.25780867 -0.28495656  0.08732109 -0.36349401 -0.84960239  0.34653268],600000,NiaPyDifferentialEvolution,RosenbrockRotatedN6,2.259481574379587,4.111568802976778,20042993915.54626,138.22655411299638,Continuous,Differentiable,Non-Separable,Scalable,Unimodal,6,True,True,RosenbrockRotated,0.0,600000,100000.0,100000.0,False,False,False,False,,,,,3
5,[ 0.05822133 -3.07844685 -2.34889466  0.87462631  0.65738263  1.95315618],600000,RandomSearch1,RosenbrockRotatedN6,4.663287930842318,1109.0148676428853,47545044086415.086,51.63805886999762,Continuous,Differentiable,Non-Separable,Scalable,Unimodal,6,True,True,RosenbrockRotated,0.0,600000,100000.0,100000.0,False,False,False,False,,,,,3
6,[-2.9394421   1.5622865  -7.81822024 -0.90327027  9.21918001  0.51852432],599999,RandomSearch2,RosenbrockRotatedN6,12.011520077918052,1479.8112153120808,52756657407221.805,50.93491233799432,Continuous,Differentiable,Non-Separable,Scalable,Unimodal,6,True,True,RosenbrockRotated,0.0,600000,100000.0,99999.83333333333,False,False,False,False,,,,,3
7,[ 0.561383   -0.200456   -0.63167933 -0.57190334  0.0255495   0.64646843],3250,CMAES,RosenbrockRotatedN6,6.106858030344525e-08,3.4254682721972754e-15,279517298.40026134,0.9343826799959061,Continuous,Differentiable,Non-Separable,Scalable,Unimodal,6,True,True,RosenbrockRotated,0.0,600000,100000.0,541.6666666666666,True,True,True,True,1387.0,1860.0,2156.0,2481.0,3
