,BestArm,NumberFunctionEval,Algorithm,CostFunction,EuclideanDistance,TrueRewardDifference,CumulativeRegret,TimeToComplete,Continuous,Differentiability,Separability,Scalability,Modality,Ndimensions,OptimizationSuccessful,BBOB,BaseClass,SD,MaxFeval,MaxFevalPerDimensions,FevalPerDimensions,SolveAt1,SolveAt1e-1,SolveAt1e-3,SolveAt1e-6,SolveEarlierAt1,SolveEarlierAt1e-1,SolveEarlierAt1e-3,SolveEarlierAt1e-6,simNumber
0,"[-18.89486703 -13.072322     0.71173524  -8.73970042 -15.51125975
  -8.27383205]",120,NiaPyNelderMead,RosenbrockRotatedN6,30.4374052520548,27607395.47723101,4028118286.9020653,0.020001555000007443,Continuous,Differentiable,Non-Separable,Scalable,Unimodal,6,True,True,RosenbrockRotated,0.0,120,20.0,20.0,False,False,False,False,,,,,8
1,"[ -5.80391314   0.07699947   8.97754033 -25.91046525  -5.27350027
  -0.33408358]",120,NiaPyPSO,RosenbrockRotatedN6,29.019006021560422,192826.1267828901,6292041451.513803,0.02071369600000139,Continuous,Differentiable,Non-Separable,Scalable,Unimodal,6,True,True,RosenbrockRotated,0.0,120,20.0,20.0,False,False,False,False,,,,,8
2,"[-29.36636711   5.05884258 -22.42724058 -10.59868459  -4.16223201
  10.        ]",120,NiaPySimulatedAnnealing,RosenbrockRotatedN6,39.31977810969544,110470243.04939377,15785982739.86227,0.023415909000007673,Continuous,Differentiable,Non-Separable,Scalable,Unimodal,6,True,True,RosenbrockRotated,0.0,120,20.0,20.0,False,False,False,False,,,,,8
3,[-0.52793579 -0.11711768 -0.37864073  9.48656156 -4.03442606  3.53031846],120,NiaPyCuckooSearch,RosenbrockRotatedN6,10.853672556481037,1078564.6985814734,6483889759.515108,0.01863002099999278,Continuous,Differentiable,Non-Separable,Scalable,Unimodal,6,True,True,RosenbrockRotated,0.0,120,20.0,20.0,False,False,False,False,,,,,8
4,"[ -1.79969511  10.          -4.20593882  10.         -22.65372668
   8.07973526]",120,NiaPyDifferentialEvolution,RosenbrockRotatedN6,27.758889873226778,2373463.23402683,11016607094.812618,0.04443437599999811,Continuous,Differentiable,Non-Separable,Scalable,Unimodal,6,True,True,RosenbrockRotated,0.0,120,20.0,20.0,False,False,False,False,,,,,8
5,"[  7.49388781   4.66896402 -14.72624879  -3.05516202   5.7841949
  -4.13424191]",120,RandomSearch1,RosenbrockRotatedN6,19.48384109234853,600649.535428031,11798492899.038422,0.022266772999998352,Continuous,Differentiable,Non-Separable,Scalable,Unimodal,6,True,True,RosenbrockRotated,0.0,120,20.0,20.0,False,False,False,False,,,,,8
6,[-5.33410446 -9.19851119  3.04742931 -7.14825837  2.09483514 -0.21615438],119,RandomSearch2,RosenbrockRotatedN6,13.516483364379903,1307890.1698743836,10673590020.136663,0.02061504799999625,Continuous,Differentiable,Non-Separable,Scalable,Unimodal,6,True,True,RosenbrockRotated,0.0,120,20.0,19.833333333333332,False,False,False,False,,,,,8
7,[ 1.21833535 -8.51690107 -1.67599516 -3.72324223 -3.71910466 -3.54784638],127,CMAES,RosenbrockRotatedN6,11.935249720781531,303755.02920431516,3867936556.412862,0.13699930800000004,Continuous,Differentiable,Non-Separable,Scalable,Unimodal,6,True,True,RosenbrockRotated,0.0,120,20.0,21.166666666666668,False,False,False,False,,,,,8
