,BestArm,NumberFunctionEval,Algorithm,CostFunction,EuclideanDistance,TrueRewardDifference,CumulativeRegret,TimeToComplete,Continuous,Differentiability,Separability,Scalability,Modality,Ndimensions,OptimizationSuccessful,BBOB,BaseClass,SD,MaxFeval,MaxFevalPerDimensions,FevalPerDimensions,SolveAt1,SolveAt1e-1,SolveAt1e-3,SolveAt1e-6,SolveEarlierAt1,SolveEarlierAt1e-1,SolveEarlierAt1e-3,SolveEarlierAt1e-6,simNumber
0,"[-10.06550902 -10.8189691  -18.74727968  -9.38575234  -6.89927737
  -6.70091128]",60000,NiaPyNelderMead,RosenbrockRotatedN6,27.78960862783749,11965166.413485577,718623774899.444,5.545960594000462,Continuous,Differentiable,Non-Separable,Scalable,Unimodal,6,True,True,RosenbrockRotated,3.0,60000,10000.0,10000.0,False,False,False,False,,,,,0
1,[-4.72659282  2.21828298  4.74456509 -4.1564361   2.26281521 -3.096154  ],60000,NiaPyPSO,RosenbrockRotatedN6,8.724677289089577,291.0621921440546,8297783269.243018,5.771843634999641,Continuous,Differentiable,Non-Separable,Scalable,Unimodal,6,True,True,RosenbrockRotated,3.0,60000,10000.0,10000.0,False,False,False,False,,,,,0
2,"[  1.59052593  -4.85516372   2.14476421 -12.32279099   3.95308105
   7.86289336]",60000,NiaPySimulatedAnnealing,RosenbrockRotatedN6,15.708258430675382,1194089.7996805885,2351051679863.4287,6.150548239999807,Continuous,Differentiable,Non-Separable,Scalable,Unimodal,6,True,True,RosenbrockRotated,3.0,60000,10000.0,10000.0,False,False,False,False,,,,,0
3,[ 6.238579   -3.74068797  0.50375798 -0.88625906  0.36180159 -1.63850677],60000,NiaPyCuckooSearch,RosenbrockRotatedN6,8.317159063864986,62088.558116224594,4953548980828.075,5.027797277999525,Continuous,Differentiable,Non-Separable,Scalable,Unimodal,6,True,True,RosenbrockRotated,3.0,60000,10000.0,10000.0,False,False,False,False,,,,,0
4,[ 0.00453342  0.03029192 -0.14336425  0.34787018 -0.72379286  0.2986827 ],60000,NiaPyDifferentialEvolution,RosenbrockRotatedN6,1.9041673089393316,4.3174968790557,20614401963.57472,14.409690683000008,Continuous,Differentiable,Non-Separable,Scalable,Unimodal,6,True,True,RosenbrockRotated,3.0,60000,10000.0,10000.0,False,False,False,False,39429.0,,,,0
5,[-0.59734892 -7.82569357 -9.91290272  4.16111705 -1.42877453 -1.22117591],60000,RandomSearch1,RosenbrockRotatedN6,13.20479542912818,5188.643075805115,4197068242134.3906,5.531579183000758,Continuous,Differentiable,Non-Separable,Scalable,Unimodal,6,True,True,RosenbrockRotated,3.0,60000,10000.0,10000.0,False,False,False,False,,,,,0
6,[-0.16332655 -2.83050675 -0.56962351 -3.93819602 -1.07917093  1.72168477],59999,RandomSearch2,RosenbrockRotatedN6,5.565564403646519,11504.359704602623,5285778177459.206,5.313058314000045,Continuous,Differentiable,Non-Separable,Scalable,Unimodal,6,True,True,RosenbrockRotated,3.0,60000,10000.0,9999.833333333334,False,False,False,False,,,,,0
7,[-0.56988328 -0.52281116 -0.70362276 -0.55310061 -0.95269558 -0.31153832],4546,CMAES,RosenbrockRotatedN6,2.405608552802602,5.626028432386716,73695912.74575612,1.2987524339996526,Continuous,Differentiable,Non-Separable,Scalable,Unimodal,6,True,True,RosenbrockRotated,3.0,60000,10000.0,757.6666666666666,False,False,False,False,,,,,0
