,BestArm,NumberFunctionEval,Algorithm,CostFunction,EuclideanDistance,TrueRewardDifference,CumulativeRegret,TimeToComplete,Continuous,Differentiability,Separability,Scalability,Modality,Ndimensions,OptimizationSuccessful,BBOB,BaseClass,SD,MaxFeval,MaxFevalPerDimensions,FevalPerDimensions,SolveAt1,SolveAt1e-1,SolveAt1e-3,SolveAt1e-6,SolveEarlierAt1,SolveEarlierAt1e-1,SolveEarlierAt1e-3,SolveEarlierAt1e-6,simNumber
0,[-2.65596719 -3.46149741 -1.7372084   3.7091514   8.41757222  0.83243038],600000,NiaPyNelderMead,RosenbrockRotatedN6,10.735391942317564,284429.33215317567,171288957986.19986,51.676993004002725,Continuous,Differentiable,Non-Separable,Scalable,Unimodal,6,True,True,RosenbrockRotated,0.0,600000,100000.0,100000.0,False,False,False,False,,,,,7
1,[ 0.66949262 -0.18092871  0.15906163  0.17013262  0.24704168  0.48519721],600000,NiaPyPSO,RosenbrockRotatedN6,1.9681172392454955,4.081633171673943,6045642116.667612,54.23774324199621,Continuous,Differentiable,Non-Separable,Scalable,Unimodal,6,True,True,RosenbrockRotated,0.0,600000,100000.0,100000.0,False,False,False,False,,,,,7
2,"[ -2.46693764  -7.95692956 -20.58021983 -13.53905268 -11.52793359
  -8.39001928]",600000,NiaPySimulatedAnnealing,RosenbrockRotatedN6,29.167935189736436,17857.87371175731,16139606067155.195,57.67746214500221,Continuous,Differentiable,Non-Separable,Scalable,Unimodal,6,True,True,RosenbrockRotated,0.0,600000,100000.0,100000.0,False,False,False,False,,,,,7
3,[ 2.59338978 -0.78507941 -3.92393251  8.27845352  4.48687614 -1.52399655],600000,NiaPyCuckooSearch,RosenbrockRotatedN6,10.101464914241959,480.306240827593,43507807887742.6,48.0100691829939,Continuous,Differentiable,Non-Separable,Scalable,Unimodal,6,True,True,RosenbrockRotated,0.0,600000,100000.0,100000.0,False,False,False,False,,,,,7
4,[-0.60196732 -0.64058904 -0.83907697  0.13290743 -0.05339234 -0.05211267],600000,NiaPyDifferentialEvolution,RosenbrockRotatedN6,2.8216720058673937e-14,7.080519662424344e-28,22971491207.359417,140.42958212899975,Continuous,Differentiable,Non-Separable,Scalable,Unimodal,6,True,True,RosenbrockRotated,0.0,600000,100000.0,100000.0,True,True,True,True,11438.0,14981.0,21560.0,35908.0,7
5,[ 4.4840052  -7.67858337  0.71775635 -4.06990122 -0.52491526 -2.30820456],600000,RandomSearch1,RosenbrockRotatedN6,9.481332604740288,1178.5364169923919,47312279261219.13,52.35692035900138,Continuous,Differentiable,Non-Separable,Scalable,Unimodal,6,True,True,RosenbrockRotated,0.0,600000,100000.0,100000.0,False,False,False,False,,,,,7
6,[-0.47450105  0.89190372  2.90755777  2.33413722 -0.09648412  0.49494357],599999,RandomSearch2,RosenbrockRotatedN6,3.9100566677379915,3121.2220440636324,52037798978185.33,51.835519917003694,Continuous,Differentiable,Non-Separable,Scalable,Unimodal,6,True,True,RosenbrockRotated,0.0,600000,100000.0,99999.83333333333,False,False,False,False,,,,,7
7,[-0.74855329 -0.129388    0.36884716  0.37119444  0.79740029 -0.11509133],3448,CMAES,RosenbrockRotatedN6,4.21032446826028e-08,3.812455410945744e-15,857354553.1149821,0.9868950119998772,Continuous,Differentiable,Non-Separable,Scalable,Unimodal,6,True,True,RosenbrockRotated,0.0,600000,100000.0,574.6666666666666,True,True,True,True,1369.0,1955.0,2373.0,2687.0,7
