,BestArm,NumberFunctionEval,Algorithm,CostFunction,EuclideanDistance,TrueRewardDifference,CumulativeRegret,TimeToComplete,Continuous,Differentiability,Separability,Scalability,Modality,Ndimensions,OptimizationSuccessful,BBOB,BaseClass,SD,MaxFeval,MaxFevalPerDimensions,FevalPerDimensions,SolveAt1,SolveAt1e-1,SolveAt1e-3,SolveAt1e-6,SolveEarlierAt1,SolveEarlierAt1e-1,SolveEarlierAt1e-3,SolveEarlierAt1e-6,simNumber
0,[-4.98222682 -6.73071168 -9.49697168 -3.2983028  -5.29107531 -9.50227446],6000,NiaPyNelderMead,RosenbrockRotatedN6,17.26864266997911,1219408.7906480576,7761882619.868095,0.6097779030000083,Continuous,Differentiable,Non-Separable,Scalable,Unimodal,6,True,True,RosenbrockRotated,3.0,6000,1000.0,1000.0,False,False,False,False,,,,,3
1,[ 0.73607603 -0.48859823 -0.77951119  0.17192679  0.2450974  -0.05168883],6000,NiaPyPSO,RosenbrockRotatedN6,2.425977451692091,10.026738250139438,6442474503.340932,0.6413338520000025,Continuous,Differentiable,Non-Separable,Scalable,Unimodal,6,True,True,RosenbrockRotated,3.0,6000,1000.0,1000.0,False,False,False,False,,,,,3
2,"[ -8.77954798 -16.54336232   2.60360128  -3.98529588  -4.95243254
 -15.11865648]",6000,NiaPySimulatedAnnealing,RosenbrockRotatedN6,24.913979262865386,6321101.47302656,82350424837.11145,0.6655668309999783,Continuous,Differentiable,Non-Separable,Scalable,Unimodal,6,True,True,RosenbrockRotated,3.0,6000,1000.0,1000.0,False,False,False,False,,,,,3
3,[10.         10.          2.18660193  6.41039263  4.84028574  5.79998797],6000,NiaPyCuckooSearch,RosenbrockRotatedN6,17.77325531089951,112606.03542328495,237911128600.38684,0.5759442259999332,Continuous,Differentiable,Non-Separable,Scalable,Unimodal,6,True,True,RosenbrockRotated,3.0,6000,1000.0,1000.0,False,False,False,False,,,,,3
4,[-0.19688527 -1.48847355 -0.44160307 -0.38546991 -0.35410692  0.24707131],6000,NiaPyDifferentialEvolution,RosenbrockRotatedN6,2.8740251709384985,29.837725228525144,37037508908.13001,1.484857785000031,Continuous,Differentiable,Non-Separable,Scalable,Unimodal,6,True,True,RosenbrockRotated,3.0,6000,1000.0,1000.0,False,False,False,False,,,,,3
5,"[ -3.95571446   0.82184332  -4.24062889   4.29604969   0.37439356
 -11.35272555]",6000,RandomSearch1,RosenbrockRotatedN6,13.25878477173515,79939.85262324562,508131288721.31903,0.6122352290000208,Continuous,Differentiable,Non-Separable,Scalable,Unimodal,6,True,True,RosenbrockRotated,3.0,6000,1000.0,1000.0,False,False,False,False,,,,,3
6,"[-10.15134866  -1.15728871   1.29939215   4.46279239   0.82932566
  -3.56097704]",5999,RandomSearch2,RosenbrockRotatedN6,11.635398209081092,68982.34154663535,501534640372.14343,0.6046572080000487,Continuous,Differentiable,Non-Separable,Scalable,Unimodal,6,True,True,RosenbrockRotated,3.0,6000,1000.0,999.8333333333334,False,False,False,False,,,,,3
7,[ 1.08182844 -0.37592922  0.71163549  0.15781066 -0.24986004  0.15823065],5536,CMAES,RosenbrockRotatedN6,2.5546397683225233,6.224044657227231,74563916643.55907,1.6601746820000471,Continuous,Differentiable,Non-Separable,Scalable,Unimodal,6,True,True,RosenbrockRotated,3.0,6000,1000.0,922.6666666666666,False,False,False,False,,,,,3
