,BestArm,NumberFunctionEval,Algorithm,CostFunction,EuclideanDistance,TrueRewardDifference,CumulativeRegret,TimeToComplete,Continuous,Differentiability,Separability,Scalability,Modality,Ndimensions,OptimizationSuccessful,BBOB,BaseClass,SD,MaxFeval,MaxFevalPerDimensions,FevalPerDimensions,SolveAt1,SolveAt1e-1,SolveAt1e-3,SolveAt1e-6,SolveEarlierAt1,SolveEarlierAt1e-1,SolveEarlierAt1e-3,SolveEarlierAt1e-6,simNumber
0,"[-15.18063614 -13.83375337 -23.02730882 -16.36098739 -19.98221892
 -14.69835116]",60000,NiaPyNelderMead,RosenbrockRotatedN6,43.43411741403601,7258068.50626848,435748007273.5264,5.522781465999287,Continuous,Differentiable,Non-Separable,Scalable,Unimodal,6,True,True,RosenbrockRotated,3.0,60000,10000.0,10000.0,False,False,False,False,,,,,4
1,[-4.45729522 -3.73771251 -3.35118965 -7.66164624 -3.60159737 -2.84828424],60000,NiaPyPSO,RosenbrockRotatedN6,10.76704026366548,338.2767993372945,2794914164.6115594,5.822469476999686,Continuous,Differentiable,Non-Separable,Scalable,Unimodal,6,True,True,RosenbrockRotated,3.0,60000,10000.0,10000.0,False,False,False,False,,,,,4
2,"[  3.22289177 -11.26024909 -20.00800347   4.90165363 -13.61264218
  -5.63141791]",60000,NiaPySimulatedAnnealing,RosenbrockRotatedN6,28.437663920807847,12388833.387540778,7729702586596.958,6.329253992000304,Continuous,Differentiable,Non-Separable,Scalable,Unimodal,6,True,True,RosenbrockRotated,3.0,60000,10000.0,10000.0,False,False,False,False,,,,,4
3,[10.          0.99446304  5.28498707  6.10473028  0.87050521  2.27723358],60000,NiaPyCuckooSearch,RosenbrockRotatedN6,12.578380736272166,9807.581741790522,3073012151014.572,5.198064932000307,Continuous,Differentiable,Non-Separable,Scalable,Unimodal,6,True,True,RosenbrockRotated,3.0,60000,10000.0,10000.0,False,False,False,False,,,,,4
4,[-0.32539184  0.55702208 -2.87780222  0.37887127 -1.6808667  -0.18768972],60000,NiaPyDifferentialEvolution,RosenbrockRotatedN6,3.8166408358243045,1335.9332441704425,25566383493.182354,14.42774877500051,Continuous,Differentiable,Non-Separable,Scalable,Unimodal,6,True,True,RosenbrockRotated,3.0,60000,10000.0,10000.0,False,False,False,False,,,,,4
5,[ 2.44790946 -1.002967    5.63177499 -0.97768924  5.45000815  1.55240319],60000,RandomSearch1,RosenbrockRotatedN6,8.161339830287732,5430.068086343258,4260201526790.089,5.591289717000109,Continuous,Differentiable,Non-Separable,Scalable,Unimodal,6,True,True,RosenbrockRotated,3.0,60000,10000.0,10000.0,False,False,False,False,,,,,4
6,[-2.31853717  5.99632439  4.45609396  5.62122241  5.81555283 -1.30762387],59999,RandomSearch2,RosenbrockRotatedN6,11.107312816775037,21468.678044591376,3063311974919.739,5.412451498000337,Continuous,Differentiable,Non-Separable,Scalable,Unimodal,6,True,True,RosenbrockRotated,3.0,60000,10000.0,9999.833333333334,False,False,False,False,,,,,4
7,[-0.23909938  0.00724542 -0.65595336  0.75723353 -0.13648891  0.1240556 ],4546,CMAES,RosenbrockRotatedN6,2.24638943752815,7.003889528476015,22006500.660773456,1.3551051999993433,Continuous,Differentiable,Non-Separable,Scalable,Unimodal,6,True,True,RosenbrockRotated,3.0,60000,10000.0,757.6666666666666,False,False,False,False,,,,,4
