,BestArm,NumberFunctionEval,Algorithm,CostFunction,EuclideanDistance,TrueRewardDifference,CumulativeRegret,TimeToComplete,Continuous,Differentiability,Separability,Scalability,Modality,Ndimensions,OptimizationSuccessful,BBOB,BaseClass,SD,MaxFeval,MaxFevalPerDimensions,FevalPerDimensions,SolveAt1,SolveAt1e-1,SolveAt1e-3,SolveAt1e-6,SolveEarlierAt1,SolveEarlierAt1e-1,SolveEarlierAt1e-3,SolveEarlierAt1e-6,simNumber
0,"[ -6.75293667   1.66646338 -10.82724148  -6.01245747 -14.01087608
  -0.85431653]",600000,NiaPyNelderMead,RosenbrockRotatedN6,20.269467670322875,4547921.916157032,2729142025715.1543,57.52642515300249,Continuous,Differentiable,Non-Separable,Scalable,Unimodal,6,True,True,RosenbrockRotated,3.0,600000,100000.0,100000.0,False,False,False,False,,,,,6
1,[0.0890309  0.16774247 0.38230825 0.36391734 0.24395307 0.21336106],600000,NiaPyPSO,RosenbrockRotatedN6,1.6146267336180025,6.165564798564815,6045043427.823053,60.908003470998665,Continuous,Differentiable,Non-Separable,Scalable,Unimodal,6,True,True,RosenbrockRotated,3.0,600000,100000.0,100000.0,False,False,False,False,,,,,6
2,"[-20.36441036 -10.11835783   0.61530289 -17.40279187  -4.59336118
   3.46460682]",600000,NiaPySimulatedAnnealing,RosenbrockRotatedN6,28.82079656262502,35756.22469625913,24739564284410.234,64.23242403499899,Continuous,Differentiable,Non-Separable,Scalable,Unimodal,6,True,True,RosenbrockRotated,3.0,600000,100000.0,100000.0,False,False,False,False,,,,,6
3,[ 1.18784358 -0.09783587  1.58322986  0.72045562  1.91761366  0.94792331],600000,NiaPyCuckooSearch,RosenbrockRotatedN6,3.8277876398637725,1239.242444541663,48225590770429.82,54.18479875099729,Continuous,Differentiable,Non-Separable,Scalable,Unimodal,6,True,True,RosenbrockRotated,3.0,600000,100000.0,100000.0,False,False,False,False,,,,,6
4,"[ 5.32593683e-01 -1.69377768e-01  2.94948209e-01 -1.85277742e-04
 -3.77731619e-01 -5.75179073e-02]",600000,NiaPyDifferentialEvolution,RosenbrockRotatedN6,1.2092699706577916,1.736586124511604,23627417918.801525,147.07886538899766,Continuous,Differentiable,Non-Separable,Scalable,Unimodal,6,True,True,RosenbrockRotated,3.0,600000,100000.0,100000.0,False,False,False,False,87516.0,579066.0,,,6
5,[ 1.67424158 -0.26674063  1.81153653 -1.95151013 -0.54184434  1.23020166],600000,RandomSearch1,RosenbrockRotatedN6,4.119561480991229,2190.193109945742,45962114625833.5,58.94992024900421,Continuous,Differentiable,Non-Separable,Scalable,Unimodal,6,True,True,RosenbrockRotated,3.0,600000,100000.0,100000.0,False,False,False,False,,,,,6
6,"[-11.00241216  -2.97090038 -12.51718935   8.82997932  -6.11201174
  -7.29091104]",599999,RandomSearch2,RosenbrockRotatedN6,20.79035282166609,1586.3483445835573,36730134847083.586,56.52964995700313,Continuous,Differentiable,Non-Separable,Scalable,Unimodal,6,True,True,RosenbrockRotated,3.0,600000,100000.0,99999.83333333333,False,False,False,False,,,,,6
7,[-0.01723158  0.39010337 -0.00943954  0.84299354 -0.08963961  0.16383067],5941,CMAES,RosenbrockRotatedN6,2.0516952678272222,3.4510411659658597,248636476.55956683,1.7679367399978219,Continuous,Differentiable,Non-Separable,Scalable,Unimodal,6,True,True,RosenbrockRotated,3.0,600000,100000.0,990.1666666666666,False,False,False,False,,,,,6
