,BestArm,NumberFunctionEval,Algorithm,CostFunction,EuclideanDistance,TrueRewardDifference,CumulativeRegret,TimeToComplete,Continuous,Differentiability,Separability,Scalability,Modality,Ndimensions,OptimizationSuccessful,BBOB,BaseClass,SD,MaxFeval,MaxFevalPerDimensions,FevalPerDimensions,SolveAt1,SolveAt1e-1,SolveAt1e-3,SolveAt1e-6,SolveEarlierAt1,SolveEarlierAt1e-1,SolveEarlierAt1e-3,SolveEarlierAt1e-6,simNumber
0,"[-12.25186161  -6.6284248   -7.74095089 -13.17959076  -6.55693707
  -4.4034252 ]",600000,NiaPyNelderMead,RosenbrockRotatedN6,21.841230629305006,5578347.619791036,3347643201548.214,52.430536931999086,Continuous,Differentiable,Non-Separable,Scalable,Unimodal,6,True,True,RosenbrockRotated,0.0,600000,100000.0,100000.0,False,False,False,False,,,,,4
1,[-7.84236245 -5.37588941 -9.1041879  -7.30553011  2.85452342 -7.32848703],600000,NiaPyPSO,RosenbrockRotatedN6,16.31794647549912,13.950918976763369,6911777181.198405,53.966984318998584,Continuous,Differentiable,Non-Separable,Scalable,Unimodal,6,True,True,RosenbrockRotated,0.0,600000,100000.0,100000.0,False,False,False,False,,,,,4
2,[-0.35076921 -5.04013889 -5.93240111  1.03084428  4.3591613  -0.18007409],600000,NiaPySimulatedAnnealing,RosenbrockRotatedN6,8.114357255218598,199243.51546766184,34310384243841.195,58.445570183997916,Continuous,Differentiable,Non-Separable,Scalable,Unimodal,6,True,True,RosenbrockRotated,0.0,600000,100000.0,100000.0,False,False,False,False,,,,,4
3,[ 1.36159291  0.95678539  0.59920738 -0.63531795  2.2260586  -0.57302027],600000,NiaPyCuckooSearch,RosenbrockRotatedN6,3.6132651024753506,1301.3844905510314,44947544324007.45,47.31943081399368,Continuous,Differentiable,Non-Separable,Scalable,Unimodal,6,True,True,RosenbrockRotated,0.0,600000,100000.0,100000.0,False,False,False,False,,,,,4
4,[ 0.70665592 -0.79031353  0.40393     0.3344886   0.24877539 -0.1977642 ],600000,NiaPyDifferentialEvolution,RosenbrockRotatedN6,2.887616508760139e-14,1.5203568314904832e-27,37747368700.07976,140.37307316900115,Continuous,Differentiable,Non-Separable,Scalable,Unimodal,6,True,True,RosenbrockRotated,0.0,600000,100000.0,100000.0,True,True,True,True,13351.0,17302.0,22701.0,33243.0,4
5,"[ -6.28868332   1.45285029   9.08464219  -7.33658584  -1.83471885
 -13.83176131]",600000,RandomSearch1,RosenbrockRotatedN6,18.813403566915632,774.4286646571283,41518935895991.47,52.62333486300486,Continuous,Differentiable,Non-Separable,Scalable,Unimodal,6,True,True,RosenbrockRotated,0.0,600000,100000.0,100000.0,False,False,False,False,,,,,4
6,[-9.74523724  3.98802577 -6.03040337 -4.55646179 -1.6613759  -1.99071988],599999,RandomSearch2,RosenbrockRotatedN6,13.026168108030705,1851.7196055995742,28374467722677.82,50.979720871997415,Continuous,Differentiable,Non-Separable,Scalable,Unimodal,6,True,True,RosenbrockRotated,0.0,600000,100000.0,99999.83333333333,False,False,False,False,,,,,4
7,[ 1.15192824 -0.06203425  0.03758776 -0.0389777  -0.00318255  0.40776331],3160,CMAES,RosenbrockRotatedN6,3.432044729372467e-08,6.0249924960324805e-15,509147015.7906381,0.9069630840022,Continuous,Differentiable,Non-Separable,Scalable,Unimodal,6,True,True,RosenbrockRotated,0.0,600000,100000.0,526.6666666666666,True,True,True,True,1199.0,1707.0,2091.0,2420.0,4
