,BestArm,NumberFunctionEval,Algorithm,CostFunction,EuclideanDistance,TrueRewardDifference,CumulativeRegret,TimeToComplete,Continuous,Differentiability,Separability,Scalability,Modality,Ndimensions,OptimizationSuccessful,BBOB,BaseClass,SD,MaxFeval,MaxFevalPerDimensions,FevalPerDimensions,SolveAt1,SolveAt1e-1,SolveAt1e-3,SolveAt1e-6,SolveEarlierAt1,SolveEarlierAt1e-1,SolveEarlierAt1e-3,SolveEarlierAt1e-6,simNumber
0,"[ -4.9373902   -9.99570088  -7.93764039   4.54443048  -2.82115593
 -13.1133224 ]",6000,NiaPyNelderMead,RosenbrockRotatedN6,19.37749594922497,2979491.447714041,18498810185.989677,0.6152502879999702,Continuous,Differentiable,Non-Separable,Scalable,Unimodal,6,True,True,RosenbrockRotated,3.0,6000,1000.0,1000.0,False,False,False,False,,,,,2
1,[-0.08451492  0.75706375 -0.35398417 -0.14850419  0.47171582  0.64293706],6000,NiaPyPSO,RosenbrockRotatedN6,2.3673619941909703,10.534921740445204,12955228729.520552,0.6318525219999174,Continuous,Differentiable,Non-Separable,Scalable,Unimodal,6,True,True,RosenbrockRotated,3.0,6000,1000.0,1000.0,False,False,False,False,,,,,2
2,"[  5.06347817 -10.40912555  -8.47263756   0.21255519 -14.3159957
 -13.70265793]",6000,NiaPySimulatedAnnealing,RosenbrockRotatedN6,25.15180419681479,20610598.848402392,292473041953.63715,0.6749692150000328,Continuous,Differentiable,Non-Separable,Scalable,Unimodal,6,True,True,RosenbrockRotated,3.0,6000,1000.0,1000.0,False,False,False,False,,,,,2
3,[ 0.78110304 10.          3.55937864 10.         -2.33477426 -0.09204151],6000,NiaPyCuckooSearch,RosenbrockRotatedN6,14.551951548429594,20309.927320248604,318539837013.93713,0.5759157930000356,Continuous,Differentiable,Non-Separable,Scalable,Unimodal,6,True,True,RosenbrockRotated,3.0,6000,1000.0,1000.0,False,False,False,False,,,,,2
4,[ 0.32598367  0.42652249  0.22425733  0.35258307  0.71627578 -0.93521348],6000,NiaPyDifferentialEvolution,RosenbrockRotatedN6,2.5127424398405753,23.291628933183336,26858521165.021774,1.511188422000032,Continuous,Differentiable,Non-Separable,Scalable,Unimodal,6,True,True,RosenbrockRotated,3.0,6000,1000.0,1000.0,False,False,False,False,,,,,2
5,[-3.25438808  2.37988727 -6.11897549  6.51647521  8.87675427  0.56564247],6000,RandomSearch1,RosenbrockRotatedN6,12.540633059719397,3542.2648429372557,453904445634.8598,0.6150537959999838,Continuous,Differentiable,Non-Separable,Scalable,Unimodal,6,True,True,RosenbrockRotated,3.0,6000,1000.0,1000.0,False,False,False,False,,,,,2
6,[-0.47291828 -4.71290754 -2.32231658 -2.76260759 -2.93805538 -0.46619507],5999,RandomSearch2,RosenbrockRotatedN6,6.918526529238504,14506.07898179269,401941313018.8503,0.6009756280000147,Continuous,Differentiable,Non-Separable,Scalable,Unimodal,6,True,True,RosenbrockRotated,3.0,6000,1000.0,999.8333333333334,False,False,False,False,,,,,2
7,[-0.54674365 -0.3672676   0.03887979  0.04267926  0.3222026  -0.35336767],6004,CMAES,RosenbrockRotatedN6,1.719911609651016,2.3388958454857796,56291303408.91153,1.7848283029999266,Continuous,Differentiable,Non-Separable,Scalable,Unimodal,6,True,True,RosenbrockRotated,3.0,6000,1000.0,1000.6666666666666,False,False,False,False,,,,,2
