,BestArm,NumberFunctionEval,Algorithm,CostFunction,EuclideanDistance,TrueRewardDifference,CumulativeRegret,TimeToComplete,Continuous,Differentiability,Separability,Scalability,Modality,Ndimensions,OptimizationSuccessful,BBOB,BaseClass,SD,MaxFeval,MaxFevalPerDimensions,FevalPerDimensions,SolveAt1,SolveAt1e-1,SolveAt1e-3,SolveAt1e-6,SolveEarlierAt1,SolveEarlierAt1e-1,SolveEarlierAt1e-3,SolveEarlierAt1e-6,simNumber
0,"[-18.69207655 -11.28591518  -2.33882127  -4.20984327  -7.14759817
  -6.08165793]",6000,NiaPyNelderMead,RosenbrockRotatedN6,24.502262563013133,12108712.772445485,73289687186.09502,0.6157519469999215,Continuous,Differentiable,Non-Separable,Scalable,Unimodal,6,True,True,RosenbrockRotated,3.0,6000,1000.0,1000.0,False,False,False,False,,,,,6
1,[-1.19138852 -0.06586838 -0.55203389 -0.09560374 -0.20802525 -0.601012  ],6000,NiaPyPSO,RosenbrockRotatedN6,2.444217475259596,11.892016653510566,8529516036.748976,0.6309436420000338,Continuous,Differentiable,Non-Separable,Scalable,Unimodal,6,True,True,RosenbrockRotated,3.0,6000,1000.0,1000.0,False,False,False,False,,,,,6
2,"[ -1.21146101   4.0655569   -5.32188178  -9.68155496 -19.03408652
  -8.86635763]",6000,NiaPySimulatedAnnealing,RosenbrockRotatedN6,24.42555452535577,7148206.775062962,112364977580.506,0.6736747700000478,Continuous,Differentiable,Non-Separable,Scalable,Unimodal,6,True,True,RosenbrockRotated,3.0,6000,1000.0,1000.0,False,False,False,False,,,,,6
3,"[ -3.59129858   7.37535462   0.31561472 -12.86856431   6.76473582
  -4.42068454]",6000,NiaPyCuckooSearch,RosenbrockRotatedN6,16.83563199863362,58387.8570344501,553076134891.2163,0.5617702700000109,Continuous,Differentiable,Non-Separable,Scalable,Unimodal,6,True,True,RosenbrockRotated,3.0,6000,1000.0,1000.0,False,False,False,False,,,,,6
4,[ 0.6192806   0.64343087 -0.06068994 -0.46353379  0.35541345  0.76732066],6000,NiaPyDifferentialEvolution,RosenbrockRotatedN6,2.0445424530511374,96.30886523483923,27102354868.129604,1.4946270670000104,Continuous,Differentiable,Non-Separable,Scalable,Unimodal,6,True,True,RosenbrockRotated,3.0,6000,1000.0,1000.0,False,False,False,False,,,,,6
5,[ 3.97216571  9.48982802  9.87613798 -8.94884207 -6.22285471 -4.72116728],6000,RandomSearch1,RosenbrockRotatedN6,18.129927524206266,29906.149368357794,505645179016.95337,0.6213853960000506,Continuous,Differentiable,Non-Separable,Scalable,Unimodal,6,True,True,RosenbrockRotated,3.0,6000,1000.0,1000.0,False,False,False,False,,,,,6
6,[-2.30479269  0.16174895 -0.51015348  3.03453273  6.32719735  1.61952077],5999,RandomSearch2,RosenbrockRotatedN6,7.967134461596853,45599.132755014354,398906047942.6763,0.5982224690000066,Continuous,Differentiable,Non-Separable,Scalable,Unimodal,6,True,True,RosenbrockRotated,3.0,6000,1000.0,999.8333333333334,False,False,False,False,,,,,6
7,[ 0.3820658   0.44380392 -0.1042585  -0.62899559  1.35939479 -0.12214705],4771,CMAES,RosenbrockRotatedN6,2.1354367825553298,4.677299898163218,108621771958.73314,1.4168209749999505,Continuous,Differentiable,Non-Separable,Scalable,Unimodal,6,True,True,RosenbrockRotated,3.0,6000,1000.0,795.1666666666666,False,False,False,False,,,,,6
