,BestArm,NumberFunctionEval,Algorithm,CostFunction,EuclideanDistance,TrueRewardDifference,CumulativeRegret,TimeToComplete,Continuous,Differentiability,Separability,Scalability,Modality,Ndimensions,OptimizationSuccessful,BBOB,BaseClass,SD,MaxFeval,MaxFevalPerDimensions,FevalPerDimensions,SolveAt1,SolveAt1e-1,SolveAt1e-3,SolveAt1e-6,SolveEarlierAt1,SolveEarlierAt1e-1,SolveEarlierAt1e-3,SolveEarlierAt1e-6,simNumber
0,"[-12.37378442 -10.16874096  -7.45492062  -6.64208927 -13.84248321
 -15.20246029]",120,NiaPyNelderMead,RosenbrockRotatedN6,27.657316724506742,13369949.446192596,2030062894.217454,0.02955637200000183,Continuous,Differentiable,Non-Separable,Scalable,Unimodal,6,True,True,RosenbrockRotated,0.0,120,20.0,20.0,False,False,False,False,,,,,9
1,[ 6.01649932 -3.61201194 -3.41968807 -3.35733543 -1.32793305 -5.89872102],120,NiaPyPSO,RosenbrockRotatedN6,10.456742174950048,455439.6772191879,4578665942.403156,0.025407008999991376,Continuous,Differentiable,Non-Separable,Scalable,Unimodal,6,True,True,RosenbrockRotated,0.0,120,20.0,20.0,False,False,False,False,,,,,9
2,"[  4.82442068 -11.16500464   6.43483275 -29.45306921   3.41480468
 -28.73577185]",120,NiaPySimulatedAnnealing,RosenbrockRotatedN6,42.930657307378354,39977888.17050469,5324773871.833411,0.023582685999997466,Continuous,Differentiable,Non-Separable,Scalable,Unimodal,6,True,True,RosenbrockRotated,0.0,120,20.0,20.0,False,False,False,False,,,,,9
3,[-0.27235294 10.          7.20721556  7.18481176 10.         -6.37102808],120,NiaPyCuckooSearch,RosenbrockRotatedN6,18.756903500431235,3640928.0824192837,7956446361.498585,0.01942341299999839,Continuous,Differentiable,Non-Separable,Scalable,Unimodal,6,True,True,RosenbrockRotated,0.0,120,20.0,20.0,False,False,False,False,,,,,9
4,"[ -2.20407215 -10.84944396  -7.76051456  10.          -2.18369795
  -8.72730946]",120,NiaPyDifferentialEvolution,RosenbrockRotatedN6,19.8441026360269,582229.9406482925,6296022437.497529,0.04500915200000577,Continuous,Differentiable,Non-Separable,Scalable,Unimodal,6,True,True,RosenbrockRotated,0.0,120,20.0,20.0,False,False,False,False,,,,,9
5,[ 7.64761893  4.29179329  3.50948095 -2.66170232 -6.27239026  2.22624695],120,RandomSearch1,RosenbrockRotatedN6,11.049587557320088,540411.2987908844,10316314202.387733,0.02140404499999704,Continuous,Differentiable,Non-Separable,Scalable,Unimodal,6,True,True,RosenbrockRotated,0.0,120,20.0,20.0,False,False,False,False,,,,,9
6,"[ -1.0312328    6.77121723  -9.48802667   9.78734357 -28.3360632
  -1.0301754 ]",119,RandomSearch2,RosenbrockRotatedN6,31.7300127786216,793326.6268818198,11057714256.671791,0.02017960599999924,Continuous,Differentiable,Non-Separable,Scalable,Unimodal,6,True,True,RosenbrockRotated,0.0,120,20.0,19.833333333333332,False,False,False,False,,,,,9
7,"[  0.39959253 -11.68586819   2.92227524  -4.24771233   4.8109273
   1.35545964]",127,CMAES,RosenbrockRotatedN6,13.404423865142055,59460.72402484953,1654574468.4234958,0.135010022000003,Continuous,Differentiable,Non-Separable,Scalable,Unimodal,6,True,True,RosenbrockRotated,0.0,120,20.0,21.166666666666668,False,False,False,False,,,,,9
