,BestArm,NumberFunctionEval,Algorithm,CostFunction,EuclideanDistance,TrueRewardDifference,CumulativeRegret,TimeToComplete,Continuous,Differentiability,Separability,Scalability,Modality,Ndimensions,OptimizationSuccessful,BBOB,BaseClass,SD,MaxFeval,MaxFevalPerDimensions,FevalPerDimensions,SolveAt1,SolveAt1e-1,SolveAt1e-3,SolveAt1e-6,SolveEarlierAt1,SolveEarlierAt1e-1,SolveEarlierAt1e-3,SolveEarlierAt1e-6,simNumber
0,"[ -9.41716025  -6.15686111  -9.4321211   -2.68363172   0.66799111
 -12.85060492]",600000,NiaPyNelderMead,RosenbrockRotatedN6,20.14384429848566,4016758.7601693696,2410483238358.23,57.83789795699704,Continuous,Differentiable,Non-Separable,Scalable,Unimodal,6,True,True,RosenbrockRotated,3.0,600000,100000.0,100000.0,False,False,False,False,,,,,2
1,[-0.06856619  0.39402816 -0.44255365 -0.35042972  0.45191845  0.46408982],600000,NiaPyPSO,RosenbrockRotatedN6,2.063973251667356,5.967501971132584,9141631876.766483,60.47469738400105,Continuous,Differentiable,Non-Separable,Scalable,Unimodal,6,True,True,RosenbrockRotated,3.0,600000,100000.0,100000.0,False,False,False,False,,,,,2
2,"[ -6.19419675 -13.11897073   0.57698577   4.16237239   7.60585452
   0.76933795]",600000,NiaPySimulatedAnnealing,RosenbrockRotatedN6,17.663213172054704,1022499.199538374,54163676208465.35,64.55584711200208,Continuous,Differentiable,Non-Separable,Scalable,Unimodal,6,True,True,RosenbrockRotated,3.0,600000,100000.0,100000.0,False,False,False,False,,,,,2
3,"[  5.27348607   3.53170599   7.1637372  -11.18138494   7.64960536
   0.708399  ]",600000,NiaPyCuckooSearch,RosenbrockRotatedN6,16.260753075864784,4899.035498990692,45974390707685.14,53.50305858399952,Continuous,Differentiable,Non-Separable,Scalable,Unimodal,6,True,True,RosenbrockRotated,3.0,600000,100000.0,100000.0,False,False,False,False,,,,,2
4,[ 0.37031748  0.29546851 -0.56194632 -0.0883331   0.17326322  0.26526115],600000,NiaPyDifferentialEvolution,RosenbrockRotatedN6,1.1350781369666088,1.4732568462026214,27612017487.04247,147.60133868199773,Continuous,Differentiable,Non-Separable,Scalable,Unimodal,6,True,True,RosenbrockRotated,3.0,600000,100000.0,100000.0,False,False,False,False,299971.0,,,,2
5,[-0.02211265 -3.30311788  0.06699563 -0.21613565 -1.62244623 -0.32807482],600000,RandomSearch1,RosenbrockRotatedN6,4.575923395574459,2820.840405123934,46230595701214.0,59.250482358002046,Continuous,Differentiable,Non-Separable,Scalable,Unimodal,6,True,True,RosenbrockRotated,3.0,600000,100000.0,100000.0,False,False,False,False,,,,,2
6,[ 0.21510748  3.40079607  0.32995134 -3.7554457   1.58528008  4.85007808],599999,RandomSearch2,RosenbrockRotatedN6,6.222500978304848,3256.3407039523468,48572971147625.9,55.91366096200363,Continuous,Differentiable,Non-Separable,Scalable,Unimodal,6,True,True,RosenbrockRotated,3.0,600000,100000.0,99999.83333333333,False,False,False,False,,,,,2
7,[-0.11436761  0.39623757  0.15782844 -0.63187494  0.66937875 -0.36028817],4861,CMAES,RosenbrockRotatedN6,2.3040912595961474,6.524074131599449,133969514.07421163,1.4267458239992266,Continuous,Differentiable,Non-Separable,Scalable,Unimodal,6,True,True,RosenbrockRotated,3.0,600000,100000.0,810.1666666666666,False,False,False,False,,,,,2
