,BestArm,NumberFunctionEval,Algorithm,CostFunction,EuclideanDistance,TrueRewardDifference,CumulativeRegret,TimeToComplete,Continuous,Differentiability,Separability,Scalability,Modality,Ndimensions,OptimizationSuccessful,BBOB,BaseClass,SD,MaxFeval,MaxFevalPerDimensions,FevalPerDimensions,SolveAt1,SolveAt1e-1,SolveAt1e-3,SolveAt1e-6,SolveEarlierAt1,SolveEarlierAt1e-1,SolveEarlierAt1e-3,SolveEarlierAt1e-6,simNumber
0,"[-19.7028089  -11.16534641  -6.54052534 -19.19067859  -7.00221387
  -8.78524983]",600,NiaPyNelderMead,RosenbrockRotatedN6,32.293922404425096,35117701.42428689,22111195239.95833,0.11142665799999918,Continuous,Differentiable,Non-Separable,Scalable,Unimodal,6,True,True,RosenbrockRotated,3.0,600,100.0,100.0,False,False,False,False,,,,,1
1,[-1.05989998 -0.10022392 -0.05444814  0.61899991  0.53273196 -1.02882717],600,NiaPyPSO,RosenbrockRotatedN6,2.5762294613587127,149.50926243461763,6350721659.419437,0.11691185099999757,Continuous,Differentiable,Non-Separable,Scalable,Unimodal,6,True,True,RosenbrockRotated,3.0,600,100.0,100.0,False,False,False,False,,,,,1
2,"[-14.65872122  -8.91384569  -5.41179379   3.47014869  -1.86402868
  -9.24064923]",600,NiaPySimulatedAnnealing,RosenbrockRotatedN6,20.85000575805808,4263971.033613225,3707355317.168457,0.11893246599998974,Continuous,Differentiable,Non-Separable,Scalable,Unimodal,6,True,True,RosenbrockRotated,3.0,600,100.0,100.0,False,False,False,False,,,,,1
3,"[ -5.92445472   1.66743815 -18.11567158  -8.51667088 -12.7374599
  -3.30217731]",600,NiaPyCuckooSearch,RosenbrockRotatedN6,24.303659194305062,2686395.3205387257,37289831178.865135,0.10686340399999494,Continuous,Differentiable,Non-Separable,Scalable,Unimodal,6,True,True,RosenbrockRotated,3.0,600,100.0,100.0,False,False,False,False,,,,,1
4,[ 0.44495523 -3.02684747 10.         -4.06512838 10.          4.53822249],600,NiaPyDifferentialEvolution,RosenbrockRotatedN6,16.277123969375335,38262.8328591204,14869793640.606472,0.1986876269999982,Continuous,Differentiable,Non-Separable,Scalable,Unimodal,6,True,True,RosenbrockRotated,3.0,600,100.0,100.0,False,False,False,False,,,,,1
5,[ 8.90302909 -3.38344809 -2.49905176  4.37016865 -5.36270545  0.93827612],600,RandomSearch1,RosenbrockRotatedN6,11.677816513052381,136751.14707782312,38893277866.43005,0.11830656000000772,Continuous,Differentiable,Non-Separable,Scalable,Unimodal,6,True,True,RosenbrockRotated,3.0,600,100.0,100.0,False,False,False,False,,,,,1
6,[-0.51898746 -6.68477349 -1.09182193  2.15790553  0.92977948 -6.50614508],599,RandomSearch2,RosenbrockRotatedN6,9.153615694639443,212306.21073310345,41652032769.20446,0.11152430200002073,Continuous,Differentiable,Non-Separable,Scalable,Unimodal,6,True,True,RosenbrockRotated,3.0,600,100.0,99.83333333333333,False,False,False,False,,,,,1
7,[-0.73943084 -0.74684105 -0.03656493  0.47570511 -0.00334587  0.68090689],604,CMAES,RosenbrockRotatedN6,2.492405704310417,7.702127939685499,1410769983.4934137,0.30065601799998376,Continuous,Differentiable,Non-Separable,Scalable,Unimodal,6,True,True,RosenbrockRotated,3.0,600,100.0,100.66666666666667,False,False,False,False,,,,,1
