,BestArm,NumberFunctionEval,Algorithm,CostFunction,EuclideanDistance,TrueRewardDifference,CumulativeRegret,TimeToComplete,Continuous,Differentiability,Separability,Scalability,Modality,Ndimensions,OptimizationSuccessful,BBOB,BaseClass,SD,MaxFeval,MaxFevalPerDimensions,FevalPerDimensions,SolveAt1,SolveAt1e-1,SolveAt1e-3,SolveAt1e-6,SolveEarlierAt1,SolveEarlierAt1e-1,SolveEarlierAt1e-3,SolveEarlierAt1e-6,simNumber
0,[-3.5119029  -5.45353526 -3.71890015 -2.11592175 -4.03368501 -9.03375117],600000,NiaPyNelderMead,RosenbrockRotatedN6,12.792742504131063,292555.27769008535,175823119500.72403,57.747012694999285,Continuous,Differentiable,Non-Separable,Scalable,Unimodal,6,True,True,RosenbrockRotated,3.0,600000,100000.0,100000.0,False,False,False,False,,,,,1
1,[-0.25241946  0.20732028 -0.58909203 -0.3165761   0.15856983 -0.05084855],600000,NiaPyPSO,RosenbrockRotatedN6,1.6370899993867296,2.4009694048926082,10105170180.600052,60.82368109399977,Continuous,Differentiable,Non-Separable,Scalable,Unimodal,6,True,True,RosenbrockRotated,3.0,600000,100000.0,100000.0,False,False,False,False,,,,,1
2,[-1.94819432  5.58112508 -0.59096365 -3.21159996  3.93428246  4.12837903],600000,NiaPySimulatedAnnealing,RosenbrockRotatedN6,8.599600960863768,148849.95764910796,31253350328035.723,64.26361470999836,Continuous,Differentiable,Non-Separable,Scalable,Unimodal,6,True,True,RosenbrockRotated,3.0,600000,100000.0,100000.0,False,False,False,False,,,,,1
3,[ 1.48981824  0.77699886  0.229916    2.3681267  -0.31596386 -0.96943264],600000,NiaPyCuckooSearch,RosenbrockRotatedN6,4.030073073510339,1279.1249310389358,47382283928580.58,53.78811167299864,Continuous,Differentiable,Non-Separable,Scalable,Unimodal,6,True,True,RosenbrockRotated,3.0,600000,100000.0,100000.0,False,False,False,False,,,,,1
4,[-0.53279019 -0.37922349  0.34600956 -0.22214212 -0.11943232  0.08302085],600000,NiaPyDifferentialEvolution,RosenbrockRotatedN6,0.9925952541077196,2.217556701487724,22837665065.38767,147.39447369300615,Continuous,Differentiable,Non-Separable,Scalable,Unimodal,6,True,True,RosenbrockRotated,3.0,600000,100000.0,100000.0,False,False,False,False,86032.0,,,,1
5,[ 4.16506732 -8.48150311  5.00041734 -0.91013047  7.41589225 -0.73191582],600000,RandomSearch1,RosenbrockRotatedN6,12.454530475765868,747.9536940512622,53004490058414.14,58.673617915999785,Continuous,Differentiable,Non-Separable,Scalable,Unimodal,6,True,True,RosenbrockRotated,3.0,600000,100000.0,100000.0,False,False,False,False,,,,,1
6,[-1.07059748  0.17498952 -1.90823567  0.75360147 -2.23155846  1.93581891],599999,RandomSearch2,RosenbrockRotatedN6,4.204705196365001,1316.6586690626448,51545657548707.16,56.38114216300164,Continuous,Differentiable,Non-Separable,Scalable,Unimodal,6,True,True,RosenbrockRotated,3.0,600000,100000.0,99999.83333333333,False,False,False,False,,,,,1
7,[-0.21921857  0.18849551 -0.26001061 -0.43489532 -0.29313201 -0.45994746],4771,CMAES,RosenbrockRotatedN6,1.783208852319844,2.6105269811624696,112512573.51462182,1.4000425940030254,Continuous,Differentiable,Non-Separable,Scalable,Unimodal,6,True,True,RosenbrockRotated,3.0,600000,100000.0,795.1666666666666,False,False,False,False,,,,,1
