,BestArm,NumberFunctionEval,Algorithm,CostFunction,EuclideanDistance,TrueRewardDifference,CumulativeRegret,TimeToComplete,Continuous,Differentiability,Separability,Scalability,Modality,Ndimensions,OptimizationSuccessful,BBOB,BaseClass,SD,MaxFeval,MaxFevalPerDimensions,FevalPerDimensions,SolveAt1,SolveAt1e-1,SolveAt1e-3,SolveAt1e-6,SolveEarlierAt1,SolveEarlierAt1e-1,SolveEarlierAt1e-3,SolveEarlierAt1e-6,simNumber
0,[-7.02969867 -8.13868721 -1.8309108   2.85433299 -0.52719087 -2.22058519],600000,NiaPyNelderMead,RosenbrockRotatedN6,10.438455938681944,333030.9970513316,200005951904.3014,51.82164797400037,Continuous,Differentiable,Non-Separable,Scalable,Unimodal,6,True,True,RosenbrockRotated,0.0,600000,100000.0,100000.0,False,False,False,False,,,,,5
1,[-0.31742955 -0.11516093 -0.20954831 -0.00183636  0.47249614 -0.5235798 ],600000,NiaPyPSO,RosenbrockRotatedN6,1.6341738122386784,1.8258908230295694,2992713498.5962157,54.79852209099772,Continuous,Differentiable,Non-Separable,Scalable,Unimodal,6,True,True,RosenbrockRotated,0.0,600000,100000.0,100000.0,False,False,False,False,,,,,5
2,[-1.11994582  1.59941675  5.12561848  2.56872373  6.19629195  3.59107318],600000,NiaPySimulatedAnnealing,RosenbrockRotatedN6,9.380998171798973,25725.12765514965,40941244086143.69,58.976776502000575,Continuous,Differentiable,Non-Separable,Scalable,Unimodal,6,True,True,RosenbrockRotated,0.0,600000,100000.0,100000.0,False,False,False,False,,,,,5
3,[ 9.26728909 10.         -5.06078629  5.52564011 -1.2821967   3.66379714],600000,NiaPyCuckooSearch,RosenbrockRotatedN6,15.610505339095056,2417.054457332451,46558831796831.85,47.46668705000047,Continuous,Differentiable,Non-Separable,Scalable,Unimodal,6,True,True,RosenbrockRotated,0.0,600000,100000.0,100000.0,False,False,False,False,,,,,5
4,[ 0.03427803  0.48865835  0.24959586  0.3333034   0.95311846 -0.42215399],600000,NiaPyDifferentialEvolution,RosenbrockRotatedN6,2.6143162907219233e-14,8.021359551416841e-28,26054910930.758442,140.6011354939983,Continuous,Differentiable,Non-Separable,Scalable,Unimodal,6,True,True,RosenbrockRotated,0.0,600000,100000.0,100000.0,True,True,True,True,15069.0,18032.0,25415.0,37327.0,5
5,[ 2.76598528 -7.09320069  3.94655987  7.13676632 -6.60141363 -1.50656812],600000,RandomSearch1,RosenbrockRotatedN6,12.664155730684861,1171.4094204292317,49577395136800.99,53.2795899499979,Continuous,Differentiable,Non-Separable,Scalable,Unimodal,6,True,True,RosenbrockRotated,0.0,600000,100000.0,100000.0,False,False,False,False,,,,,5
6,[-0.23118259  0.71228549 -5.30877497  2.87892585  0.87231019 -0.47162868],599999,RandomSearch2,RosenbrockRotatedN6,6.24050785234153,1915.5949093125525,53923538303597.586,51.25741218800249,Continuous,Differentiable,Non-Separable,Scalable,Unimodal,6,True,True,RosenbrockRotated,0.0,600000,100000.0,99999.83333333333,False,False,False,False,,,,,5
7,[-0.28456318 -0.77898538 -0.41522196 -0.629356    0.15853056  0.46752058],2962,CMAES,RosenbrockRotatedN6,6.720975359265112e-08,6.27012045099104e-15,203627617.85922578,0.8644468679995043,Continuous,Differentiable,Non-Separable,Scalable,Unimodal,6,True,True,RosenbrockRotated,0.0,600000,100000.0,493.6666666666667,True,True,True,True,1072.0,1622.0,1886.0,2212.0,5
