,BestArm,NumberFunctionEval,Algorithm,CostFunction,EuclideanDistance,TrueRewardDifference,CumulativeRegret,TimeToComplete,Continuous,Differentiability,Separability,Scalability,Modality,Ndimensions,OptimizationSuccessful,BBOB,BaseClass,SD,MaxFeval,MaxFevalPerDimensions,FevalPerDimensions,SolveAt1,SolveAt1e-1,SolveAt1e-3,SolveAt1e-6,SolveEarlierAt1,SolveEarlierAt1e-1,SolveEarlierAt1e-3,SolveEarlierAt1e-6,simNumber
0,"[ -8.65562021 -13.06402225  -9.36038196  -0.4784522  -17.54675409
 -11.22680888]",600,NiaPyNelderMead,RosenbrockRotatedN6,27.097108525219877,22816387.34963364,14105225498.27318,0.09595189299997742,Continuous,Differentiable,Non-Separable,Scalable,Unimodal,6,True,True,RosenbrockRotated,3.0,600,100.0,100.0,False,False,False,False,,,,,5
1,[-0.52105862 -0.45152609 -1.05941935 -0.24054004  1.03592751  0.6999182 ],600,NiaPyPSO,RosenbrockRotatedN6,2.991378534179389,60.331473983851396,7885946966.83396,0.11614724000000365,Continuous,Differentiable,Non-Separable,Scalable,Unimodal,6,True,True,RosenbrockRotated,3.0,600,100.0,100.0,False,False,False,False,,,,,5
2,"[  8.37624481  -9.28092      4.66819877  -5.59066301 -23.8643487
  -6.23028805]",600,NiaPySimulatedAnnealing,RosenbrockRotatedN6,29.19545651034648,16517096.635613512,12520836155.364841,0.11880295299999943,Continuous,Differentiable,Non-Separable,Scalable,Unimodal,6,True,True,RosenbrockRotated,3.0,600,100.0,100.0,False,False,False,False,,,,,5
3,"[  7.52948433  -1.31675655 -13.12177471  -2.94460456  -2.3987377
  -4.04706997]",600,NiaPyCuckooSearch,RosenbrockRotatedN6,16.538842727054636,686996.3561783883,37064369087.36363,0.10303394100000673,Continuous,Differentiable,Non-Separable,Scalable,Unimodal,6,True,True,RosenbrockRotated,3.0,600,100.0,100.0,False,False,False,False,,,,,5
4,[-0.51288401 -1.09356925 -6.02756128 10.          3.59762174 -3.0124864 ],600,NiaPyDifferentialEvolution,RosenbrockRotatedN6,13.498965173534334,34457.34851906012,22413224917.75308,0.1940945000000056,Continuous,Differentiable,Non-Separable,Scalable,Unimodal,6,True,True,RosenbrockRotated,3.0,600,100.0,100.0,False,False,False,False,,,,,5
5,"[ -0.6211841    1.11652973 -17.64477647  -7.45216713  -1.05698149
   3.37561423]",600,RandomSearch1,RosenbrockRotatedN6,19.869272625363394,114445.13031674427,43081733931.892265,0.11657513500000505,Continuous,Differentiable,Non-Separable,Scalable,Unimodal,6,True,True,RosenbrockRotated,3.0,600,100.0,100.0,False,False,False,False,,,,,5
6,"[-10.93530947   7.28131175  -0.12435944 -24.32281251   8.76706935
   2.38430254]",599,RandomSearch2,RosenbrockRotatedN6,28.769200781914893,105734.74497760825,51553024505.57536,0.10914127000000917,Continuous,Differentiable,Non-Separable,Scalable,Unimodal,6,True,True,RosenbrockRotated,3.0,600,100.0,99.83333333333333,False,False,False,False,,,,,5
7,"[-11.33226989  -7.58928096 -24.79542563  -8.15524068   7.09614118
  -0.94489236]",604,CMAES,RosenbrockRotatedN6,29.6862490476904,37.31658234704192,1171260830.6667345,0.2695087580000006,Continuous,Differentiable,Non-Separable,Scalable,Unimodal,6,True,True,RosenbrockRotated,3.0,600,100.0,100.66666666666667,False,False,False,False,,,,,5
