,BestArm,NumberFunctionEval,Algorithm,CostFunction,EuclideanDistance,TrueRewardDifference,CumulativeRegret,TimeToComplete,Continuous,Differentiability,Separability,Scalability,Modality,Ndimensions,OptimizationSuccessful,BBOB,BaseClass,SD,MaxFeval,MaxFevalPerDimensions,FevalPerDimensions,SolveAt1,SolveAt1e-1,SolveAt1e-3,SolveAt1e-6,SolveEarlierAt1,SolveEarlierAt1e-1,SolveEarlierAt1e-3,SolveEarlierAt1e-6,simNumber
0,"[ -7.42018773 -13.65659037  -2.46469273  -7.56484134   0.04089645
 -10.47224792]",60000,NiaPyNelderMead,RosenbrockRotatedN6,19.739390334392503,1271811.3191573368,76647765572.21362,5.631854471000224,Continuous,Differentiable,Non-Separable,Scalable,Unimodal,6,True,True,RosenbrockRotated,3.0,60000,10000.0,10000.0,False,False,False,False,,,,,3
1,[-0.00253586  0.35232115  0.08507484 -0.54585165  0.07403573 -0.19428961],60000,NiaPyPSO,RosenbrockRotatedN6,1.7264397977793102,8.094197920997027,5387975282.437168,5.826241351000135,Continuous,Differentiable,Non-Separable,Scalable,Unimodal,6,True,True,RosenbrockRotated,3.0,60000,10000.0,10000.0,False,False,False,False,,,,,3
2,[-6.75141319 -3.54749218 -1.92863637  1.92025589 -6.36826774 -2.08508175],60000,NiaPySimulatedAnnealing,RosenbrockRotatedN6,11.080592209055286,15970.36304949474,895966506671.4099,6.19104039100057,Continuous,Differentiable,Non-Separable,Scalable,Unimodal,6,True,True,RosenbrockRotated,3.0,60000,10000.0,10000.0,False,False,False,False,,,,,3
3,"[-13.6732897    5.70425248   4.98937178   5.68975021   7.03068123
   7.76688301]",60000,NiaPyCuckooSearch,RosenbrockRotatedN6,19.344068081808576,24413.11606921296,5347117051018.038,5.170905590000075,Continuous,Differentiable,Non-Separable,Scalable,Unimodal,6,True,True,RosenbrockRotated,3.0,60000,10000.0,10000.0,False,False,False,False,,,,,3
4,[-0.15667967 -0.03983557  0.34694815 -0.30249753 -0.16395279  0.77377988],60000,NiaPyDifferentialEvolution,RosenbrockRotatedN6,1.9500864459210523,3.6561294836788143,24904921033.957752,14.661835118999988,Continuous,Differentiable,Non-Separable,Scalable,Unimodal,6,True,True,RosenbrockRotated,3.0,60000,10000.0,10000.0,False,False,False,False,,,,,3
5,"[ -6.38088664  -6.28783605  -0.84380919 -14.21560954  -3.04801744
   7.88275144]",60000,RandomSearch1,RosenbrockRotatedN6,18.572519401869187,6594.5568604869395,4383458483400.4683,5.567417594999824,Continuous,Differentiable,Non-Separable,Scalable,Unimodal,6,True,True,RosenbrockRotated,3.0,60000,10000.0,10000.0,False,False,False,False,,,,,3
6,[-6.32078522 -1.89085643 -2.63109784 -6.89522812  0.39027899 -4.88277308],59999,RandomSearch2,RosenbrockRotatedN6,10.506474295644011,2481.424743713206,2796134107749.4995,5.459410266999839,Continuous,Differentiable,Non-Separable,Scalable,Unimodal,6,True,True,RosenbrockRotated,3.0,60000,10000.0,9999.833333333334,False,False,False,False,,,,,3
7,[-0.71427638 -0.57584495 -0.39962946  0.24450129 -0.87315805 -0.52777773],5221,CMAES,RosenbrockRotatedN6,2.63692927607038,6.768519727014542,72629814.22666886,1.5383982690000266,Continuous,Differentiable,Non-Separable,Scalable,Unimodal,6,True,True,RosenbrockRotated,3.0,60000,10000.0,870.1666666666666,False,False,False,False,,,,,3
