,BestArm,NumberFunctionEval,Algorithm,CostFunction,EuclideanDistance,TrueRewardDifference,CumulativeRegret,TimeToComplete,Continuous,Differentiability,Separability,Scalability,Modality,Ndimensions,OptimizationSuccessful,BBOB,BaseClass,SD,MaxFeval,MaxFevalPerDimensions,FevalPerDimensions,SolveAt1,SolveAt1e-1,SolveAt1e-3,SolveAt1e-6,SolveEarlierAt1,SolveEarlierAt1e-1,SolveEarlierAt1e-3,SolveEarlierAt1e-6,simNumber
0,"[-10.36386163 -11.14527074   0.01545837  -3.71502832 -11.77390536
  -4.48488187]",600000,NiaPyNelderMead,RosenbrockRotatedN6,21.02913108476089,4905698.720498954,2943853264734.8896,56.180480647002696,Continuous,Differentiable,Non-Separable,Scalable,Unimodal,6,True,True,RosenbrockRotated,3.0,600000,100000.0,100000.0,False,False,False,False,,,,,3
1,[-0.43688912  0.22224327  0.06587488  0.33657773  0.55493906  0.34988143],600000,NiaPyPSO,RosenbrockRotatedN6,1.775099478570434,5.260358928863887,5705112064.981039,59.639222163998056,Continuous,Differentiable,Non-Separable,Scalable,Unimodal,6,True,True,RosenbrockRotated,3.0,600000,100000.0,100000.0,False,False,False,False,,,,,3
2,"[ -6.01638885 -10.08016305  -0.87788684  -7.69068523  -2.87209075
   1.25251761]",600000,NiaPySimulatedAnnealing,RosenbrockRotatedN6,15.252272664808855,1149660.6719433882,64635134100955.49,64.03524451699923,Continuous,Differentiable,Non-Separable,Scalable,Unimodal,6,True,True,RosenbrockRotated,3.0,600000,100000.0,100000.0,False,False,False,False,,,,,3
3,[-0.18259411 -2.61960379 -0.96966907  2.76454664  1.66852601 -2.70265263],600000,NiaPyCuckooSearch,RosenbrockRotatedN6,5.1204655014146905,3463.8353134846584,43704071182156.75,53.12942116100021,Continuous,Differentiable,Non-Separable,Scalable,Unimodal,6,True,True,RosenbrockRotated,3.0,600000,100000.0,100000.0,False,False,False,False,,,,,3
4,[10.         10.          7.45183946 10.          0.51348898  2.01761863],600000,NiaPyDifferentialEvolution,RosenbrockRotatedN6,18.54293809590135,892.5342247751987,14197993130.318546,145.3695261499961,Continuous,Differentiable,Non-Separable,Scalable,Unimodal,6,True,True,RosenbrockRotated,3.0,600000,100000.0,100000.0,False,False,False,False,,,,,3
5,[ 1.38877882  0.36764786  1.62548721 -0.52767837  0.18528171  0.12431535],600000,RandomSearch1,RosenbrockRotatedN6,2.998673506996801,857.0225050840386,31240302431351.082,57.17026736000116,Continuous,Differentiable,Non-Separable,Scalable,Unimodal,6,True,True,RosenbrockRotated,3.0,600000,100000.0,100000.0,False,False,False,False,,,,,3
6,"[ -7.30020903   3.05615086 -25.85076952 -14.79858226   2.82874408
   3.41131672]",599999,RandomSearch2,RosenbrockRotatedN6,30.611498657556492,2584.0196853973275,35380290168619.484,55.482370353995066,Continuous,Differentiable,Non-Separable,Scalable,Unimodal,6,True,True,RosenbrockRotated,3.0,600000,100000.0,99999.83333333333,False,False,False,False,,,,,3
7,[ 1.04293962 -0.48865143 -0.05033162  0.14483945  0.10354403  0.31349622],4546,CMAES,RosenbrockRotatedN6,2.4285349667864944,5.982578916496124,143025101.08027053,1.323208750996855,Continuous,Differentiable,Non-Separable,Scalable,Unimodal,6,True,True,RosenbrockRotated,3.0,600000,100000.0,757.6666666666666,False,False,False,False,,,,,3
