,BestArm,NumberFunctionEval,Algorithm,CostFunction,EuclideanDistance,TrueRewardDifference,CumulativeRegret,TimeToComplete,Continuous,Differentiability,Separability,Scalability,Modality,Ndimensions,OptimizationSuccessful,BBOB,BaseClass,SD,MaxFeval,MaxFevalPerDimensions,FevalPerDimensions,SolveAt1,SolveAt1e-1,SolveAt1e-3,SolveAt1e-6,SolveEarlierAt1,SolveEarlierAt1e-1,SolveEarlierAt1e-3,SolveEarlierAt1e-6,simNumber
0,"[-16.8068735   -6.4942819   -8.97053843  -9.72636982 -11.62351336
 -17.45188865]",600,NiaPyNelderMead,RosenbrockRotatedN6,31.275673115946976,21259152.895141993,13187768268.514782,0.09860031499999877,Continuous,Differentiable,Non-Separable,Scalable,Unimodal,6,True,True,RosenbrockRotated,0.0,600,100.0,100.0,False,False,False,False,,,,,7
1,[-0.14170486 -0.11474128 -0.85551262  0.93812078 -0.37133822 -0.71574546],600,NiaPyPSO,RosenbrockRotatedN6,2.0686132760522202,86.62160847013658,4822224354.732707,0.11744315700002517,Continuous,Differentiable,Non-Separable,Scalable,Unimodal,6,True,True,RosenbrockRotated,0.0,600,100.0,100.0,False,False,False,False,,,,,7
2,"[  6.4335374   -0.45496427 -23.99005805   6.2176443   -1.08203411
 -15.14735201]",600,NiaPySimulatedAnnealing,RosenbrockRotatedN6,29.85037280955598,15755810.45454917,14275812824.780258,0.10626527200000169,Continuous,Differentiable,Non-Separable,Scalable,Unimodal,6,True,True,RosenbrockRotated,0.0,600,100.0,100.0,False,False,False,False,,,,,7
3,[-6.00584562  7.46803286 -1.44719631 -2.43970555 -9.70941917  4.69317928],600,NiaPyCuckooSearch,RosenbrockRotatedN6,15.231924083839553,53990.25425723789,40648782873.721664,0.09331964500000822,Continuous,Differentiable,Non-Separable,Scalable,Unimodal,6,True,True,RosenbrockRotated,0.0,600,100.0,100.0,False,False,False,False,,,,,7
4,"[ -2.32711387 -17.37256603   3.92592807   0.93291622  10.
 -11.05505849]",600,NiaPyDifferentialEvolution,RosenbrockRotatedN6,22.86027146407663,47505.67967351541,24401779290.044712,0.18530481700000223,Continuous,Differentiable,Non-Separable,Scalable,Unimodal,6,True,True,RosenbrockRotated,0.0,600,100.0,100.0,False,False,False,False,,,,,7
5,[-2.20974477 -3.05858637  4.48392297  2.82967385 -2.03301142 -2.15484093],600,RandomSearch1,RosenbrockRotatedN6,7.45254831954999,94249.8226633989,49012036599.490715,0.09469823899999597,Continuous,Differentiable,Non-Separable,Scalable,Unimodal,6,True,True,RosenbrockRotated,0.0,600,100.0,100.0,False,False,False,False,,,,,7
6,"[ -1.87250625   3.4735761    6.91767191 -10.51607401  -3.24195964
  -5.07727552]",599,RandomSearch2,RosenbrockRotatedN6,14.360144528116674,105012.29521031342,42108724523.484085,0.10077117899999166,Continuous,Differentiable,Non-Separable,Scalable,Unimodal,6,True,True,RosenbrockRotated,0.0,600,100.0,99.83333333333333,False,False,False,False,,,,,7
7,[ 0.31925547  0.25685538  0.35246925 -0.12361064 -0.68297273 -0.25786164],604,CMAES,RosenbrockRotatedN6,2.0244909439741,3.1474825369081603,647920816.7043854,0.258265678000015,Continuous,Differentiable,Non-Separable,Scalable,Unimodal,6,True,True,RosenbrockRotated,0.0,600,100.0,100.66666666666667,False,False,False,False,,,,,7
