,BestArm,NumberFunctionEval,Algorithm,CostFunction,EuclideanDistance,TrueRewardDifference,CumulativeRegret,TimeToComplete,Continuous,Differentiability,Separability,Scalability,Modality,Ndimensions,OptimizationSuccessful,BBOB,BaseClass,SD,MaxFeval,MaxFevalPerDimensions,FevalPerDimensions,SolveAt1,SolveAt1e-1,SolveAt1e-3,SolveAt1e-6,SolveEarlierAt1,SolveEarlierAt1e-1,SolveEarlierAt1e-3,SolveEarlierAt1e-6,simNumber
0,"[-12.70615282  -1.28030329 -21.63113391  -6.05933014 -14.43229682
  -8.7159962 ]",600,NiaPyNelderMead,RosenbrockRotatedN6,30.88210122115133,5471167.7174772825,3614062746.4577785,0.08992772900001,Continuous,Differentiable,Non-Separable,Scalable,Unimodal,6,True,True,RosenbrockRotated,0.0,600,100.0,100.0,False,False,False,False,,,,,3
1,[ 2.61033416 -0.42784494 -2.92018504 -6.70284277  3.90993587 -2.55069591],600,NiaPyPSO,RosenbrockRotatedN6,9.880767960402963,9038.569882123611,9162513566.216608,0.10885229699999854,Continuous,Differentiable,Non-Separable,Scalable,Unimodal,6,True,True,RosenbrockRotated,0.0,600,100.0,100.0,False,False,False,False,,,,,3
2,"[-27.19094746  -4.20212186 -28.01351014  -3.21063986  -2.15250064
 -10.39730248]",600,NiaPySimulatedAnnealing,RosenbrockRotatedN6,40.52231259248434,41750776.59798013,33376144863.24743,0.11527860600000395,Continuous,Differentiable,Non-Separable,Scalable,Unimodal,6,True,True,RosenbrockRotated,0.0,600,100.0,100.0,False,False,False,False,,,,,3
3,[-3.16140125  9.23084167  2.09885806  1.91435879 -0.80289268 10.        ],600,NiaPyCuckooSearch,RosenbrockRotatedN6,13.88826534753165,811330.0081497374,32438750497.9069,0.08299508299998593,Continuous,Differentiable,Non-Separable,Scalable,Unimodal,6,True,True,RosenbrockRotated,0.0,600,100.0,100.0,False,False,False,False,,,,,3
4,[ 8.52270493 -8.93159069 -8.33062674  0.73167528 -3.91578741 -1.47269334],600,NiaPyDifferentialEvolution,RosenbrockRotatedN6,15.139239480743193,38687.43075220796,24320550310.206013,0.18673087100000885,Continuous,Differentiable,Non-Separable,Scalable,Unimodal,6,True,True,RosenbrockRotated,0.0,600,100.0,100.0,False,False,False,False,,,,,3
5,[-1.82616862 -1.60137877  3.29895511 -0.73245663  3.70977632 -6.75198231],600,RandomSearch1,RosenbrockRotatedN6,9.337316705249787,72909.70881512096,41577169215.291016,0.0945891880000147,Continuous,Differentiable,Non-Separable,Scalable,Unimodal,6,True,True,RosenbrockRotated,0.0,600,100.0,100.0,False,False,False,False,,,,,3
6,[-3.40445624  4.36390411 -7.44066242  4.50842264  1.17712825 -0.18506876],599,RandomSearch2,RosenbrockRotatedN6,10.325319007260132,204042.9832638873,51948537581.12303,0.10381356100000971,Continuous,Differentiable,Non-Separable,Scalable,Unimodal,6,True,True,RosenbrockRotated,0.0,600,100.0,99.83333333333333,False,False,False,False,,,,,3
7,[-0.66714429  0.37495763 -0.17212605 -0.63679686 -0.33166713  1.23540417],604,CMAES,RosenbrockRotatedN6,2.0548214146404247,4.136235117796358,505031509.0022848,0.2760170800000026,Continuous,Differentiable,Non-Separable,Scalable,Unimodal,6,True,True,RosenbrockRotated,0.0,600,100.0,100.66666666666667,False,False,False,False,,,,,3
