,BestArm,NumberFunctionEval,Algorithm,CostFunction,EuclideanDistance,TrueRewardDifference,CumulativeRegret,TimeToComplete,Continuous,Differentiability,Separability,Scalability,Modality,Ndimensions,OptimizationSuccessful,BBOB,BaseClass,SD,MaxFeval,MaxFevalPerDimensions,FevalPerDimensions,SolveAt1,SolveAt1e-1,SolveAt1e-3,SolveAt1e-6,SolveEarlierAt1,SolveEarlierAt1e-1,SolveEarlierAt1e-3,SolveEarlierAt1e-6,simNumber
0,"[  1.98684034 -15.72223085  -6.29104564  -2.66769763  -3.47014255
 -11.67138108]",600,NiaPyNelderMead,RosenbrockRotatedN6,21.004843774374024,139471.76351918236,315584407.4838473,0.09623220299999957,Continuous,Differentiable,Non-Separable,Scalable,Unimodal,6,True,True,RosenbrockRotated,0.0,600,100.0,100.0,False,False,False,False,,,,,6
1,[-0.89523668 -0.76948575 -2.29906958  1.51859942  0.23410445 -0.29645601],600,NiaPyPSO,RosenbrockRotatedN6,3.994460454748226,632.4648084324474,7353846454.940431,0.10724684499999171,Continuous,Differentiable,Non-Separable,Scalable,Unimodal,6,True,True,RosenbrockRotated,0.0,600,100.0,100.0,False,False,False,False,,,,,6
2,"[-15.36757123  -4.5827175    4.67730615   4.26931002  -9.82452412
   7.17915935]",600,NiaPySimulatedAnnealing,RosenbrockRotatedN6,21.25446244670804,4761463.476324436,5842243613.048256,0.11342966800000909,Continuous,Differentiable,Non-Separable,Scalable,Unimodal,6,True,True,RosenbrockRotated,0.0,600,100.0,100.0,False,False,False,False,,,,,6
3,"[ -1.49233551  -2.83147026   3.69392494 -11.03471015  -3.42230099
 -18.31046465]",600,NiaPyCuckooSearch,RosenbrockRotatedN6,22.379179966405236,730159.9294764794,40274091553.94188,0.10714703100001088,Continuous,Differentiable,Non-Separable,Scalable,Unimodal,6,True,True,RosenbrockRotated,0.0,600,100.0,100.0,False,False,False,False,,,,,6
4,[10.          1.39578735 -0.81702594  5.85471838 -5.32572427 -2.78491519],600,NiaPyDifferentialEvolution,RosenbrockRotatedN6,13.072701874907548,30251.174393325557,15621734018.39514,0.18832683699997688,Continuous,Differentiable,Non-Separable,Scalable,Unimodal,6,True,True,RosenbrockRotated,0.0,600,100.0,100.0,False,False,False,False,,,,,6
5,"[ -5.45945525 -17.02490704   1.3512076    0.08520525   1.4083165
  -4.12365212]",600,RandomSearch1,RosenbrockRotatedN6,18.951230534675695,235194.5051682893,42306187560.25945,0.0965524549999941,Continuous,Differentiable,Non-Separable,Scalable,Unimodal,6,True,True,RosenbrockRotated,0.0,600,100.0,100.0,False,False,False,False,,,,,6
6,[ 1.84370884  4.78596599  4.3536347  -2.44564729  4.40544271 -1.21048647],599,RandomSearch2,RosenbrockRotatedN6,7.553561564216284,62958.35832825023,37855754444.839584,0.10225240600001939,Continuous,Differentiable,Non-Separable,Scalable,Unimodal,6,True,True,RosenbrockRotated,0.0,600,100.0,99.83333333333333,False,False,False,False,,,,,6
7,[ 0.65280132 -0.014155    0.41545223 -0.43219069 -0.77978079  0.31018387],604,CMAES,RosenbrockRotatedN6,2.374316139855211,15.813473776356352,604336632.1473495,0.2589989459999913,Continuous,Differentiable,Non-Separable,Scalable,Unimodal,6,True,True,RosenbrockRotated,0.0,600,100.0,100.66666666666667,False,False,False,False,,,,,6
