,BestArm,NumberFunctionEval,Algorithm,CostFunction,EuclideanDistance,TrueRewardDifference,CumulativeRegret,TimeToComplete,Continuous,Differentiability,Separability,Scalability,Modality,Ndimensions,OptimizationSuccessful,BBOB,BaseClass,SD,MaxFeval,MaxFevalPerDimensions,FevalPerDimensions,SolveAt1,SolveAt1e-1,SolveAt1e-3,SolveAt1e-6,SolveEarlierAt1,SolveEarlierAt1e-1,SolveEarlierAt1e-3,SolveEarlierAt1e-6,simNumber
0,[-94.17569569 -43.64940017],20000,NiaPyNelderMead,SalomonN2,103.79947877064876,11.074047225943,222081.2456871905,1.2084534910000002,Continuous,Differentiable,Non-Separable,Scalable,Multimodal,2,True,False,Salomon,3.0,20000,10000.0,10000.0,False,False,False,False,,,,,8
1,[2.74249676 1.52141771],20000,NiaPyPSO,SalomonN2,3.1362398427416043,0.6581756126596561,34813.72355184485,1.0985753739996653,Continuous,Differentiable,Non-Separable,Scalable,Multimodal,2,True,False,Salomon,3.0,20000,10000.0,10000.0,True,False,False,False,1048.0,,,,8
2,[44.74753727 -5.04766068],20000,NiaPySimulatedAnnealing,SalomonN2,45.03133319878937,4.5224501576124805,123313.2883985952,1.1866562189998149,Continuous,Differentiable,Non-Separable,Scalable,Multimodal,2,True,False,Salomon,3.0,20000,10000.0,10000.0,False,False,False,False,,,,,8
3,[ 6.78279928 -5.60451482],20000,NiaPyCuckooSearch,SalomonN2,8.79869037642341,1.578688287553169,149667.5100730998,0.8734169839999595,Continuous,Differentiable,Non-Separable,Scalable,Multimodal,2,True,False,Salomon,3.0,20000,10000.0,10000.0,False,False,False,False,7351.0,,,,8
4,[-4.70207669  3.62376093],20000,NiaPyDifferentialEvolution,SalomonN2,5.936427251017313,0.6723635532754976,77112.74619638889,3.539426575000107,Continuous,Differentiable,Non-Separable,Scalable,Multimodal,2,True,False,Salomon,3.0,20000,10000.0,10000.0,True,False,False,False,24.0,,,,8
5,[16.74844563 20.72355456],20000,RandomSearch1,SalomonN2,26.645377547490366,4.27556867925615,147788.9125877208,0.711267757999849,Continuous,Differentiable,Non-Separable,Scalable,Multimodal,2,True,False,Salomon,3.0,20000,10000.0,10000.0,False,False,False,False,1477.0,6832.0,,,8
6,[-11.98686681  -7.36748043],19999,RandomSearch2,SalomonN2,14.06999444923322,1.5021575433177348,149311.61803874065,0.8125020890001906,Continuous,Differentiable,Non-Separable,Scalable,Multimodal,2,True,False,Salomon,3.0,20000,10000.0,9999.5,False,False,False,False,656.0,,,,8
7,[-75.44275431 -75.78318458],3091,CMAES,SalomonN2,106.93315782845036,10.780219401130203,33474.52720751571,0.8898199259992907,Continuous,Differentiable,Non-Separable,Scalable,Multimodal,2,True,False,Salomon,3.0,20000,10000.0,1545.5,False,False,False,False,,,,,8
