,BestArm,NumberFunctionEval,Algorithm,CostFunction,EuclideanDistance,TrueRewardDifference,CumulativeRegret,TimeToComplete,Continuous,Differentiability,Separability,Scalability,Modality,Ndimensions,OptimizationSuccessful,BBOB,BaseClass,SD,MaxFeval,MaxFevalPerDimensions,FevalPerDimensions,SolveAt1,SolveAt1e-1,SolveAt1e-3,SolveAt1e-6,SolveEarlierAt1,SolveEarlierAt1e-1,SolveEarlierAt1e-3,SolveEarlierAt1e-6,simNumber
0,[ 3.29985695 29.66678089],200000,NiaPyNelderMead,SalomonN2,29.84973943472464,3.3985139846953927,679278.3309163222,12.21492009099893,Continuous,Differentiable,Non-Separable,Scalable,Multimodal,2,True,False,Salomon,3.0,200000,100000.0,100000.0,False,False,False,False,,,,,9
1,[-3.5301497   1.96338475],200000,NiaPyPSO,SalomonN2,4.039410424162581,0.43444327880862577,313044.0926067688,11.426766455995676,Continuous,Differentiable,Non-Separable,Scalable,Multimodal,2,True,False,Salomon,3.0,200000,100000.0,100000.0,True,False,False,False,954.0,122462.0,,,9
2,[-8.92259448  6.11187385],200000,NiaPySimulatedAnnealing,SalomonN2,10.81516038334683,1.6834435113869959,713490.7393217974,12.169634874997428,Continuous,Differentiable,Non-Separable,Scalable,Multimodal,2,True,False,Salomon,3.0,200000,100000.0,100000.0,False,False,False,False,9.0,94598.0,,,9
3,[ 7.53804896 22.76285734],200000,NiaPyCuckooSearch,SalomonN2,23.97852906778963,2.4069389077229664,1481824.1202790034,8.95301746900077,Continuous,Differentiable,Non-Separable,Scalable,Multimodal,2,True,False,Salomon,3.0,200000,100000.0,100000.0,False,False,False,False,1711.0,,,,9
4,[-4.38971977  7.84195575],200000,NiaPyDifferentialEvolution,SalomonN2,8.98698557187802,0.9020400298105085,749747.0982200502,36.13399238299462,Continuous,Differentiable,Non-Separable,Scalable,Multimodal,2,True,False,Salomon,3.0,200000,100000.0,100000.0,True,False,False,False,415.0,151533.0,,,9
5,[-19.26352434 -14.00222651],200000,RandomSearch1,SalomonN2,23.81482137606149,2.985364517959096,1492444.7033309182,7.467922786003328,Continuous,Differentiable,Non-Separable,Scalable,Multimodal,2,True,False,Salomon,3.0,200000,100000.0,100000.0,False,False,False,False,86.0,,,,9
6,[ 0.04681599 11.82227202],199999,RandomSearch2,SalomonN2,11.82236471812193,1.7430607852277522,1491706.1750244242,8.069009926002764,Continuous,Differentiable,Non-Separable,Scalable,Multimodal,2,True,False,Salomon,3.0,200000,100000.0,99999.5,False,False,False,False,468.0,,,,9
7,[14.83808291 14.33981038],3031,CMAES,SalomonN2,20.63489438255472,3.7252989421198053,11311.032309248258,0.8784268630042789,Continuous,Differentiable,Non-Separable,Scalable,Multimodal,2,True,False,Salomon,3.0,200000,100000.0,1515.5,False,False,False,False,,,,,9
