,BestArm,NumberFunctionEval,Algorithm,CostFunction,EuclideanDistance,TrueRewardDifference,CumulativeRegret,TimeToComplete,Continuous,Differentiability,Separability,Scalability,Modality,Ndimensions,OptimizationSuccessful,BBOB,BaseClass,SD,MaxFeval,MaxFevalPerDimensions,FevalPerDimensions,SolveAt1,SolveAt1e-1,SolveAt1e-3,SolveAt1e-6,SolveEarlierAt1,SolveEarlierAt1e-1,SolveEarlierAt1e-3,SolveEarlierAt1e-6,simNumber
0,[ 24.39983913 -20.69988898],200000,NiaPyNelderMead,SalomonN2,31.997461673958387,3.1998733463783386,639988.1626263167,11.660484330001054,Continuous,Differentiable,Non-Separable,Scalable,Multimodal,2,True,False,Salomon,0.0,200000,100000.0,100000.0,False,False,False,False,,,,,8
1,[-8.73744262e-05  4.57392401e-04],200000,NiaPyPSO,SalomonN2,0.00046566307417717087,5.084659582664811e-05,229247.11428196615,9.744316035001248,Continuous,Differentiable,Non-Separable,Scalable,Multimodal,2,True,False,Salomon,0.0,200000,100000.0,100000.0,True,True,True,False,24.0,324.0,3437.0,,8
2,[-2.12794072 -2.11053421],200000,NiaPySimulatedAnnealing,SalomonN2,2.9970796400134403,0.2998763051686594,1104700.969961273,10.301673711001058,Continuous,Differentiable,Non-Separable,Scalable,Multimodal,2,True,False,Salomon,0.0,200000,100000.0,100000.0,True,False,False,False,124432.0,,,,8
3,[-0.00546494  1.00152847],200000,NiaPyCuckooSearch,SalomonN2,1.001543381967753,0.1002013571743655,1475921.0708778827,7.250020778999897,Continuous,Differentiable,Non-Separable,Scalable,Multimodal,2,True,False,Salomon,0.0,200000,100000.0,100000.0,True,False,False,False,1736.0,,,,8
4,[0. 0.],200000,NiaPyDifferentialEvolution,SalomonN2,0.0,0.0,6634.249055097011,33.762397631006024,Continuous,Differentiable,Non-Separable,Scalable,Multimodal,2,True,False,Salomon,0.0,200000,100000.0,100000.0,True,True,True,True,135.0,1603.0,3956.0,4972.0,8
5,[-0.97955536  0.0373582 ],200000,RandomSearch1,SalomonN2,0.9802674787988764,0.10570281037218045,1491492.8283852115,6.109177309997904,Continuous,Differentiable,Non-Separable,Scalable,Multimodal,2,True,False,Salomon,0.0,200000,100000.0,100000.0,True,False,False,False,204.0,,,,8
6,[ 0.03716121 -0.07313868],199999,RandomSearch2,SalomonN2,0.08203793334879629,0.1381375011285748,1493190.4397408478,6.72424861699983,Continuous,Differentiable,Non-Separable,Scalable,Multimodal,2,True,False,Salomon,0.0,200000,100000.0,99999.5,True,False,False,False,210.0,,,,8
7,[36.35880429 37.15995151],421,CMAES,SalomonN2,51.9886972834153,5.201390380284137,2305.728814486709,0.15417790599894943,Continuous,Differentiable,Non-Separable,Scalable,Multimodal,2,True,False,Salomon,0.0,200000,100000.0,210.5,False,False,False,False,,,,,8
