,BestArm,NumberFunctionEval,Algorithm,CostFunction,EuclideanDistance,TrueRewardDifference,CumulativeRegret,TimeToComplete,Continuous,Differentiability,Separability,Scalability,Modality,Ndimensions,OptimizationSuccessful,BBOB,BaseClass,SD,MaxFeval,MaxFevalPerDimensions,FevalPerDimensions,SolveAt1,SolveAt1e-1,SolveAt1e-3,SolveAt1e-6,SolveEarlierAt1,SolveEarlierAt1e-1,SolveEarlierAt1e-3,SolveEarlierAt1e-6,simNumber
0,[-17.55736079  17.79167804],200000,NiaPyNelderMead,SalomonN2,24.99609420719214,2.4999105315294385,499990.9406146468,11.96015009200346,Continuous,Differentiable,Non-Separable,Scalable,Multimodal,2,True,False,Salomon,0.0,200000,100000.0,100000.0,False,False,False,False,,,,,9
1,[ 0.00027117 -0.00018815],200000,NiaPyPSO,SalomonN2,0.0003300473593894923,3.5154952043561976e-05,228476.43897793526,9.679947828997683,Continuous,Differentiable,Non-Separable,Scalable,Multimodal,2,True,False,Salomon,0.0,200000,100000.0,100000.0,True,True,True,False,582.0,1317.0,11125.0,,9
2,[ 28.20164194 -12.88707666],200000,NiaPySimulatedAnnealing,SalomonN2,31.00660176604902,3.1015203534136555,1553950.2909281938,10.386285740001767,Continuous,Differentiable,Non-Separable,Scalable,Multimodal,2,True,False,Salomon,0.0,200000,100000.0,100000.0,False,False,False,False,,,,,9
3,[ 0.94015338 -0.33620615],200000,NiaPyCuckooSearch,SalomonN2,0.9984602909531941,0.09989282455059961,1496868.7010714242,7.254627643000276,Continuous,Differentiable,Non-Separable,Scalable,Multimodal,2,True,False,Salomon,0.0,200000,100000.0,100000.0,True,True,False,False,2023.0,180271.0,,,9
4,[0. 0.],200000,NiaPyDifferentialEvolution,SalomonN2,0.0,0.0,8052.913626276356,33.59359023299476,Continuous,Differentiable,Non-Separable,Scalable,Multimodal,2,True,False,Salomon,0.0,200000,100000.0,100000.0,True,True,True,True,166.0,1749.0,4162.0,5343.0,9
5,[-0.96359751 -0.16677116],200000,RandomSearch1,SalomonN2,0.9779226845503086,0.10739789639782926,1490471.485818466,6.076669278998452,Continuous,Differentiable,Non-Separable,Scalable,Multimodal,2,True,False,Salomon,0.0,200000,100000.0,100000.0,True,False,False,False,218.0,,,,9
6,[-0.01065644  0.01166924],199999,RandomSearch2,SalomonN2,0.015802878608167193,0.006505731016649485,1491400.2145166676,6.658197876997292,Continuous,Differentiable,Non-Separable,Scalable,Multimodal,2,True,False,Salomon,0.0,200000,100000.0,99999.5,True,True,False,False,722.0,67534.0,,,9
7,[35.44419708 36.66674951],463,CMAES,SalomonN2,50.99746686233182,5.099873345846811,2460.342810555732,0.16358890799892833,Continuous,Differentiable,Non-Separable,Scalable,Multimodal,2,True,False,Salomon,0.0,200000,100000.0,231.5,False,False,False,False,,,,,9
