,BestArm,NumberFunctionEval,Algorithm,CostFunction,EuclideanDistance,TrueRewardDifference,CumulativeRegret,TimeToComplete,Continuous,Differentiability,Separability,Scalability,Modality,Ndimensions,OptimizationSuccessful,BBOB,BaseClass,SD,MaxFeval,MaxFevalPerDimensions,FevalPerDimensions,SolveAt1,SolveAt1e-1,SolveAt1e-3,SolveAt1e-6,SolveEarlierAt1,SolveEarlierAt1e-1,SolveEarlierAt1e-3,SolveEarlierAt1e-6,simNumber
0,[4.34510322 5.01980039 4.76919893 6.28722128 4.56794864 5.79119371],600,NiaPyNelderMead,Schwefel2d4N6,10.256504024558529,3452.96557026077,2155322.4580905866,0.02113976700000819,Continuous,Differentiable,Separable,Non-Scalable,Multimodal,6,True,False,Schwefel2d4,0.0,600,100.0,100.0,False,False,False,False,,,,,8
1,[0.59232285 0.7826916  0.77438691 0.         0.78590133 0.        ],600,NiaPyPSO,Schwefel2d4N6,1.5199220734552072,3.0712731891694522,800071.9321976413,0.02697740300000362,Continuous,Differentiable,Separable,Non-Scalable,Multimodal,6,True,False,Schwefel2d4,0.0,600,100.0,100.0,False,False,False,False,,,,,8
2,[5.71147457 8.41684484 0.09501188 8.15082604 1.38559406 3.49022568],600,NiaPySimulatedAnnealing,Schwefel2d4N6,11.640910762814263,8878.003348405558,9476855.689762149,0.028779529999994224,Continuous,Differentiable,Separable,Non-Scalable,Multimodal,6,True,False,Schwefel2d4,0.0,600,100.0,100.0,False,False,False,False,,,,,8
3,[4.98158003 4.91621681 0.96320178 0.96036024 2.71242642 0.19287749],600,NiaPyCuckooSearch,Schwefel2d4N6,5.897161189405173,859.3525691185848,6055158.574836225,0.019972440000003644,Continuous,Differentiable,Separable,Non-Scalable,Multimodal,6,True,False,Schwefel2d4,0.0,600,100.0,100.0,False,False,False,False,,,,,8
4,[1.0405431  1.09499404 0.96300391 1.48305303 0.44922967 0.92241516],600,NiaPyDifferentialEvolution,Schwefel2d4N6,0.744811330024951,2.6769606243651785,2551995.1966898437,0.10406013399999381,Continuous,Differentiable,Separable,Non-Scalable,Multimodal,6,True,False,Schwefel2d4,0.0,600,100.0,100.0,False,False,False,False,,,,,8
5,[2.05816644 2.69993831 2.05970106 1.03199015 2.40393176 0.06400939],600,RandomSearch1,Schwefel2d4N6,2.8249953973009605,63.91244814395488,6078351.769501235,0.02642599899999709,Continuous,Differentiable,Separable,Non-Scalable,Multimodal,6,True,False,Schwefel2d4,0.0,600,100.0,100.0,False,False,False,False,,,,,8
6,[2.62698179 2.62698179 2.62698179 2.62698179 2.62698179 2.62698179],599,RandomSearch2,Schwefel2d4N6,3.9852752019003406,125.48751718558042,6064422.703892048,0.022955321999987177,Continuous,Differentiable,Separable,Non-Scalable,Multimodal,6,True,False,Schwefel2d4,0.0,600,100.0,99.83333333333333,False,False,False,False,,,,,8
7,[1.00048616 1.00017089 0.99991879 1.00241331 0.99892125 0.99808306],604,CMAES,Schwefel2d4N6,0.0033067511195736797,5.6116761031970816e-05,9285.150185261093,0.17002205000000004,Continuous,Differentiable,Separable,Non-Scalable,Multimodal,6,True,False,Schwefel2d4,0.0,600,100.0,100.66666666666667,True,True,True,False,204.0,265.0,509.0,,8
