,BestArm,NumberFunctionEval,Algorithm,CostFunction,EuclideanDistance,TrueRewardDifference,CumulativeRegret,TimeToComplete,Continuous,Differentiability,Separability,Scalability,Modality,Ndimensions,OptimizationSuccessful,BBOB,BaseClass,SD,MaxFeval,MaxFevalPerDimensions,FevalPerDimensions,SolveAt1,SolveAt1e-1,SolveAt1e-3,SolveAt1e-6,SolveEarlierAt1,SolveEarlierAt1e-1,SolveEarlierAt1e-3,SolveEarlierAt1e-6,simNumber
0,"[  59.19489373  -49.34760866 -129.54965382  -28.28812869 -306.89113157
   64.99166674]",6000,NiaPyNelderMead,Schwefel2d26N6,1230.2356375831848,1983.8267221873296,11912983.751470795,0.23678373099994587,Continuous,Differentiable,Separable,Scalable,Multimodal,6,True,False,Schwefel2d26,3.0,6000,1000.0,1000.0,False,False,False,False,,,,,1
1,"[-79.06364326 191.44502898 223.24402144 165.90974738 408.47771567
 434.3638801 ]",6000,NiaPyPSO,Schwefel2d26N6,638.1215729970767,1369.107089563442,14415036.384805266,0.2817372230000501,Continuous,Differentiable,Separable,Scalable,Multimodal,6,True,False,Schwefel2d26,3.0,6000,1000.0,1000.0,False,False,False,False,,,,,1
2,"[ 446.54844426 -199.74721787    6.50091275   99.35835953  321.38072511
 -359.03949822]",6000,NiaPySimulatedAnnealing,Schwefel2d26N6,1131.145476588935,2714.6860267618354,16958712.556944706,0.3106828759999871,Continuous,Differentiable,Separable,Scalable,Multimodal,6,True,False,Schwefel2d26,3.0,6000,1000.0,1000.0,False,False,False,False,,,,,1
3,"[-114.65019436  422.84794844  416.63471354  407.86613905 -127.74292804
 -289.50850503]",6000,NiaPyCuckooSearch,Schwefel2d26N6,1045.4396531025145,769.9276897942896,15000488.916348148,0.2056685469999593,Continuous,Differentiable,Separable,Scalable,Multimodal,6,True,False,Schwefel2d26,3.0,6000,1000.0,1000.0,False,False,False,False,,,,,1
4,"[422.71151982 418.86804773 417.66316925 422.73212112 420.46158084
 420.04495692]",6000,NiaPyDifferentialEvolution,Schwefel2d26N6,4.753643448970035,2.8486512293548003,5180396.908585655,1.073051021000083,Continuous,Differentiable,Separable,Scalable,Multimodal,6,True,False,Schwefel2d26,3.0,6000,1000.0,1000.0,False,False,False,False,,,,,1
5,"[409.88936107 409.88936107 409.88936107 409.88936107 409.88936107
 409.88936107]",6000,RandomSearch1,Schwefel2d26N6,27.138839746950325,91.96449836193642,15062900.24221614,0.261016308999956,Continuous,Differentiable,Separable,Scalable,Multimodal,6,True,False,Schwefel2d26,3.0,6000,1000.0,1000.0,False,False,False,False,,,,,1
6,"[409.88936107 409.88936107 409.88936107 409.88936107 409.88936107
 409.88936107]",5999,RandomSearch2,Schwefel2d26N6,27.138839746950325,91.96449836193642,15048698.33644329,0.23822024300000066,Continuous,Differentiable,Separable,Scalable,Multimodal,6,True,False,Schwefel2d26,3.0,6000,1000.0,999.8333333333334,False,False,False,False,,,,,1
7,"[420.67906519 420.19793909 422.02629777 421.39824287 421.89711095
 420.42099118]",4816,CMAES,Schwefel2d26N6,1.7728052337892701,0.39662574717112875,14974.614941960339,1.133106378999969,Continuous,Differentiable,Separable,Scalable,Multimodal,6,True,False,Schwefel2d26,3.0,6000,1000.0,802.6666666666666,True,False,False,False,275.0,,,,1
