,BestArm,NumberFunctionEval,Algorithm,CostFunction,EuclideanDistance,TrueRewardDifference,CumulativeRegret,TimeToComplete,Continuous,Differentiability,Separability,Scalability,Modality,Ndimensions,OptimizationSuccessful,BBOB,BaseClass,SD,MaxFeval,MaxFevalPerDimensions,FevalPerDimensions,SolveAt1,SolveAt1e-1,SolveAt1e-3,SolveAt1e-6,SolveEarlierAt1,SolveEarlierAt1e-1,SolveEarlierAt1e-3,SolveEarlierAt1e-6,simNumber
0,[2.48204855 4.79434024 5.4489967  5.15075202 2.37081217 5.47442474],60000,NiaPyNelderMead,Schwefel2d4N6,8.68995986742605,2593.5220304756385,155671306.56960502,2.232885045999865,Continuous,Differentiable,Separable,Non-Scalable,Multimodal,6,True,False,Schwefel2d4,0.0,60000,10000.0,10000.0,False,False,False,False,,,,,7
1,[0.74327179 0.84246899 0.         0.9214006  0.86524225 0.9113129 ],60000,NiaPyPSO,Schwefel2d4N6,1.0596831167604597,1.7317266532599151,1298703.2574155356,2.691520176999802,Continuous,Differentiable,Separable,Non-Scalable,Multimodal,6,True,False,Schwefel2d4,0.0,60000,10000.0,10000.0,False,False,False,False,,,,,7
2,[1.24308239 1.86520661 0.82330935 0.71078162 2.19625189 2.48944857],60000,NiaPySimulatedAnnealing,Schwefel2d4N6,2.138226840874267,47.89094530103759,571381018.7994164,2.852512281000145,Continuous,Differentiable,Separable,Non-Scalable,Multimodal,6,True,False,Schwefel2d4,0.0,60000,10000.0,10000.0,False,False,False,False,,,,,7
3,[0.46720189 1.3307178  1.73959349 2.97907468 2.11018778 0.57223072],60000,NiaPyCuckooSearch,Schwefel2d4N6,2.5044932962013786,101.17665257536417,654016250.675718,1.972468967000168,Continuous,Differentiable,Separable,Non-Scalable,Multimodal,6,True,False,Schwefel2d4,0.0,60000,10000.0,10000.0,False,False,False,False,,,,,7
4,[0.99910958 0.99964381 0.99964381 0.99964381 0.99830781 0.99964381],60000,NiaPyDifferentialEvolution,Schwefel2d4N6,0.0020405441201725907,1.1287747044090368e-05,2913854.7283530263,10.670137995999994,Continuous,Differentiable,Separable,Non-Scalable,Multimodal,6,True,False,Schwefel2d4,0.0,60000,10000.0,10000.0,True,True,True,False,1197.0,2536.0,5606.0,,7
5,[0.89421397 1.06939446 1.79111876 1.42188723 0.91663263 1.21694937],60000,RandomSearch1,Schwefel2d4N6,0.9348161007163251,7.917684251728023,610472057.2468371,2.5662631570003214,Continuous,Differentiable,Separable,Non-Scalable,Multimodal,6,True,False,Schwefel2d4,0.0,60000,10000.0,10000.0,False,False,False,False,,,,,7
6,[1.28127691 0.17763175 0.04356625 1.5908228  0.32132862 1.51651306],59999,RandomSearch2,Schwefel2d4N6,1.657294157658854,10.061384539671353,610424113.8134524,2.293385982000018,Continuous,Differentiable,Separable,Non-Scalable,Multimodal,6,True,False,Schwefel2d4,0.0,60000,10000.0,9999.833333333334,False,False,False,False,,,,,7
7,[1.00000003 0.99999999 1.00000001 1.00000003 0.99999999 1.00000003],1414,CMAES,Schwefel2d4N6,5.368755239767056e-08,1.0603346529013274e-14,7054.366418847804,0.35565576799990595,Continuous,Differentiable,Separable,Non-Scalable,Multimodal,6,True,False,Schwefel2d4,0.0,60000,10000.0,235.66666666666666,True,True,True,True,176.0,245.0,420.0,653.0,7
