,BestArm,NumberFunctionEval,Algorithm,CostFunction,EuclideanDistance,TrueRewardDifference,CumulativeRegret,TimeToComplete,Continuous,Differentiability,Separability,Scalability,Modality,Ndimensions,OptimizationSuccessful,BBOB,BaseClass,SD,MaxFeval,MaxFevalPerDimensions,FevalPerDimensions,SolveAt1,SolveAt1e-1,SolveAt1e-3,SolveAt1e-6,SolveEarlierAt1,SolveEarlierAt1e-1,SolveEarlierAt1e-3,SolveEarlierAt1e-6,simNumber
0,[ 9.13934823 24.15054995 18.83653325 15.55722155 24.16472454  4.68502788],60000,NiaPyNelderMead,Schwefel2d21N6,43.2377413180454,24.164724535390402,1450655.4655628498,1.6251518900000974,Continuous,Non-Differentiable,Separable,Scalable,Unimodal,6,True,False,Schwefel2d21,0.0,60000,10000.0,10000.0,False,False,False,False,,,,,0
1,[-0.0865465  -0.09035052 -0.01667938 -0.08571587  0.06252396  0.00304127],60000,NiaPyPSO,Schwefel2d21N6,0.16491640519709266,0.0903505151819757,125015.78767934346,2.1800806319999992,Continuous,Non-Differentiable,Separable,Scalable,Unimodal,6,True,False,Schwefel2d21,0.0,60000,10000.0,10000.0,True,True,False,False,1501.0,55813.0,,,0
2,"[ 31.91592313 -36.13686754  32.90819314  35.06503807  -7.65218124
   9.94703523]",60000,NiaPySimulatedAnnealing,Schwefel2d21N6,69.24236278029812,36.13686754045787,3472998.6019914327,2.299231594000048,Continuous,Non-Differentiable,Separable,Scalable,Unimodal,6,True,False,Schwefel2d21,0.0,60000,10000.0,10000.0,False,False,False,False,,,,,0
3,"[-15.08000557  -1.08351683   4.99286559  -1.52385789  19.12147849
 -11.95804599]",60000,NiaPyCuckooSearch,Schwefel2d21N6,27.64881968161781,19.121478489527135,4773478.506204369,1.4692981629998485,Continuous,Non-Differentiable,Separable,Scalable,Unimodal,6,True,False,Schwefel2d21,0.0,60000,10000.0,10000.0,False,False,False,False,,,,,0
4,"[ 0.00000000e+00 -7.10542736e-15  7.10542736e-15  0.00000000e+00
 -7.10542736e-15 -3.55271368e-15]",60000,NiaPyDifferentialEvolution,Schwefel2d21N6,1.2809491335957507e-14,7.105427357601002e-15,184921.06794959004,9.822898372000054,Continuous,Non-Differentiable,Separable,Scalable,Unimodal,6,True,False,Schwefel2d21,0.0,60000,10000.0,10000.0,True,True,True,True,6574.0,10138.0,16766.0,28302.0,0
5,"[  8.59962073   0.41190528   5.41045873  -0.95810189   8.62438357
 -12.20305696]",60000,RandomSearch1,Schwefel2d21N6,18.09996565058177,12.203056956618227,4750128.743552277,2.067461582000078,Continuous,Non-Differentiable,Separable,Scalable,Unimodal,6,True,False,Schwefel2d21,0.0,60000,10000.0,10000.0,False,False,False,False,,,,,0
6,"[ -2.98422109  11.27936788  10.95123584   2.60997578 -14.62084268
 -10.84261389]",59999,RandomSearch2,Schwefel2d21N6,24.37627067313743,14.620842680273824,4751328.035880444,1.7833310119999624,Continuous,Non-Differentiable,Separable,Scalable,Unimodal,6,True,False,Schwefel2d21,0.0,60000,10000.0,9999.833333333334,False,False,False,False,,,,,0
7,"[ 8.59800719e-12  6.05795106e-12  4.05904092e-12 -2.56487731e-12
  6.60185749e-12 -9.38885159e-12]",2800,CMAES,Schwefel2d21N6,1.6291530441444916e-11,9.388851591824958e-12,12981.113066244885,0.6543733080000038,Continuous,Non-Differentiable,Separable,Scalable,Unimodal,6,True,False,Schwefel2d21,0.0,60000,10000.0,466.6666666666667,True,True,True,True,537.0,718.0,1122.0,1776.0,0
