,BestArm,NumberFunctionEval,Algorithm,CostFunction,EuclideanDistance,TrueRewardDifference,CumulativeRegret,TimeToComplete,Continuous,Differentiability,Separability,Scalability,Modality,Ndimensions,OptimizationSuccessful,BBOB,BaseClass,SD,MaxFeval,MaxFevalPerDimensions,FevalPerDimensions,SolveAt1,SolveAt1e-1,SolveAt1e-3,SolveAt1e-6,SolveEarlierAt1,SolveEarlierAt1e-1,SolveEarlierAt1e-3,SolveEarlierAt1e-6,simNumber
0,[ 9.52096836 47.84425717],20000,NiaPyNelderMead,Schwefel2d20N2,48.78239213876811,57.36522553317137,1147932.5791281518,0.9340922250000858,Continuous,Non-Differentiable,Separable,Scalable,Unimodal,2,True,False,Schwefel2d20,3.0,20000,10000.0,10000.0,False,False,False,False,,,,,8
1,[-0.26770398 -0.66536761],20000,NiaPyPSO,Schwefel2d20N2,0.7172025328033567,0.9330715852794506,83196.91722933,0.8618221919998632,Continuous,Non-Differentiable,Separable,Scalable,Unimodal,2,True,False,Schwefel2d20,3.0,20000,10000.0,10000.0,True,False,False,False,740.0,1571.0,,,8
2,[75.23789627 -3.30604421],20000,NiaPySimulatedAnnealing,Schwefel2d20N2,75.31049703323019,78.54394048147661,1765431.4148475132,0.9295874130000357,Continuous,Non-Differentiable,Separable,Scalable,Unimodal,2,True,False,Schwefel2d20,3.0,20000,10000.0,10000.0,False,False,False,False,,,,,8
3,[0.72578342 0.2245282 ],20000,NiaPyCuckooSearch,Schwefel2d20N2,0.7597200071991764,0.9503116249358088,1643857.2639211016,0.6238081030001013,Continuous,Non-Differentiable,Separable,Scalable,Unimodal,2,True,False,Schwefel2d20,3.0,20000,10000.0,10000.0,True,False,False,False,7015.0,,,,8
4,[ 1.74581492 -1.47073019],20000,NiaPyDifferentialEvolution,Schwefel2d20N2,2.282743314571913,3.2165451144785457,81485.24814589377,3.245222343000023,Continuous,Non-Differentiable,Separable,Scalable,Unimodal,2,True,False,Schwefel2d20,3.0,20000,10000.0,10000.0,False,False,False,False,407.0,1967.0,,,8
5,[ 1.28495285 -1.07783678],20000,RandomSearch1,Schwefel2d20N2,1.6771511446060312,2.3627896349443773,1670992.6236614194,0.48005100200020934,Continuous,Non-Differentiable,Separable,Scalable,Unimodal,2,True,False,Schwefel2d20,3.0,20000,10000.0,10000.0,False,False,False,False,,,,,8
6,[-1.98099467 -0.30318708],19999,RandomSearch2,Schwefel2d20N2,2.004061451743683,2.284181757734089,1658200.3294315585,0.5384596409999176,Continuous,Non-Differentiable,Separable,Scalable,Unimodal,2,True,False,Schwefel2d20,3.0,20000,10000.0,9999.5,False,False,False,False,266.0,,,,8
7,[14.99468595  2.41303335],3601,CMAES,Schwefel2d20N2,15.187604707433223,17.407719304488115,64257.04174846725,1.006574566000154,Continuous,Non-Differentiable,Separable,Scalable,Unimodal,2,True,False,Schwefel2d20,3.0,20000,10000.0,1800.5,False,False,False,False,,,,,8
