,BestArm,NumberFunctionEval,Algorithm,CostFunction,EuclideanDistance,TrueRewardDifference,CumulativeRegret,TimeToComplete,Continuous,Differentiability,Separability,Scalability,Modality,Ndimensions,OptimizationSuccessful,BBOB,BaseClass,SD,MaxFeval,MaxFevalPerDimensions,FevalPerDimensions,SolveAt1,SolveAt1e-1,SolveAt1e-3,SolveAt1e-6,SolveEarlierAt1,SolveEarlierAt1e-1,SolveEarlierAt1e-3,SolveEarlierAt1e-6,simNumber
0,"[-246.80741108 -258.16805058 -289.96809981 -379.84238399  413.38197726
 -299.69261184]",600,NiaPyNelderMead,Schwefel2d26N6,1604.148310107306,1657.1209974741844,1015056.1473665746,0.0172688110000081,Continuous,Differentiable,Separable,Scalable,Multimodal,6,True,False,Schwefel2d26,0.0,600,100.0,100.0,False,False,False,False,,,,,0
1,"[ 424.57631361  -13.61517964  423.04540313  -84.29129222 -323.1535046
  -90.47882387]",600,NiaPyPSO,Schwefel2d26N6,1122.2587768686374,1435.8437728542135,1544557.6714602723,0.0234743299999991,Continuous,Differentiable,Separable,Scalable,Multimodal,6,True,False,Schwefel2d26,0.0,600,100.0,100.0,False,False,False,False,,,,,0
2,"[-427.35093683 -290.43117718  -51.3043198   168.39034311  204.2729088
  219.12510429]",600,NiaPySimulatedAnnealing,Schwefel2d26N6,1265.0184879324609,2243.632410829541,1359873.4561455785,0.025652223999998114,Continuous,Differentiable,Separable,Scalable,Multimodal,6,True,False,Schwefel2d26,0.0,600,100.0,100.0,False,False,False,False,,,,,0
3,"[ -32.96635685  163.21388571  440.33763745 -319.79120362 -303.3649619
  164.48193344]",600,NiaPyCuckooSearch,Schwefel2d26N6,1188.2928544526578,1485.0959233477238,1606480.658688001,0.0166736280000066,Continuous,Differentiable,Separable,Scalable,Multimodal,6,True,False,Schwefel2d26,0.0,600,100.0,100.0,False,False,False,False,,,,,0
4,"[ 428.97072252 -500.          443.05675495 -500.          422.96626378
  407.10799287]",600,NiaPyDifferentialEvolution,Schwefel2d26N6,1302.7336199468398,569.8537544003257,1343889.5517355907,0.10094883400000754,Continuous,Differentiable,Separable,Scalable,Multimodal,6,True,False,Schwefel2d26,0.0,600,100.0,100.0,False,False,False,False,,,,,0
5,"[ 428.28921822  451.72753389 -252.43937318  445.99711735  408.60217527
  247.50529545]",600,RandomSearch1,Schwefel2d26N6,696.6685779139606,1017.1976284495545,1488335.9665326828,0.02306004600001188,Continuous,Differentiable,Separable,Scalable,Multimodal,6,True,False,Schwefel2d26,0.0,600,100.0,100.0,False,False,False,False,,,,,0
6,"[  52.27451671 -102.75751079  413.80827732  433.24782529 -476.18823436
  459.70027822]",599,RandomSearch2,Schwefel2d26N6,1103.0944899958058,1431.5632523237255,1519802.000013338,0.019941913999986127,Continuous,Differentiable,Separable,Scalable,Multimodal,6,True,False,Schwefel2d26,0.0,600,100.0,99.83333333333333,False,False,False,False,,,,,0
7,"[203.76347923  65.68867588  65.34984537  65.49283135  65.38170563
  65.75580543]",604,CMAES,Schwefel2d26N6,823.9225454758925,1993.897128582339,1447830.7307712138,0.1728862260000028,Continuous,Differentiable,Separable,Scalable,Multimodal,6,True,False,Schwefel2d26,0.0,600,100.0,100.66666666666667,False,False,False,False,,,,,0
