,BestArm,NumberFunctionEval,Algorithm,CostFunction,EuclideanDistance,TrueRewardDifference,CumulativeRegret,TimeToComplete,Continuous,Differentiability,Separability,Scalability,Modality,Ndimensions,OptimizationSuccessful,BBOB,BaseClass,SD,MaxFeval,MaxFevalPerDimensions,FevalPerDimensions,SolveAt1,SolveAt1e-1,SolveAt1e-3,SolveAt1e-6,SolveEarlierAt1,SolveEarlierAt1e-1,SolveEarlierAt1e-3,SolveEarlierAt1e-6,simNumber
0,[38.18906094 16.56138549 28.83400395  9.53859489 25.6555421  30.26526372],600000,NiaPyNelderMead,Schwefel2d23N6,65.03277227227177,7764823595157057.0,4.861812553741728e+21,18.453008984004555,Continuous,Differentiable,Non-Separable,Scalable,Unimodal,6,True,False,Schwefel2d23,0.0,600000,100000.0,100000.0,False,False,False,False,,,,,9
1,[ 0.00903187 -0.06624443 -0.00893737  0.02656776  0.0183221  -0.06194409],600000,NiaPyPSO,Schwefel2d23N6,0.09709990243756747,2.459337968240298e-12,5.867805957108715e+21,23.54514826599916,Continuous,Differentiable,Non-Separable,Scalable,Unimodal,6,True,False,Schwefel2d23,0.0,600000,100000.0,100000.0,True,True,True,True,1181.0,1361.0,1418.0,2427.0,9
2,[ 5.36522665 46.2023952  38.86985456 26.30269107 31.41763071 29.44279002],600000,NiaPySimulatedAnnealing,Schwefel2d23N6,78.86754423676557,5.37824273446461e+16,1.9094070467203102e+25,26.129686391999712,Continuous,Differentiable,Non-Separable,Scalable,Unimodal,6,True,False,Schwefel2d23,0.0,600000,100000.0,100000.0,False,False,False,False,,,,,9
3,[ 0.97963909 -7.39974782  1.29242249 -0.25045852 12.68015682 -4.33147333],600000,NiaPyCuckooSearch,Schwefel2d23N6,15.39470961365411,107954410109.70267,2.282473508120935e+25,16.069718236998597,Continuous,Differentiable,Non-Separable,Scalable,Unimodal,6,True,False,Schwefel2d23,0.0,600000,100000.0,100000.0,False,False,False,False,,,,,9
4,[0. 0. 0. 0. 0. 0.],600000,NiaPyDifferentialEvolution,Schwefel2d23N6,0.0,0.0,2.4462890761232776e+22,101.88393036499474,Continuous,Differentiable,Non-Separable,Scalable,Unimodal,6,True,False,Schwefel2d23,0.0,600000,100000.0,100000.0,True,True,True,True,5167.0,5167.0,5920.0,6903.0,9
5,[ 2.8450884   3.1286019  -7.42690748  4.84209101  8.01760344  8.37797117],600000,RandomSearch1,Schwefel2d23N6,15.197363058278716,3319095056.004573,2.183218806965437e+25,22.806696316001762,Continuous,Differentiable,Non-Separable,Scalable,Unimodal,6,True,False,Schwefel2d23,0.0,600000,100000.0,100000.0,False,False,False,False,,,,,9
6,[ 9.28394953  3.88613334 -0.03161685 -6.47345124 -0.41198943 -8.65368501],599999,RandomSearch2,Schwefel2d23N6,14.77350064662059,7242062601.753925,2.1840017016665002e+25,19.473858126999403,Continuous,Differentiable,Non-Separable,Scalable,Unimodal,6,True,False,Schwefel2d23,0.0,600000,100000.0,99999.83333333333,False,False,False,False,,,,,9
7,"[-1.47138559e-03 -1.27012652e-03 -3.53499401e-03 -3.95992133e-05
 -3.14150274e-03 -4.92756196e-04]",1045,CMAES,Schwefel2d23N6,0.0051369052763326675,3.983898214222812e-25,8.564844897312889e+20,0.26650878800137434,Continuous,Differentiable,Non-Separable,Scalable,Unimodal,6,True,False,Schwefel2d23,0.0,600000,100000.0,174.16666666666666,True,True,True,True,529.0,583.0,641.0,667.0,9
