,BestArm,NumberFunctionEval,Algorithm,CostFunction,EuclideanDistance,TrueRewardDifference,CumulativeRegret,TimeToComplete,Continuous,Differentiability,Separability,Scalability,Modality,Ndimensions,OptimizationSuccessful,BBOB,BaseClass,SD,MaxFeval,MaxFevalPerDimensions,FevalPerDimensions,SolveAt1,SolveAt1e-1,SolveAt1e-3,SolveAt1e-6,SolveEarlierAt1,SolveEarlierAt1e-1,SolveEarlierAt1e-3,SolveEarlierAt1e-6,simNumber
0,"[-27.01608715  28.48812067  32.15758166  34.9931982   12.82816527
  50.81667584]",600000,NiaPyNelderMead,Schwefel2d23N6,80.91336311866712,1.1932699216513843e+17,7.206953319704912e+22,22.91262320199894,Continuous,Differentiable,Non-Separable,Scalable,Unimodal,6,True,False,Schwefel2d23,3.0,600000,100000.0,100000.0,False,False,False,False,,,,,8
1,[ 0.02924898  0.13300032  0.46573746 -0.16879219  0.86072864  0.50011703],600000,NiaPyPSO,Schwefel2d23N6,1.1202310541969003,0.2246428016972434,6.483298537609761e+21,28.35071680299734,Continuous,Differentiable,Non-Separable,Scalable,Unimodal,6,True,False,Schwefel2d23,3.0,600000,100000.0,100000.0,True,False,False,False,1427.0,1427.0,2070.0,23194.0,8
2,"[ 37.0088563    1.57184221  37.24151115 -18.37240727  46.06341226
  25.77432958]",600000,NiaPySimulatedAnnealing,Schwefel2d23N6,76.69912417069446,5.309487870195761e+16,1.8084139084726643e+25,31.54185206499824,Continuous,Differentiable,Non-Separable,Scalable,Unimodal,6,True,False,Schwefel2d23,3.0,600000,100000.0,100000.0,False,False,False,False,,,,,8
3,[ 0.38377184 -9.46405871 10.20831653 -4.6848989  14.46886604  5.24432258],600000,NiaPyCuckooSearch,Schwefel2d23N6,21.277328222192644,420185275661.0436,2.274925096184642e+25,20.339312496995262,Continuous,Differentiable,Non-Separable,Scalable,Unimodal,6,True,False,Schwefel2d23,3.0,600000,100000.0,100000.0,False,False,False,False,,,,,8
4,[-0.14331664  0.03349868  0.0830613  -0.45613782  0.39539453 -0.8178051 ],600000,NiaPyDifferentialEvolution,Schwefel2d23N6,1.0304196789712206,0.13429624601071238,2.5452166083834366e+22,109.31763448300626,Continuous,Differentiable,Non-Separable,Scalable,Unimodal,6,True,False,Schwefel2d23,3.0,600000,100000.0,100000.0,True,False,False,False,5199.0,5383.0,5822.0,15647.0,8
5,[-6.20003833 -6.20003833 -6.20003833 -6.20003833 -6.20003833 -6.20003833],600000,RandomSearch1,Schwefel2d23N6,15.186930287495263,503610750.7562407,2.183547884190272e+25,26.3004040550004,Continuous,Differentiable,Non-Separable,Scalable,Unimodal,6,True,False,Schwefel2d23,3.0,600000,100000.0,100000.0,False,False,False,False,,,,,8
6,[-6.20003833 -6.20003833 -6.20003833 -6.20003833 -6.20003833 -6.20003833],599999,RandomSearch2,Schwefel2d23N6,15.186930287495263,503610750.7562407,2.1766674877109884e+25,23.576097176002804,Continuous,Differentiable,Non-Separable,Scalable,Unimodal,6,True,False,Schwefel2d23,3.0,600000,100000.0,99999.83333333333,False,False,False,False,,,,,8
7,[-0.35778068  0.31484251 -0.28968635  0.11077967  0.49149527 -0.07207484],6526,CMAES,Schwefel2d23N6,0.755040078503381,0.0008707105876267789,23916372759.139038,1.617533110002114,Continuous,Differentiable,Non-Separable,Scalable,Unimodal,6,True,False,Schwefel2d23,3.0,600000,100000.0,1087.6666666666667,True,True,True,False,206.0,206.0,263.0,,8
