,BestArm,NumberFunctionEval,Algorithm,CostFunction,EuclideanDistance,TrueRewardDifference,CumulativeRegret,TimeToComplete,Continuous,Differentiability,Separability,Scalability,Modality,Ndimensions,OptimizationSuccessful,BBOB,BaseClass,SD,MaxFeval,MaxFevalPerDimensions,FevalPerDimensions,SolveAt1,SolveAt1e-1,SolveAt1e-3,SolveAt1e-6,SolveEarlierAt1,SolveEarlierAt1e-1,SolveEarlierAt1e-3,SolveEarlierAt1e-6,simNumber
0,"[  7.43587829  28.42396032  22.43359302  16.5272979  -11.97621764
  17.55382136]",600,NiaPyNelderMead,Schwefel2d21N6,45.72961744084998,28.423960322356315,17476.468382757637,0.015536840000009988,Continuous,Non-Differentiable,Separable,Scalable,Unimodal,6,True,False,Schwefel2d21,0.0,600,100.0,100.0,False,False,False,False,,,,,2
1,"[ -1.08074434 -10.80902042 -13.14903997   8.54592633  27.10411068
  -4.34339876]",600,NiaPyPSO,Schwefel2d21N6,33.427996775127234,27.104110684140505,41268.87658634774,0.02179487299999039,Continuous,Non-Differentiable,Separable,Scalable,Unimodal,6,True,False,Schwefel2d21,0.0,600,100.0,100.0,False,False,False,False,,,,,2
2,"[ 30.38134297  89.49561143 -14.61409517 -12.73938269 -17.28316258
  28.31945587]",600,NiaPySimulatedAnnealing,Schwefel2d21N6,102.02476858161866,89.49561142742894,55306.505619413365,0.0230693500000001,Continuous,Non-Differentiable,Separable,Scalable,Unimodal,6,True,False,Schwefel2d21,0.0,600,100.0,100.0,False,False,False,False,,,,,2
3,"[ 38.94780098 -30.61840644 -19.8847935  -23.14136161  12.56179849
 -15.27923677]",600,NiaPyCuckooSearch,Schwefel2d21N6,61.454043817349024,38.9478009809618,50588.270837596276,0.014759470000001329,Continuous,Non-Differentiable,Separable,Scalable,Unimodal,6,True,False,Schwefel2d21,0.0,600,100.0,100.0,False,False,False,False,,,,,2
4,"[  4.54770504  15.73702754  -1.38743835 -12.08663707 -14.95697463
  -1.58129348]",600,NiaPyDifferentialEvolution,Schwefel2d21N6,25.34874783819663,15.737027542953285,39549.6176531164,0.0955601229999985,Continuous,Non-Differentiable,Separable,Scalable,Unimodal,6,True,False,Schwefel2d21,0.0,600,100.0,100.0,False,False,False,False,,,,,2
5,[10.99834634 10.99834634 10.99834634 10.99834634 10.99834634 10.99834634],600,RandomSearch1,Schwefel2d21N6,26.940336540497665,10.998346337179314,47360.804697746076,0.021475715999997647,Continuous,Non-Differentiable,Separable,Scalable,Unimodal,6,True,False,Schwefel2d21,0.0,600,100.0,100.0,False,False,False,False,,,,,2
6,[10.99834634 10.99834634 10.99834634 10.99834634 10.99834634 10.99834634],599,RandomSearch2,Schwefel2d21N6,26.940336540497665,10.998346337179314,48252.17397710278,0.01794606100000351,Continuous,Non-Differentiable,Separable,Scalable,Unimodal,6,True,False,Schwefel2d21,0.0,600,100.0,99.83333333333333,False,False,False,False,,,,,2
7,[-0.00397824  0.00188183 -0.04475837 -0.00111762  0.02505434  0.01213698],604,CMAES,Schwefel2d21N6,0.05290514712632491,0.04475836918409511,2214.8523086047535,0.17181314799999825,Continuous,Non-Differentiable,Separable,Scalable,Unimodal,6,True,False,Schwefel2d21,0.0,600,100.0,100.66666666666667,True,True,False,False,228.0,568.0,,,2
