,BestArm,NumberFunctionEval,Algorithm,CostFunction,EuclideanDistance,TrueRewardDifference,CumulativeRegret,TimeToComplete,Continuous,Differentiability,Separability,Scalability,Modality,Ndimensions,OptimizationSuccessful,BBOB,BaseClass,SD,MaxFeval,MaxFevalPerDimensions,FevalPerDimensions,SolveAt1,SolveAt1e-1,SolveAt1e-3,SolveAt1e-6,SolveEarlierAt1,SolveEarlierAt1e-1,SolveEarlierAt1e-3,SolveEarlierAt1e-6,simNumber
0,[16.3331941  43.41863357 22.77253601  4.96307477 44.0028961   9.63356619],60000,NiaPyNelderMead,Schwefel2d21N6,68.73304838879511,44.00289609664873,2640477.31173806,1.6683214130000579,Continuous,Non-Differentiable,Separable,Scalable,Unimodal,6,True,False,Schwefel2d21,0.0,60000,10000.0,10000.0,False,False,False,False,,,,,3
1,[ 0.09367277  0.01655985  0.0082334   0.08837557 -0.00353467  0.09448871],60000,NiaPyPSO,Schwefel2d21N6,0.1608336302038443,0.09448871064265871,124906.4932796708,2.1600186650000524,Continuous,Non-Differentiable,Separable,Scalable,Unimodal,6,True,False,Schwefel2d21,0.0,60000,10000.0,10000.0,True,True,False,False,1354.0,28922.0,,,3
2,"[ 84.19412406  84.43727241  15.21274333  41.84147159  66.77121663
 -38.49824886]",60000,NiaPySimulatedAnnealing,Schwefel2d21N6,148.79835462327907,84.4372724111537,5752632.471834131,2.3036991999999827,Continuous,Non-Differentiable,Separable,Scalable,Unimodal,6,True,False,Schwefel2d21,0.0,60000,10000.0,10000.0,False,False,False,False,,,,,3
3,"[-15.29319208  10.39763094 -15.37639436  -9.95756991  -0.9792462
  19.64102113]",60000,NiaPyCuckooSearch,Schwefel2d21N6,32.623730463877195,19.64102113370529,4769921.417644242,1.4412298689999261,Continuous,Non-Differentiable,Separable,Scalable,Unimodal,6,True,False,Schwefel2d21,0.0,60000,10000.0,10000.0,False,False,False,False,,,,,3
4,"[-7.10542736e-15 -7.10542736e-15 -7.10542736e-15  7.10542736e-15
  0.00000000e+00 -7.10542736e-15]",60000,NiaPyDifferentialEvolution,Schwefel2d21N6,1.5888218580782548e-14,7.105427357601002e-15,172586.11621913448,10.019430509999893,Continuous,Non-Differentiable,Separable,Scalable,Unimodal,6,True,False,Schwefel2d21,0.0,60000,10000.0,10000.0,True,True,True,True,6444.0,11454.0,19434.0,31153.0,3
5,"[  2.32916437   8.0114695   -3.16604835 -10.18123105   3.57053049
  -1.33680783]",60000,RandomSearch1,Schwefel2d21N6,14.06505319551845,10.181231053628558,4751900.750116834,2.073073690000001,Continuous,Non-Differentiable,Separable,Scalable,Unimodal,6,True,False,Schwefel2d21,0.0,60000,10000.0,10000.0,False,False,False,False,,,,,3
6,"[  8.09395958  -6.69444505   2.82704605 -10.12911825   7.28860517
  -3.811501  ]",59999,RandomSearch2,Schwefel2d21N6,16.987357281022256,10.129118253771445,4753018.541185507,1.7640769019999425,Continuous,Non-Differentiable,Separable,Scalable,Unimodal,6,True,False,Schwefel2d21,0.0,60000,10000.0,9999.833333333334,False,False,False,False,,,,,3
7,"[ 1.15153585e-12  4.65253327e-12 -1.01291610e-12  1.31541992e-12
 -1.48519962e-12  5.42601010e-12]",2818,CMAES,Schwefel2d21N6,7.574683673472977e-12,5.426010099488212e-12,13914.159425288191,0.6490942650000306,Continuous,Non-Differentiable,Separable,Scalable,Unimodal,6,True,False,Schwefel2d21,0.0,60000,10000.0,469.6666666666667,True,True,True,True,538.0,814.0,1225.0,1831.0,3
