,BestArm,NumberFunctionEval,Algorithm,CostFunction,EuclideanDistance,TrueRewardDifference,CumulativeRegret,TimeToComplete,Continuous,Differentiability,Separability,Scalability,Modality,Ndimensions,OptimizationSuccessful,BBOB,BaseClass,SD,MaxFeval,MaxFevalPerDimensions,FevalPerDimensions,SolveAt1,SolveAt1e-1,SolveAt1e-3,SolveAt1e-6,SolveEarlierAt1,SolveEarlierAt1e-1,SolveEarlierAt1e-3,SolveEarlierAt1e-6,simNumber
0,"[ 29.2040389   33.91990475  13.79747487  33.74746658  25.33392304
 -10.33990566]",600,NiaPyNelderMead,Schwefel2d21N6,63.885983955659185,33.919904752286854,20814.940494333045,0.015973025999997503,Continuous,Non-Differentiable,Separable,Scalable,Unimodal,6,True,False,Schwefel2d21,0.0,600,100.0,100.0,False,False,False,False,,,,,4
1,[21.68012239 -1.6631612  -0.06234681 19.96816963 13.76721931  3.68651817],600,NiaPyPSO,Schwefel2d21N6,32.781888916856296,21.680122385297203,37693.40666664071,0.021999594000007505,Continuous,Non-Differentiable,Separable,Scalable,Unimodal,6,True,False,Schwefel2d21,0.0,600,100.0,100.0,False,False,False,False,,,,,4
2,"[-23.57844048 -25.49731583  10.53316416  22.47132649 -35.63286162
 -38.41430259]",600,NiaPySimulatedAnnealing,Schwefel2d21N6,67.58197616291011,38.414302593568976,25117.958772859412,0.023338236000000734,Continuous,Non-Differentiable,Separable,Scalable,Unimodal,6,True,False,Schwefel2d21,0.0,600,100.0,100.0,False,False,False,False,,,,,4
3,"[-19.94768042 -26.25979021 -34.84146515 -20.97094588  43.48188423
   9.73807067]",600,NiaPyCuckooSearch,Schwefel2d21N6,68.75099328591118,43.48188423160545,48449.11877126219,0.014747166999995898,Continuous,Non-Differentiable,Separable,Scalable,Unimodal,6,True,False,Schwefel2d21,0.0,600,100.0,100.0,False,False,False,False,,,,,4
4,"[-11.57352789 -20.43679129 -12.02215146 -10.56131352  22.03235919
 -28.38553496]",600,NiaPyDifferentialEvolution,Schwefel2d21N6,45.8131629760608,28.38553496311458,46176.293679240815,0.09628485700000056,Continuous,Non-Differentiable,Separable,Scalable,Unimodal,6,True,False,Schwefel2d21,0.0,600,100.0,100.0,False,False,False,False,,,,,4
5,[10.99834634 10.99834634 10.99834634 10.99834634 10.99834634 10.99834634],600,RandomSearch1,Schwefel2d21N6,26.940336540497665,10.998346337179314,47687.779430677285,0.021156321999995953,Continuous,Non-Differentiable,Separable,Scalable,Unimodal,6,True,False,Schwefel2d21,0.0,600,100.0,100.0,False,False,False,False,,,,,4
6,[10.99834634 10.99834634 10.99834634 10.99834634 10.99834634 10.99834634],599,RandomSearch2,Schwefel2d21N6,26.940336540497665,10.998346337179314,48767.56846272052,0.018366326000005984,Continuous,Non-Differentiable,Separable,Scalable,Unimodal,6,True,False,Schwefel2d21,0.0,600,100.0,99.83333333333333,False,False,False,False,,,,,4
7,[ 0.06224393  0.03933519  0.0434993  -0.00346918  0.02025923 -0.05784859],604,CMAES,Schwefel2d21N6,0.10527432600163317,0.062243929251600265,2559.597167465378,0.17150002399999664,Continuous,Non-Differentiable,Separable,Scalable,Unimodal,6,True,False,Schwefel2d21,0.0,600,100.0,100.66666666666667,True,True,False,False,284.0,571.0,,,4
