,BestArm,NumberFunctionEval,Algorithm,CostFunction,EuclideanDistance,TrueRewardDifference,CumulativeRegret,TimeToComplete,Continuous,Differentiability,Separability,Scalability,Modality,Ndimensions,OptimizationSuccessful,BBOB,BaseClass,SD,MaxFeval,MaxFevalPerDimensions,FevalPerDimensions,SolveAt1,SolveAt1e-1,SolveAt1e-3,SolveAt1e-6,SolveEarlierAt1,SolveEarlierAt1e-1,SolveEarlierAt1e-3,SolveEarlierAt1e-6,simNumber
0,[-1.24989111 -4.94060093],40,NiaPyNelderMead,Schwefel2d20N2,5.096250128543764,6.190492044342566,406.4443785202423,0.002557883999998012,Continuous,Non-Differentiable,Separable,Scalable,Unimodal,2,True,False,Schwefel2d20,3.0,40,20.0,20.0,False,False,False,False,,,,,7
1,[10.76977015  6.02718282],40,NiaPyPSO,Schwefel2d20N2,12.341591541613518,16.796952968278788,3373.752967860037,0.0021262610000007953,Continuous,Non-Differentiable,Separable,Scalable,Unimodal,2,True,False,Schwefel2d20,3.0,40,20.0,20.0,False,False,False,False,,,,,7
2,[-31.28647331 -49.50644399],40,NiaPySimulatedAnnealing,Schwefel2d20N2,58.56390875730041,80.79291730219788,3250.2666056927583,0.0022469999999970014,Continuous,Non-Differentiable,Separable,Scalable,Unimodal,2,True,False,Schwefel2d20,3.0,40,20.0,20.0,False,False,False,False,,,,,7
3,[  3.44885626 -12.80275785],40,NiaPyCuckooSearch,Schwefel2d20N2,13.259156011056117,16.25161410931137,3837.428976121303,0.0016551439999972217,Continuous,Non-Differentiable,Separable,Scalable,Unimodal,2,True,False,Schwefel2d20,3.0,40,20.0,20.0,False,False,False,False,,,,,7
4,[ -8.56126243 -15.21508341],40,NiaPyDifferentialEvolution,Schwefel2d20N2,17.4583497934088,23.776345839278854,4039.945546489622,0.0059695780000055265,Continuous,Non-Differentiable,Separable,Scalable,Unimodal,2,True,False,Schwefel2d20,3.0,40,20.0,20.0,False,False,False,False,,,,,7
5,[-3.99641466  1.20891162],40,RandomSearch1,Schwefel2d20N2,4.175260161227579,5.20532627844139,3589.708386596245,0.0011198339999936024,Continuous,Non-Differentiable,Separable,Scalable,Unimodal,2,True,False,Schwefel2d20,3.0,40,20.0,20.0,False,False,False,False,,,,,7
6,[-12.25375019  13.39084638],39,RandomSearch2,Schwefel2d20N2,18.151285370007987,25.644596573650567,2731.0363360096226,0.0012102439999921444,Continuous,Non-Differentiable,Separable,Scalable,Unimodal,2,True,False,Schwefel2d20,3.0,40,20.0,19.5,False,False,False,False,,,,,7
7,[86.24468234 87.71171471],43,CMAES,Schwefel2d20N2,123.01012206498436,173.95639705657635,7577.565982336258,0.05256284299998981,Continuous,Non-Differentiable,Separable,Scalable,Unimodal,2,True,False,Schwefel2d20,3.0,40,20.0,21.5,False,False,False,False,,,,,7
