,BestArm,NumberFunctionEval,Algorithm,CostFunction,EuclideanDistance,TrueRewardDifference,CumulativeRegret,TimeToComplete,Continuous,Differentiability,Separability,Scalability,Modality,Ndimensions,OptimizationSuccessful,BBOB,BaseClass,SD,MaxFeval,MaxFevalPerDimensions,FevalPerDimensions,SolveAt1,SolveAt1e-1,SolveAt1e-3,SolveAt1e-6,SolveEarlierAt1,SolveEarlierAt1e-1,SolveEarlierAt1e-3,SolveEarlierAt1e-6,simNumber
0,"[  85.09371727 -133.57664773 -281.2475136  -116.13498145  -44.98300548
  -88.24534896]",60000,NiaPyNelderMead,Schwefel2d26N6,1295.5040513785825,2046.1171210097643,122784501.158835,2.280155858999933,Continuous,Differentiable,Separable,Scalable,Multimodal,6,True,False,Schwefel2d26,3.0,60000,10000.0,10000.0,False,False,False,False,,,,,6
1,"[-124.27397321  420.81322758  419.7101671  -127.73270648  205.49882453
 -301.01245753]",60000,NiaPyPSO,Schwefel2d26N6,1079.8373304926613,929.7746967014764,143513719.91093895,2.8167168760001005,Continuous,Differentiable,Separable,Scalable,Multimodal,6,True,False,Schwefel2d26,3.0,60000,10000.0,10000.0,False,False,False,False,,,,,6
2,"[-364.27245506 -192.31403342   20.20071384 -457.72220107 -191.80559116
  445.85778849]",60000,NiaPySimulatedAnnealing,Schwefel2d26N6,1517.084097916647,2902.9752014044143,190994316.26822716,2.9998416700000234,Continuous,Differentiable,Separable,Scalable,Multimodal,6,True,False,Schwefel2d26,3.0,60000,10000.0,10000.0,False,False,False,False,,,,,6
3,"[-270.64174976  180.97540269 -287.20945181  419.18432604  431.752308
  413.87746616]",60000,NiaPyCuckooSearch,Schwefel2d26N6,1018.6304521962239,683.3911000329447,151185070.70842028,2.0582079230007366,Continuous,Differentiable,Separable,Scalable,Multimodal,6,True,False,Schwefel2d26,3.0,60000,10000.0,10000.0,False,False,False,False,,,,,6
4,"[421.09296311 424.09419256 424.12642415 457.40283936 421.48856404
 420.79865823]",60000,NiaPyDifferentialEvolution,Schwefel2d26N6,36.70826987102336,161.67398509527766,14425892.892675586,10.728005044999918,Continuous,Differentiable,Separable,Scalable,Multimodal,6,True,False,Schwefel2d26,3.0,60000,10000.0,10000.0,False,False,False,False,,,,,6
5,"[396.68340142 410.9078455  401.75572343 421.0740902  462.08018439
 385.9240111 ]",60000,RandomSearch1,Schwefel2d26N6,63.07483511301432,472.36418776225173,150789241.47338104,2.581585405999249,Continuous,Differentiable,Separable,Scalable,Multimodal,6,True,False,Schwefel2d26,3.0,60000,10000.0,10000.0,False,False,False,False,,,,,6
6,"[ 400.97895665  413.73562446  383.36730442 -328.28468346  430.08197295
  217.80718393]",59999,RandomSearch2,Schwefel2d26N6,777.5629562324019,671.0135511470346,150861595.35308364,2.3515591340001265,Continuous,Differentiable,Separable,Scalable,Multimodal,6,True,False,Schwefel2d26,3.0,60000,10000.0,9999.833333333334,False,False,False,False,,,,,6
7,"[420.83028206 420.7035443  418.66573383 420.67628727 419.96049131
 420.9518691 ]",7786,CMAES,Schwefel2d26N6,2.548678815204207,0.8188266798388213,643520.3813763929,1.8613189030002104,Continuous,Differentiable,Separable,Scalable,Multimodal,6,True,False,Schwefel2d26,3.0,60000,10000.0,1297.6666666666667,True,False,False,False,520.0,,,,6
