,BestArm,NumberFunctionEval,Algorithm,CostFunction,EuclideanDistance,TrueRewardDifference,CumulativeRegret,TimeToComplete,Continuous,Differentiability,Separability,Scalability,Modality,Ndimensions,OptimizationSuccessful,BBOB,BaseClass,SD,MaxFeval,MaxFevalPerDimensions,FevalPerDimensions,SolveAt1,SolveAt1e-1,SolveAt1e-3,SolveAt1e-6,SolveEarlierAt1,SolveEarlierAt1e-1,SolveEarlierAt1e-3,SolveEarlierAt1e-6,simNumber
0,[-27.38698296  42.04779826],40,NiaPyNelderMead,Schwefel2d20N2,50.180316601225485,69.43478122011223,2784.4125573460155,0.0020964309999982333,Continuous,Non-Differentiable,Separable,Scalable,Unimodal,2,True,False,Schwefel2d20,0.0,40,20.0,20.0,False,False,False,False,,,,,5
1,[9.53073321 4.82314032],40,NiaPyPSO,Schwefel2d20N2,10.681645853750465,14.353873533972909,3530.1835209278406,0.0016014819999981,Continuous,Non-Differentiable,Separable,Scalable,Unimodal,2,True,False,Schwefel2d20,0.0,40,20.0,20.0,False,False,False,False,,,,,5
2,[91.15063654 60.50034418],40,NiaPySimulatedAnnealing,Schwefel2d20N2,109.40169188231518,151.65098071490254,6119.277484560161,0.0017941039999982422,Continuous,Non-Differentiable,Separable,Scalable,Unimodal,2,True,False,Schwefel2d20,0.0,40,20.0,20.0,False,False,False,False,,,,,5
3,[14.72558535 -2.01929857],40,NiaPyCuckooSearch,Schwefel2d20N2,14.86339230095016,16.744883923157715,3266.99695076071,0.0011963649999984227,Continuous,Non-Differentiable,Separable,Scalable,Unimodal,2,True,False,Schwefel2d20,0.0,40,20.0,20.0,False,False,False,False,,,,,5
4,[ 0.40853306 23.08175775],40,NiaPyDifferentialEvolution,Schwefel2d20N2,23.085372856091205,23.490290803913396,3561.3412698971983,0.005378687000003879,Continuous,Non-Differentiable,Separable,Scalable,Unimodal,2,True,False,Schwefel2d20,0.0,40,20.0,20.0,False,False,False,False,,,,,5
5,[-2.83405853  9.07113995],40,RandomSearch1,Schwefel2d20N2,9.503550268969766,11.905198480930963,3595.899464299635,0.000898986000009927,Continuous,Non-Differentiable,Separable,Scalable,Unimodal,2,True,False,Schwefel2d20,0.0,40,20.0,20.0,False,False,False,False,,,,,5
6,[ 8.29779073 21.53654656],39,RandomSearch2,Schwefel2d20N2,23.079778347322986,29.834337287516497,2813.1701847465965,0.0009632619999990766,Continuous,Non-Differentiable,Separable,Scalable,Unimodal,2,True,False,Schwefel2d20,0.0,40,20.0,19.5,False,False,False,False,,,,,5
7,[22.10761172 28.58420811],43,CMAES,Schwefel2d20N2,36.13590249306728,50.69181982549106,2517.5701248030923,0.053320694999996476,Continuous,Non-Differentiable,Separable,Scalable,Unimodal,2,True,False,Schwefel2d20,0.0,40,20.0,21.5,False,False,False,False,,,,,5
