,BestArm,NumberFunctionEval,Algorithm,CostFunction,EuclideanDistance,TrueRewardDifference,CumulativeRegret,TimeToComplete,Continuous,Differentiability,Separability,Scalability,Modality,Ndimensions,OptimizationSuccessful,BBOB,BaseClass,SD,MaxFeval,MaxFevalPerDimensions,FevalPerDimensions,SolveAt1,SolveAt1e-1,SolveAt1e-3,SolveAt1e-6,SolveEarlierAt1,SolveEarlierAt1e-1,SolveEarlierAt1e-3,SolveEarlierAt1e-6,simNumber
0,[ 9.11247291 31.28328162  0.33595593  7.52016819 11.16903633 31.43161196],600,NiaPyNelderMead,Schwefel2d21N6,47.23388900288064,31.431611958604694,19179.13458924625,0.01602592499999389,Continuous,Non-Differentiable,Separable,Scalable,Unimodal,6,True,False,Schwefel2d21,0.0,600,100.0,100.0,False,False,False,False,,,,,6
1,"[  8.25821058  22.88686087  22.68255616 -21.93738882  -2.79057407
 -22.59445416]",600,NiaPyPSO,Schwefel2d21N6,45.891725690468526,22.886860867701326,40264.36362173008,0.02144507900000292,Continuous,Non-Differentiable,Separable,Scalable,Unimodal,6,True,False,Schwefel2d21,0.0,600,100.0,100.0,False,False,False,False,,,,,6
2,[78.96670862 54.78638912 79.63954896 -0.7029014  20.07018061 61.390668  ],600,NiaPySimulatedAnnealing,Schwefel2d21N6,140.54133769103734,79.63954896463679,48983.12437921645,0.02311141399999883,Continuous,Non-Differentiable,Separable,Scalable,Unimodal,6,True,False,Schwefel2d21,0.0,600,100.0,100.0,False,False,False,False,,,,,6
3,"[-39.54501952  10.31091271  28.8449049   29.92661039 -10.76388566
 -39.71533953]",600,NiaPyCuckooSearch,Schwefel2d21N6,71.35070753520344,39.71533952928618,46930.212228177596,0.014606279000005884,Continuous,Non-Differentiable,Separable,Scalable,Unimodal,6,True,False,Schwefel2d21,0.0,600,100.0,100.0,False,False,False,False,,,,,6
4,"[  9.042284    13.00057306  -1.14134296 -26.70951057 -11.87427814
 -17.40766888]",600,NiaPyDifferentialEvolution,Schwefel2d21N6,37.54335941116164,26.709510573875093,44833.46222572983,0.09521672799999692,Continuous,Non-Differentiable,Separable,Scalable,Unimodal,6,True,False,Schwefel2d21,0.0,600,100.0,100.0,False,False,False,False,,,,,6
5,[10.99834634 10.99834634 10.99834634 10.99834634 10.99834634 10.99834634],600,RandomSearch1,Schwefel2d21N6,26.940336540497665,10.998346337179314,47235.105429514864,0.020523388000000864,Continuous,Non-Differentiable,Separable,Scalable,Unimodal,6,True,False,Schwefel2d21,0.0,600,100.0,100.0,False,False,False,False,,,,,6
6,[10.99834634 10.99834634 10.99834634 10.99834634 10.99834634 10.99834634],599,RandomSearch2,Schwefel2d21N6,26.940336540497665,10.998346337179314,47296.63312449089,0.017492527999991125,Continuous,Non-Differentiable,Separable,Scalable,Unimodal,6,True,False,Schwefel2d21,0.0,600,100.0,99.83333333333333,False,False,False,False,,,,,6
7,[ 0.06415848  0.07202588 -0.02210466  0.01634658  0.02787295  0.02304764],604,CMAES,Schwefel2d21N6,0.10662063327131585,0.07202587936756373,2982.006658998017,0.163801473999996,Continuous,Non-Differentiable,Separable,Scalable,Unimodal,6,True,False,Schwefel2d21,0.0,600,100.0,100.66666666666667,True,True,False,False,385.0,576.0,,,6
