,BestArm,NumberFunctionEval,Algorithm,CostFunction,EuclideanDistance,TrueRewardDifference,CumulativeRegret,TimeToComplete,Continuous,Differentiability,Separability,Scalability,Modality,Ndimensions,OptimizationSuccessful,BBOB,BaseClass,SD,MaxFeval,MaxFevalPerDimensions,FevalPerDimensions,SolveAt1,SolveAt1e-1,SolveAt1e-3,SolveAt1e-6,SolveEarlierAt1,SolveEarlierAt1e-1,SolveEarlierAt1e-3,SolveEarlierAt1e-6,simNumber
0,"[ 3.05105463e+02  4.50556986e-01 -3.78656814e+01  4.16658161e+02
  4.23484443e+02  4.65880395e+02]",60000,NiaPyNelderMead,Schwefel2d26N6,634.6895661827089,1789.2200976929569,107376600.5416006,2.2858387400001448,Continuous,Differentiable,Separable,Scalable,Multimodal,6,True,False,Schwefel2d26,3.0,60000,10000.0,10000.0,False,False,False,False,,,,,7
1,"[ 444.55837528 -234.28453268 -288.16946356  420.46859717  192.96576218
 -288.65677374]",60000,NiaPyPSO,Schwefel2d26N6,1219.9771797613846,1097.5971471094051,143308092.79027072,2.7900973510004405,Continuous,Differentiable,Separable,Scalable,Multimodal,6,True,False,Schwefel2d26,3.0,60000,10000.0,10000.0,False,False,False,False,,,,,7
2,"[ 388.73030054 -345.59232393   -1.50179838 -247.5665431    59.29489502
  264.04177028]",60000,NiaPySimulatedAnnealing,Schwefel2d26N6,1170.260669736595,2201.3330045767575,147204301.05396536,2.9694455130002098,Continuous,Differentiable,Separable,Scalable,Multimodal,6,True,False,Schwefel2d26,3.0,60000,10000.0,10000.0,False,False,False,False,,,,,7
3,"[433.01194361 414.98787208 469.23600551 446.31054181 437.735538
 428.84433424]",60000,NiaPyCuckooSearch,Schwefel2d26N6,59.12609086956722,412.3002603878781,151698465.23284012,2.0924259349994827,Continuous,Differentiable,Separable,Scalable,Multimodal,6,True,False,Schwefel2d26,3.0,60000,10000.0,10000.0,False,False,False,False,,,,,7
4,"[419.02348816 448.26240122 416.87422627 419.61675583 421.81850232
 422.17415344]",60000,NiaPyDifferentialEvolution,Schwefel2d26N6,27.73978560441268,94.65439956052842,11382668.845388688,10.749711245000071,Continuous,Differentiable,Separable,Scalable,Multimodal,6,True,False,Schwefel2d26,3.0,60000,10000.0,10000.0,False,False,False,False,,,,,7
5,"[ 388.1415051   446.09101765  404.60841692  402.76301549  406.03541707
 -495.39933755]",60000,RandomSearch1,Schwefel2d26N6,917.7479687440306,595.0262433822952,150538435.5887145,2.5907911029999013,Continuous,Differentiable,Separable,Scalable,Multimodal,6,True,False,Schwefel2d26,3.0,60000,10000.0,10000.0,False,False,False,False,,,,,7
6,"[ 384.59617608  404.01307834  442.30714604 -315.81118084 -284.01888366
 -322.44269364]",59999,RandomSearch2,Schwefel2d26N6,1262.7662384571192,714.5948605362919,150916825.41450992,2.3537188079999396,Continuous,Differentiable,Separable,Scalable,Multimodal,6,True,False,Schwefel2d26,3.0,60000,10000.0,9999.833333333334,False,False,False,False,,,,,7
7,"[419.037153   419.29279265 202.74047307 421.46265205 421.67880387
 421.11468337]",4546,CMAES,Schwefel2d26N6,218.24501919012317,218.20807867636267,1640803.959087873,1.0321996220000074,Continuous,Differentiable,Separable,Scalable,Multimodal,6,True,False,Schwefel2d26,3.0,60000,10000.0,757.6666666666666,False,False,False,False,,,,,7
