,BestArm,NumberFunctionEval,Algorithm,CostFunction,EuclideanDistance,TrueRewardDifference,CumulativeRegret,TimeToComplete,Continuous,Differentiability,Separability,Scalability,Modality,Ndimensions,OptimizationSuccessful,BBOB,BaseClass,SD,MaxFeval,MaxFevalPerDimensions,FevalPerDimensions,SolveAt1,SolveAt1e-1,SolveAt1e-3,SolveAt1e-6,SolveEarlierAt1,SolveEarlierAt1e-1,SolveEarlierAt1e-3,SolveEarlierAt1e-6,simNumber
0,[5.67089658 3.00139414 6.26206608 5.5336644  1.27139992 4.86471695],60000,NiaPyNelderMead,Schwefel2d4N6,9.438008303676472,2889.715159522277,173531942.21759385,2.248971250000068,Continuous,Differentiable,Separable,Non-Scalable,Multimodal,6,True,False,Schwefel2d4,0.0,60000,10000.0,10000.0,False,False,False,False,,,,,2
1,[0.75430983 0.85460624 0.90480936 0.         0.92791165 0.87456061],60000,NiaPyPSO,Schwefel2d4N6,1.0542751213595085,1.7310410651536496,1093763.641208418,2.7148614600000656,Continuous,Differentiable,Separable,Non-Scalable,Multimodal,6,True,False,Schwefel2d4,0.0,60000,10000.0,10000.0,False,False,False,False,,,,,2
2,[0.71038911 0.63549889 0.         1.48281647 1.66082564 1.0834204 ],60000,NiaPySimulatedAnnealing,Schwefel2d4N6,1.3760438770965577,9.158499635773572,615731378.9844779,2.864545361999717,Continuous,Differentiable,Separable,Non-Scalable,Multimodal,6,True,False,Schwefel2d4,0.0,60000,10000.0,10000.0,False,False,False,False,,,,,2
3,[2.89371457 2.13890533 0.31738304 1.53217091 0.03774512 0.79914439],60000,NiaPyCuckooSearch,Schwefel2d4N6,2.5687953284165475,61.003905857282945,634437352.5303067,1.9704333859999679,Continuous,Differentiable,Separable,Non-Scalable,Multimodal,6,True,False,Schwefel2d4,0.0,60000,10000.0,10000.0,False,False,False,False,,,,,2
4,[0.5330095  0.80756226 0.80756226 0.         0.80756226 0.80756227],60000,NiaPyDifferentialEvolution,Schwefel2d4N6,1.1688495451158813,1.7690490829911534,2579828.153503681,10.778769738999927,Continuous,Differentiable,Separable,Non-Scalable,Multimodal,6,True,False,Schwefel2d4,0.0,60000,10000.0,10000.0,False,False,False,False,,,,,2
5,[1.37796358 0.87664524 0.55529518 0.87605389 0.41707971 0.43308323],60000,RandomSearch1,Schwefel2d4N6,1.0160652399068377,6.0585424006752255,610757641.4738325,2.602354503999777,Continuous,Differentiable,Separable,Non-Scalable,Multimodal,6,True,False,Schwefel2d4,0.0,60000,10000.0,10000.0,False,False,False,False,,,,,2
6,[1.19923765 0.37284566 1.66140498 0.89881931 1.60984378 0.8392285 ],59999,RandomSearch2,Schwefel2d4N6,1.1306941232657053,7.233231078344025,610624242.2169412,2.3155589120001423,Continuous,Differentiable,Separable,Non-Scalable,Multimodal,6,True,False,Schwefel2d4,0.0,60000,10000.0,9999.833333333334,False,False,False,False,,,,,2
7,[0.99999996 1.         0.99999994 0.99999996 0.99999999 1.00000002],1513,CMAES,Schwefel2d4N6,8.875547396486542e-08,2.7633007772531598e-14,7776.448053872343,0.38348820000010164,Continuous,Differentiable,Separable,Non-Scalable,Multimodal,6,True,False,Schwefel2d4,0.0,60000,10000.0,252.16666666666666,True,True,True,True,177.0,239.0,475.0,730.0,2
