,BestArm,NumberFunctionEval,Algorithm,CostFunction,EuclideanDistance,TrueRewardDifference,CumulativeRegret,TimeToComplete,Continuous,Differentiability,Separability,Scalability,Modality,Ndimensions,OptimizationSuccessful,BBOB,BaseClass,SD,MaxFeval,MaxFevalPerDimensions,FevalPerDimensions,SolveAt1,SolveAt1e-1,SolveAt1e-3,SolveAt1e-6,SolveEarlierAt1,SolveEarlierAt1e-1,SolveEarlierAt1e-3,SolveEarlierAt1e-6,simNumber
0,"[-268.74005549   67.25509578  103.59648035  207.16319527  -97.44084022
   92.09105587]",600,NiaPyNelderMead,Schwefel2d26N6,1060.2634483392683,2124.6791300661853,1285957.1130876527,0.025256979999994655,Continuous,Differentiable,Separable,Scalable,Multimodal,6,True,False,Schwefel2d26,3.0,600,100.0,100.0,False,False,False,False,,,,,1
1,"[-135.98752643  404.26978534 -230.62404429  410.89608337   67.21943827
  233.33845758]",600,NiaPyPSO,Schwefel2d26N6,946.3072785432535,1569.9886370178433,1456266.6223320737,0.028304002999988143,Continuous,Differentiable,Separable,Scalable,Multimodal,6,True,False,Schwefel2d26,3.0,600,100.0,100.0,False,False,False,False,,,,,1
2,"[482.15312802 203.91236728 111.45501933 252.46361849 419.88420197
 323.45919242]",600,NiaPySimulatedAnnealing,Schwefel2d26N6,429.60332216621623,2269.729235178575,1388666.5942651122,0.030115292000004956,Continuous,Differentiable,Separable,Scalable,Multimodal,6,True,False,Schwefel2d26,3.0,600,100.0,100.0,False,False,False,False,,,,,1
3,"[  61.96506926 -271.76551701  385.07111415  456.95489819  190.90443387
  394.5557354 ]",600,NiaPyCuckooSearch,Schwefel2d26N6,815.4601627475486,1212.6166845016014,1605253.320438133,0.02102056300000754,Continuous,Differentiable,Separable,Scalable,Multimodal,6,True,False,Schwefel2d26,3.0,600,100.0,100.0,False,False,False,False,,,,,1
4,"[-500.          426.39065902 -330.59897305 -500.         -308.46357367
  405.69748453]",600,NiaPyDifferentialEvolution,Schwefel2d26N6,1671.3931363076463,846.7336542026032,1205179.4553869446,0.10397174400000608,Continuous,Differentiable,Separable,Scalable,Multimodal,6,True,False,Schwefel2d26,3.0,600,100.0,100.0,False,False,False,False,,,,,1
5,"[-300.71736551  367.09809396  403.5759236   393.97438387  414.88379314
 -492.86643124]",600,RandomSearch1,Schwefel2d26N6,1166.1457260426225,871.8829844681445,1525520.159011139,0.0258882569999912,Continuous,Differentiable,Separable,Scalable,Multimodal,6,True,False,Schwefel2d26,3.0,600,100.0,100.0,False,False,False,False,,,,,1
6,"[ 437.27590321 -102.85915386  404.02468339 -112.54526816  465.42024269
  205.16152859]",599,RandomSearch2,Schwefel2d26N6,779.829845068199,1182.5383340068158,1495506.9174704724,0.023896062999995138,Continuous,Differentiable,Separable,Scalable,Multimodal,6,True,False,Schwefel2d26,3.0,600,100.0,99.83333333333333,False,False,False,False,,,,,1
7,"[202.19050708 202.22458154 206.58205234 206.06800157 203.86838659
 203.96192217]",604,CMAES,Schwefel2d26N6,531.1133959264463,1305.1238124470324,1087795.8956070354,0.18218097900000885,Continuous,Differentiable,Separable,Scalable,Multimodal,6,True,False,Schwefel2d26,3.0,600,100.0,100.66666666666667,False,False,False,False,,,,,1
