,BestArm,NumberFunctionEval,Algorithm,CostFunction,EuclideanDistance,TrueRewardDifference,CumulativeRegret,TimeToComplete,Continuous,Differentiability,Separability,Scalability,Modality,Ndimensions,OptimizationSuccessful,BBOB,BaseClass,SD,MaxFeval,MaxFevalPerDimensions,FevalPerDimensions,SolveAt1,SolveAt1e-1,SolveAt1e-3,SolveAt1e-6,SolveEarlierAt1,SolveEarlierAt1e-1,SolveEarlierAt1e-3,SolveEarlierAt1e-6,simNumber
0,[5.01736846 3.12367233 5.60892823 5.98524571 3.03004711 4.79354319],600,NiaPyNelderMead,Schwefel2d4N6,9.233427804030319,2502.1502914875077,1560390.182303172,0.02840601000001186,Continuous,Differentiable,Separable,Non-Scalable,Multimodal,6,True,False,Schwefel2d4,3.0,600,100.0,100.0,False,False,False,False,,,,,9
1,[0.53754805 0.47880912 1.15480994 0.70149272 1.3202796  0.27635141],600,NiaPyPSO,Schwefel2d4N6,1.1067162054911615,3.6835358747197824,469772.6903691419,0.03109650999999758,Continuous,Differentiable,Separable,Non-Scalable,Multimodal,6,True,False,Schwefel2d4,3.0,600,100.0,100.0,False,False,False,False,,,,,9
2,[5.14801299 7.48598812 2.74930452 3.32213693 6.28151136 7.8601303 ],600,NiaPySimulatedAnnealing,Schwefel2d4N6,11.944965044298739,7613.661084106989,7864499.715814885,0.03332842400000402,Continuous,Differentiable,Separable,Non-Scalable,Multimodal,6,True,False,Schwefel2d4,3.0,600,100.0,100.0,False,False,False,False,,,,,9
3,[5.25002834 1.33559334 4.98031172 5.7143413  4.03410573 2.85257091],600,NiaPyCuckooSearch,Schwefel2d4N6,8.299462367811195,1841.918573227828,7100926.060649968,0.024522605999990787,Continuous,Differentiable,Separable,Non-Scalable,Multimodal,6,True,False,Schwefel2d4,3.0,600,100.0,100.0,False,False,False,False,,,,,9
4,[0.         0.         0.8373475  0.         0.24501224 0.        ],600,NiaPyDifferentialEvolution,Schwefel2d4N6,2.1439361828544192,5.091678582446106,3435941.972323696,0.11022075300000722,Continuous,Differentiable,Separable,Non-Scalable,Multimodal,6,True,False,Schwefel2d4,3.0,600,100.0,100.0,False,False,False,False,,,,,9
5,[1.25190665 0.94928354 3.77084067 0.73810512 1.27018034 0.88519978],600,RandomSearch1,Schwefel2d4N6,2.810400781380189,177.1225406975842,6054757.234098297,0.03184539200000813,Continuous,Differentiable,Separable,Non-Scalable,Multimodal,6,True,False,Schwefel2d4,3.0,600,100.0,100.0,False,False,False,False,,,,,9
6,[1.3409389  0.86857161 3.10757489 0.36729096 1.55328633 0.69064291],599,RandomSearch2,Schwefel2d4N6,2.318950834466763,78.4373900422335,5687327.1174579095,0.027844374000011385,Continuous,Differentiable,Separable,Non-Scalable,Multimodal,6,True,False,Schwefel2d4,3.0,600,100.0,99.83333333333333,False,False,False,False,,,,,9
7,[0.7454473  0.77921934 1.17557398 0.44321825 1.0733666  0.86248857],604,CMAES,Schwefel2d4N6,0.6918564671513994,1.4057442228800776,16431.271212079162,0.1792978240000025,Continuous,Differentiable,Separable,Non-Scalable,Multimodal,6,True,False,Schwefel2d4,3.0,600,100.0,100.66666666666667,False,False,False,False,219.0,,,,9
