,BestArm,NumberFunctionEval,Algorithm,CostFunction,EuclideanDistance,TrueRewardDifference,CumulativeRegret,TimeToComplete,Continuous,Differentiability,Separability,Scalability,Modality,Ndimensions,OptimizationSuccessful,BBOB,BaseClass,SD,MaxFeval,MaxFevalPerDimensions,FevalPerDimensions,SolveAt1,SolveAt1e-1,SolveAt1e-3,SolveAt1e-6,SolveEarlierAt1,SolveEarlierAt1e-1,SolveEarlierAt1e-3,SolveEarlierAt1e-6,simNumber
0,"[ -4.33050402  11.62799758 -13.39830937  -6.48469238   4.23682206
   4.09423295]",600,NiaPyNelderMead,Schwefel2d21N6,20.2544544853229,13.39830936659392,8493.687490480885,0.02303680999999358,Continuous,Non-Differentiable,Separable,Scalable,Unimodal,6,True,False,Schwefel2d21,3.0,600,100.0,100.0,False,False,False,False,,,,,4
1,"[-23.22733968  28.52677661   0.1503124    6.57732479  15.6823646
   5.56052896]",600,NiaPyPSO,Schwefel2d21N6,40.90753145009038,28.52677661368113,39173.949150233006,0.02617666499999416,Continuous,Non-Differentiable,Separable,Scalable,Unimodal,6,True,False,Schwefel2d21,3.0,600,100.0,100.0,False,False,False,False,,,,,4
2,"[ 41.31462237 -40.7156206   68.70174879   7.26712962 -41.87334943
  -2.81479044]",600,NiaPySimulatedAnnealing,Schwefel2d21N6,99.49221919792365,68.70174879126277,43342.076344548026,0.028635164000007762,Continuous,Non-Differentiable,Separable,Scalable,Unimodal,6,True,False,Schwefel2d21,3.0,600,100.0,100.0,False,False,False,False,,,,,4
3,"[ 17.41779131  32.12055727 -28.90006406  12.46805336 -10.01653155
  28.77299769]",600,NiaPyCuckooSearch,Schwefel2d21N6,57.04377276622804,32.12055727151325,48849.37905246046,0.019164928999998665,Continuous,Non-Differentiable,Separable,Scalable,Unimodal,6,True,False,Schwefel2d21,3.0,600,100.0,100.0,False,False,False,False,,,,,4
4,[ 4.54456556 12.25819617 16.60185423 17.56438182  7.42743382 11.37083002],600,NiaPyDifferentialEvolution,Schwefel2d21N6,30.65139589768063,17.564381817239195,42798.709716619196,0.10320697900000653,Continuous,Non-Differentiable,Separable,Scalable,Unimodal,6,True,False,Schwefel2d21,3.0,600,100.0,100.0,False,False,False,False,,,,,4
5,[19.86149371 19.86149371 19.86149371 19.86149371 19.86149371 19.86149371],600,RandomSearch1,Schwefel2d21N6,48.65052511900869,19.861493710004524,46916.739948264556,0.024972438000006036,Continuous,Non-Differentiable,Separable,Scalable,Unimodal,6,True,False,Schwefel2d21,3.0,600,100.0,100.0,False,False,False,False,,,,,4
6,[19.86149371 19.86149371 19.86149371 19.86149371 19.86149371 19.86149371],599,RandomSearch2,Schwefel2d21N6,48.65052511900869,19.861493710004524,46712.06206971874,0.022508271999996055,Continuous,Non-Differentiable,Separable,Scalable,Unimodal,6,True,False,Schwefel2d21,3.0,600,100.0,99.83333333333333,False,False,False,False,,,,,4
7,[ 3.30008434 -3.76225798 -0.5939478   3.32534191  2.95713756  1.22593199],604,CMAES,Schwefel2d21N6,6.8339875844294795,3.762257983578122,8481.979148249997,0.17754994799999224,Continuous,Non-Differentiable,Separable,Scalable,Unimodal,6,True,False,Schwefel2d21,3.0,600,100.0,100.66666666666667,False,False,False,False,,,,,4
