,BestArm,NumberFunctionEval,Algorithm,CostFunction,EuclideanDistance,TrueRewardDifference,CumulativeRegret,TimeToComplete,Continuous,Differentiability,Separability,Scalability,Modality,Ndimensions,OptimizationSuccessful,BBOB,BaseClass,SD,MaxFeval,MaxFevalPerDimensions,FevalPerDimensions,SolveAt1,SolveAt1e-1,SolveAt1e-3,SolveAt1e-6,SolveEarlierAt1,SolveEarlierAt1e-1,SolveEarlierAt1e-3,SolveEarlierAt1e-6,simNumber
0,"[416.54436963 102.09903705  58.26398721 236.85339154 428.90116041
 -62.404081  ]",600,NiaPyNelderMead,Schwefel2d26N6,707.7166701956655,1681.9559527729293,1024104.5395122683,0.0180524959999957,Continuous,Differentiable,Separable,Scalable,Multimodal,6,True,False,Schwefel2d26,0.0,600,100.0,100.0,False,False,False,False,,,,,3
1,"[-123.14761606 -324.19331006  468.89429161 -318.42619807   79.26286848
 -136.76099997]",600,NiaPyPSO,Schwefel2d26N6,1352.0932744269678,1580.931477291932,1535321.6305940482,0.023699607999986938,Continuous,Differentiable,Separable,Scalable,Multimodal,6,True,False,Schwefel2d26,0.0,600,100.0,100.0,False,False,False,False,,,,,3
2,"[ 301.24015363 -150.35253291  -99.83056377   64.89128042   60.2134463
  102.63271146]",600,NiaPySimulatedAnnealing,Schwefel2d26N6,985.0117965062774,2658.6149476212177,1608454.558373306,0.025260741000010967,Continuous,Differentiable,Separable,Scalable,Multimodal,6,True,False,Schwefel2d26,0.0,600,100.0,100.0,False,False,False,False,,,,,3
3,"[194.21314743 240.57056757 427.56855914   5.475859     4.60070903
 407.85232642]",600,NiaPyCuckooSearch,Schwefel2d26N6,655.8764240398588,1457.5111657920863,1529330.8182815937,0.016804083000010905,Continuous,Differentiable,Separable,Scalable,Multimodal,6,True,False,Schwefel2d26,0.0,600,100.0,100.0,False,False,False,False,,,,,3
4,"[ 415.67399948  390.90830502  443.27345713 -500.         -500.
 -500.        ]",600,NiaPyDifferentialEvolution,Schwefel2d26N6,1595.6125651039388,888.0221702297895,1295316.0616942958,0.09971923300000185,Continuous,Differentiable,Separable,Scalable,Multimodal,6,True,False,Schwefel2d26,0.0,600,100.0,100.0,False,False,False,False,,,,,3
5,"[-308.7283932   298.67477263  208.50692935  417.0160752  -297.62196687
  400.06717115]",600,RandomSearch1,Schwefel2d26N6,1053.2705571094766,1237.826767788571,1481846.3738573962,0.023442825999978822,Continuous,Differentiable,Separable,Scalable,Multimodal,6,True,False,Schwefel2d26,0.0,600,100.0,100.0,False,False,False,False,,,,,3
6,"[ 424.95570832  471.8969998   250.235467   -305.42423198  424.58806813
  -86.42356955]",599,RandomSearch2,Schwefel2d26N6,903.8065364268334,1293.9218034288613,1510713.4647371364,0.01998685499998487,Continuous,Differentiable,Separable,Scalable,Multimodal,6,True,False,Schwefel2d26,0.0,600,100.0,99.83333333333333,False,False,False,False,,,,,3
7,[65.66819436 65.45367366 66.17809969 65.4981192  65.69820819 65.31850052],604,CMAES,Schwefel2d26N6,870.384667847251,2132.1534868464637,1447076.2972729437,0.16883690499997783,Continuous,Differentiable,Separable,Scalable,Multimodal,6,True,False,Schwefel2d26,0.0,600,100.0,100.66666666666667,False,False,False,False,,,,,3
