,BestArm,NumberFunctionEval,Algorithm,CostFunction,EuclideanDistance,TrueRewardDifference,CumulativeRegret,TimeToComplete,Continuous,Differentiability,Separability,Scalability,Modality,Ndimensions,OptimizationSuccessful,BBOB,BaseClass,SD,MaxFeval,MaxFevalPerDimensions,FevalPerDimensions,SolveAt1,SolveAt1e-1,SolveAt1e-3,SolveAt1e-6,SolveEarlierAt1,SolveEarlierAt1e-1,SolveEarlierAt1e-3,SolveEarlierAt1e-6,simNumber
0,[ 5.56012222 87.08425881],40,NiaPyNelderMead,Schwefel2d20N2,87.26157855690987,92.64438103831878,3721.9213365770674,0.0035166920000051505,Continuous,Non-Differentiable,Separable,Scalable,Unimodal,2,True,False,Schwefel2d20,0.0,40,20.0,20.0,False,False,False,False,,,,,7
1,[-5.09687768 29.50755228],40,NiaPyPSO,Schwefel2d20N2,29.944512082598035,34.60442996403684,3767.840236258712,0.0032020219999964183,Continuous,Non-Differentiable,Separable,Scalable,Unimodal,2,True,False,Schwefel2d20,0.0,40,20.0,20.0,False,False,False,False,,,,,7
2,[-46.4978288   52.10704662],40,NiaPySimulatedAnnealing,Schwefel2d20N2,69.83689848445648,98.60487541331243,3968.2436532788643,0.0031939330000057,Continuous,Non-Differentiable,Separable,Scalable,Unimodal,2,True,False,Schwefel2d20,0.0,40,20.0,20.0,False,False,False,False,,,,,7
3,[-6.91944215  0.3745691 ],40,NiaPyCuckooSearch,Schwefel2d20N2,6.929572983303823,7.294011252859633,3480.931592740141,0.001233429000009778,Continuous,Non-Differentiable,Separable,Scalable,Unimodal,2,True,False,Schwefel2d20,0.0,40,20.0,20.0,False,False,False,False,,,,,7
4,[ -0.29296914 -20.01654204],40,NiaPyDifferentialEvolution,Schwefel2d20N2,20.01868592056446,20.30951117633682,3309.5835582427553,0.005523484000008239,Continuous,Non-Differentiable,Separable,Scalable,Unimodal,2,True,False,Schwefel2d20,0.0,40,20.0,20.0,False,False,False,False,,,,,7
5,[-23.87405685   4.60729432],40,RandomSearch1,Schwefel2d20N2,24.314558426175022,28.481351173517453,3463.687789990329,0.0013171439999979384,Continuous,Non-Differentiable,Separable,Scalable,Unimodal,2,True,False,Schwefel2d20,0.0,40,20.0,20.0,False,False,False,False,,,,,7
6,[2.82286522 1.6979866 ],39,RandomSearch2,Schwefel2d20N2,3.294195886851627,4.520851817939928,2934.436702708236,0.0009634049999931449,Continuous,Non-Differentiable,Separable,Scalable,Unimodal,2,True,False,Schwefel2d20,0.0,40,20.0,19.5,False,False,False,False,,,,,7
7,[20.39715081 27.62594045],43,CMAES,Schwefel2d20N2,34.34001087844941,48.02309126472959,2534.8574758908017,0.05296750300000497,Continuous,Non-Differentiable,Separable,Scalable,Unimodal,2,True,False,Schwefel2d20,0.0,40,20.0,21.5,False,False,False,False,,,,,7
