,BestArm,NumberFunctionEval,Algorithm,CostFunction,EuclideanDistance,TrueRewardDifference,CumulativeRegret,TimeToComplete,Continuous,Differentiability,Separability,Scalability,Modality,Ndimensions,OptimizationSuccessful,BBOB,BaseClass,SD,MaxFeval,MaxFevalPerDimensions,FevalPerDimensions,SolveAt1,SolveAt1e-1,SolveAt1e-3,SolveAt1e-6,SolveEarlierAt1,SolveEarlierAt1e-1,SolveEarlierAt1e-3,SolveEarlierAt1e-6,simNumber
0,[40.40371156 51.27779806 43.60099614 69.21363034 -6.56673179 34.8241535 ],600,NiaPyNelderMead,Schwefel2d21N6,110.49565423443663,69.21363034070235,41703.62617401974,0.02351432499999362,Continuous,Non-Differentiable,Separable,Scalable,Unimodal,6,True,False,Schwefel2d21,3.0,600,100.0,100.0,False,False,False,False,,,,,5
1,"[ -4.14664147  21.72630656 -23.53420832 -22.64360603  -1.67628217
 -26.13650071]",600,NiaPyPSO,Schwefel2d21N6,47.34707466127503,26.136500713662215,39109.414424246104,0.026336815999997043,Continuous,Non-Differentiable,Separable,Scalable,Unimodal,6,True,False,Schwefel2d21,3.0,600,100.0,100.0,False,False,False,False,,,,,5
2,"[ 95.5539276  -22.90332122  30.73983109  11.02262659  56.00237991
 -21.63682771]",600,NiaPySimulatedAnnealing,Schwefel2d21N6,119.691142463497,95.55392759752812,58508.43497117219,0.028633599999992043,Continuous,Non-Differentiable,Separable,Scalable,Unimodal,6,True,False,Schwefel2d21,3.0,600,100.0,100.0,False,False,False,False,,,,,5
3,"[-18.38055844  19.10555742 -31.12480118 -24.01624658   1.12809544
  33.18507818]",600,NiaPyCuckooSearch,Schwefel2d21N6,57.88715413822962,33.185078182103425,49718.68605590652,0.01973822200000086,Continuous,Non-Differentiable,Separable,Scalable,Unimodal,6,True,False,Schwefel2d21,3.0,600,100.0,100.0,False,False,False,False,,,,,5
4,"[-27.43745033 -10.52482215  18.2431742   -5.95626631  23.53932438
 -17.10445977]",600,NiaPyDifferentialEvolution,Schwefel2d21N6,45.59099046020283,27.437450325555034,42701.35484108088,0.1040582239999992,Continuous,Non-Differentiable,Separable,Scalable,Unimodal,6,True,False,Schwefel2d21,3.0,600,100.0,100.0,False,False,False,False,,,,,5
5,[19.86149371 19.86149371 19.86149371 19.86149371 19.86149371 19.86149371],600,RandomSearch1,Schwefel2d21N6,48.65052511900869,19.861493710004524,47184.781058838154,0.024621435000000247,Continuous,Non-Differentiable,Separable,Scalable,Unimodal,6,True,False,Schwefel2d21,3.0,600,100.0,100.0,False,False,False,False,,,,,5
6,[19.86149371 19.86149371 19.86149371 19.86149371 19.86149371 19.86149371],599,RandomSearch2,Schwefel2d21N6,48.65052511900869,19.861493710004524,46885.693659602126,0.021759267999996723,Continuous,Non-Differentiable,Separable,Scalable,Unimodal,6,True,False,Schwefel2d21,3.0,600,100.0,99.83333333333333,False,False,False,False,,,,,5
7,[12.85013492 15.54740906 16.49485467 16.20363236 15.73055072 12.92290431],604,CMAES,Schwefel2d21N6,36.823056770594604,16.49485466973203,11495.25845612721,0.16996503000000018,Continuous,Non-Differentiable,Separable,Scalable,Unimodal,6,True,False,Schwefel2d21,3.0,600,100.0,100.66666666666667,False,False,False,False,,,,,5
