,BestArm,NumberFunctionEval,Algorithm,CostFunction,EuclideanDistance,TrueRewardDifference,CumulativeRegret,TimeToComplete,Continuous,Differentiability,Separability,Scalability,Modality,Ndimensions,OptimizationSuccessful,BBOB,BaseClass,SD,MaxFeval,MaxFevalPerDimensions,FevalPerDimensions,SolveAt1,SolveAt1e-1,SolveAt1e-3,SolveAt1e-6,SolveEarlierAt1,SolveEarlierAt1e-1,SolveEarlierAt1e-3,SolveEarlierAt1e-6,simNumber
0,"[ -32.06918202 -308.47143419  195.96383612 -159.84955645  211.76295179
 -121.54993526]",6000,NiaPyNelderMead,Schwefel2d26N6,1209.7094835037828,1702.0768011580612,10233040.669118669,0.2362687840000035,Continuous,Differentiable,Separable,Scalable,Multimodal,6,True,False,Schwefel2d26,3.0,6000,1000.0,1000.0,False,False,False,False,,,,,2
1,"[-338.12729482  199.3118855   199.28645746 -340.24919151  408.60035964
 -318.06907686]",6000,NiaPyPSO,Schwefel2d26N6,1341.7467082279684,1161.0809331777914,13408577.47268777,0.2847327059999998,Continuous,Differentiable,Separable,Scalable,Multimodal,6,True,False,Schwefel2d26,3.0,6000,1000.0,1000.0,False,False,False,False,,,,,2
2,"[-444.33757594  425.47310091 -499.8210184    81.65572403   32.37980768
  -68.88960718]",6000,NiaPySimulatedAnnealing,Schwefel2d26N6,1450.0775862930097,2319.4414468324208,14330381.720757231,0.3007975200000601,Continuous,Differentiable,Separable,Scalable,Multimodal,6,True,False,Schwefel2d26,3.0,6000,1000.0,1000.0,False,False,False,False,,,,,2
3,"[-41.72040316 407.52414659 383.94095581 190.23266259 372.01220187
 447.20061284]",6000,NiaPyCuckooSearch,Schwefel2d26N6,521.4950215407755,1193.388489120166,15170836.924028061,0.21411745299997165,Continuous,Differentiable,Separable,Scalable,Multimodal,6,True,False,Schwefel2d26,3.0,6000,1000.0,1000.0,False,False,False,False,,,,,2
4,"[401.0504985  421.19338932 421.26755858 420.13151891 422.30776497
 421.19646845]",6000,NiaPyDifferentialEvolution,Schwefel2d26N6,19.985547663489,49.01592416798849,6019643.452999928,1.0717080929999838,Continuous,Differentiable,Separable,Scalable,Multimodal,6,True,False,Schwefel2d26,3.0,6000,1000.0,1000.0,False,False,False,False,,,,,2
5,"[409.88936107 409.88936107 409.88936107 409.88936107 409.88936107
 409.88936107]",6000,RandomSearch1,Schwefel2d26N6,27.138839746950325,91.96449836193642,15118478.563454306,0.2592431770000303,Continuous,Differentiable,Separable,Scalable,Multimodal,6,True,False,Schwefel2d26,3.0,6000,1000.0,1000.0,False,False,False,False,,,,,2
6,"[409.88936107 409.88936107 409.88936107 409.88936107 409.88936107
 409.88936107]",5999,RandomSearch2,Schwefel2d26N6,27.138839746950325,91.96449836193642,15046918.494138429,0.2367961769999738,Continuous,Differentiable,Separable,Scalable,Multimodal,6,True,False,Schwefel2d26,3.0,6000,1000.0,999.8333333333334,False,False,False,False,,,,,2
7,"[420.88523972 420.72863107 422.6672999  419.24861077 422.61159997
 422.96475996]",4681,CMAES,Schwefel2d26N6,3.548467263392426,1.589189417108173,15272.321048139755,1.0882126820000622,Continuous,Differentiable,Separable,Scalable,Multimodal,6,True,False,Schwefel2d26,3.0,6000,1000.0,780.1666666666666,False,False,False,False,237.0,1555.0,,,2
