,BestArm,NumberFunctionEval,Algorithm,CostFunction,EuclideanDistance,TrueRewardDifference,CumulativeRegret,TimeToComplete,Continuous,Differentiability,Separability,Scalability,Modality,Ndimensions,OptimizationSuccessful,BBOB,BaseClass,SD,MaxFeval,MaxFevalPerDimensions,FevalPerDimensions,SolveAt1,SolveAt1e-1,SolveAt1e-3,SolveAt1e-6,SolveEarlierAt1,SolveEarlierAt1e-1,SolveEarlierAt1e-3,SolveEarlierAt1e-6,simNumber
0,[3.04412149 4.56707853 5.68493343 3.20484163 3.17800427 4.36479948],60000,NiaPyNelderMead,Schwefel2d4N6,7.731622593163491,1631.0717668738744,97928986.38113122,2.1971088369996323,Continuous,Differentiable,Separable,Non-Scalable,Multimodal,6,True,False,Schwefel2d4,0.0,60000,10000.0,10000.0,False,False,False,False,,,,,1
1,[0.91457752 0.92683306 0.93005149 0.93699199 0.94322767 0.94801447],60000,NiaPyPSO,Schwefel2d4N6,0.16564660178840637,0.04129977467395404,1169374.662674033,2.723052178999751,Continuous,Differentiable,Separable,Non-Scalable,Multimodal,6,True,False,Schwefel2d4,0.0,60000,10000.0,10000.0,True,True,False,False,7940.0,20130.0,,,1
2,[3.18957981 4.31825122 3.22061266 0.27984001 1.6380896  1.95569983],60000,NiaPySimulatedAnnealing,Schwefel2d4N6,4.751349533540251,372.22211541402817,656684781.5301583,2.845077349999883,Continuous,Differentiable,Separable,Non-Scalable,Multimodal,6,True,False,Schwefel2d4,0.0,60000,10000.0,10000.0,False,False,False,False,,,,,1
3,[1.94723297 1.08875125 0.09554995 2.87757725 1.87398499 1.95708574],60000,NiaPyCuckooSearch,Schwefel2d4N6,2.6321694855562088,60.77018697374045,635575680.9151044,1.9702323100000285,Continuous,Differentiable,Separable,Non-Scalable,Multimodal,6,True,False,Schwefel2d4,0.0,60000,10000.0,10000.0,False,False,False,False,,,,,1
4,[1. 1. 1. 1. 1. 1.],60000,NiaPyDifferentialEvolution,Schwefel2d4N6,1.041481514324134e-15,3.4512664603419266e-30,2303218.216386031,10.623856729999716,Continuous,Differentiable,Separable,Non-Scalable,Multimodal,6,True,False,Schwefel2d4,0.0,60000,10000.0,10000.0,True,True,True,True,966.0,1875.0,5003.0,9983.0,1
5,[0.77791617 0.6954634  1.59482588 0.08507413 0.63533071 0.37077753],60000,RandomSearch1,Schwefel2d4N6,1.3645056029446636,6.2396704162316965,609853550.7852616,2.5766346129998965,Continuous,Differentiable,Separable,Non-Scalable,Multimodal,6,True,False,Schwefel2d4,0.0,60000,10000.0,10000.0,False,False,False,False,,,,,1
6,[1.43294143 0.54664662 1.14510796 1.29470209 1.18979068 1.39597149],59999,RandomSearch2,Schwefel2d4N6,0.8328788208647114,2.7051330596844307,610210609.3713664,2.3009668839999904,Continuous,Differentiable,Separable,Non-Scalable,Multimodal,6,True,False,Schwefel2d4,0.0,60000,10000.0,9999.833333333334,False,False,False,False,,,,,1
7,[1.00000001 1.00000001 1.00000003 0.99999998 0.99999998 0.99999999],1513,CMAES,Schwefel2d4N6,4.6722561716671245e-08,1.1372468908803013e-14,12358.521536414235,0.3935778109998864,Continuous,Differentiable,Separable,Non-Scalable,Multimodal,6,True,False,Schwefel2d4,0.0,60000,10000.0,252.16666666666666,True,True,True,True,209.0,282.0,461.0,721.0,1
