,BestArm,NumberFunctionEval,Algorithm,CostFunction,EuclideanDistance,TrueRewardDifference,CumulativeRegret,TimeToComplete,Continuous,Differentiability,Separability,Scalability,Modality,Ndimensions,OptimizationSuccessful,BBOB,BaseClass,SD,MaxFeval,MaxFevalPerDimensions,FevalPerDimensions,SolveAt1,SolveAt1e-1,SolveAt1e-3,SolveAt1e-6,SolveEarlierAt1,SolveEarlierAt1e-1,SolveEarlierAt1e-3,SolveEarlierAt1e-6,simNumber
0,"[ 32.58441213  18.60427682  62.48957161 -13.9680939  -13.38244015
  27.08838868]",6000,NiaPyNelderMead,Schwefel2d23N6,80.12981806290853,9.095457464665134e+17,5.646501186205261e+21,0.2246179009999878,Continuous,Differentiable,Non-Separable,Scalable,Unimodal,6,True,False,Schwefel2d23,3.0,6000,1000.0,1000.0,False,False,False,False,,,,,2
1,[-0.54952235  0.82363461 -0.12736374  0.09079886 -0.74917684  0.35466046],6000,NiaPyPSO,Schwefel2d23N6,1.3007169957612132,0.2019043242461277,7.645417494422714e+21,0.28237741500004176,Continuous,Differentiable,Non-Separable,Scalable,Unimodal,6,True,False,Schwefel2d23,3.0,6000,1000.0,1000.0,True,False,False,False,1546.0,1546.0,1546.0,5587.0,2
2,"[-3.40714658e+01 -7.84089845e+00  4.06517075e-02  8.91429312e+01
  2.70969718e+01 -4.17758803e+01]",6000,NiaPySimulatedAnnealing,Schwefel2d23N6,107.92719008001646,3.170463500348322e+19,4.438838214319995e+23,0.3077807180000036,Continuous,Differentiable,Non-Separable,Scalable,Unimodal,6,True,False,Schwefel2d23,3.0,6000,1000.0,1000.0,False,False,False,False,,,,,2
3,"[ 13.15004596  -3.78559953  16.12988393  20.40667243 -14.20354337
  16.21734684]",6000,NiaPyCuckooSearch,Schwefel2d23N6,36.45000535935803,15462622932610.316,2.0693135351367364e+23,0.20217548699997678,Continuous,Differentiable,Non-Separable,Scalable,Unimodal,6,True,False,Schwefel2d23,3.0,6000,1000.0,1000.0,False,False,False,False,,,,,2
4,[ 0.34201018 -0.10748667 -0.65539374  0.60923705 -0.10124076  0.66017377],6000,NiaPyDifferentialEvolution,Schwefel2d23N6,1.172737901163941,0.03741385876165661,2.886261777669375e+22,1.0479539990000148,Continuous,Differentiable,Non-Separable,Scalable,Unimodal,6,True,False,Schwefel2d23,3.0,6000,1000.0,1000.0,True,True,False,False,5446.0,5446.0,,,2
5,[ 4.77003644 13.07616095  9.25277122  0.43218644 -4.36658626 17.34523269],6000,RandomSearch1,Schwefel2d23N6,24.483953232025737,2615670810796.6855,2.2067033124338298e+23,0.2583940760000587,Continuous,Differentiable,Non-Separable,Scalable,Unimodal,6,True,False,Schwefel2d23,3.0,6000,1000.0,1000.0,False,False,False,False,,,,,2
6,"[ -6.3555042  -10.10859198  -8.53771798  14.64215222 -13.50149927
  -5.66279935]",5999,RandomSearch2,Schwefel2d23N6,25.38147147387768,667577684013.9088,2.175340971071299e+23,0.2308509109999477,Continuous,Differentiable,Non-Separable,Scalable,Unimodal,6,True,False,Schwefel2d23,3.0,6000,1000.0,999.8333333333334,False,False,False,False,,,,,2
7,[ 0.19085329 -0.03283988 -0.13137061  0.75084403 -0.54339378  0.20564895],6004,CMAES,Schwefel2d23N6,0.9778019863955053,0.05919531268819146,5.181493439533907e+18,1.4065027659999032,Continuous,Differentiable,Non-Separable,Scalable,Unimodal,6,True,False,Schwefel2d23,3.0,6000,1000.0,1000.6666666666666,True,True,False,False,494.0,524.0,548.0,1003.0,2
