,BestArm,NumberFunctionEval,Algorithm,CostFunction,EuclideanDistance,TrueRewardDifference,CumulativeRegret,TimeToComplete,Continuous,Differentiability,Separability,Scalability,Modality,Ndimensions,OptimizationSuccessful,BBOB,BaseClass,SD,MaxFeval,MaxFevalPerDimensions,FevalPerDimensions,SolveAt1,SolveAt1e-1,SolveAt1e-3,SolveAt1e-6,SolveEarlierAt1,SolveEarlierAt1e-1,SolveEarlierAt1e-3,SolveEarlierAt1e-6,simNumber
0,"[ 442.08779448 -185.69635246  377.90869917  472.90946543  442.71461896
 -274.27509293]",600,NiaPyNelderMead,Schwefel2d26N6,925.6767472624098,1420.7029790593217,918351.6323165481,0.0242672749999997,Continuous,Differentiable,Separable,Scalable,Multimodal,6,True,False,Schwefel2d26,3.0,600,100.0,100.0,False,False,False,False,,,,,2
1,"[ 218.08666387 -497.79303062 -285.52104262  447.3965993  -133.05089588
 -310.38196488]",600,NiaPyPSO,Schwefel2d26N6,1492.2875795788034,1176.2261574665413,1426417.6953667528,0.02783974899998043,Continuous,Differentiable,Separable,Scalable,Multimodal,6,True,False,Schwefel2d26,3.0,600,100.0,100.0,False,False,False,False,,,,,2
2,"[-223.29674088   58.12484148  373.54883358   93.22163165   74.60463763
  184.4558818 ]",600,NiaPySimulatedAnnealing,Schwefel2d26N6,912.308591532942,2251.860889408584,1367563.5715098912,0.03026183599999399,Continuous,Differentiable,Separable,Scalable,Multimodal,6,True,False,Schwefel2d26,3.0,600,100.0,100.0,False,False,False,False,,,,,2
3,"[-313.14252303  217.40304158  219.73325916  387.35997315 -276.23547397
  217.64817417]",600,NiaPyCuckooSearch,Schwefel2d26N6,1072.1084839602497,1196.5805529841343,1506498.994386683,0.021743021999981238,Continuous,Differentiable,Separable,Scalable,Multimodal,6,True,False,Schwefel2d26,3.0,600,100.0,100.0,False,False,False,False,,,,,2
4,"[ 399.43794552  410.03724456 -500.         -323.41413329 -500.
 -500.        ]",600,NiaPyDifferentialEvolution,Schwefel2d26N6,1760.4656308494355,959.4089323751075,1289860.4342578286,0.10621094900000116,Continuous,Differentiable,Separable,Scalable,Multimodal,6,True,False,Schwefel2d26,3.0,600,100.0,100.0,False,False,False,False,,,,,2
5,"[-267.89282143  383.26696417 -110.26938779 -306.61941102  433.97805041
  373.23854262]",600,RandomSearch1,Schwefel2d26N6,1135.7806032813523,1132.6946692594195,1514960.3540238705,0.026214115000016136,Continuous,Differentiable,Separable,Scalable,Multimodal,6,True,False,Schwefel2d26,3.0,600,100.0,100.0,False,False,False,False,,,,,2
6,"[-358.92189965  422.0175558  -296.80239871 -272.09942688 -120.78814707
 -268.3199039 ]",599,RandomSearch2,Schwefel2d26N6,1540.256083147607,1352.1835590242135,1506190.9355920975,0.024304475000008097,Continuous,Differentiable,Separable,Scalable,Multimodal,6,True,False,Schwefel2d26,3.0,600,100.0,99.83333333333333,False,False,False,False,,,,,2
7,"[199.28251238 203.30142844 204.29623422 204.34597878 203.89026992
 204.84604563]",604,CMAES,Schwefel2d26N6,533.1306916146957,1305.6759258858278,1084485.9367358426,0.17883265099999335,Continuous,Differentiable,Separable,Scalable,Multimodal,6,True,False,Schwefel2d26,3.0,600,100.0,100.66666666666667,False,False,False,False,,,,,2
