,BestArm,NumberFunctionEval,Algorithm,CostFunction,EuclideanDistance,TrueRewardDifference,CumulativeRegret,TimeToComplete,Continuous,Differentiability,Separability,Scalability,Modality,Ndimensions,OptimizationSuccessful,BBOB,BaseClass,SD,MaxFeval,MaxFevalPerDimensions,FevalPerDimensions,SolveAt1,SolveAt1e-1,SolveAt1e-3,SolveAt1e-6,SolveEarlierAt1,SolveEarlierAt1e-1,SolveEarlierAt1e-3,SolveEarlierAt1e-6,simNumber
0,[ 6.59077648 33.75083583 28.37091577 22.07706183 24.97560279  9.44409578],6000,NiaPyNelderMead,Schwefel2d23N6,56.460910852309425,2377794700913023.0,3.5239018102587e+20,0.22397176300000865,Continuous,Differentiable,Non-Separable,Scalable,Unimodal,6,True,False,Schwefel2d23,3.0,6000,1000.0,1000.0,False,False,False,False,,,,,0
1,[ 0.77905657  0.42421369 -0.34745373 -0.30367702  0.36988767  0.44015202],6000,NiaPyPSO,Schwefel2d23N6,1.1534213942078275,0.08289689761105333,9.185420412385884e+21,0.2760091789999706,Continuous,Differentiable,Non-Separable,Scalable,Unimodal,6,True,False,Schwefel2d23,3.0,6000,1000.0,1000.0,True,True,False,False,1473.0,1473.0,1812.0,1859.0,0
2,"[-38.02737726  64.35080828  61.52144205 -20.36592608  23.32158328
 -23.49359732]",6000,NiaPySimulatedAnnealing,Schwefel2d23N6,104.31975884978786,2.0008550421745306e+18,2.6712184712414223e+22,0.3046530870000197,Continuous,Differentiable,Non-Separable,Scalable,Unimodal,6,True,False,Schwefel2d23,3.0,6000,1000.0,1000.0,False,False,False,False,,,,,0
3,"[  2.94988489 -11.21177033 -10.29883928  -7.02147467 -20.7504061
   4.568173  ]",6000,NiaPyCuckooSearch,Schwefel2d23N6,27.225362614055467,14845251920872.062,2.39990618300645e+23,0.20562792399994123,Continuous,Differentiable,Non-Separable,Scalable,Unimodal,6,True,False,Schwefel2d23,3.0,6000,1000.0,1000.0,False,False,False,False,,,,,0
4,[ 0.59099833 -0.17857909  0.22173198  0.21969933 -0.92705777 -0.36536846],6000,NiaPyDifferentialEvolution,Schwefel2d23N6,1.2130674348355392,0.474128062256434,2.707581438555367e+22,1.0586971889999859,Continuous,Differentiable,Non-Separable,Scalable,Unimodal,6,True,False,Schwefel2d23,3.0,6000,1000.0,1000.0,True,False,False,False,5633.0,5781.0,,,0
5,"[-11.45291532  13.06559263   9.21749419  19.57316042   1.2077603
   9.45056655]",6000,RandomSearch1,Schwefel2d23N6,29.338058576907663,8446870399730.263,2.1489631085458018e+23,0.25727107199998045,Continuous,Differentiable,Non-Separable,Scalable,Unimodal,6,True,False,Schwefel2d23,3.0,6000,1000.0,1000.0,False,False,False,False,,,,,0
6,"[ 24.99053081   8.7992757   -7.17026426  -0.47614302  17.27275742
 -20.39054739]",5999,RandomSearch2,Schwefel2d23N6,38.31077990239693,109798584497803.86,2.198641461165162e+23,0.23463588699996762,Continuous,Differentiable,Non-Separable,Scalable,Unimodal,6,True,False,Schwefel2d23,3.0,6000,1000.0,999.8333333333334,False,False,False,False,,,,,0
7,[-0.30717152  0.16770812  0.21424202  0.11613594  0.54488794  0.05744604],4771,CMAES,Schwefel2d23N6,0.6943129484765901,0.00231482967756852,4.758176241451574e+18,1.1001431939999975,Continuous,Differentiable,Non-Separable,Scalable,Unimodal,6,True,False,Schwefel2d23,3.0,6000,1000.0,795.1666666666666,True,True,False,False,550.0,550.0,592.0,754.0,0
