,BestArm,NumberFunctionEval,Algorithm,CostFunction,EuclideanDistance,TrueRewardDifference,CumulativeRegret,TimeToComplete,Continuous,Differentiability,Separability,Scalability,Modality,Ndimensions,OptimizationSuccessful,BBOB,BaseClass,SD,MaxFeval,MaxFevalPerDimensions,FevalPerDimensions,SolveAt1,SolveAt1e-1,SolveAt1e-3,SolveAt1e-6,SolveEarlierAt1,SolveEarlierAt1e-1,SolveEarlierAt1e-3,SolveEarlierAt1e-6,simNumber
0,"[ 24.71531845  35.90341857  -1.35136202 -14.47387787  15.34232131
  35.97792539]",120,NiaPyNelderMead,Schwefel2d21N6,60.34086251834821,35.97792539132758,4797.715281325023,0.0038797820000127103,Continuous,Non-Differentiable,Separable,Scalable,Unimodal,6,True,False,Schwefel2d21,0.0,120,20.0,20.0,False,False,False,False,,,,,9
1,"[ 42.1228356   28.24222926  10.76147684 -13.87536293 -15.09903212
  34.07581299]",120,NiaPyPSO,Schwefel2d21N6,65.34090354021244,42.12283560324444,9514.236888438809,0.004129961000003846,Continuous,Non-Differentiable,Separable,Scalable,Unimodal,6,True,False,Schwefel2d21,0.0,120,20.0,20.0,False,False,False,False,,,,,9
2,[42.66118949 48.13088526 87.74353163 10.77268043 96.07057804 94.43681769],120,NiaPySimulatedAnnealing,Schwefel2d21N6,173.49180294903323,96.07057803972606,11626.78842816801,0.004871848999997042,Continuous,Non-Differentiable,Separable,Scalable,Unimodal,6,True,False,Schwefel2d21,0.0,120,20.0,20.0,False,False,False,False,,,,,9
3,"[ 33.68712366  45.42997107  26.56980305 -14.04968106 -34.40592188
 -18.69711001]",120,NiaPyCuckooSearch,Schwefel2d21N6,75.06931415404709,45.429971072769305,9645.153618152726,0.003106447000007506,Continuous,Non-Differentiable,Separable,Scalable,Unimodal,6,True,False,Schwefel2d21,0.0,120,20.0,20.0,False,False,False,False,,,,,9
4,"[ 32.43305123 -14.95011605   6.12315506 -23.5802361   -2.34857487
 -35.94634631]",120,NiaPyDifferentialEvolution,Schwefel2d21N6,56.27241740858956,35.946346307450874,10103.146063585533,0.01683782199999939,Continuous,Non-Differentiable,Separable,Scalable,Unimodal,6,True,False,Schwefel2d21,0.0,120,20.0,20.0,False,False,False,False,,,,,9
5,"[-30.97946006 -30.97946006 -30.97946006 -30.97946006 -30.97946006
 -30.97946006]",120,RandomSearch1,Schwefel2d21N6,75.88386966238876,30.97946006345281,9366.726128395092,0.004821491000001288,Continuous,Non-Differentiable,Separable,Scalable,Unimodal,6,True,False,Schwefel2d21,0.0,120,20.0,20.0,False,False,False,False,,,,,9
6,"[-30.97946006 -30.97946006 -30.97946006 -30.97946006 -30.97946006
 -30.97946006]",119,RandomSearch2,Schwefel2d21N6,75.88386966238876,30.97946006345281,9525.30030543939,0.0036854179999892267,Continuous,Non-Differentiable,Separable,Scalable,Unimodal,6,True,False,Schwefel2d21,0.0,120,20.0,19.833333333333332,False,False,False,False,,,,,9
7,"[-20.96971609 -17.47034067 -20.7186099  -13.70640448 -18.37602997
 -13.71001399]",127,CMAES,Schwefel2d21N6,43.44779715060018,20.969716091618857,3764.940857684409,0.06769230599999787,Continuous,Non-Differentiable,Separable,Scalable,Unimodal,6,True,False,Schwefel2d21,0.0,120,20.0,21.166666666666668,False,False,False,False,,,,,9
