,BestArm,NumberFunctionEval,Algorithm,CostFunction,EuclideanDistance,TrueRewardDifference,CumulativeRegret,TimeToComplete,Continuous,Differentiability,Separability,Scalability,Modality,Ndimensions,OptimizationSuccessful,BBOB,BaseClass,SD,MaxFeval,MaxFevalPerDimensions,FevalPerDimensions,SolveAt1,SolveAt1e-1,SolveAt1e-3,SolveAt1e-6,SolveEarlierAt1,SolveEarlierAt1e-1,SolveEarlierAt1e-3,SolveEarlierAt1e-6,simNumber
0,"[ -17.58543604  212.03112224 -158.03245629 -154.99528762 -110.3561219
  186.66118386]",120,NiaPyNelderMead,Schwefel2d26N6,1113.628219116203,2024.7272685494117,252807.3952296599,0.0044276260000089,Continuous,Differentiable,Separable,Scalable,Multimodal,6,True,False,Schwefel2d26,0.0,120,20.0,20.0,False,False,False,False,,,,,8
1,"[ 452.18840854  -41.35736869  -44.8877228   163.55452897  392.93047074
 -354.81698765]",120,NiaPyPSO,Schwefel2d26N6,1049.1110912195297,1872.3499594845534,314194.4059855377,0.0045252809999993815,Continuous,Differentiable,Separable,Scalable,Multimodal,6,True,False,Schwefel2d26,0.0,120,20.0,20.0,False,False,False,False,,,,,8
2,"[ 175.19364498 -221.71697719   24.4470423  -500.           77.81102118
  429.80302881]",120,NiaPySimulatedAnnealing,Schwefel2d26N6,1263.6053578324254,1956.80833321937,235907.25373089747,0.005307887000000733,Continuous,Differentiable,Separable,Scalable,Multimodal,6,True,False,Schwefel2d26,0.0,120,20.0,20.0,False,False,False,False,,,,,8
3,"[ 177.91232007  483.14926642 -132.24369102  431.16725933 -305.01789337
  348.39126048]",120,NiaPyCuckooSearch,Schwefel2d26N6,949.4287468841236,1627.1489116295656,302400.847982826,0.0034654540000076395,Continuous,Differentiable,Separable,Scalable,Multimodal,6,True,False,Schwefel2d26,0.0,120,20.0,20.0,False,False,False,False,,,,,8
4,"[ 444.68493063  220.08066434  -35.83184934 -488.90554086  424.99907592
 -289.35136679]",120,NiaPyDifferentialEvolution,Schwefel2d26N6,1257.7867016117934,1230.9830886570376,299354.97654093953,0.017028512999999634,Continuous,Differentiable,Separable,Scalable,Multimodal,6,True,False,Schwefel2d26,0.0,120,20.0,20.0,False,False,False,False,,,,,8
5,"[ 454.06483327 -309.89047532   25.46884899  415.21866718   58.42075299
 -140.33088175]",120,RandomSearch1,Schwefel2d26N6,1066.8655508860297,1393.4273415654052,304972.96337160154,0.0047734300000001895,Continuous,Differentiable,Separable,Scalable,Multimodal,6,True,False,Schwefel2d26,0.0,120,20.0,20.0,False,False,False,False,,,,,8
6,"[-311.09390795  145.9088137   399.56896605 -106.83716348  398.14883825
  170.77795752]",119,RandomSearch2,Schwefel2d26N6,976.5894240499383,1405.7706392907814,293582.63909095846,0.004614988000000153,Continuous,Differentiable,Separable,Scalable,Multimodal,6,True,False,Schwefel2d26,0.0,120,20.0,19.833333333333332,False,False,False,False,,,,,8
7,"[-493.02550307 -479.60413578 -513.62373108 -521.62909117 -487.66229188
 -492.05439002]",127,CMAES,Schwefel2d26N6,2251.1313585619864,1604.1040102723261,408710.75776276743,0.07038821800000505,Continuous,Differentiable,Separable,Scalable,Multimodal,6,True,False,Schwefel2d26,0.0,120,20.0,21.166666666666668,False,False,False,False,,,,,8
