,BestArm,NumberFunctionEval,Algorithm,CostFunction,EuclideanDistance,TrueRewardDifference,CumulativeRegret,TimeToComplete,Continuous,Differentiability,Separability,Scalability,Modality,Ndimensions,OptimizationSuccessful,BBOB,BaseClass,SD,MaxFeval,MaxFevalPerDimensions,FevalPerDimensions,SolveAt1,SolveAt1e-1,SolveAt1e-3,SolveAt1e-6,SolveEarlierAt1,SolveEarlierAt1e-1,SolveEarlierAt1e-3,SolveEarlierAt1e-6,simNumber
0,"[ 464.45229521  174.88856311 -119.04493762  210.12936954  437.86752967
 -107.01296828]",120,NiaPyNelderMead,Schwefel2d26N6,823.1430957833991,1425.3624428173728,233666.95251679234,0.004342659999991838,Continuous,Differentiable,Separable,Scalable,Multimodal,6,True,False,Schwefel2d26,0.0,120,20.0,20.0,False,False,False,False,,,,,9
1,"[-298.47222691  496.10630886  122.15122707  437.65488084 -305.99427148
  433.30363111]",120,NiaPyPSO,Schwefel2d26N6,1068.3813372341879,1392.610256664782,317672.48317697085,0.004557671000000596,Continuous,Differentiable,Separable,Scalable,Multimodal,6,True,False,Schwefel2d26,0.0,120,20.0,20.0,False,False,False,False,,,,,9
2,"[ 262.7768662   158.10449086 -154.21352152 -195.90941689  422.01992425
  -92.62115638]",120,NiaPySimulatedAnnealing,Schwefel2d26N6,1034.0557475244807,2373.2930850555163,287441.47911720455,0.005329459999998676,Continuous,Differentiable,Separable,Scalable,Multimodal,6,True,False,Schwefel2d26,0.0,120,20.0,20.0,False,False,False,False,,,,,9
3,"[-137.2641824   469.95291643  438.14561265 -300.91911444 -284.02147347
   61.65717869]",120,NiaPyCuckooSearch,Schwefel2d26N6,1208.9485477299384,1263.5589696091229,329398.4956438785,0.0037771669999955293,Continuous,Differentiable,Separable,Scalable,Multimodal,6,True,False,Schwefel2d26,0.0,120,20.0,20.0,False,False,False,False,,,,,9
4,"[-150.20410453 -500.         -288.41762471 -116.49474994  407.80524318
  417.80306236]",120,NiaPyDifferentialEvolution,Schwefel2d26N6,1402.3912393027751,1082.2595718004904,297092.0104315815,0.017409710999999106,Continuous,Differentiable,Separable,Scalable,Multimodal,6,True,False,Schwefel2d26,0.0,120,20.0,20.0,False,False,False,False,,,,,9
5,"[ 477.17630896 -284.51869531  194.91209485  443.84897896 -283.56168736
  466.13771937]",120,RandomSearch1,Schwefel2d26N6,1025.1342849896403,1198.8102701148853,303574.20952043403,0.005623878999998055,Continuous,Differentiable,Separable,Scalable,Multimodal,6,True,False,Schwefel2d26,0.0,120,20.0,20.0,False,False,False,False,,,,,9
6,"[-141.93988073  445.00424514  485.10936605 -166.84434932  437.48201707
  404.9143296 ]",119,RandomSearch2,Schwefel2d26N6,817.075586365079,1382.1232871947027,302875.24503459316,0.004559221000008051,Continuous,Differentiable,Separable,Scalable,Multimodal,6,True,False,Schwefel2d26,0.0,120,20.0,19.833333333333332,False,False,False,False,,,,,9
7,"[-532.90793018 -437.00392932 -521.70645919 -520.87877443 -491.36564745
 -519.47546562]",127,CMAES,Schwefel2d26N6,2266.826080629627,1191.6504059934227,415823.77914378745,0.06959263099999191,Continuous,Differentiable,Separable,Scalable,Multimodal,6,True,False,Schwefel2d26,0.0,120,20.0,21.166666666666668,False,False,False,False,,,,,9
