,BestArm,NumberFunctionEval,Algorithm,CostFunction,EuclideanDistance,TrueRewardDifference,CumulativeRegret,TimeToComplete,Continuous,Differentiability,Separability,Scalability,Modality,Ndimensions,OptimizationSuccessful,BBOB,BaseClass,SD,MaxFeval,MaxFevalPerDimensions,FevalPerDimensions,SolveAt1,SolveAt1e-1,SolveAt1e-3,SolveAt1e-6,SolveEarlierAt1,SolveEarlierAt1e-1,SolveEarlierAt1e-3,SolveEarlierAt1e-6,simNumber
0,"[-25.14673372 -34.20717838 -44.44945281 -16.24460502  49.60296135
  14.99405812]",600,NiaPyNelderMead,Schwefel2d21N6,82.02076487727528,49.60296135359974,30319.757735288506,0.01606462099999817,Continuous,Non-Differentiable,Separable,Scalable,Unimodal,6,True,False,Schwefel2d21,0.0,600,100.0,100.0,False,False,False,False,,,,,7
1,"[  4.00768879   2.59315952  18.04391651  25.10353341  16.66131634
 -20.56579304]",600,NiaPyPSO,Schwefel2d21N6,40.97691623591413,25.10353340798794,38813.84593984815,0.02203595699999994,Continuous,Non-Differentiable,Separable,Scalable,Unimodal,6,True,False,Schwefel2d21,0.0,600,100.0,100.0,False,False,False,False,,,,,7
2,[-4.05282912 78.70315009 81.22719225 -8.90042857 39.07495202 66.80981999],600,NiaPySimulatedAnnealing,Schwefel2d21N6,137.3975602709165,81.22719224593821,50671.60943744124,0.02283669300000213,Continuous,Non-Differentiable,Separable,Scalable,Unimodal,6,True,False,Schwefel2d21,0.0,600,100.0,100.0,False,False,False,False,,,,,7
3,"[-18.17885298   5.87027601  34.32694079  15.11632193  -8.70720792
  16.71636769]",600,NiaPyCuckooSearch,Schwefel2d21N6,46.11968459741071,34.326940790988985,48858.65226367898,0.014347829000001866,Continuous,Non-Differentiable,Separable,Scalable,Unimodal,6,True,False,Schwefel2d21,0.0,600,100.0,100.0,False,False,False,False,,,,,7
4,"[ 18.35411893 -31.05932282   0.15055662 -14.29654618  24.13760169
 -32.00680576]",600,NiaPyDifferentialEvolution,Schwefel2d21N6,55.79452075058076,32.00680575730921,46720.38498427383,0.09453722599999992,Continuous,Non-Differentiable,Separable,Scalable,Unimodal,6,True,False,Schwefel2d21,0.0,600,100.0,100.0,False,False,False,False,,,,,7
5,[10.99834634 10.99834634 10.99834634 10.99834634 10.99834634 10.99834634],600,RandomSearch1,Schwefel2d21N6,26.940336540497665,10.998346337179314,47772.91474395836,0.021629687000000786,Continuous,Non-Differentiable,Separable,Scalable,Unimodal,6,True,False,Schwefel2d21,0.0,600,100.0,100.0,False,False,False,False,,,,,7
6,[10.99834634 10.99834634 10.99834634 10.99834634 10.99834634 10.99834634],599,RandomSearch2,Schwefel2d21N6,26.940336540497665,10.998346337179314,47876.89477049948,0.01761971700000231,Continuous,Non-Differentiable,Separable,Scalable,Unimodal,6,True,False,Schwefel2d21,0.0,600,100.0,99.83333333333333,False,False,False,False,,,,,7
7,[-0.00665061  0.01196649  0.01629597 -0.01324156  0.01426549 -0.01399101],604,CMAES,Schwefel2d21N6,0.03205585004550482,0.016295969979243652,2024.432662446593,0.16878931499999794,Continuous,Non-Differentiable,Separable,Scalable,Unimodal,6,True,False,Schwefel2d21,0.0,600,100.0,100.66666666666667,True,True,False,False,185.0,418.0,,,7
