,BestArm,NumberFunctionEval,Algorithm,CostFunction,EuclideanDistance,TrueRewardDifference,CumulativeRegret,TimeToComplete,Continuous,Differentiability,Separability,Scalability,Modality,Ndimensions,OptimizationSuccessful,BBOB,BaseClass,SD,MaxFeval,MaxFevalPerDimensions,FevalPerDimensions,SolveAt1,SolveAt1e-1,SolveAt1e-3,SolveAt1e-6,SolveEarlierAt1,SolveEarlierAt1e-1,SolveEarlierAt1e-3,SolveEarlierAt1e-6,simNumber
0,[ 12.53229721 -20.66697173],40,NiaPyNelderMead,Schwefel2d20N2,24.16986126726768,33.19926893406268,1422.2975667471514,0.0034044769999894697,Continuous,Non-Differentiable,Separable,Scalable,Unimodal,2,True,False,Schwefel2d20,3.0,40,20.0,20.0,False,False,False,False,,,,,3
1,[23.73285411 -4.67900473],40,NiaPyPSO,Schwefel2d20N2,24.18969717445624,28.411858837358373,3587.579175278971,0.002698807999991004,Continuous,Non-Differentiable,Separable,Scalable,Unimodal,2,True,False,Schwefel2d20,3.0,40,20.0,20.0,False,False,False,False,,,,,3
2,[68.07478833 83.26295683],40,NiaPySimulatedAnnealing,Schwefel2d20N2,107.54950853416997,151.33774515846017,6046.697619291595,0.0023091870000087056,Continuous,Non-Differentiable,Separable,Scalable,Unimodal,2,True,False,Schwefel2d20,3.0,40,20.0,20.0,False,False,False,False,,,,,3
3,[-5.75224314 -7.33655369],40,NiaPyCuckooSearch,Schwefel2d20N2,9.322731427421006,13.08879683625122,2700.76238642523,0.0017780440000052522,Continuous,Non-Differentiable,Separable,Scalable,Unimodal,2,True,False,Schwefel2d20,3.0,40,20.0,20.0,False,False,False,False,,,,,3
4,[ 0.76905612 21.68618358],40,NiaPyDifferentialEvolution,Schwefel2d20N2,21.699815795765687,22.45523970312746,3365.718062691969,0.006463515999996616,Continuous,Non-Differentiable,Separable,Scalable,Unimodal,2,True,False,Schwefel2d20,3.0,40,20.0,20.0,False,False,False,False,,,,,3
5,[  2.63928836 -20.11445876],40,RandomSearch1,Schwefel2d20N2,20.286874928344435,22.753747120997264,3158.5051549635923,0.0011383900000083713,Continuous,Non-Differentiable,Separable,Scalable,Unimodal,2,True,False,Schwefel2d20,3.0,40,20.0,20.0,False,False,False,False,,,,,3
6,[-21.09369768 -15.55186142],39,RandomSearch2,Schwefel2d20N2,26.20695471148119,36.64555909430274,3550.4955092266146,0.0012037039999910348,Continuous,Non-Differentiable,Separable,Scalable,Unimodal,2,True,False,Schwefel2d20,3.0,40,20.0,19.5,False,False,False,False,,,,,3
7,[84.1938357  87.47137151],43,CMAES,Schwefel2d20N2,121.40775430399252,171.66520721827493,7530.034514617447,0.05239375099999677,Continuous,Non-Differentiable,Separable,Scalable,Unimodal,2,True,False,Schwefel2d20,3.0,40,20.0,21.5,False,False,False,False,,,,,3
