,BestArm,NumberFunctionEval,Algorithm,CostFunction,EuclideanDistance,TrueRewardDifference,CumulativeRegret,TimeToComplete,Continuous,Differentiability,Separability,Scalability,Modality,Ndimensions,OptimizationSuccessful,BBOB,BaseClass,SD,MaxFeval,MaxFevalPerDimensions,FevalPerDimensions,SolveAt1,SolveAt1e-1,SolveAt1e-3,SolveAt1e-6,SolveEarlierAt1,SolveEarlierAt1e-1,SolveEarlierAt1e-3,SolveEarlierAt1e-6,simNumber
0,[73.38134594 -5.63524472],40,NiaPyNelderMead,Schwefel2d20N2,73.59740427068107,79.01659066037992,3273.205317090756,0.003022932999996897,Continuous,Non-Differentiable,Separable,Scalable,Unimodal,2,True,False,Schwefel2d20,3.0,40,20.0,20.0,False,False,False,False,,,,,2
1,[-3.88708255 16.99004952],40,NiaPyPSO,Schwefel2d20N2,17.429033060476144,20.87713207135915,3795.2638820523543,0.002285278000002222,Continuous,Non-Differentiable,Separable,Scalable,Unimodal,2,True,False,Schwefel2d20,3.0,40,20.0,20.0,False,False,False,False,,,,,2
2,[21.04899407 -5.88535063],40,NiaPySimulatedAnnealing,Schwefel2d20N2,21.856292073914904,26.93434469657523,1084.339941257629,0.0024875899999869944,Continuous,Non-Differentiable,Separable,Scalable,Unimodal,2,True,False,Schwefel2d20,3.0,40,20.0,20.0,False,False,False,False,,,,,2
3,[-5.28192832 -1.66921885],40,NiaPyCuckooSearch,Schwefel2d20N2,5.539409562205296,6.951147165648962,2760.8078862660927,0.001768863999998871,Continuous,Non-Differentiable,Separable,Scalable,Unimodal,2,True,False,Schwefel2d20,3.0,40,20.0,20.0,False,False,False,False,,,,,2
4,[6.57855891 1.57836744],40,NiaPyDifferentialEvolution,Schwefel2d20N2,6.765255436151909,8.156926351283936,3817.0533348894096,0.00727357600000289,Continuous,Non-Differentiable,Separable,Scalable,Unimodal,2,True,False,Schwefel2d20,3.0,40,20.0,20.0,False,False,False,False,,,,,2
5,[  6.67571453 -23.99619063],40,RandomSearch1,Schwefel2d20N2,24.90747536369889,30.671905153384888,3691.5081053098293,0.0013410640000017793,Continuous,Non-Differentiable,Separable,Scalable,Unimodal,2,True,False,Schwefel2d20,3.0,40,20.0,20.0,False,False,False,False,,,,,2
6,[-12.52167398  -4.56462289],39,RandomSearch2,Schwefel2d20N2,13.327719291505119,17.086296877853364,3418.4494859016595,0.0019322139999928822,Continuous,Non-Differentiable,Separable,Scalable,Unimodal,2,True,False,Schwefel2d20,3.0,40,20.0,19.5,False,False,False,False,,,,,2
7,[89.41200088 88.8623271 ],43,CMAES,Schwefel2d20N2,126.0595854273963,178.27432797513546,7660.583702612817,0.05370072399999515,Continuous,Non-Differentiable,Separable,Scalable,Unimodal,2,True,False,Schwefel2d20,3.0,40,20.0,21.5,False,False,False,False,,,,,2
