,BestArm,NumberFunctionEval,Algorithm,CostFunction,EuclideanDistance,TrueRewardDifference,CumulativeRegret,TimeToComplete,Continuous,Differentiability,Separability,Scalability,Modality,Ndimensions,OptimizationSuccessful,BBOB,BaseClass,SD,MaxFeval,MaxFevalPerDimensions,FevalPerDimensions,SolveAt1,SolveAt1e-1,SolveAt1e-3,SolveAt1e-6,SolveEarlierAt1,SolveEarlierAt1e-1,SolveEarlierAt1e-3,SolveEarlierAt1e-6,simNumber
0,"[  5.27219364  38.25657058  13.65610618 -40.72855877 -34.79879313
  39.95008368]",600,NiaPyNelderMead,Schwefel2d21N6,78.38131883909047,40.728558769783035,24976.534779244073,0.022712684000012473,Continuous,Non-Differentiable,Separable,Scalable,Unimodal,6,True,False,Schwefel2d21,3.0,600,100.0,100.0,False,False,False,False,,,,,7
1,[15.09218273 21.41748059 -9.38537628 25.02300136 13.08692103 20.96501811],600,NiaPyPSO,Schwefel2d21N6,44.84994789250051,25.023001364956308,40341.077222510554,0.025614753999988693,Continuous,Non-Differentiable,Separable,Scalable,Unimodal,6,True,False,Schwefel2d21,3.0,600,100.0,100.0,False,False,False,False,,,,,7
2,[57.8619235   8.99995801 56.75868435  7.22943832 -7.56456541 55.37322952],600,NiaPySimulatedAnnealing,Schwefel2d21N6,99.12735071883982,57.86192350283118,35078.16734585054,0.02912509200000102,Continuous,Non-Differentiable,Separable,Scalable,Unimodal,6,True,False,Schwefel2d21,3.0,600,100.0,100.0,False,False,False,False,,,,,7
3,"[ 17.90674598   1.98723111  28.00117381   0.23189226 -11.47868059
   0.14702675]",600,NiaPyCuckooSearch,Schwefel2d21N6,35.22075911769154,28.001173809263342,44011.08782853332,0.020239162999999394,Continuous,Non-Differentiable,Separable,Scalable,Unimodal,6,True,False,Schwefel2d21,3.0,600,100.0,100.0,False,False,False,False,,,,,7
4,"[ 24.30549914  24.08783847   3.8563233   16.01922178 -19.20733788
  33.83694379]",600,NiaPyDifferentialEvolution,Schwefel2d21N6,54.372130173223226,33.836943786178324,43814.19213477276,0.1014414429999988,Continuous,Non-Differentiable,Separable,Scalable,Unimodal,6,True,False,Schwefel2d21,3.0,600,100.0,100.0,False,False,False,False,,,,,7
5,[19.86149371 19.86149371 19.86149371 19.86149371 19.86149371 19.86149371],600,RandomSearch1,Schwefel2d21N6,48.65052511900869,19.861493710004524,47712.817856572365,0.024042239999999993,Continuous,Non-Differentiable,Separable,Scalable,Unimodal,6,True,False,Schwefel2d21,3.0,600,100.0,100.0,False,False,False,False,,,,,7
6,[19.86149371 19.86149371 19.86149371 19.86149371 19.86149371 19.86149371],599,RandomSearch2,Schwefel2d21N6,48.65052511900869,19.861493710004524,46836.06631072296,0.022521771999990392,Continuous,Non-Differentiable,Separable,Scalable,Unimodal,6,True,False,Schwefel2d21,3.0,600,100.0,99.83333333333333,False,False,False,False,,,,,7
7,[19.33748806 19.59506308 18.49563797 20.0420936  20.00029786 20.15472062],604,CMAES,Schwefel2d21N6,48.04064694691148,20.154720622758237,12384.727028978217,0.1728461639999921,Continuous,Non-Differentiable,Separable,Scalable,Unimodal,6,True,False,Schwefel2d21,3.0,600,100.0,100.66666666666667,False,False,False,False,,,,,7
