,BestArm,NumberFunctionEval,Algorithm,CostFunction,EuclideanDistance,TrueRewardDifference,CumulativeRegret,TimeToComplete,Continuous,Differentiability,Separability,Scalability,Modality,Ndimensions,OptimizationSuccessful,BBOB,BaseClass,SD,MaxFeval,MaxFevalPerDimensions,FevalPerDimensions,SolveAt1,SolveAt1e-1,SolveAt1e-3,SolveAt1e-6,SolveEarlierAt1,SolveEarlierAt1e-1,SolveEarlierAt1e-3,SolveEarlierAt1e-6,simNumber
0,"[496.76427389 430.53765968 438.10342961   2.71711153 -18.7442345
 -23.43970307]",600,NiaPyNelderMead,Schwefel2d26N6,756.2479276662923,1826.2951935383653,1147734.9704960464,0.02456840400000715,Continuous,Differentiable,Separable,Scalable,Multimodal,6,True,False,Schwefel2d26,3.0,600,100.0,100.0,False,False,False,False,,,,,3
1,"[ 416.90819258  422.27581301  437.41515576  265.23956603  419.85106783
 -411.61068388]",600,NiaPyPSO,Schwefel2d26N6,847.1894797954105,1427.285408251185,1484542.0006390316,0.02780920899999728,Continuous,Differentiable,Separable,Scalable,Multimodal,6,True,False,Schwefel2d26,3.0,600,100.0,100.0,False,False,False,False,,,,,3
2,"[ 368.55382226   86.38381647  214.31266057 -115.45923746   12.5730563
  212.87134208]",600,NiaPySimulatedAnnealing,Schwefel2d26N6,809.4737100539237,1890.739852119955,1157279.353274784,0.029950295999981336,Continuous,Differentiable,Separable,Scalable,Multimodal,6,True,False,Schwefel2d26,3.0,600,100.0,100.0,False,False,False,False,,,,,3
3,"[-129.06589732  412.29538728 -319.85774809 -263.56821438 -282.49472997
 -286.50625129]",600,NiaPyCuckooSearch,Schwefel2d26N6,1521.6470728450042,1067.701485325054,1437375.877086544,0.021524959999993598,Continuous,Differentiable,Separable,Scalable,Multimodal,6,True,False,Schwefel2d26,3.0,600,100.0,100.0,False,False,False,False,,,,,3
4,"[ 429.76425624 -316.24669174 -500.         -312.65590388  436.8398862
 -282.60558377]",600,NiaPyDifferentialEvolution,Schwefel2d26N6,1557.3121881185666,720.0412834079216,1280537.995562996,0.10788252299997225,Continuous,Differentiable,Separable,Scalable,Multimodal,6,True,False,Schwefel2d26,3.0,600,100.0,100.0,False,False,False,False,,,,,3
5,"[ 420.01104999  410.19939499 -290.79277501   81.01162739  460.08635037
   31.84090641]",600,RandomSearch1,Schwefel2d26N6,880.4787697014784,1155.6833946551485,1492570.900432761,0.025874036000004708,Continuous,Differentiable,Separable,Scalable,Multimodal,6,True,False,Schwefel2d26,3.0,600,100.0,100.0,False,False,False,False,,,,,3
6,"[-318.4076919   348.87654886 -274.76510145  440.33392388  419.16602446
    6.37693366]",599,RandomSearch2,Schwefel2d26N6,1099.174699074687,1300.3720241126514,1503640.7353131487,0.023607370000007677,Continuous,Differentiable,Separable,Scalable,Multimodal,6,True,False,Schwefel2d26,3.0,600,100.0,99.83333333333333,False,False,False,False,,,,,3
7,"[201.49389495 204.63551442 204.88222093 203.08263959 203.92720508
 199.79067276]",604,CMAES,Schwefel2d26N6,534.0072935646514,1305.8768967360772,1138756.225716375,0.17387951300000282,Continuous,Differentiable,Separable,Scalable,Multimodal,6,True,False,Schwefel2d26,3.0,600,100.0,100.66666666666667,False,False,False,False,,,,,3
