,BestArm,NumberFunctionEval,Algorithm,CostFunction,EuclideanDistance,TrueRewardDifference,CumulativeRegret,TimeToComplete,Continuous,Differentiability,Separability,Scalability,Modality,Ndimensions,OptimizationSuccessful,BBOB,BaseClass,SD,MaxFeval,MaxFevalPerDimensions,FevalPerDimensions,SolveAt1,SolveAt1e-1,SolveAt1e-3,SolveAt1e-6,SolveEarlierAt1,SolveEarlierAt1e-1,SolveEarlierAt1e-3,SolveEarlierAt1e-6,simNumber
0,[32.65712191 98.36373293],40,NiaPyNelderMead,Schwefel2d20N2,103.64319353555928,131.02085483220372,5283.915476779075,0.0025716250000016316,Continuous,Non-Differentiable,Separable,Scalable,Unimodal,2,True,False,Schwefel2d20,3.0,40,20.0,20.0,False,False,False,False,,,,,0
1,[-12.28542128  10.33811172],40,NiaPyPSO,Schwefel2d20N2,16.05640463817181,22.62353299757104,2989.6033680041555,0.001993024000000787,Continuous,Non-Differentiable,Separable,Scalable,Unimodal,2,True,False,Schwefel2d20,3.0,40,20.0,20.0,False,False,False,False,,,,,0
2,[25.09755942 -4.697414  ],40,NiaPySimulatedAnnealing,Schwefel2d20N2,25.533373984610876,29.79497342016144,1147.3923495278925,0.0021229759999954467,Continuous,Non-Differentiable,Separable,Scalable,Unimodal,2,True,False,Schwefel2d20,3.0,40,20.0,20.0,False,False,False,False,,,,,0
3,[  4.1098429  -11.21719372],40,NiaPyCuckooSearch,Schwefel2d20N2,11.946390400464827,15.327036621634733,3321.3453064027417,0.0016320260000100006,Continuous,Non-Differentiable,Separable,Scalable,Unimodal,2,True,False,Schwefel2d20,3.0,40,20.0,20.0,False,False,False,False,,,,,0
4,[-1.11226792 -3.86643403],40,NiaPyDifferentialEvolution,Schwefel2d20N2,4.0232389937289685,4.978701946997191,3409.98668396254,0.005936035000004836,Continuous,Non-Differentiable,Separable,Scalable,Unimodal,2,True,False,Schwefel2d20,3.0,40,20.0,20.0,False,False,False,False,,,,,0
5,[1.31913942 1.08662519],40,RandomSearch1,Schwefel2d20N2,1.7090591352515594,2.405764616420221,3404.168125040005,0.0010942769999928714,Continuous,Non-Differentiable,Separable,Scalable,Unimodal,2,True,False,Schwefel2d20,3.0,40,20.0,20.0,False,False,False,False,,,,,0
6,[-12.37137696   4.49556674],39,RandomSearch2,Schwefel2d20N2,13.162867776665191,16.866943694207805,2774.8817141747836,0.001241633000006459,Continuous,Non-Differentiable,Separable,Scalable,Unimodal,2,True,False,Schwefel2d20,3.0,40,20.0,19.5,False,False,False,False,,,,,0
7,[80.4125729  87.07537957],43,CMAES,Schwefel2d20N2,118.52553989860841,167.48795247378285,7518.437043033087,0.0533291509999998,Continuous,Non-Differentiable,Separable,Scalable,Unimodal,2,True,False,Schwefel2d20,3.0,40,20.0,21.5,False,False,False,False,,,,,0
