,BestArm,NumberFunctionEval,Algorithm,CostFunction,EuclideanDistance,TrueRewardDifference,CumulativeRegret,TimeToComplete,Continuous,Differentiability,Separability,Scalability,Modality,Ndimensions,OptimizationSuccessful,BBOB,BaseClass,SD,MaxFeval,MaxFevalPerDimensions,FevalPerDimensions,SolveAt1,SolveAt1e-1,SolveAt1e-3,SolveAt1e-6,SolveEarlierAt1,SolveEarlierAt1e-1,SolveEarlierAt1e-3,SolveEarlierAt1e-6,simNumber
0,"[-286.7718936    64.99276924  -99.8085928   257.87035926  246.27942759
  415.25838022]",6000,NiaPyNelderMead,Schwefel2d26N6,977.7396358826062,1796.8971145680023,10806131.564491523,0.24103850900007728,Continuous,Differentiable,Separable,Scalable,Multimodal,6,True,False,Schwefel2d26,3.0,6000,1000.0,1000.0,False,False,False,False,,,,,7
1,"[-281.12069977  409.38266237  218.65977733 -288.15481505  207.24761443
  -36.46506769]",6000,NiaPyPSO,Schwefel2d26N6,1136.5612112052886,1208.3904728362534,13748895.479928363,0.2797274079999852,Continuous,Differentiable,Separable,Scalable,Multimodal,6,True,False,Schwefel2d26,3.0,6000,1000.0,1000.0,False,False,False,False,,,,,7
2,"[-330.75701105  133.75892613 -421.54755137  466.6534982  -499.04618303
 -113.53176716]",6000,NiaPySimulatedAnnealing,Schwefel2d26N6,1578.4866710109154,2387.6616092661475,15706849.355621014,0.2984096769999951,Continuous,Differentiable,Separable,Scalable,Multimodal,6,True,False,Schwefel2d26,3.0,6000,1000.0,1000.0,False,False,False,False,,,,,7
3,"[ 432.54620678  500.         -292.90060806  425.90260279  424.500301
 -294.94196214]",6000,NiaPyCuckooSearch,Schwefel2d26N6,1014.1767046365264,876.7905850884315,15377545.631204143,0.2079390770001055,Continuous,Differentiable,Separable,Scalable,Multimodal,6,True,False,Schwefel2d26,3.0,6000,1000.0,1000.0,False,False,False,False,,,,,7
4,"[412.88743545 422.51201979 431.63748184 450.91067361 422.12524559
 418.83787123]",6000,NiaPyDifferentialEvolution,Schwefel2d26N6,32.922763345644114,133.05920620504503,5174977.489407485,1.0653788250000389,Continuous,Differentiable,Separable,Scalable,Multimodal,6,True,False,Schwefel2d26,3.0,6000,1000.0,1000.0,False,False,False,False,,,,,7
5,"[409.88936107 409.88936107 409.88936107 409.88936107 409.88936107
 409.88936107]",6000,RandomSearch1,Schwefel2d26N6,27.138839746950325,91.96449836193642,15134919.421983778,0.26562217499997587,Continuous,Differentiable,Separable,Scalable,Multimodal,6,True,False,Schwefel2d26,3.0,6000,1000.0,1000.0,False,False,False,False,,,,,7
6,"[409.88936107 409.88936107 409.88936107 409.88936107 409.88936107
 409.88936107]",5999,RandomSearch2,Schwefel2d26N6,27.138839746950325,91.96449836193642,15136254.34552221,0.23602019399993424,Continuous,Differentiable,Separable,Scalable,Multimodal,6,True,False,Schwefel2d26,3.0,6000,1000.0,999.8333333333334,False,False,False,False,,,,,7
7,"[419.74602653 420.52862011 416.88359958 419.56943818 421.64174025
 422.0096946 ]",4546,CMAES,Schwefel2d26N6,4.676722421682778,2.7545667429380956,23415.136812182005,1.0532158659999595,Continuous,Differentiable,Separable,Scalable,Multimodal,6,True,False,Schwefel2d26,3.0,6000,1000.0,757.6666666666666,False,False,False,False,337.0,,,,7
