,BestArm,NumberFunctionEval,Algorithm,CostFunction,EuclideanDistance,TrueRewardDifference,CumulativeRegret,TimeToComplete,Continuous,Differentiability,Separability,Scalability,Modality,Ndimensions,OptimizationSuccessful,BBOB,BaseClass,SD,MaxFeval,MaxFevalPerDimensions,FevalPerDimensions,SolveAt1,SolveAt1e-1,SolveAt1e-3,SolveAt1e-6,SolveEarlierAt1,SolveEarlierAt1e-1,SolveEarlierAt1e-3,SolveEarlierAt1e-6,simNumber
0,[-10.50187016  33.28775423],20000,NiaPyNelderMead,Schwefel2d20N2,34.90506923584311,43.78962438717737,875797.7921272286,0.9322274359999483,Continuous,Non-Differentiable,Separable,Scalable,Unimodal,2,True,False,Schwefel2d20,3.0,20000,10000.0,10000.0,False,False,False,False,,,,,9
1,[0.93013564 0.53168323],20000,NiaPyPSO,Schwefel2d20N2,1.071372659849904,1.461818877065187,77670.63613137083,0.8481870660000368,Continuous,Non-Differentiable,Separable,Scalable,Unimodal,2,True,False,Schwefel2d20,3.0,20000,10000.0,10000.0,False,False,False,False,561.0,1300.0,,,9
2,[99.49442815 -0.3454106 ],20000,NiaPySimulatedAnnealing,Schwefel2d20N2,99.49502772111626,99.8398387507258,2491635.2724267254,0.9195284979998632,Continuous,Non-Differentiable,Separable,Scalable,Unimodal,2,True,False,Schwefel2d20,3.0,20000,10000.0,10000.0,False,False,False,False,,,,,9
3,[-0.91303577 -0.75223287],20000,NiaPyCuckooSearch,Schwefel2d20N2,1.1829998308102205,1.665268635054126,1675104.1878926004,0.6110600750000685,Continuous,Non-Differentiable,Separable,Scalable,Unimodal,2,True,False,Schwefel2d20,3.0,20000,10000.0,10000.0,False,False,False,False,10735.0,,,,9
4,[-0.02189666 -0.3572312 ],20000,NiaPyDifferentialEvolution,Schwefel2d20N2,0.3579016513150313,0.37912785683315775,81712.21443128682,3.211136447999934,Continuous,Non-Differentiable,Separable,Scalable,Unimodal,2,True,False,Schwefel2d20,3.0,20000,10000.0,10000.0,True,False,False,False,450.0,3037.0,,,9
5,[-0.6843486   1.39401927],20000,RandomSearch1,Schwefel2d20N2,1.5529400296154672,2.0783678728609303,1663353.2650956819,0.4698533910000151,Continuous,Non-Differentiable,Separable,Scalable,Unimodal,2,True,False,Schwefel2d20,3.0,20000,10000.0,10000.0,False,False,False,False,2797.0,,,,9
6,[-0.79903304 -2.1411275 ],19999,RandomSearch2,Schwefel2d20N2,2.2853622890629914,2.940160545520044,1678461.5553178368,0.5344346319998294,Continuous,Non-Differentiable,Separable,Scalable,Unimodal,2,True,False,Schwefel2d20,3.0,20000,10000.0,9999.5,False,False,False,False,14794.0,,,,9
7,[13.32826176  0.50700908],3301,CMAES,Schwefel2d20N2,13.337901622648143,13.835270833946053,55497.99312228967,0.9021634620003169,Continuous,Non-Differentiable,Separable,Scalable,Unimodal,2,True,False,Schwefel2d20,3.0,20000,10000.0,1650.5,False,False,False,False,,,,,9
