,BestArm,NumberFunctionEval,Algorithm,CostFunction,EuclideanDistance,TrueRewardDifference,CumulativeRegret,TimeToComplete,Continuous,Differentiability,Separability,Scalability,Modality,Ndimensions,OptimizationSuccessful,BBOB,BaseClass,SD,MaxFeval,MaxFevalPerDimensions,FevalPerDimensions,SolveAt1,SolveAt1e-1,SolveAt1e-3,SolveAt1e-6,SolveEarlierAt1,SolveEarlierAt1e-1,SolveEarlierAt1e-3,SolveEarlierAt1e-6,simNumber
0,"[ 13.91196628  32.22759981 -32.44982967   0.78271506 -32.60688743
   3.429608  ]",600,NiaPyNelderMead,Schwefel2d21N6,57.971858715153765,32.60688743476715,19946.15381866701,0.016112784999990026,Continuous,Non-Differentiable,Separable,Scalable,Unimodal,6,True,False,Schwefel2d21,0.0,600,100.0,100.0,False,False,False,False,,,,,5
1,"[ 16.83390912   2.00498623  28.10600535  32.04616593  33.38035557
 -20.81432257]",600,NiaPyPSO,Schwefel2d21N6,60.430033228245165,33.38035557081597,42555.94923367246,0.021729359000005388,Continuous,Non-Differentiable,Separable,Scalable,Unimodal,6,True,False,Schwefel2d21,0.0,600,100.0,100.0,False,False,False,False,,,,,5
2,[19.35108157 20.67874624 64.00503817 22.38388335 20.90940029 27.6732061 ],600,NiaPySimulatedAnnealing,Schwefel2d21N6,81.25741446773146,64.00503817437588,40441.72934046591,0.023104549999999335,Continuous,Non-Differentiable,Separable,Scalable,Unimodal,6,True,False,Schwefel2d21,0.0,600,100.0,100.0,False,False,False,False,,,,,5
3,"[-24.21365688  -1.28786931  -1.99767109 -34.07047153 -16.89687499
  33.07599287]",600,NiaPyCuckooSearch,Schwefel2d21N6,55.966715067167534,34.07047152721229,47471.0884997035,0.014517995000005612,Continuous,Non-Differentiable,Separable,Scalable,Unimodal,6,True,False,Schwefel2d21,0.0,600,100.0,100.0,False,False,False,False,,,,,5
4,[-0.38018513 16.3924875   5.98898052 22.99548799  8.33733663 -6.8221502 ],600,NiaPyDifferentialEvolution,Schwefel2d21N6,30.81511736654607,22.995487994562133,43025.62827652074,0.09722469700000147,Continuous,Non-Differentiable,Separable,Scalable,Unimodal,6,True,False,Schwefel2d21,0.0,600,100.0,100.0,False,False,False,False,,,,,5
5,[10.99834634 10.99834634 10.99834634 10.99834634 10.99834634 10.99834634],600,RandomSearch1,Schwefel2d21N6,26.940336540497665,10.998346337179314,48322.394581519635,0.021884722000010015,Continuous,Non-Differentiable,Separable,Scalable,Unimodal,6,True,False,Schwefel2d21,0.0,600,100.0,100.0,False,False,False,False,,,,,5
6,[10.99834634 10.99834634 10.99834634 10.99834634 10.99834634 10.99834634],599,RandomSearch2,Schwefel2d21N6,26.940336540497665,10.998346337179314,47429.12274879765,0.018335547999996038,Continuous,Non-Differentiable,Separable,Scalable,Unimodal,6,True,False,Schwefel2d21,0.0,600,100.0,99.83333333333333,False,False,False,False,,,,,5
7,[-0.1515552   0.09404635  0.04224675  0.00774926 -0.04170842 -0.03552808],604,CMAES,Schwefel2d21N6,0.19146898447176444,0.15155520413237472,3279.3643133583405,0.16521892999999466,Continuous,Non-Differentiable,Separable,Scalable,Unimodal,6,True,False,Schwefel2d21,0.0,600,100.0,100.66666666666667,True,False,False,False,467.0,,,,5
