,BestArm,NumberFunctionEval,Algorithm,CostFunction,EuclideanDistance,TrueRewardDifference,CumulativeRegret,TimeToComplete,Continuous,Differentiability,Separability,Scalability,Modality,Ndimensions,OptimizationSuccessful,BBOB,BaseClass,SD,MaxFeval,MaxFevalPerDimensions,FevalPerDimensions,SolveAt1,SolveAt1e-1,SolveAt1e-3,SolveAt1e-6,SolveEarlierAt1,SolveEarlierAt1e-1,SolveEarlierAt1e-3,SolveEarlierAt1e-6,simNumber
0,"[-127.2277977   155.85454094 -172.35127216  416.74319231  -79.8559799
 -294.81623798]",60000,NiaPyNelderMead,Schwefel2d26N6,1219.0262675073132,1824.0519107957239,109477236.25754441,2.281171803999314,Continuous,Differentiable,Separable,Scalable,Multimodal,6,True,False,Schwefel2d26,3.0,60000,10000.0,10000.0,False,False,False,False,,,,,4
1,"[-124.79246215  422.7528135  -124.02602033  419.07159649  203.59010004
  203.83943638]",60000,NiaPyPSO,Schwefel2d26N6,830.2288759911283,1027.4381389915118,140800131.78349465,2.7799818240000604,Continuous,Differentiable,Separable,Scalable,Multimodal,6,True,False,Schwefel2d26,3.0,60000,10000.0,10000.0,False,False,False,False,,,,,4
2,"[-437.55861045 -358.68386517 -291.17757712 -121.0124234   410.59492836
  423.01240138]",60000,NiaPySimulatedAnnealing,Schwefel2d26N6,1464.9010826739284,1700.9440384639963,126462052.78745188,2.98177171000043,Continuous,Differentiable,Separable,Scalable,Multimodal,6,True,False,Schwefel2d26,3.0,60000,10000.0,10000.0,False,False,False,False,,,,,4
3,"[433.60477478 446.97282291 419.95168028 210.99746668 422.1790323
 434.13246717]",60000,NiaPyCuckooSearch,Schwefel2d26N6,212.36666910903313,349.25745020584327,149970571.2546008,2.075032253000245,Continuous,Differentiable,Separable,Scalable,Multimodal,6,True,False,Schwefel2d26,3.0,60000,10000.0,10000.0,False,False,False,False,,,,,4
4,"[ 414.89386759  420.74317787  420.21005624 -305.70410013 -298.5770641
  420.93818829]",60000,NiaPyDifferentialEvolution,Schwefel2d26N6,1022.6617865717575,244.84176306778227,17657899.12714252,10.749308043999918,Continuous,Differentiable,Separable,Scalable,Multimodal,6,True,False,Schwefel2d26,3.0,60000,10000.0,10000.0,False,False,False,False,,,,,4
5,"[ 388.97124543 -312.42504815 -269.46918643  403.51180355  433.16786499
  430.06773994]",60000,RandomSearch1,Schwefel2d26N6,1008.0333282748928,562.4179479681393,150891763.45050412,2.5752967990001707,Continuous,Differentiable,Separable,Scalable,Multimodal,6,True,False,Schwefel2d26,3.0,60000,10000.0,10000.0,False,False,False,False,,,,,4
6,"[ 424.29265016  351.87517647  401.57768108 -327.84101088  425.7222632
  412.0592473 ]",59999,RandomSearch2,Schwefel2d26N6,752.3157649459015,708.5759982623722,150979407.0339161,2.3627660990005097,Continuous,Differentiable,Separable,Scalable,Multimodal,6,True,False,Schwefel2d26,3.0,60000,10000.0,9999.833333333334,False,False,False,False,,,,,4
7,"[421.10087325 205.77686807 420.78082441 419.87809822 420.02229203
 420.07443028]",4996,CMAES,Schwefel2d26N6,215.19870396070033,218.0016271435784,1807307.7240366442,1.1374263610005073,Continuous,Differentiable,Separable,Scalable,Multimodal,6,True,False,Schwefel2d26,3.0,60000,10000.0,832.6666666666666,False,False,False,False,,,,,4
