,BestArm,NumberFunctionEval,Algorithm,CostFunction,EuclideanDistance,TrueRewardDifference,CumulativeRegret,TimeToComplete,Continuous,Differentiability,Separability,Scalability,Modality,Ndimensions,OptimizationSuccessful,BBOB,BaseClass,SD,MaxFeval,MaxFevalPerDimensions,FevalPerDimensions,SolveAt1,SolveAt1e-1,SolveAt1e-3,SolveAt1e-6,SolveEarlierAt1,SolveEarlierAt1e-1,SolveEarlierAt1e-3,SolveEarlierAt1e-6,simNumber
0,[13.97212124  2.44509439  8.54338383 25.94736352  6.07555006 31.17705668],60000,NiaPyNelderMead,Schwefel2d23N6,44.230927089801085,1006283872166475.5,1.2944070506799119e+20,1.7993788789999599,Continuous,Differentiable,Non-Separable,Scalable,Unimodal,6,True,False,Schwefel2d23,0.0,60000,10000.0,10000.0,False,False,False,False,,,,,9
1,[-0.00445016 -0.0107458  -0.02591863 -0.04539349  0.09622692 -0.08726386],60000,NiaPyPSO,Schwefel2d23N6,0.14050702178894126,9.37150396689767e-11,7.364582711406124e+21,2.318754954999804,Continuous,Differentiable,Non-Separable,Scalable,Unimodal,6,True,False,Schwefel2d23,0.0,60000,10000.0,10000.0,True,True,True,True,1520.0,1640.0,1973.0,2558.0,9
2,[36.74689418 -5.82956065 77.14245242 41.82970439 62.54801768 69.17671711],60000,NiaPySimulatedAnnealing,Schwefel2d23N6,133.35168858755836,1.0910327489281774e+19,4.1478193196021246e+24,2.5814153679998526,Continuous,Differentiable,Non-Separable,Scalable,Unimodal,6,True,False,Schwefel2d23,0.0,60000,10000.0,10000.0,False,False,False,False,,,,,9
3,[-2.26338613  9.85852364 11.46582466 16.18222799 -2.51876545  3.21166439],60000,NiaPyCuckooSearch,Schwefel2d23N6,22.634089567962924,1279296054874.1028,2.2852421189149723e+24,1.5875808649998362,Continuous,Differentiable,Non-Separable,Scalable,Unimodal,6,True,False,Schwefel2d23,0.0,60000,10000.0,10000.0,False,False,False,False,,,,,9
4,[0. 0. 0. 0. 0. 0.],60000,NiaPyDifferentialEvolution,Schwefel2d23N6,0.0,0.0,1.8526852862752936e+22,10.078683592999823,Continuous,Differentiable,Non-Separable,Scalable,Unimodal,6,True,False,Schwefel2d23,0.0,60000,10000.0,10000.0,True,True,True,True,5637.0,5637.0,6025.0,7635.0,9
5,"[ -9.91900751  -3.14275466   6.30045252  12.5353227    9.76107871
 -10.49037484]",60000,RandomSearch1,Schwefel2d23N6,22.592482284468723,129107550196.51028,2.1869951591847158e+24,2.2297640239999055,Continuous,Differentiable,Non-Separable,Scalable,Unimodal,6,True,False,Schwefel2d23,0.0,60000,10000.0,10000.0,False,False,False,False,,,,,9
6,[ 9.28960429 -6.68201248  0.29159153 -4.49349886  5.1513712   2.36375816],59999,RandomSearch2,Schwefel2d23N6,13.540552947030081,4979963465.228747,2.1909598484999034e+24,1.9330317720000494,Continuous,Differentiable,Non-Separable,Scalable,Unimodal,6,True,False,Schwefel2d23,0.0,60000,10000.0,9999.833333333334,False,False,False,False,,,,,9
7,[-0.00109347  0.00173917  0.00241721 -0.0008667   0.00112963 -0.0019301 ],1126,CMAES,Schwefel2d23N6,0.003976911910286737,7.78676853484428e-27,2.3683278698429886e+22,0.2976951190003092,Continuous,Differentiable,Non-Separable,Scalable,Unimodal,6,True,False,Schwefel2d23,0.0,60000,10000.0,187.66666666666666,True,True,True,True,640.0,640.0,691.0,728.0,9
