,BestArm,NumberFunctionEval,Algorithm,CostFunction,EuclideanDistance,TrueRewardDifference,CumulativeRegret,TimeToComplete,Continuous,Differentiability,Separability,Scalability,Modality,Ndimensions,OptimizationSuccessful,BBOB,BaseClass,SD,MaxFeval,MaxFevalPerDimensions,FevalPerDimensions,SolveAt1,SolveAt1e-1,SolveAt1e-3,SolveAt1e-6,SolveEarlierAt1,SolveEarlierAt1e-1,SolveEarlierAt1e-3,SolveEarlierAt1e-6,simNumber
0,[18.28362039 23.66316742 37.80001959 26.95756515 -4.66979645 36.27050257],6000,NiaPyNelderMead,Schwefel2d23N6,66.23552235745828,1.0157785223633192e+16,2.795273263217292e+20,0.22351878200004194,Continuous,Differentiable,Non-Separable,Scalable,Unimodal,6,True,False,Schwefel2d23,3.0,6000,1000.0,1000.0,False,False,False,False,,,,,1
1,[-0.70403166  0.50327657  0.75836964  0.84179292 -0.52102281 -0.35253419],6000,NiaPyPSO,Schwefel2d23N6,1.5583429774500925,0.2740570542086732,7.548493728734428e+21,0.27600932400002876,Continuous,Differentiable,Non-Separable,Scalable,Unimodal,6,True,False,Schwefel2d23,3.0,6000,1000.0,1000.0,True,False,False,False,1591.0,1689.0,2147.0,,1
2,[ 5.59784812 16.41783049 16.26219653 78.30319349 -8.23456429 93.18896612],6000,NiaPySimulatedAnnealing,Schwefel2d23N6,124.29288661825646,5.805619701493804e+19,5.6092834363654384e+23,0.3067019169999412,Continuous,Differentiable,Non-Separable,Scalable,Unimodal,6,True,False,Schwefel2d23,3.0,6000,1000.0,1000.0,False,False,False,False,,,,,1
3,"[ 30.68350341  -8.75681017 -11.75996002  -4.24758899   1.65966939
 -18.21606416]",6000,NiaPyCuckooSearch,Schwefel2d23N6,38.84684380482804,743765699802865.9,2.456372698821324e+23,0.20058408600004896,Continuous,Differentiable,Non-Separable,Scalable,Unimodal,6,True,False,Schwefel2d23,3.0,6000,1000.0,1000.0,False,False,False,False,,,,,1
4,[ 0.29208177 -0.58921422 -0.84444378  0.31456623  1.34190264 -0.10787073],6000,NiaPyDifferentialEvolution,Schwefel2d23N6,1.7483881634879148,19.122027179750898,2.1787343453821805e+22,1.0456188580000116,Continuous,Differentiable,Non-Separable,Scalable,Unimodal,6,True,False,Schwefel2d23,3.0,6000,1000.0,1000.0,False,False,False,False,,,,,1
5,"[ 15.37901494 -12.17644691  -0.49983149  -1.98074879 -11.79749138
  10.36057812]",6000,RandomSearch1,Schwefel2d23N6,25.208640160087807,878217408965.2456,2.2317784275514433e+23,0.260492498000076,Continuous,Differentiable,Non-Separable,Scalable,Unimodal,6,True,False,Schwefel2d23,3.0,6000,1000.0,1000.0,False,False,False,False,,,,,1
6,"[ 10.34386036 -11.41781791   6.08992605  -5.96672082  17.04684119
   7.93920604]",5999,RandomSearch2,Schwefel2d23N6,25.761924550655564,2125036210938.035,2.1852743416072923e+23,0.23242196700005024,Continuous,Differentiable,Non-Separable,Scalable,Unimodal,6,True,False,Schwefel2d23,3.0,6000,1000.0,999.8333333333334,False,False,False,False,,,,,1
7,[ 0.20542476 -0.31449085  0.90146737  0.29514752 -0.2204196   0.52399109],5941,CMAES,Schwefel2d23N6,1.1679087146851443,0.3559805197417139,5.334728942864989e+18,1.3960216760000321,Continuous,Differentiable,Non-Separable,Scalable,Unimodal,6,True,False,Schwefel2d23,3.0,6000,1000.0,990.1666666666666,True,False,False,False,442.0,454.0,454.0,633.0,1
