,BestArm,NumberFunctionEval,Algorithm,CostFunction,EuclideanDistance,TrueRewardDifference,CumulativeRegret,TimeToComplete,Continuous,Differentiability,Separability,Scalability,Modality,Ndimensions,OptimizationSuccessful,BBOB,BaseClass,SD,MaxFeval,MaxFevalPerDimensions,FevalPerDimensions,SolveAt1,SolveAt1e-1,SolveAt1e-3,SolveAt1e-6,SolveEarlierAt1,SolveEarlierAt1e-1,SolveEarlierAt1e-3,SolveEarlierAt1e-6,simNumber
0,"[-274.80064138   70.23050852  215.98874743  403.42753675  123.41530088
 -345.71775037]",600,NiaPyNelderMead,Schwefel2d26N6,1151.4265421231314,1714.2531320057246,1050695.1921144745,0.024245997999997826,Continuous,Differentiable,Separable,Scalable,Multimodal,6,True,False,Schwefel2d26,3.0,600,100.0,100.0,False,False,False,False,,,,,4
1,"[-303.10015281  384.50979341   62.46975645  227.83726432  465.92588179
  477.06761484]",600,NiaPyPSO,Schwefel2d26N6,834.6223980412924,1500.186538150102,1437074.801061559,0.027665293000012525,Continuous,Differentiable,Separable,Scalable,Multimodal,6,True,False,Schwefel2d26,3.0,600,100.0,100.0,False,False,False,False,,,,,4
2,"[-484.75475841    4.55642271  348.62850898 -343.97442452 -495.14668205
 -159.84261761]",600,NiaPySimulatedAnnealing,Schwefel2d26N6,1661.5398794620905,2341.0906552338442,1454669.2360585635,0.02975917099999492,Continuous,Differentiable,Separable,Scalable,Multimodal,6,True,False,Schwefel2d26,3.0,600,100.0,100.0,False,False,False,False,,,,,4
3,"[ 188.42957702  215.56936549  451.77038498  387.91294571 -477.11060137
  447.73639093]",600,NiaPyCuckooSearch,Schwefel2d26N6,951.6132715076211,1302.687531878014,1576536.1594068608,0.021056713999996646,Continuous,Differentiable,Separable,Scalable,Multimodal,6,True,False,Schwefel2d26,3.0,600,100.0,100.0,False,False,False,False,,,,,4
4,"[-500.          -92.51139736  422.21441395  385.82533443 -303.13567186
 -298.74240678]",600,NiaPyDifferentialEvolution,Schwefel2d26N6,1468.1257613679752,1022.6421978546118,1341645.3509748627,0.10460969100000739,Continuous,Differentiable,Separable,Scalable,Multimodal,6,True,False,Schwefel2d26,3.0,600,100.0,100.0,False,False,False,False,,,,,4
5,"[ -83.49887388 -314.90408699 -303.35119725 -306.21955597  403.18101148
  415.79206085]",600,RandomSearch1,Schwefel2d26N6,1360.066841784945,861.4646367225989,1509471.451857246,0.026028247999988707,Continuous,Differentiable,Separable,Scalable,Multimodal,6,True,False,Schwefel2d26,3.0,600,100.0,100.0,False,False,False,False,,,,,4
6,"[ -95.5393971   473.99209051 -324.63911178  448.19443771 -287.09559977
 -315.21964343]",599,RandomSearch2,Schwefel2d26N6,1367.3305801074844,1258.6317136288308,1512295.2572597116,0.028058595000004516,Continuous,Differentiable,Separable,Scalable,Multimodal,6,True,False,Schwefel2d26,3.0,600,100.0,99.83333333333333,False,False,False,False,,,,,4
7,"[203.77505842 205.23371206 205.23217688 203.61143112 205.89339841
 205.19620055]",604,CMAES,Schwefel2d26N6,529.4491183215279,1304.151979054694,1042077.7227837185,0.1994973299999856,Continuous,Differentiable,Separable,Scalable,Multimodal,6,True,False,Schwefel2d26,3.0,600,100.0,100.66666666666667,False,False,False,False,,,,,4
