,BestArm,NumberFunctionEval,Algorithm,CostFunction,EuclideanDistance,TrueRewardDifference,CumulativeRegret,TimeToComplete,Continuous,Differentiability,Separability,Scalability,Modality,Ndimensions,OptimizationSuccessful,BBOB,BaseClass,SD,MaxFeval,MaxFevalPerDimensions,FevalPerDimensions,SolveAt1,SolveAt1e-1,SolveAt1e-3,SolveAt1e-6,SolveEarlierAt1,SolveEarlierAt1e-1,SolveEarlierAt1e-3,SolveEarlierAt1e-6,simNumber
0,"[ 33.76655421  -3.87577232 -12.43511833  -0.61915579  32.41969542
 -11.34926295]",120,NiaPyNelderMead,Schwefel2d21N6,49.90049835732049,33.76655420756654,4564.393445651326,0.00501904099999706,Continuous,Non-Differentiable,Separable,Scalable,Unimodal,6,True,False,Schwefel2d21,3.0,120,20.0,20.0,False,False,False,False,,,,,9
1,"[ 13.29627193 -37.98954306  -4.54563516   2.8813577  -31.70924615
  -0.20994554]",120,NiaPyPSO,Schwefel2d21N6,51.52166164514861,37.989543062599886,9654.577338658786,0.005091680000006704,Continuous,Non-Differentiable,Separable,Scalable,Unimodal,6,True,False,Schwefel2d21,3.0,120,20.0,20.0,False,False,False,False,,,,,9
2,[20.54160643 83.02202684 53.96985272 59.11598618 41.76688525 82.79248807],120,NiaPySimulatedAnnealing,Schwefel2d21N6,149.40257074069123,83.02202684129544,10078.36731636133,0.006236074000000258,Continuous,Non-Differentiable,Separable,Scalable,Unimodal,6,True,False,Schwefel2d21,3.0,120,20.0,20.0,False,False,False,False,,,,,9
3,"[ 29.4565302  -25.21438846   7.87284529 -18.17470504  -9.46410798
 -16.44378015]",120,NiaPyCuckooSearch,Schwefel2d21N6,47.49443544337561,29.45653019830167,9700.274609131455,0.004148724000003767,Continuous,Non-Differentiable,Separable,Scalable,Unimodal,6,True,False,Schwefel2d21,3.0,120,20.0,20.0,False,False,False,False,,,,,9
4,"[ 36.95456602 -41.53104401  -3.03932621  46.80648489  13.86241979
   9.63144511]",120,NiaPyDifferentialEvolution,Schwefel2d21N6,74.66916039586907,46.806484886148226,10629.344945179386,0.020434348000009095,Continuous,Non-Differentiable,Separable,Scalable,Unimodal,6,True,False,Schwefel2d21,3.0,120,20.0,20.0,False,False,False,False,,,,,9
5,[2.57768452 2.57768452 2.57768452 2.57768452 2.57768452 2.57768452],120,RandomSearch1,Schwefel2d21N6,6.314011790060211,2.5776845192607567,9474.703620427696,0.006028086000000599,Continuous,Non-Differentiable,Separable,Scalable,Unimodal,6,True,False,Schwefel2d21,3.0,120,20.0,20.0,False,False,False,False,,,,,9
6,[2.57768452 2.57768452 2.57768452 2.57768452 2.57768452 2.57768452],119,RandomSearch2,Schwefel2d21N6,6.314011790060211,2.5776845192607567,9455.833584413365,0.004638463999995679,Continuous,Non-Differentiable,Separable,Scalable,Unimodal,6,True,False,Schwefel2d21,3.0,120,20.0,19.833333333333332,False,False,False,False,,,,,9
7,[ 1.68901524  2.48486619  1.80541758  4.47379136 -0.08628245 -0.59966583],127,CMAES,Schwefel2d21N6,5.715655517657337,4.4737913570361165,419.40435833261546,0.06953269100000625,Continuous,Non-Differentiable,Separable,Scalable,Unimodal,6,True,False,Schwefel2d21,3.0,120,20.0,21.166666666666668,False,False,False,False,,,,,9
