,BestArm,NumberFunctionEval,Algorithm,CostFunction,EuclideanDistance,TrueRewardDifference,CumulativeRegret,TimeToComplete,Continuous,Differentiability,Separability,Scalability,Modality,Ndimensions,OptimizationSuccessful,BBOB,BaseClass,SD,MaxFeval,MaxFevalPerDimensions,FevalPerDimensions,SolveAt1,SolveAt1e-1,SolveAt1e-3,SolveAt1e-6,SolveEarlierAt1,SolveEarlierAt1e-1,SolveEarlierAt1e-3,SolveEarlierAt1e-6,simNumber
0,[25.49672227 23.95206476 51.12862485 38.74164572 49.79944354 36.70994421],120,NiaPyNelderMead,Schwefel2d21N6,95.7415282166402,51.1286248494324,6296.713725350559,0.00531558599999471,Continuous,Non-Differentiable,Separable,Scalable,Unimodal,6,True,False,Schwefel2d21,3.0,120,20.0,20.0,False,False,False,False,,,,,8
1,"[-13.55976384  14.09705036  32.53177793 -16.79467586  -6.43361293
 -40.58631042]",120,NiaPyPSO,Schwefel2d21N6,58.409003636223616,40.58631042016635,9390.83217056413,0.005205751000005421,Continuous,Non-Differentiable,Separable,Scalable,Unimodal,6,True,False,Schwefel2d21,3.0,120,20.0,20.0,False,False,False,False,,,,,8
2,"[ 76.80754932  58.35342261 -27.08823643 -20.06950039 -23.52741128
 -33.10621648]",120,NiaPySimulatedAnnealing,Schwefel2d21N6,109.95744455804383,76.80754932352151,9457.991565106882,0.006032642999997506,Continuous,Non-Differentiable,Separable,Scalable,Unimodal,6,True,False,Schwefel2d21,3.0,120,20.0,20.0,False,False,False,False,,,,,8
3,"[ 25.65511452  39.10930204  -2.76230244 -20.21778051 -14.54969344
   6.14263492]",120,NiaPyCuckooSearch,Schwefel2d21N6,53.418507217226825,39.10930203764522,10319.991210668766,0.004314055999998345,Continuous,Non-Differentiable,Separable,Scalable,Unimodal,6,True,False,Schwefel2d21,3.0,120,20.0,20.0,False,False,False,False,,,,,8
4,"[-27.19020531  26.57953126 -13.54667001   5.43554082 -34.10702618
  39.92795893]",120,NiaPyDifferentialEvolution,Schwefel2d21N6,66.45575414218051,39.92795893455583,10598.238788940873,0.017677597000002265,Continuous,Non-Differentiable,Separable,Scalable,Unimodal,6,True,False,Schwefel2d21,3.0,120,20.0,20.0,False,False,False,False,,,,,8
5,[2.57768452 2.57768452 2.57768452 2.57768452 2.57768452 2.57768452],120,RandomSearch1,Schwefel2d21N6,6.314011790060211,2.5776845192607567,9498.790301469333,0.005619695999996566,Continuous,Non-Differentiable,Separable,Scalable,Unimodal,6,True,False,Schwefel2d21,3.0,120,20.0,20.0,False,False,False,False,,,,,8
6,[2.57768452 2.57768452 2.57768452 2.57768452 2.57768452 2.57768452],119,RandomSearch2,Schwefel2d21N6,6.314011790060211,2.5776845192607567,9618.220347585057,0.0050297929999914,Continuous,Non-Differentiable,Separable,Scalable,Unimodal,6,True,False,Schwefel2d21,3.0,120,20.0,19.833333333333332,False,False,False,False,,,,,8
7,[2.7546244  3.13798425 2.741032   2.09896121 3.15204801 2.74685039],127,CMAES,Schwefel2d21N6,6.84356551982195,3.152048005794302,360.24373484542394,0.06836313199998756,Continuous,Non-Differentiable,Separable,Scalable,Unimodal,6,True,False,Schwefel2d21,3.0,120,20.0,21.166666666666668,False,False,False,False,,,,,8
