,BestArm,NumberFunctionEval,Algorithm,CostFunction,EuclideanDistance,TrueRewardDifference,CumulativeRegret,TimeToComplete,Continuous,Differentiability,Separability,Scalability,Modality,Ndimensions,OptimizationSuccessful,BBOB,BaseClass,SD,MaxFeval,MaxFevalPerDimensions,FevalPerDimensions,SolveAt1,SolveAt1e-1,SolveAt1e-3,SolveAt1e-6,SolveEarlierAt1,SolveEarlierAt1e-1,SolveEarlierAt1e-3,SolveEarlierAt1e-6,simNumber
0,[8.39702005e-03 9.27635650e+01],40,NiaPyNelderMead,Schwefel2d20N2,92.76356536585978,92.77196200586191,3738.043317387108,0.0020893310000076326,Continuous,Non-Differentiable,Separable,Scalable,Unimodal,2,True,False,Schwefel2d20,0.0,40,20.0,20.0,False,False,False,False,,,,,4
1,[-16.60897519   5.60345577],40,NiaPyPSO,Schwefel2d20N2,17.52874135714135,22.212430964855066,3620.737792719239,0.0017643199999923809,Continuous,Non-Differentiable,Separable,Scalable,Unimodal,2,True,False,Schwefel2d20,0.0,40,20.0,20.0,False,False,False,False,,,,,4
2,[-32.7981258  -18.46256966],40,NiaPySimulatedAnnealing,Schwefel2d20N2,37.63752827507533,51.260695465401255,2089.547595086146,0.0017805600000002642,Continuous,Non-Differentiable,Separable,Scalable,Unimodal,2,True,False,Schwefel2d20,0.0,40,20.0,20.0,False,False,False,False,,,,,4
3,[-9.6619464  18.91716978],40,NiaPyCuckooSearch,Schwefel2d20N2,21.24176359441694,28.579116175622566,3181.7812507388016,0.0011743959999961362,Continuous,Non-Differentiable,Separable,Scalable,Unimodal,2,True,False,Schwefel2d20,0.0,40,20.0,20.0,False,False,False,False,,,,,4
4,[ 0.25048052 14.52615506],40,NiaPyDifferentialEvolution,Schwefel2d20N2,14.52831446964865,14.776635580131817,3392.077798829142,0.005469398000002457,Continuous,Non-Differentiable,Separable,Scalable,Unimodal,2,True,False,Schwefel2d20,0.0,40,20.0,20.0,False,False,False,False,,,,,4
5,[17.57826496 -4.71482504],40,RandomSearch1,Schwefel2d20N2,18.19958719874351,22.293089998229057,2918.8602442325036,0.000885503000006338,Continuous,Non-Differentiable,Separable,Scalable,Unimodal,2,True,False,Schwefel2d20,0.0,40,20.0,20.0,False,False,False,False,,,,,4
6,[-22.39862483   9.12194708],39,RandomSearch2,Schwefel2d20N2,24.184877769628084,31.520571907234046,3170.123187019297,0.0010240079999874752,Continuous,Non-Differentiable,Separable,Scalable,Unimodal,2,True,False,Schwefel2d20,0.0,40,20.0,19.5,False,False,False,False,,,,,4
7,[23.00897422 27.38004754],43,CMAES,Schwefel2d20N2,35.764226510753296,50.389021758539094,2519.0056316258374,0.05312401899999486,Continuous,Non-Differentiable,Separable,Scalable,Unimodal,2,True,False,Schwefel2d20,0.0,40,20.0,21.5,False,False,False,False,,,,,4
