,BestArm,NumberFunctionEval,Algorithm,CostFunction,EuclideanDistance,TrueRewardDifference,CumulativeRegret,TimeToComplete,Continuous,Differentiability,Separability,Scalability,Modality,Ndimensions,OptimizationSuccessful,BBOB,BaseClass,SD,MaxFeval,MaxFevalPerDimensions,FevalPerDimensions,SolveAt1,SolveAt1e-1,SolveAt1e-3,SolveAt1e-6,SolveEarlierAt1,SolveEarlierAt1e-1,SolveEarlierAt1e-3,SolveEarlierAt1e-6,simNumber
0,"[ 394.14644317  452.94145432 -208.38002818 -554.82466707  359.30914641
  472.51451613]",60000,NiaPyNelderMead,Schwefel2d26N6,1164.6687199385885,1374.4490741685013,82486800.26965849,2.290153144999749,Continuous,Differentiable,Separable,Scalable,Multimodal,6,True,False,Schwefel2d26,3.0,60000,10000.0,10000.0,False,False,False,False,,,,,3
1,"[ 423.29162577  419.20667656 -304.62838927 -306.1088083  -303.57544719
 -300.95630251]",60000,NiaPyPSO,Schwefel2d26N6,1449.5797794119283,477.46626881149905,120350168.8738843,2.838688910000201,Continuous,Differentiable,Separable,Scalable,Multimodal,6,True,False,Schwefel2d26,3.0,60000,10000.0,10000.0,False,False,False,False,,,,,3
2,"[-244.34036806  180.46478147 -185.21442157  -69.07744035  372.18427672
   75.84263007]",60000,NiaPySimulatedAnnealing,Schwefel2d26N6,1108.8614124228209,2407.7931127380516,157944632.95940673,3.0003015410002263,Continuous,Differentiable,Separable,Scalable,Multimodal,6,True,False,Schwefel2d26,3.0,60000,10000.0,10000.0,False,False,False,False,,,,,3
3,"[-312.79463392  440.6333202   452.23905921  452.13631692  453.63242725
  427.89625747]",60000,NiaPyCuckooSearch,Schwefel2d26N6,736.1110987122997,552.6795493932591,150302132.98784122,2.0794945849993383,Continuous,Differentiable,Separable,Scalable,Multimodal,6,True,False,Schwefel2d26,3.0,60000,10000.0,10000.0,False,False,False,False,,,,,3
4,"[418.44264172 418.19315255 420.51080631 433.08607925 422.05952651
 421.05779305]",60000,NiaPyDifferentialEvolution,Schwefel2d26N6,12.740577975754228,20.430774045070393,6521071.187707785,10.749913978000222,Continuous,Differentiable,Separable,Scalable,Multimodal,6,True,False,Schwefel2d26,3.0,60000,10000.0,10000.0,False,False,False,False,,,,,3
5,"[ 428.67834561  396.8308193   438.87856904 -326.08840388  384.6312627
 -283.24312631]",60000,RandomSearch1,Schwefel2d26N6,1027.7606716408395,622.3838365004369,150787612.18627965,2.578967448000185,Continuous,Differentiable,Separable,Scalable,Multimodal,6,True,False,Schwefel2d26,3.0,60000,10000.0,10000.0,False,False,False,False,,,,,3
6,"[ 52.23582956 427.65475801 410.97912925 420.85736053 423.39464766
 432.61059827]",59999,RandomSearch2,Schwefel2d26N6,369.12042614577166,412.59949092641364,150671110.14844647,2.3737385040003574,Continuous,Differentiable,Separable,Scalable,Multimodal,6,True,False,Schwefel2d26,3.0,60000,10000.0,9999.833333333334,False,False,False,False,,,,,3
7,"[419.74881851 420.97613271 421.25896117 421.38693034 202.35838755
 421.83213724]",5626,CMAES,Schwefel2d26N6,218.61605989775816,217.72389230655745,1968193.209244165,1.2971950569999535,Continuous,Differentiable,Separable,Scalable,Multimodal,6,True,False,Schwefel2d26,3.0,60000,10000.0,937.6666666666666,False,False,False,False,,,,,3
