,BestArm,NumberFunctionEval,Algorithm,CostFunction,EuclideanDistance,TrueRewardDifference,CumulativeRegret,TimeToComplete,Continuous,Differentiability,Separability,Scalability,Modality,Ndimensions,OptimizationSuccessful,BBOB,BaseClass,SD,MaxFeval,MaxFevalPerDimensions,FevalPerDimensions,SolveAt1,SolveAt1e-1,SolveAt1e-3,SolveAt1e-6,SolveEarlierAt1,SolveEarlierAt1e-1,SolveEarlierAt1e-3,SolveEarlierAt1e-6,simNumber
0,"[ 209.38401491 -153.64176928 -229.85339786  155.07730365  473.77913779
  451.65211503]",60000,NiaPyNelderMead,Schwefel2d26N6,934.3144392456283,2017.171996558105,121082362.18315013,2.3505813629999466,Continuous,Differentiable,Separable,Scalable,Multimodal,6,True,False,Schwefel2d26,3.0,60000,10000.0,10000.0,False,False,False,False,,,,,5
1,"[-126.58309475  205.58971658 -124.83012047  420.21174541 -301.12090326
 -304.80506202]",60000,NiaPyPSO,Schwefel2d26N6,1300.8686337544016,1048.0098443941179,129375036.86707294,2.8420807069996954,Continuous,Differentiable,Separable,Scalable,Multimodal,6,True,False,Schwefel2d26,3.0,60000,10000.0,10000.0,False,False,False,False,,,,,5
2,"[-491.02897695  185.39981234   21.34237451    6.78321232 -268.94822591
  213.73282305]",60000,NiaPySimulatedAnnealing,Schwefel2d26N6,1318.1106243990148,1927.8771261418792,138117416.60944173,2.9890510980003455,Continuous,Differentiable,Separable,Scalable,Multimodal,6,True,False,Schwefel2d26,3.0,60000,10000.0,10000.0,False,False,False,False,,,,,5
3,"[ 435.12278568  436.47030079 -290.71322967  446.92494458  416.56991992
  420.92615145]",60000,NiaPyCuckooSearch,Schwefel2d26N6,712.4780314290583,276.61835127439963,149551827.43522853,2.0630864069999006,Continuous,Differentiable,Separable,Scalable,Multimodal,6,True,False,Schwefel2d26,3.0,60000,10000.0,10000.0,False,False,False,False,,,,,5
4,"[419.87790982 423.50017131 420.96896604 419.02085445 419.30286493
 411.18642508]",60000,NiaPyDifferentialEvolution,Schwefel2d26N6,10.4814732456764,13.758672820166339,6161117.143601218,10.754562111000268,Continuous,Differentiable,Separable,Scalable,Multimodal,6,True,False,Schwefel2d26,3.0,60000,10000.0,10000.0,False,False,False,False,,,,,5
5,"[ 388.04628854  429.9472789   423.1008071  -272.59048195 -307.46053693
  425.8060059 ]",60000,RandomSearch1,Schwefel2d26N6,1006.3926022872553,485.8353154711458,150967441.66504768,2.5786310060002506,Continuous,Differentiable,Separable,Scalable,Multimodal,6,True,False,Schwefel2d26,3.0,60000,10000.0,10000.0,False,False,False,False,,,,,5
6,"[ 401.25238171  206.10706205 -277.75954183 -316.15808854  419.98780717
  425.30947396]",59999,RandomSearch2,Schwefel2d26N6,1038.3406342921971,601.6117349784959,150891856.87964576,2.3461619269992298,Continuous,Differentiable,Separable,Scalable,Multimodal,6,True,False,Schwefel2d26,3.0,60000,10000.0,9999.833333333334,False,False,False,False,,,,,5
7,"[420.22693084 422.44038784 421.79234264 421.94285326 423.95305051
 421.40270147]",6616,CMAES,Schwefel2d26N6,3.665734113635917,1.6965607813231145,710401.9513506657,1.5784406700004183,Continuous,Differentiable,Separable,Scalable,Multimodal,6,True,False,Schwefel2d26,3.0,60000,10000.0,1102.6666666666667,False,False,False,False,481.0,,,,5
