,BestArm,NumberFunctionEval,Algorithm,CostFunction,EuclideanDistance,TrueRewardDifference,CumulativeRegret,TimeToComplete,Continuous,Differentiability,Separability,Scalability,Modality,Ndimensions,OptimizationSuccessful,BBOB,BaseClass,SD,MaxFeval,MaxFevalPerDimensions,FevalPerDimensions,SolveAt1,SolveAt1e-1,SolveAt1e-3,SolveAt1e-6,SolveEarlierAt1,SolveEarlierAt1e-1,SolveEarlierAt1e-3,SolveEarlierAt1e-6,simNumber
0,"[-295.72068031   35.41756052 -160.47114057 -123.43959036   55.08339342
    2.35381634]",600,NiaPyNelderMead,Schwefel2d26N6,1267.2240446605265,2071.953872601047,1258561.1887241364,0.018580921000022954,Continuous,Differentiable,Separable,Scalable,Multimodal,6,True,False,Schwefel2d26,0.0,600,100.0,100.0,False,False,False,False,,,,,1
1,"[-312.94934547  411.25895407 -338.02227231  241.61556521   78.64886311
  -26.2501344 ]",600,NiaPyPSO,Schwefel2d26N6,1210.0217368228655,1563.533253828231,1522458.7108094674,0.023267103000023326,Continuous,Differentiable,Separable,Scalable,Multimodal,6,True,False,Schwefel2d26,0.0,600,100.0,100.0,False,False,False,False,,,,,1
2,"[ 436.99675045   51.30928279   10.14430803  235.13625837    1.67832232
 -463.82954634]",600,NiaPySimulatedAnnealing,Schwefel2d26N6,1139.6876438258646,2204.1420241530814,1341645.2736137402,0.025123944999990044,Continuous,Differentiable,Separable,Scalable,Multimodal,6,True,False,Schwefel2d26,0.0,600,100.0,100.0,False,False,False,False,,,,,1
3,"[ 448.22593485  473.82496218  192.04186234  -48.13916476 -244.94037491
  413.26464617]",600,NiaPyCuckooSearch,Schwefel2d26N6,848.2339266993137,1528.3957194176546,1519522.9054410853,0.016346929000008004,Continuous,Differentiable,Separable,Scalable,Multimodal,6,True,False,Schwefel2d26,0.0,600,100.0,100.0,False,False,False,False,,,,,1
4,"[ 430.52894135 -500.          408.34592873  416.7691151  -500.
 -500.        ]",600,NiaPyDifferentialEvolution,Schwefel2d26N6,1595.2487778015213,748.7699258816469,1326998.9431359717,0.09716411299999095,Continuous,Differentiable,Separable,Scalable,Multimodal,6,True,False,Schwefel2d26,0.0,600,100.0,100.0,False,False,False,False,,,,,1
5,"[-254.21753581  427.40063992  435.20708734  403.44388792  417.32916221
  145.47664984]",600,RandomSearch1,Schwefel2d26N6,729.6141973919256,919.0955925154128,1495592.642230237,0.022228734000009354,Continuous,Differentiable,Separable,Scalable,Multimodal,6,True,False,Schwefel2d26,0.0,600,100.0,100.0,False,False,False,False,,,,,1
6,"[-317.66777781  436.00695378  403.41998265 -164.54323257 -332.51316956
  389.15384626]",599,RandomSearch2,Schwefel2d26N6,1207.3481200754372,1022.0061562410037,1490196.8169449633,0.019653527999992093,Continuous,Differentiable,Separable,Scalable,Multimodal,6,True,False,Schwefel2d26,0.0,600,100.0,99.83333333333333,False,False,False,False,,,,,1
7,[65.47690347 65.60737623 65.53716513 65.52808103 65.50904453 65.59885283],604,CMAES,Schwefel2d26N6,870.6119621067012,2132.089177391169,1428244.4646614606,0.1674864199999888,Continuous,Differentiable,Separable,Scalable,Multimodal,6,True,False,Schwefel2d26,0.0,600,100.0,100.66666666666667,False,False,False,False,,,,,1
