,BestArm,NumberFunctionEval,Algorithm,CostFunction,EuclideanDistance,TrueRewardDifference,CumulativeRegret,TimeToComplete,Continuous,Differentiability,Separability,Scalability,Modality,Ndimensions,OptimizationSuccessful,BBOB,BaseClass,SD,MaxFeval,MaxFevalPerDimensions,FevalPerDimensions,SolveAt1,SolveAt1e-1,SolveAt1e-3,SolveAt1e-6,SolveEarlierAt1,SolveEarlierAt1e-1,SolveEarlierAt1e-3,SolveEarlierAt1e-6,simNumber
0,[ 37.11874989 -15.03629975],40,NiaPyNelderMead,Schwefel2d20N2,40.04861924658546,52.155049638679806,2279.074984175105,0.002872733000003791,Continuous,Non-Differentiable,Separable,Scalable,Unimodal,2,True,False,Schwefel2d20,3.0,40,20.0,20.0,False,False,False,False,,,,,1
1,[ 10.2694916  -11.28563802],40,NiaPyPSO,Schwefel2d20N2,15.25870516382084,21.555129621454576,2954.7365816270626,0.0019592449999947803,Continuous,Non-Differentiable,Separable,Scalable,Unimodal,2,True,False,Schwefel2d20,3.0,40,20.0,20.0,False,False,False,False,,,,,1
2,[18.62082655 18.19517321],40,NiaPySimulatedAnnealing,Schwefel2d20N2,26.034582955880865,36.81599976380495,1443.8058538501637,0.0022377399999982117,Continuous,Non-Differentiable,Separable,Scalable,Unimodal,2,True,False,Schwefel2d20,3.0,40,20.0,20.0,False,False,False,False,,,,,1
3,[-11.24658215  -2.33754459],40,NiaPyCuckooSearch,Schwefel2d20N2,11.486937136263663,13.584126743253812,3624.0365073672447,0.0015388949999959323,Continuous,Non-Differentiable,Separable,Scalable,Unimodal,2,True,False,Schwefel2d20,3.0,40,20.0,20.0,False,False,False,False,,,,,1
4,[-3.13928658  0.95139181],40,NiaPyDifferentialEvolution,Schwefel2d20N2,3.2802845285148634,4.0906783892888114,3202.1216196817622,0.005860768000005123,Continuous,Non-Differentiable,Separable,Scalable,Unimodal,2,True,False,Schwefel2d20,3.0,40,20.0,20.0,False,False,False,False,,,,,1
5,[ 1.21632077 16.43130462],40,RandomSearch1,Schwefel2d20N2,16.47626194499861,17.647625388340472,3187.426580355909,0.001082076000002985,Continuous,Non-Differentiable,Separable,Scalable,Unimodal,2,True,False,Schwefel2d20,3.0,40,20.0,20.0,False,False,False,False,,,,,1
6,[16.09499729 11.26171611],39,RandomSearch2,Schwefel2d20N2,19.643706059902026,27.356713409504188,3209.6804622840596,0.0012571110000010322,Continuous,Non-Differentiable,Separable,Scalable,Unimodal,2,True,False,Schwefel2d20,3.0,40,20.0,19.5,False,False,False,False,,,,,1
7,[83.94536034 84.05965367],43,CMAES,Schwefel2d20N2,118.79751216436286,168.00501400231695,7557.277882563672,0.05334971199999927,Continuous,Non-Differentiable,Separable,Scalable,Unimodal,2,True,False,Schwefel2d20,3.0,40,20.0,21.5,False,False,False,False,,,,,1
