,BestArm,NumberFunctionEval,Algorithm,CostFunction,EuclideanDistance,TrueRewardDifference,CumulativeRegret,TimeToComplete,Continuous,Differentiability,Separability,Scalability,Modality,Ndimensions,OptimizationSuccessful,BBOB,BaseClass,SD,MaxFeval,MaxFevalPerDimensions,FevalPerDimensions,SolveAt1,SolveAt1e-1,SolveAt1e-3,SolveAt1e-6,SolveEarlierAt1,SolveEarlierAt1e-1,SolveEarlierAt1e-3,SolveEarlierAt1e-6,simNumber
0,[ 9.77813692 19.24467299 19.67374272 17.67750968 22.18032015 15.27593117],600,NiaPyNelderMead,Schwefel2d21N6,43.483796707641226,22.180320147367475,13769.908709895448,0.023045547999998917,Continuous,Non-Differentiable,Separable,Scalable,Unimodal,6,True,False,Schwefel2d21,3.0,600,100.0,100.0,False,False,False,False,,,,,6
1,[13.04856736 22.37271204 38.60419518  3.00669284 19.12476319 29.50846502],600,NiaPyPSO,Schwefel2d21N6,58.366373166678734,38.60419518089005,42154.14024399273,0.02601534200000799,Continuous,Non-Differentiable,Separable,Scalable,Unimodal,6,True,False,Schwefel2d21,3.0,600,100.0,100.0,False,False,False,False,,,,,6
2,"[ 50.6374411   16.20214379  20.38796622  14.29741928  94.42368256
 -22.10418849]",600,NiaPySimulatedAnnealing,Schwefel2d21N6,113.36301091986883,94.42368255571432,57908.59942431266,0.027644929999993906,Continuous,Non-Differentiable,Separable,Scalable,Unimodal,6,True,False,Schwefel2d21,3.0,600,100.0,100.0,False,False,False,False,,,,,6
3,"[  3.69998233  19.69861227 -34.78404559  33.51512094  -2.31601966
  23.52564071]",600,NiaPyCuckooSearch,Schwefel2d21N6,57.391097497239706,34.78404559255319,49436.8857766585,0.01901501599999733,Continuous,Non-Differentiable,Separable,Scalable,Unimodal,6,True,False,Schwefel2d21,3.0,600,100.0,100.0,False,False,False,False,,,,,6
4,"[  0.99420616 -24.94945779  12.68210131  14.00446381   8.12224374
 -11.68333423]",600,NiaPyDifferentialEvolution,Schwefel2d21N6,34.393251262745444,24.949457790785434,41188.069747305184,0.10152440100000604,Continuous,Non-Differentiable,Separable,Scalable,Unimodal,6,True,False,Schwefel2d21,3.0,600,100.0,100.0,False,False,False,False,,,,,6
5,"[ 10.22423924  -5.92609173  -2.93110145   9.11024724 -23.53171649
   7.37793461]",600,RandomSearch1,Schwefel2d21N6,28.972697347104656,23.531716487265243,47590.42512863363,0.024664981000000807,Continuous,Non-Differentiable,Separable,Scalable,Unimodal,6,True,False,Schwefel2d21,3.0,600,100.0,100.0,False,False,False,False,,,,,6
6,[19.86149371 19.86149371 19.86149371 19.86149371 19.86149371 19.86149371],599,RandomSearch2,Schwefel2d21N6,48.65052511900869,19.861493710004524,47229.72114852143,0.022135830000010515,Continuous,Non-Differentiable,Separable,Scalable,Unimodal,6,True,False,Schwefel2d21,3.0,600,100.0,99.83333333333333,False,False,False,False,,,,,6
7,[16.67180536 18.95836342 16.52439763 18.56744578 16.84633092 18.68894575],604,CMAES,Schwefel2d21N6,43.453998165379694,18.958363422437568,12151.619188622371,0.17479684200000634,Continuous,Non-Differentiable,Separable,Scalable,Unimodal,6,True,False,Schwefel2d21,3.0,600,100.0,100.66666666666667,False,False,False,False,,,,,6
