,BestArm,NumberFunctionEval,Algorithm,CostFunction,EuclideanDistance,TrueRewardDifference,CumulativeRegret,TimeToComplete,Continuous,Differentiability,Separability,Scalability,Modality,Ndimensions,OptimizationSuccessful,BBOB,BaseClass,SD,MaxFeval,MaxFevalPerDimensions,FevalPerDimensions,SolveAt1,SolveAt1e-1,SolveAt1e-3,SolveAt1e-6,SolveEarlierAt1,SolveEarlierAt1e-1,SolveEarlierAt1e-3,SolveEarlierAt1e-6,simNumber
0,"[ 34.20719221  17.84129525  20.8302884   32.12749173 -16.09122578
  21.47747465]",6000,NiaPyNelderMead,Schwefel2d23N6,60.619550632191576,3405951429825581.5,2.5859830121819878e+20,0.22340881000002355,Continuous,Differentiable,Non-Separable,Scalable,Unimodal,6,True,False,Schwefel2d23,3.0,6000,1000.0,1000.0,False,False,False,False,,,,,4
1,[-0.83318631 -0.38181623  0.63229212 -0.09176572 -0.30486037 -0.4004257 ],6000,NiaPyPSO,Schwefel2d23N6,1.225348080189778,0.17161319784089143,6.006922237473987e+21,0.2728303069999356,Continuous,Differentiable,Non-Separable,Scalable,Unimodal,6,True,False,Schwefel2d23,3.0,6000,1000.0,1000.0,True,False,False,False,1750.0,1750.0,1930.0,,4
2,[25.91251643 93.15022574 80.73245101 20.08244595  2.6820576  48.26363716],6000,NiaPySimulatedAnnealing,Schwefel2d23N6,136.40391654847994,6.101646260230487e+19,6.413196565305233e+23,0.3150525500000185,Continuous,Differentiable,Non-Separable,Scalable,Unimodal,6,True,False,Schwefel2d23,3.0,6000,1000.0,1000.0,False,False,False,False,,,,,4
3,"[-10.02965214   8.36853202  10.46865748 -10.58967051  -0.21576298
  -7.57930757]",6000,NiaPyCuckooSearch,Schwefel2d23N6,21.20972932557183,46154618095.45378,2.4409460592606004e+23,0.20156567000003633,Continuous,Differentiable,Non-Separable,Scalable,Unimodal,6,True,False,Schwefel2d23,3.0,6000,1000.0,1000.0,False,False,False,False,,,,,4
4,[-1.01927165 -0.72938101 -0.78721005  0.82314037 -0.72133033  0.95084777],6000,NiaPyDifferentialEvolution,Schwefel2d23N6,2.071859071957809,2.1293643919585925,3.245485398420027e+22,1.0502295009999898,Continuous,Differentiable,Non-Separable,Scalable,Unimodal,6,True,False,Schwefel2d23,3.0,6000,1000.0,1000.0,False,False,False,False,5915.0,,,,4
5,"[ 10.38706208   7.3160333   -5.12038128  -9.45599777 -13.59511698
  -4.22413952]",6000,RandomSearch1,Schwefel2d23N6,21.902514938015113,236478312265.45642,2.162113146644296e+23,0.2513312629999973,Continuous,Differentiable,Non-Separable,Scalable,Unimodal,6,True,False,Schwefel2d23,3.0,6000,1000.0,1000.0,False,False,False,False,,,,,4
6,"[-15.92579571  -5.91170882  14.1538967  -13.08821169   7.22565056
  16.48793295]",5999,RandomSearch2,Schwefel2d23N6,31.373162201438973,3004965109195.6533,2.2303052473207863e+23,0.2317979890000288,Continuous,Differentiable,Non-Separable,Scalable,Unimodal,6,True,False,Schwefel2d23,3.0,6000,1000.0,999.8333333333334,False,False,False,False,,,,,4
7,[ 0.14579877  0.59200071  0.39687589 -0.01085502  0.1696229  -0.08158926],5536,CMAES,Schwefel2d23N6,0.7515179040060035,0.005384131447775861,4.45765023600696e+18,1.300592689000041,Continuous,Differentiable,Non-Separable,Scalable,Unimodal,6,True,False,Schwefel2d23,3.0,6000,1000.0,922.6666666666666,True,True,False,False,448.0,478.0,534.0,691.0,4
