,BestArm,NumberFunctionEval,Algorithm,CostFunction,EuclideanDistance,TrueRewardDifference,CumulativeRegret,TimeToComplete,Continuous,Differentiability,Separability,Scalability,Modality,Ndimensions,OptimizationSuccessful,BBOB,BaseClass,SD,MaxFeval,MaxFevalPerDimensions,FevalPerDimensions,SolveAt1,SolveAt1e-1,SolveAt1e-3,SolveAt1e-6,SolveEarlierAt1,SolveEarlierAt1e-1,SolveEarlierAt1e-3,SolveEarlierAt1e-6,simNumber
0,[6.63118449 5.48851602 4.24620042 4.26153606 4.97325275 1.82942969],600,NiaPyNelderMead,Schwefel2d4N6,9.460821338896821,2637.1314595150943,1670398.3516895857,0.027517474000006814,Continuous,Differentiable,Separable,Non-Scalable,Multimodal,6,True,False,Schwefel2d4,3.0,600,100.0,100.0,False,False,False,False,,,,,8
1,[0.27980089 0.         0.         0.72168782 0.38758042 0.90492961],600,NiaPyPSO,Schwefel2d4N6,1.7263373240424371,3.5429383223225606,617991.0329827782,0.03125799999999401,Continuous,Differentiable,Separable,Non-Scalable,Multimodal,6,True,False,Schwefel2d4,3.0,600,100.0,100.0,False,False,False,False,,,,,8
2,[4.17749751 4.9228905  4.7511252  7.88405762 3.07651103 7.68606982],600,NiaPySimulatedAnnealing,Schwefel2d4N6,11.660282057911967,7456.406933622335,10003746.999635417,0.03312449699998865,Continuous,Differentiable,Separable,Non-Scalable,Multimodal,6,True,False,Schwefel2d4,3.0,600,100.0,100.0,False,False,False,False,,,,,8
3,[2.031009   1.44981898 5.07911382 0.05315915 2.69208175 0.67673958],600,NiaPyCuckooSearch,Schwefel2d4N6,4.66568663428157,624.7973570584152,6659814.151053615,0.024559310000000778,Continuous,Differentiable,Separable,Non-Scalable,Multimodal,6,True,False,Schwefel2d4,3.0,600,100.0,100.0,False,False,False,False,,,,,8
4,[0.         0.         0.         0.15561991 0.96772274 0.54534595],600,NiaPyDifferentialEvolution,Schwefel2d4N6,1.9800832974228115,4.886772887943213,2995269.1910213907,0.10863743800000236,Continuous,Differentiable,Separable,Non-Scalable,Multimodal,6,True,False,Schwefel2d4,3.0,600,100.0,100.0,False,False,False,False,,,,,8
5,[0.94958258 3.51721659 0.60798978 2.23663393 0.53894834 0.7067193 ],600,RandomSearch1,Schwefel2d4N6,2.884517109997631,156.1669912127809,6271123.390993627,0.029173463999995874,Continuous,Differentiable,Separable,Non-Scalable,Multimodal,6,True,False,Schwefel2d4,3.0,600,100.0,100.0,False,False,False,False,,,,,8
6,[3.44904027 2.59550108 0.67120549 1.07258259 2.48147341 1.27896116],599,RandomSearch2,Schwefel2d4N6,3.305961097190743,117.98636004717817,6073351.658842919,0.027460640000001035,Continuous,Differentiable,Separable,Non-Scalable,Multimodal,6,True,False,Schwefel2d4,3.0,600,100.0,99.83333333333333,False,False,False,False,,,,,8
7,[0.74365721 0.50866284 0.8996139  1.1808849  0.62240414 1.04833036],604,CMAES,Schwefel2d4N6,0.703445096042708,1.4474084255278363,25337.194955441733,0.173340096000004,Continuous,Differentiable,Separable,Non-Scalable,Multimodal,6,True,False,Schwefel2d4,3.0,600,100.0,100.66666666666667,False,False,False,False,305.0,,,,8
