,BestArm,NumberFunctionEval,Algorithm,CostFunction,EuclideanDistance,TrueRewardDifference,CumulativeRegret,TimeToComplete,Continuous,Differentiability,Separability,Scalability,Modality,Ndimensions,OptimizationSuccessful,BBOB,BaseClass,SD,MaxFeval,MaxFevalPerDimensions,FevalPerDimensions,SolveAt1,SolveAt1e-1,SolveAt1e-3,SolveAt1e-6,SolveEarlierAt1,SolveEarlierAt1e-1,SolveEarlierAt1e-3,SolveEarlierAt1e-6,simNumber
0,"[ -9.18074315 -15.08444189  20.2622048    0.63907591   4.97219228
  34.19210089]",60000,NiaPyNelderMead,Schwefel2d21N6,43.77915317185959,34.19210088741167,2052096.3918830708,1.6714506440000605,Continuous,Non-Differentiable,Separable,Scalable,Unimodal,6,True,False,Schwefel2d21,0.0,60000,10000.0,10000.0,False,False,False,False,,,,,1
1,[-0.06532269  0.06771961  0.08355527 -0.06629845  0.10211718  0.03252366],60000,NiaPyPSO,Schwefel2d21N6,0.17808894773429196,0.10211717972486764,126499.57644164914,2.17835107399992,Continuous,Non-Differentiable,Separable,Scalable,Unimodal,6,True,False,Schwefel2d21,0.0,60000,10000.0,10000.0,True,False,False,False,1567.0,,,,1
2,"[-23.82827403 -20.57939048  50.57467997  48.6519483   49.84946478
 -11.50182904]",60000,NiaPySimulatedAnnealing,Schwefel2d21N6,92.37623879538941,50.5746799747234,4252118.429129645,2.3075466389998383,Continuous,Non-Differentiable,Separable,Scalable,Unimodal,6,True,False,Schwefel2d21,0.0,60000,10000.0,10000.0,False,False,False,False,,,,,1
3,"[-10.51711855   6.26842699  20.92214624 -10.01979366  -9.40996519
  -5.56512507]",60000,NiaPyCuckooSearch,Schwefel2d21N6,28.41748563525884,20.92214624228167,4748736.044497845,1.4411925500000962,Continuous,Non-Differentiable,Separable,Scalable,Unimodal,6,True,False,Schwefel2d21,0.0,60000,10000.0,10000.0,False,False,False,False,,,,,1
4,"[-7.10542736e-15 -7.10542736e-15 -7.10542736e-15  0.00000000e+00
  0.00000000e+00 -7.10542736e-15]",60000,NiaPyDifferentialEvolution,Schwefel2d21N6,1.4210854715202004e-14,7.105427357601002e-15,152911.73145824752,9.928906808999955,Continuous,Non-Differentiable,Separable,Scalable,Unimodal,6,True,False,Schwefel2d21,0.0,60000,10000.0,10000.0,True,True,True,True,5588.0,9517.0,17707.0,28303.0,1
5,[ 6.31835869 -7.41230042 -1.71107814  0.61148766 -9.57455797 -0.91612839],60000,RandomSearch1,Schwefel2d21N6,13.808584692438002,9.574557971653434,4751360.3124559065,2.0890799629999037,Continuous,Non-Differentiable,Separable,Scalable,Unimodal,6,True,False,Schwefel2d21,0.0,60000,10000.0,10000.0,False,False,False,False,,,,,1
6,[-6.84366892 14.02020723 -4.84565803 -1.66413001 -9.81843653 -9.53400863],59999,RandomSearch2,Schwefel2d21N6,21.37640666233023,14.020207229016222,4746982.3465950005,1.7928999700000077,Continuous,Non-Differentiable,Separable,Scalable,Unimodal,6,True,False,Schwefel2d21,0.0,60000,10000.0,9999.833333333334,False,False,False,False,,,,,1
7,"[-7.02116531e-12 -2.59592350e-12  5.23573012e-12  1.05895079e-12
 -2.50860765e-12 -7.40727960e-12]",2530,CMAES,Schwefel2d21N6,1.2071898407007922e-11,7.407279595549757e-12,11224.809168169131,0.5891604319999715,Continuous,Non-Differentiable,Separable,Scalable,Unimodal,6,True,False,Schwefel2d21,0.0,60000,10000.0,421.6666666666667,True,True,True,True,490.0,640.0,1012.0,1611.0,1
