,BestArm,NumberFunctionEval,Algorithm,CostFunction,EuclideanDistance,TrueRewardDifference,CumulativeRegret,TimeToComplete,Continuous,Differentiability,Separability,Scalability,Modality,Ndimensions,OptimizationSuccessful,BBOB,BaseClass,SD,MaxFeval,MaxFevalPerDimensions,FevalPerDimensions,SolveAt1,SolveAt1e-1,SolveAt1e-3,SolveAt1e-6,SolveEarlierAt1,SolveEarlierAt1e-1,SolveEarlierAt1e-3,SolveEarlierAt1e-6,simNumber
0,"[ 21.09254406  -0.67941088 -10.06715321  17.96764179  -2.71594973
 -14.34665634]",600000,NiaPyNelderMead,Schwefel2d23N6,32.9050705878217,21316588718804.94,1.7379559184476347e+20,18.623035033000633,Continuous,Differentiable,Non-Separable,Scalable,Unimodal,6,True,False,Schwefel2d23,0.0,600000,100000.0,100000.0,False,False,False,False,,,,,8
1,[ 0.03260964 -0.00819771 -0.02916806  0.04414894 -0.01759791  0.05656112],600000,NiaPyPSO,Schwefel2d23N6,0.08625162842772532,3.650450261991373e-13,1.0435060490970591e+22,23.58080896300089,Continuous,Differentiable,Non-Separable,Scalable,Unimodal,6,True,False,Schwefel2d23,0.0,600000,100000.0,100000.0,True,True,True,True,1744.0,1819.0,1964.0,2791.0,8
2,"[-26.62583343   6.77585552  17.71957593  30.36818617   2.31731231
  20.86050581]",600000,NiaPySimulatedAnnealing,Schwefel2d23N6,49.31113429021496,864826413220990.9,2.953112771857675e+25,25.874232262998703,Continuous,Differentiable,Non-Separable,Scalable,Unimodal,6,True,False,Schwefel2d23,0.0,600000,100000.0,100000.0,False,False,False,False,,,,,8
3,[12.862029    1.40098931 -4.91399508 -2.47174036  5.64809802 -5.52243146],600000,NiaPyCuckooSearch,Schwefel2d23N6,16.126055610196204,123974354390.97565,2.2854447699877416e+25,15.91136042799917,Continuous,Differentiable,Non-Separable,Scalable,Unimodal,6,True,False,Schwefel2d23,0.0,600000,100000.0,100000.0,False,False,False,False,,,,,8
4,[0. 0. 0. 0. 0. 0.],600000,NiaPyDifferentialEvolution,Schwefel2d23N6,0.0,0.0,2.987594541672891e+22,101.62849849800114,Continuous,Differentiable,Non-Separable,Scalable,Unimodal,6,True,False,Schwefel2d23,0.0,600000,100000.0,100000.0,True,True,True,True,5293.0,5293.0,6053.0,7411.0,8
5,[-2.39520463 -7.06605154 -5.12076958  3.56312911  1.07717877 -6.81041581],600000,RandomSearch1,Schwefel2d23N6,11.921675109093579,537676918.6787162,2.181536423513333e+25,22.7263745320015,Continuous,Differentiable,Non-Separable,Scalable,Unimodal,6,True,False,Schwefel2d23,0.0,600000,100000.0,100000.0,False,False,False,False,,,,,8
6,[ 5.81034824 -3.59399857 -6.22895119  7.22426809 -0.28797734 -5.17043915],599999,RandomSearch2,Schwefel2d23N6,12.82510143436813,533004592.46744955,2.180860470584484e+25,19.551496284999303,Continuous,Differentiable,Non-Separable,Scalable,Unimodal,6,True,False,Schwefel2d23,0.0,600000,100000.0,99999.83333333333,False,False,False,False,,,,,8
7,[ 0.00118553 -0.00112979 -0.00101776 -0.00035661 -0.00078502 -0.00316978],1081,CMAES,Schwefel2d23N6,0.003809025446585505,1.0240792404501042e-25,1.1197429915864859e+21,0.27788767099991674,Continuous,Differentiable,Non-Separable,Scalable,Unimodal,6,True,False,Schwefel2d23,0.0,600000,100000.0,180.16666666666666,True,True,True,True,468.0,529.0,654.0,680.0,8
