,BestArm,NumberFunctionEval,Algorithm,CostFunction,EuclideanDistance,TrueRewardDifference,CumulativeRegret,TimeToComplete,Continuous,Differentiability,Separability,Scalability,Modality,Ndimensions,OptimizationSuccessful,BBOB,BaseClass,SD,MaxFeval,MaxFevalPerDimensions,FevalPerDimensions,SolveAt1,SolveAt1e-1,SolveAt1e-3,SolveAt1e-6,SolveEarlierAt1,SolveEarlierAt1e-1,SolveEarlierAt1e-3,SolveEarlierAt1e-6,simNumber
0,"[ -45.21671871 -127.2288612   194.27567391  163.28431729   84.17092873
  -30.5602354 ]",600,NiaPyNelderMead,Schwefel2d26N6,976.1924546577045,2144.4904833813057,1303339.1111912336,0.017806430999996792,Continuous,Differentiable,Separable,Scalable,Multimodal,6,True,False,Schwefel2d26,0.0,600,100.0,100.0,False,False,False,False,,,,,6
1,"[-283.28118355 -491.07749212 -262.33308494  102.92200255  195.81562791
 -319.07617374]",600,NiaPyPSO,Schwefel2d26N6,1579.307391464544,1660.6100819475796,1451391.6996401544,0.023414551999991318,Continuous,Differentiable,Separable,Scalable,Multimodal,6,True,False,Schwefel2d26,0.0,600,100.0,100.0,False,False,False,False,,,,,6
2,"[-146.12882818 -182.10299349  205.57893035   41.1152921  -180.50803703
  414.9120642 ]",600,NiaPySimulatedAnnealing,Schwefel2d26N6,1112.5590342375624,2109.1976875222153,1283119.064398921,0.02502842300000907,Continuous,Differentiable,Separable,Scalable,Multimodal,6,True,False,Schwefel2d26,0.0,600,100.0,100.0,False,False,False,False,,,,,6
3,"[  88.05977408 -173.48386744  418.64914174  207.74401865 -485.89296384
 -347.50964332]",600,NiaPyCuckooSearch,Schwefel2d26N6,1386.5892159397017,1893.8800316047748,1612661.4916720092,0.016304101999992326,Continuous,Differentiable,Separable,Scalable,Multimodal,6,True,False,Schwefel2d26,0.0,600,100.0,100.0,False,False,False,False,,,,,6
4,"[-500.         -500.          428.2503267  -500.          436.59651596
 -500.        ]",600,NiaPyDifferentialEvolution,Schwefel2d26N6,1842.0181793474942,990.8952757294119,1333819.2226024438,0.09552678699998296,Continuous,Differentiable,Separable,Scalable,Multimodal,6,True,False,Schwefel2d26,0.0,600,100.0,100.0,False,False,False,False,,,,,6
5,"[ 187.46150561  431.06072615 -103.53881461 -280.28697326 -278.16045678
 -314.72960651]",600,RandomSearch1,Schwefel2d26N6,1360.708988863246,1115.8930561638772,1512739.7504254887,0.02500699399999462,Continuous,Differentiable,Separable,Scalable,Multimodal,6,True,False,Schwefel2d26,0.0,600,100.0,100.0,False,False,False,False,,,,,6
6,"[ 465.86459315  453.64335395  397.69919712  414.07070624 -330.91049173
  195.14649503]",599,RandomSearch2,Schwefel2d26N6,787.3946908081143,878.7552767677,1484270.3401733716,0.022243188000004466,Continuous,Differentiable,Separable,Scalable,Multimodal,6,True,False,Schwefel2d26,0.0,600,100.0,99.83333333333333,False,False,False,False,,,,,6
7,[65.66043186 65.52605035 65.49869849 65.5028608  65.48687916 65.5812663 ],604,CMAES,Schwefel2d26N6,870.6124721098723,2132.090400964853,1416680.3302246914,0.1658305939999991,Continuous,Differentiable,Separable,Scalable,Multimodal,6,True,False,Schwefel2d26,0.0,600,100.0,100.66666666666667,False,False,False,False,,,,,6
