,BestArm,NumberFunctionEval,Algorithm,CostFunction,EuclideanDistance,TrueRewardDifference,CumulativeRegret,TimeToComplete,Continuous,Differentiability,Separability,Scalability,Modality,Ndimensions,OptimizationSuccessful,BBOB,BaseClass,SD,MaxFeval,MaxFevalPerDimensions,FevalPerDimensions,SolveAt1,SolveAt1e-1,SolveAt1e-3,SolveAt1e-6,SolveEarlierAt1,SolveEarlierAt1e-1,SolveEarlierAt1e-3,SolveEarlierAt1e-6,simNumber
0,[ 2.85807598 28.73880483  9.48724666 44.73317831 41.98938381 37.29274316],60000,NiaPyNelderMead,Schwefel2d23N6,77.96800392668221,5.4708937489361496e+16,3.457427975409568e+21,1.7957799460000388,Continuous,Differentiable,Non-Separable,Scalable,Unimodal,6,True,False,Schwefel2d23,0.0,60000,10000.0,10000.0,False,False,False,False,,,,,8
1,[-0.02374784  0.00038733  0.08116018 -0.00226062  0.01113057 -0.09192372],60000,NiaPyPSO,Schwefel2d23N6,0.1254195196179653,5.5480328987509315e-11,6.661180417681538e+21,2.3447579949997817,Continuous,Differentiable,Non-Separable,Scalable,Unimodal,6,True,False,Schwefel2d23,0.0,60000,10000.0,10000.0,True,True,True,True,1607.0,1607.0,1750.0,2958.0,8
2,"[-41.71685638 -17.33117376 -39.40744153 -29.79154344  51.85682512
   5.10578094]",60000,NiaPySimulatedAnnealing,Schwefel2d23N6,84.8312885011779,1.6617211021131456e+17,4.394203770286745e+23,2.579399046999697,Continuous,Differentiable,Non-Separable,Scalable,Unimodal,6,True,False,Schwefel2d23,0.0,60000,10000.0,10000.0,False,False,False,False,,,,,8
3,"[-11.60844861   5.2152851   18.75033217 -12.19279799  12.91232769
 -13.07098171]",60000,NiaPyCuckooSearch,Schwefel2d23N6,31.61919237289274,5762906437660.767,2.2771479823742379e+24,1.5946429149998949,Continuous,Differentiable,Non-Separable,Scalable,Unimodal,6,True,False,Schwefel2d23,0.0,60000,10000.0,10000.0,False,False,False,False,,,,,8
4,[0. 0. 0. 0. 0. 0.],60000,NiaPyDifferentialEvolution,Schwefel2d23N6,0.0,0.0,1.952785059638682e+22,10.095810597999844,Continuous,Differentiable,Non-Separable,Scalable,Unimodal,6,True,False,Schwefel2d23,0.0,60000,10000.0,10000.0,True,True,True,True,4683.0,5221.0,6235.0,7039.0,8
5,[-8.54733231 -2.86094369 13.10485872 12.55821594  4.72691211 13.87983267],60000,RandomSearch1,Schwefel2d23N6,25.01362530668915,514403329495.1117,2.1794838087627408e+24,2.2364394650003305,Continuous,Differentiable,Non-Separable,Scalable,Unimodal,6,True,False,Schwefel2d23,0.0,60000,10000.0,10000.0,False,False,False,False,,,,,8
6,"[  1.60839949   9.10033802 -11.92357756  -3.75825745  -1.1898119
   2.16534064]",59999,RandomSearch2,Schwefel2d23N6,15.741780530112205,61981415344.04523,2.1893480868949994e+24,1.9082264099997701,Continuous,Differentiable,Non-Separable,Scalable,Unimodal,6,True,False,Schwefel2d23,0.0,60000,10000.0,9999.833333333334,False,False,False,False,,,,,8
7,"[-1.74598923e-04  9.92011387e-05 -7.49708740e-04 -6.75986426e-04
 -8.01601097e-04  1.01787308e-04]",1000,CMAES,Schwefel2d23N6,0.001308537912220177,1.8556197548584182e-31,2.2455977135984884e+22,0.2580565110001771,Continuous,Differentiable,Non-Separable,Scalable,Unimodal,6,True,False,Schwefel2d23,0.0,60000,10000.0,166.66666666666666,True,True,True,True,467.0,467.0,486.0,607.0,8
