,BestArm,NumberFunctionEval,Algorithm,CostFunction,EuclideanDistance,TrueRewardDifference,CumulativeRegret,TimeToComplete,Continuous,Differentiability,Separability,Scalability,Modality,Ndimensions,OptimizationSuccessful,BBOB,BaseClass,SD,MaxFeval,MaxFevalPerDimensions,FevalPerDimensions,SolveAt1,SolveAt1e-1,SolveAt1e-3,SolveAt1e-6,SolveEarlierAt1,SolveEarlierAt1e-1,SolveEarlierAt1e-3,SolveEarlierAt1e-6,simNumber
0,"[ 209.97342314 -353.09373233   23.87745484 -296.70697184  177.67791334
  215.55503032]",6000,NiaPyNelderMead,Schwefel2d26N6,1190.7211680204143,1716.2004202390503,10313108.852261147,0.2430123060000824,Continuous,Differentiable,Separable,Scalable,Multimodal,6,True,False,Schwefel2d26,3.0,6000,1000.0,1000.0,False,False,False,False,,,,,3
1,"[ 236.04447324 -312.0588123  -303.29256184  390.7777506   406.1810039
 -128.99622909]",6000,NiaPyPSO,Schwefel2d26N6,1183.0775449092816,1021.6805642789927,14294745.639165916,0.27883012500001314,Continuous,Differentiable,Separable,Scalable,Multimodal,6,True,False,Schwefel2d26,3.0,6000,1000.0,1000.0,False,False,False,False,,,,,3
2,"[-262.17179103  388.71629173 -498.16411312 -222.16746815   85.17301576
 -107.70587989]",6000,NiaPySimulatedAnnealing,Schwefel2d26N6,1455.4745787204843,1990.473299706075,12994957.403901935,0.3015749109999888,Continuous,Differentiable,Separable,Scalable,Multimodal,6,True,False,Schwefel2d26,3.0,6000,1000.0,1000.0,False,False,False,False,,,,,3
3,"[213.12124371 457.18907493 202.11831219 183.48324663 440.90085341
 433.62390937]",6000,NiaPyCuckooSearch,Schwefel2d26N6,386.47744215291704,939.4061355523936,14912177.885605369,0.21237685400001283,Continuous,Differentiable,Separable,Scalable,Multimodal,6,True,False,Schwefel2d26,3.0,6000,1000.0,1000.0,False,False,False,False,,,,,3
4,"[423.98715743 421.48861598 423.29614286 422.5481623  424.04652095
 426.0915374 ]",6000,NiaPyDifferentialEvolution,Schwefel2d26N6,7.280665812832596,6.693156339148118,5813722.100473279,1.0669124060000286,Continuous,Differentiable,Separable,Scalable,Multimodal,6,True,False,Schwefel2d26,3.0,6000,1000.0,1000.0,False,False,False,False,,,,,3
5,"[409.88936107 409.88936107 409.88936107 409.88936107 409.88936107
 409.88936107]",6000,RandomSearch1,Schwefel2d26N6,27.138839746950325,91.96449836193642,15069560.418593582,0.2649852810000084,Continuous,Differentiable,Separable,Scalable,Multimodal,6,True,False,Schwefel2d26,3.0,6000,1000.0,1000.0,False,False,False,False,,,,,3
6,"[409.88936107 409.88936107 409.88936107 409.88936107 409.88936107
 409.88936107]",5999,RandomSearch2,Schwefel2d26N6,27.138839746950325,91.96449836193642,15044566.45639841,0.23611763799999608,Continuous,Differentiable,Separable,Scalable,Multimodal,6,True,False,Schwefel2d26,3.0,6000,1000.0,999.8333333333334,False,False,False,False,,,,,3
7,"[421.06776543 420.16351276 419.74985385 422.70025439 418.35495809
 420.79463332]",6004,CMAES,Schwefel2d26N6,3.464711709753196,1.5136357055262124,22771.4633222465,1.4502240129999109,Continuous,Differentiable,Separable,Scalable,Multimodal,6,True,False,Schwefel2d26,3.0,6000,1000.0,1000.6666666666666,False,False,False,False,356.0,,,,3
