,BestArm,NumberFunctionEval,Algorithm,CostFunction,EuclideanDistance,TrueRewardDifference,CumulativeRegret,TimeToComplete,Continuous,Differentiability,Separability,Scalability,Modality,Ndimensions,OptimizationSuccessful,BBOB,BaseClass,SD,MaxFeval,MaxFevalPerDimensions,FevalPerDimensions,SolveAt1,SolveAt1e-1,SolveAt1e-3,SolveAt1e-6,SolveEarlierAt1,SolveEarlierAt1e-1,SolveEarlierAt1e-3,SolveEarlierAt1e-6,simNumber
0,[46.0230364  45.98442812 13.72275961  5.00033117 43.24706343 30.98623164],60000,NiaPyNelderMead,Schwefel2d21N6,85.30216877523554,46.023036396493,2761625.9262704584,1.6674903660000382,Continuous,Non-Differentiable,Separable,Scalable,Unimodal,6,True,False,Schwefel2d21,0.0,60000,10000.0,10000.0,False,False,False,False,,,,,2
1,[ 0.05100343  0.01922478 -0.0442187  -0.05975895  0.01344427 -0.02041052],60000,NiaPyPSO,Schwefel2d21N6,0.09536615813349594,0.05975894542411353,125620.01385532774,2.158107057000052,Continuous,Non-Differentiable,Separable,Scalable,Unimodal,6,True,False,Schwefel2d21,0.0,60000,10000.0,10000.0,True,True,False,False,1624.0,19686.0,,,2
2,"[ 31.2782852   12.69672113 -37.81040511  37.83046254 -29.75788737
 -37.7902172 ]",60000,NiaPySimulatedAnnealing,Schwefel2d21N6,79.46030996450929,37.830462535753774,3686247.120219982,2.3226649610001004,Continuous,Non-Differentiable,Separable,Scalable,Unimodal,6,True,False,Schwefel2d21,0.0,60000,10000.0,10000.0,False,False,False,False,,,,,2
3,"[-15.59505314   3.1218837   21.9659154   -3.50418997   5.37228414
 -21.70137735]",60000,NiaPyCuckooSearch,Schwefel2d21N6,35.32058666664978,21.965915396883105,4811872.400042737,1.4662430879998283,Continuous,Non-Differentiable,Separable,Scalable,Unimodal,6,True,False,Schwefel2d21,0.0,60000,10000.0,10000.0,False,False,False,False,,,,,2
4,"[-3.55271368e-15  3.55271368e-15  0.00000000e+00  0.00000000e+00
  0.00000000e+00  7.10542736e-15]",60000,NiaPyDifferentialEvolution,Schwefel2d21N6,8.702335715267317e-15,7.105427357601002e-15,186110.60612292215,9.985734671000046,Continuous,Non-Differentiable,Separable,Scalable,Unimodal,6,True,False,Schwefel2d21,0.0,60000,10000.0,10000.0,True,True,True,True,5920.0,9548.0,16086.0,27733.0,2
5,[ 7.91470189  9.34690833  7.61392585  3.15428101  7.4740169  11.138791  ],60000,RandomSearch1,Schwefel2d21N6,19.946482156728006,11.138790997302003,4755945.214037539,2.086410628000067,Continuous,Non-Differentiable,Separable,Scalable,Unimodal,6,True,False,Schwefel2d21,0.0,60000,10000.0,10000.0,False,False,False,False,,,,,2
6,"[-13.05356345 -11.55830805  -2.35498082  11.02872991  14.338345
   9.89959424]",59999,RandomSearch2,Schwefel2d21N6,27.106436968045976,14.338345000520647,4747840.109808489,1.8052100889999565,Continuous,Non-Differentiable,Separable,Scalable,Unimodal,6,True,False,Schwefel2d21,0.0,60000,10000.0,9999.833333333334,False,False,False,False,,,,,2
7,"[-8.86686003e-12 -6.31353960e-12 -5.40782276e-12 -3.60683365e-12
 -2.38528948e-12  8.20235408e-12]",3169,CMAES,Schwefel2d21N6,1.5287380524733427e-11,8.8668600254822e-12,14335.724579736836,0.7393241829997805,Continuous,Non-Differentiable,Separable,Scalable,Unimodal,6,True,False,Schwefel2d21,0.0,60000,10000.0,528.1666666666666,True,True,True,True,647.0,915.0,1340.0,2030.0,2
