,BestArm,NumberFunctionEval,Algorithm,CostFunction,EuclideanDistance,TrueRewardDifference,CumulativeRegret,TimeToComplete,Continuous,Differentiability,Separability,Scalability,Modality,Ndimensions,OptimizationSuccessful,BBOB,BaseClass,SD,MaxFeval,MaxFevalPerDimensions,FevalPerDimensions,SolveAt1,SolveAt1e-1,SolveAt1e-3,SolveAt1e-6,SolveEarlierAt1,SolveEarlierAt1e-1,SolveEarlierAt1e-3,SolveEarlierAt1e-6,simNumber
0,[49.27288139 28.68524508  4.8301091  53.96497043 24.40569442 32.80047416],60000,NiaPyNelderMead,Schwefel2d21N6,88.64376536843338,53.964970434000676,3238151.5886898404,1.6535108250000121,Continuous,Non-Differentiable,Separable,Scalable,Unimodal,6,True,False,Schwefel2d21,0.0,60000,10000.0,10000.0,False,False,False,False,,,,,7
1,[-0.05386155 -0.05224704  0.07124453 -0.0804554   0.06457385  0.07713924],60000,NiaPyPSO,Schwefel2d21N6,0.1652268755210913,0.08045540127164807,128838.48696304842,2.1703422919999866,Continuous,Non-Differentiable,Separable,Scalable,Unimodal,6,True,False,Schwefel2d21,0.0,60000,10000.0,10000.0,True,True,False,False,1598.0,8104.0,,,7
2,"[-21.31473367  14.83026219  41.7858849   49.89881565 -43.7409122
  -2.77708554]",60000,NiaPySimulatedAnnealing,Schwefel2d21N6,82.65098990365432,49.898815652860726,5094105.766589676,2.3216215239999656,Continuous,Non-Differentiable,Separable,Scalable,Unimodal,6,True,False,Schwefel2d21,0.0,60000,10000.0,10000.0,False,False,False,False,,,,,7
3,"[ 11.86047274  15.68312456   0.57092787   2.07992156 -14.4354463
  15.42425148]",60000,NiaPyCuckooSearch,Schwefel2d21N6,28.940851501523515,15.683124559980607,4753307.680073176,1.424665621999793,Continuous,Non-Differentiable,Separable,Scalable,Unimodal,6,True,False,Schwefel2d21,0.0,60000,10000.0,10000.0,False,False,False,False,,,,,7
4,"[ 0.00000000e+00  0.00000000e+00 -7.10542736e-15  7.10542736e-15
  0.00000000e+00 -7.10542736e-15]",60000,NiaPyDifferentialEvolution,Schwefel2d21N6,1.2306961192854808e-14,7.105427357601002e-15,177165.0365704436,9.97595160300034,Continuous,Non-Differentiable,Separable,Scalable,Unimodal,6,True,False,Schwefel2d21,0.0,60000,10000.0,10000.0,True,True,True,True,5679.0,9098.0,18485.0,29438.0,7
5,"[-11.30633558 -13.14357785   7.615302    -2.67386041  12.58168695
   5.93758824]",60000,RandomSearch1,Schwefel2d21N6,23.649165262298347,13.143577846454917,4747569.8001901675,2.101520398000048,Continuous,Non-Differentiable,Separable,Scalable,Unimodal,6,True,False,Schwefel2d21,0.0,60000,10000.0,10000.0,False,False,False,False,,,,,7
6,"[ -5.86647891 -10.78324267  -2.09678022  -1.78832114   0.13444082
   2.61513942]",59999,RandomSearch2,Schwefel2d21N6,12.850895125394606,10.783242665309807,4765497.7124692155,1.799911591000182,Continuous,Non-Differentiable,Separable,Scalable,Unimodal,6,True,False,Schwefel2d21,0.0,60000,10000.0,9999.833333333334,False,False,False,False,,,,,7
7,"[-1.61811225e-12 -8.05140557e-12  6.25025489e-12 -1.15540260e-11
 -5.53489423e-12  4.30169648e-12]",2953,CMAES,Schwefel2d21N6,1.7004242680550637e-11,1.155402601779328e-11,12485.209718155378,0.6803430209997714,Continuous,Non-Differentiable,Separable,Scalable,Unimodal,6,True,False,Schwefel2d21,0.0,60000,10000.0,492.1666666666667,True,True,True,True,506.0,745.0,1226.0,1873.0,7
