,BestArm,NumberFunctionEval,Algorithm,CostFunction,EuclideanDistance,TrueRewardDifference,CumulativeRegret,TimeToComplete,Continuous,Differentiability,Separability,Scalability,Modality,Ndimensions,OptimizationSuccessful,BBOB,BaseClass,SD,MaxFeval,MaxFevalPerDimensions,FevalPerDimensions,SolveAt1,SolveAt1e-1,SolveAt1e-3,SolveAt1e-6,SolveEarlierAt1,SolveEarlierAt1e-1,SolveEarlierAt1e-3,SolveEarlierAt1e-6,simNumber
0,"[ 124.82959152  439.69957777 -333.24859017  401.86379289 -263.98864851
  -22.2215115 ]",600,NiaPyNelderMead,Schwefel2d26N6,1150.1488029509808,1542.966395303804,952580.2131240598,0.024912973999988708,Continuous,Differentiable,Separable,Scalable,Multimodal,6,True,False,Schwefel2d26,3.0,600,100.0,100.0,False,False,False,False,,,,,0
1,"[ 373.59644071 -383.99848996  470.92699533  440.64476721 -304.87718032
  427.26623542]",600,NiaPyPSO,Schwefel2d26N6,1086.2740565327995,1383.081930395127,1538776.6941460308,0.027636564000005137,Continuous,Differentiable,Separable,Scalable,Multimodal,6,True,False,Schwefel2d26,3.0,600,100.0,100.0,False,False,False,False,,,,,0
2,"[-302.30179832 -314.59428035  -86.31901572 -188.17037185 -135.67996622
 -322.55886357]",600,NiaPySimulatedAnnealing,Schwefel2d26N6,1598.516712176803,1756.1917720516276,1075322.1076605478,0.029871907999989844,Continuous,Differentiable,Separable,Scalable,Multimodal,6,True,False,Schwefel2d26,3.0,600,100.0,100.0,False,False,False,False,,,,,0
3,"[ 426.57466974 -216.65906588 -124.87414385 -107.46947354 -328.26022115
  432.58774091]",600,NiaPyCuckooSearch,Schwefel2d26N6,1243.0893416766244,1448.777033582861,1535549.0552180088,0.02101904599999216,Continuous,Differentiable,Separable,Scalable,Multimodal,6,True,False,Schwefel2d26,3.0,600,100.0,100.0,False,False,False,False,,,,,0
4,"[ 408.57598171  209.02420231  423.71677718 -500.         -500.
  422.93289619]",600,NiaPyDifferentialEvolution,Schwefel2d26N6,1319.6409898100192,717.9676088316307,1348254.9791210867,0.10286161099998026,Continuous,Differentiable,Separable,Scalable,Multimodal,6,True,False,Schwefel2d26,3.0,600,100.0,100.0,False,False,False,False,,,,,0
5,"[ 407.25569718  422.56918258 -271.06193134  164.64545612  424.15506077
   62.49758622]",600,RandomSearch1,Schwefel2d26N6,820.5549472262211,990.4348973554877,1484132.4923597686,0.025730690000017375,Continuous,Differentiable,Separable,Scalable,Multimodal,6,True,False,Schwefel2d26,3.0,600,100.0,100.0,False,False,False,False,,,,,0
6,"[ -73.0082221  -289.12761217  431.64047927 -316.99216745  427.2582357
  470.61431359]",599,RandomSearch2,Schwefel2d26N6,1138.180354177628,1061.122271147748,1514197.113408651,0.02407755300001213,Continuous,Differentiable,Separable,Scalable,Multimodal,6,True,False,Schwefel2d26,3.0,600,100.0,99.83333333333333,False,False,False,False,,,,,0
7,"[203.34052155 203.06745103 200.90373748 202.78283973 204.16752883
 204.24169292]",604,CMAES,Schwefel2d26N6,533.713499357101,1304.1884003836599,1029621.8326756307,0.1801229350000142,Continuous,Differentiable,Separable,Scalable,Multimodal,6,True,False,Schwefel2d26,3.0,600,100.0,100.66666666666667,False,False,False,False,,,,,0
