,BestArm,NumberFunctionEval,Algorithm,CostFunction,EuclideanDistance,TrueRewardDifference,CumulativeRegret,TimeToComplete,Continuous,Differentiability,Separability,Scalability,Modality,Ndimensions,OptimizationSuccessful,BBOB,BaseClass,SD,MaxFeval,MaxFevalPerDimensions,FevalPerDimensions,SolveAt1,SolveAt1e-1,SolveAt1e-3,SolveAt1e-6,SolveEarlierAt1,SolveEarlierAt1e-1,SolveEarlierAt1e-3,SolveEarlierAt1e-6,simNumber
0,"[ 23.82345958  35.45182319 -26.76787957  35.570989    39.31874936
  12.7131439 ]",6000,NiaPyNelderMead,Schwefel2d23N6,74.25491032661546,1.5457761139602616e+16,1.8058336052748963e+20,0.17903095700000904,Continuous,Differentiable,Non-Separable,Scalable,Unimodal,6,True,False,Schwefel2d23,0.0,6000,1000.0,1000.0,False,False,False,False,,,,,9
1,[-0.09000126 -0.06794997 -0.032234   -0.02327439  0.11583766  0.03642759],6000,NiaPyPSO,Schwefel2d23N6,0.1704214929494683,4.71984874886271e-10,5.746176086601853e+21,0.23174062099997172,Continuous,Differentiable,Non-Separable,Scalable,Unimodal,6,True,False,Schwefel2d23,0.0,6000,1000.0,1000.0,True,True,True,True,1336.0,1352.0,1801.0,3339.0,9
2,"[-32.26662256  -9.60399427 -43.78636441   1.13825706 -20.8397911
  54.02003815]",6000,NiaPySimulatedAnnealing,Schwefel2d23N6,80.02733526177113,2.3876025503286032e+17,4.337217026027662e+21,0.26601715999993303,Continuous,Differentiable,Non-Separable,Scalable,Unimodal,6,True,False,Schwefel2d23,0.0,6000,1000.0,1000.0,False,False,False,False,,,,,9
3,"[ 17.23922425  -4.76943117  12.77907088 -13.01908672  18.82897922
 -16.15402169]",6000,NiaPyCuckooSearch,Schwefel2d23N6,35.612111323818475,9385472735989.508,2.352344858399646e+23,0.15896126799998456,Continuous,Differentiable,Non-Separable,Scalable,Unimodal,6,True,False,Schwefel2d23,0.0,6000,1000.0,1000.0,False,False,False,False,,,,,9
4,[-0.44978131 -0.26328052 -0.07807737  0.23669605  0.30552941  0.0793214 ],6000,NiaPyDifferentialEvolution,Schwefel2d23N6,0.6583168382474934,0.0003480954708683848,2.733674859850167e+22,1.0153614600000083,Continuous,Differentiable,Non-Separable,Scalable,Unimodal,6,True,False,Schwefel2d23,0.0,6000,1000.0,1000.0,True,True,True,False,5328.0,5678.0,5867.0,,9
5,[11.45996138 11.45996138 11.45996138 11.45996138 11.45996138 11.45996138],6000,RandomSearch1,Schwefel2d23N6,28.07105785982368,234413593248.4527,2.1245959849577968e+23,0.22452451600008771,Continuous,Differentiable,Non-Separable,Scalable,Unimodal,6,True,False,Schwefel2d23,0.0,6000,1000.0,1000.0,False,False,False,False,,,,,9
6,[11.45996138 11.45996138 11.45996138 11.45996138 11.45996138 11.45996138],5999,RandomSearch2,Schwefel2d23N6,28.07105785982368,234413593248.4527,2.241809942011185e+23,0.19238578199997391,Continuous,Differentiable,Non-Separable,Scalable,Unimodal,6,True,False,Schwefel2d23,0.0,6000,1000.0,999.8333333333334,False,False,False,False,,,,,9
7,[-0.0010708  -0.00208058 -0.00095413  0.00098344  0.00144057  0.00112668],838,CMAES,Schwefel2d23N6,0.0032707200029058123,1.5652598015127595e-27,13291968829577.758,0.21910552299993924,Continuous,Differentiable,Non-Separable,Scalable,Unimodal,6,True,False,Schwefel2d23,0.0,6000,1000.0,139.66666666666666,True,True,True,True,258.0,258.0,290.0,408.0,9
