,BestArm,NumberFunctionEval,Algorithm,CostFunction,EuclideanDistance,TrueRewardDifference,CumulativeRegret,TimeToComplete,Continuous,Differentiability,Separability,Scalability,Modality,Ndimensions,OptimizationSuccessful,BBOB,BaseClass,SD,MaxFeval,MaxFevalPerDimensions,FevalPerDimensions,SolveAt1,SolveAt1e-1,SolveAt1e-3,SolveAt1e-6,SolveEarlierAt1,SolveEarlierAt1e-1,SolveEarlierAt1e-3,SolveEarlierAt1e-6,simNumber
0,"[ 28.70552381  27.93476395  23.6660959   11.64751083  19.78534562
 -10.9021988 ]",6000,NiaPyNelderMead,Schwefel2d23N6,53.01343770892112,733631769926830.0,7.1512898397774316e+19,0.226969504000067,Continuous,Differentiable,Non-Separable,Scalable,Unimodal,6,True,False,Schwefel2d23,3.0,6000,1000.0,1000.0,False,False,False,False,,,,,3
1,[-0.49882307  0.69319134 -0.20168242 -0.05154419 -0.05839301  0.63265407],6000,NiaPyPSO,Schwefel2d23N6,1.0845885039165666,0.03684329951033831,6.526623976918651e+21,0.28281866899999386,Continuous,Differentiable,Non-Separable,Scalable,Unimodal,6,True,False,Schwefel2d23,3.0,6000,1000.0,1000.0,True,True,False,False,1629.0,1629.0,2466.0,5559.0,3
2,"[ 59.46546275 -15.08528159  70.40988918  19.09461565 -34.98507403
  81.30113639]",6000,NiaPySimulatedAnnealing,Schwefel2d23N6,130.07572411864456,1.6167532615289573e+19,1.972348427662348e+23,0.30588924899996073,Continuous,Differentiable,Non-Separable,Scalable,Unimodal,6,True,False,Schwefel2d23,3.0,6000,1000.0,1000.0,False,False,False,False,,,,,3
3,"[ 13.67971523   7.26619129  -3.0268575    8.06979165 -21.27931384
  -4.47129505]",6000,NiaPyCuckooSearch,Schwefel2d23N6,28.053827276362934,19267100291026.223,2.4877204993812675e+23,0.20001039999999648,Continuous,Differentiable,Non-Separable,Scalable,Unimodal,6,True,False,Schwefel2d23,3.0,6000,1000.0,1000.0,False,False,False,False,,,,,3
4,[ 1.10231315  0.3280443   0.13897063 -0.45315345 -0.22638011  0.34747041],6000,NiaPyDifferentialEvolution,Schwefel2d23N6,1.3112405784249057,2.649209843290031,2.4554220279998607e+22,1.050376156000084,Continuous,Differentiable,Non-Separable,Scalable,Unimodal,6,True,False,Schwefel2d23,3.0,6000,1000.0,1000.0,False,False,False,False,5074.0,5291.0,5828.0,,3
5,"[ -2.4863483   11.60177673 -15.6154179  -16.96531577  -1.62655761
   8.18355122]",6000,RandomSearch1,Schwefel2d23N6,27.240825365540978,2882824577160.249,2.1639633354719407e+23,0.262611598000035,Continuous,Differentiable,Non-Separable,Scalable,Unimodal,6,True,False,Schwefel2d23,3.0,6000,1000.0,1000.0,False,False,False,False,,,,,3
6,[ 0.81060814 -7.21600781 -0.04072388 -1.03325109 15.31209446 16.42635488],5999,RandomSearch2,Schwefel2d23N6,23.623769642516603,2139143005650.394,2.232595212042212e+23,0.2305398299999979,Continuous,Differentiable,Non-Separable,Scalable,Unimodal,6,True,False,Schwefel2d23,3.0,6000,1000.0,999.8333333333334,False,False,False,False,,,,,3
7,[ 0.73261782  0.79359574 -0.15785633 -0.16308166  0.25415297  0.21292645],4546,CMAES,Schwefel2d23N6,1.1523752550846063,0.1436255199398845,3.764032262329077e+18,1.0444926530000203,Continuous,Differentiable,Non-Separable,Scalable,Unimodal,6,True,False,Schwefel2d23,3.0,6000,1000.0,757.6666666666666,True,False,False,False,377.0,377.0,445.0,469.0,3
