,BestArm,NumberFunctionEval,Algorithm,CostFunction,EuclideanDistance,TrueRewardDifference,CumulativeRegret,TimeToComplete,Continuous,Differentiability,Separability,Scalability,Modality,Ndimensions,OptimizationSuccessful,BBOB,BaseClass,SD,MaxFeval,MaxFevalPerDimensions,FevalPerDimensions,SolveAt1,SolveAt1e-1,SolveAt1e-3,SolveAt1e-6,SolveEarlierAt1,SolveEarlierAt1e-1,SolveEarlierAt1e-3,SolveEarlierAt1e-6,simNumber
0,"[ 102.17056133  437.77727193   -0.5741584  -108.13274393   92.32157353
 -307.43678854]",600,NiaPyNelderMead,Schwefel2d26N6,1094.5981923594156,1825.122014056246,1128919.9088051463,0.01807919300000549,Continuous,Differentiable,Separable,Scalable,Multimodal,6,True,False,Schwefel2d26,0.0,600,100.0,100.0,False,False,False,False,,,,,2
1,"[-285.80092958  207.80335769   86.7454414  -356.32280521  423.32364616
 -292.93565652]",600,NiaPyPSO,Schwefel2d26N6,1330.6071063648785,1340.6222535075224,1478634.9492106102,0.023411576000000878,Continuous,Differentiable,Separable,Scalable,Multimodal,6,True,False,Schwefel2d26,0.0,600,100.0,100.0,False,False,False,False,,,,,2
2,"[ 398.70135031 -493.99454901 -342.38246241  158.98550379  110.54189502
 -423.01326452]",600,NiaPySimulatedAnnealing,Schwefel2d26N6,1515.8048748457818,2433.981891536429,1489057.7190381624,0.02528353099998526,Continuous,Differentiable,Separable,Scalable,Multimodal,6,True,False,Schwefel2d26,0.0,600,100.0,100.0,False,False,False,False,,,,,2
3,"[ 393.16425421  414.63381742  427.36289698 -320.44040138  349.53033145
 -350.68301851]",600,NiaPyCuckooSearch,Schwefel2d26N6,1072.88933390558,1109.9836372875404,1526327.8402731929,0.016628475999993952,Continuous,Differentiable,Separable,Scalable,Multimodal,6,True,False,Schwefel2d26,0.0,600,100.0,100.0,False,False,False,False,,,,,2
4,"[-500.         -500.          432.76033757 -500.          425.25278325
  451.33051783]",600,NiaPyDifferentialEvolution,Schwefel2d26N6,1595.5029066480267,847.461978372557,1258774.144579351,0.11198481799999627,Continuous,Differentiable,Separable,Scalable,Multimodal,6,True,False,Schwefel2d26,0.0,600,100.0,100.0,False,False,False,False,,,,,2
5,"[-314.86364096 -142.71968356 -177.91435978 -280.32184494  436.11953134
  419.33419035]",600,RandomSearch1,Schwefel2d26N6,1307.6297766241264,1223.9252902401718,1521721.541363683,0.029650080999999773,Continuous,Differentiable,Separable,Scalable,Multimodal,6,True,False,Schwefel2d26,0.0,600,100.0,100.0,False,False,False,False,,,,,2
6,"[430.78976138 406.31346962 272.47484553 424.1662665  240.71638812
 397.11138563]",599,RandomSearch2,Schwefel2d26N6,235.43996739360054,1096.2637560688436,1518840.8709618773,0.024443496000003506,Continuous,Differentiable,Separable,Scalable,Multimodal,6,True,False,Schwefel2d26,0.0,600,100.0,99.83333333333333,False,False,False,False,,,,,2
7,[65.11495744 65.96619133 65.57627528 65.20632094 65.74897385 65.67375137],604,CMAES,Schwefel2d26N6,870.6004041541188,2132.158435552324,1463348.392540624,0.1660970799999859,Continuous,Differentiable,Separable,Scalable,Multimodal,6,True,False,Schwefel2d26,0.0,600,100.0,100.66666666666667,False,False,False,False,,,,,2
