,BestArm,NumberFunctionEval,Algorithm,CostFunction,EuclideanDistance,TrueRewardDifference,CumulativeRegret,TimeToComplete,Continuous,Differentiability,Separability,Scalability,Modality,Ndimensions,OptimizationSuccessful,BBOB,BaseClass,SD,MaxFeval,MaxFevalPerDimensions,FevalPerDimensions,SolveAt1,SolveAt1e-1,SolveAt1e-3,SolveAt1e-6,SolveEarlierAt1,SolveEarlierAt1e-1,SolveEarlierAt1e-3,SolveEarlierAt1e-6,simNumber
0,[4.62789182 3.69937147 3.44142362 1.91728852 4.70223168 4.50346755],60000,NiaPyNelderMead,Schwefel2d4N6,7.295956218213186,1020.8102815501246,61299424.78347019,2.2071489620002467,Continuous,Differentiable,Separable,Non-Scalable,Multimodal,6,True,False,Schwefel2d4,0.0,60000,10000.0,10000.0,False,False,False,False,,,,,3
1,[0.67549941 0.86724661 0.83250743 0.8429128  0.82080242 0.        ],60000,NiaPyPSO,Schwefel2d4N6,1.098984084414788,1.7195213312044848,1043960.7654753443,2.73494470300011,Continuous,Differentiable,Separable,Non-Scalable,Multimodal,6,True,False,Schwefel2d4,0.0,60000,10000.0,10000.0,False,False,False,False,,,,,3
2,[1.87107567 0.87563431 2.36227969 1.89060856 0.91235588 3.21192291],60000,NiaPySimulatedAnnealing,Schwefel2d4N6,2.8850500278900277,101.26282137566211,655798801.3661737,2.8658032450002793,Continuous,Differentiable,Separable,Non-Scalable,Multimodal,6,True,False,Schwefel2d4,0.0,60000,10000.0,10000.0,False,False,False,False,,,,,3
3,[1.79453356 1.81719606 1.11880333 0.25853892 0.7649815  2.38940902],60000,NiaPyCuckooSearch,Schwefel2d4N6,1.9618009265191636,28.221942343448198,639332260.3528669,1.9832000659998812,Continuous,Differentiable,Separable,Non-Scalable,Multimodal,6,True,False,Schwefel2d4,0.0,60000,10000.0,10000.0,False,False,False,False,,,,,3
4,[1.19666001 1.36559978 1.07738044 1.07738045 1.07738045 1.07738045],60000,NiaPyDifferentialEvolution,Schwefel2d4N6,0.4430454728396704,0.7033253519655,2224828.200584304,10.739936918999774,Continuous,Differentiable,Separable,Non-Scalable,Multimodal,6,True,False,Schwefel2d4,0.0,60000,10000.0,10000.0,True,False,False,False,1580.0,,,,3
5,[1.03286454 0.94049293 0.86194509 0.33008758 0.23922768 1.6524135 ],60000,RandomSearch1,Schwefel2d4N6,1.215269881813891,6.271420198378138,612327741.7491126,2.5913879670001734,Continuous,Differentiable,Separable,Non-Scalable,Multimodal,6,True,False,Schwefel2d4,0.0,60000,10000.0,10000.0,False,False,False,False,,,,,3
6,[1.15960448 0.55195893 0.74096297 0.99752838 0.53773182 0.90604867],59999,RandomSearch2,Schwefel2d4N6,0.7182196064371547,2.553291259860493,609883811.7148097,2.313469146999978,Continuous,Differentiable,Separable,Non-Scalable,Multimodal,6,True,False,Schwefel2d4,0.0,60000,10000.0,9999.833333333334,False,False,False,False,,,,,3
7,[1.00000001 1.00000002 1.         1.00000001 0.99999999 1.        ],1513,CMAES,Schwefel2d4N6,2.5016767901381314e-08,2.3963136983796065e-15,7316.752826775626,0.39242214299974876,Continuous,Differentiable,Separable,Non-Scalable,Multimodal,6,True,False,Schwefel2d4,0.0,60000,10000.0,252.16666666666666,True,True,True,True,164.0,261.0,380.0,700.0,3
