,BestArm,NumberFunctionEval,Algorithm,CostFunction,EuclideanDistance,TrueRewardDifference,CumulativeRegret,TimeToComplete,Continuous,Differentiability,Separability,Scalability,Modality,Ndimensions,OptimizationSuccessful,BBOB,BaseClass,SD,MaxFeval,MaxFevalPerDimensions,FevalPerDimensions,SolveAt1,SolveAt1e-1,SolveAt1e-3,SolveAt1e-6,SolveEarlierAt1,SolveEarlierAt1e-1,SolveEarlierAt1e-3,SolveEarlierAt1e-6,simNumber
0,"[-3.33536787e+02  2.39212864e+02  4.44387890e+02  4.28812866e-01
 -2.86234821e+02  3.46683289e+02]",6000,NiaPyNelderMead,Schwefel2d26N6,1133.7421693215829,1732.022120932827,10410971.749720678,0.23118162699995537,Continuous,Differentiable,Separable,Scalable,Multimodal,6,True,False,Schwefel2d26,3.0,6000,1000.0,1000.0,False,False,False,False,,,,,0
1,"[   6.37371307 -302.32642687   57.85375138 -123.79017378  417.0235806
  416.93414491]",6000,NiaPyPSO,Schwefel2d26N6,1060.0431928755866,1196.8894919929721,14233676.975310981,0.2812383550000277,Continuous,Differentiable,Separable,Scalable,Multimodal,6,True,False,Schwefel2d26,3.0,6000,1000.0,1000.0,False,False,False,False,,,,,0
2,"[ 454.29864616 -125.59650689  241.85879963 -339.52406183 -465.42599147
 -346.8191977 ]",6000,NiaPySimulatedAnnealing,Schwefel2d26N6,1511.7764711315922,2040.2487814600875,13180413.32233752,0.3035365890000321,Continuous,Differentiable,Separable,Scalable,Multimodal,6,True,False,Schwefel2d26,3.0,6000,1000.0,1000.0,False,False,False,False,,,,,0
3,"[ 420.7156271  -239.49851098  424.86789633  443.98793925  472.78470697
 -261.21722111]",6000,NiaPyCuckooSearch,Schwefel2d26N6,951.2227582284943,1149.2471886424398,14560206.11430725,0.2077173950000315,Continuous,Differentiable,Separable,Scalable,Multimodal,6,True,False,Schwefel2d26,3.0,6000,1000.0,1000.0,False,False,False,False,,,,,0
4,"[420.31878765 427.98736264 419.2289713  416.38655434 417.64711058
 428.21725142]",6000,NiaPyDifferentialEvolution,Schwefel2d26N6,11.716689575171173,17.314728588606613,6435169.589423293,1.0895240769999646,Continuous,Differentiable,Separable,Scalable,Multimodal,6,True,False,Schwefel2d26,3.0,6000,1000.0,1000.0,False,False,False,False,,,,,0
5,"[409.88936107 409.88936107 409.88936107 409.88936107 409.88936107
 409.88936107]",6000,RandomSearch1,Schwefel2d26N6,27.138839746950325,91.96449836193642,15043990.389378155,0.26102849699998387,Continuous,Differentiable,Separable,Scalable,Multimodal,6,True,False,Schwefel2d26,3.0,6000,1000.0,1000.0,False,False,False,False,,,,,0
6,"[409.88936107 409.88936107 409.88936107 409.88936107 409.88936107
 409.88936107]",5999,RandomSearch2,Schwefel2d26N6,27.138839746950325,91.96449836193642,15042664.608876485,0.2469645410000112,Continuous,Differentiable,Separable,Scalable,Multimodal,6,True,False,Schwefel2d26,3.0,6000,1000.0,999.8333333333334,False,False,False,False,,,,,0
7,"[422.66858702 422.01924592 421.68824468 420.18512843 421.02071536
 420.62489906]",4906,CMAES,Schwefel2d26N6,2.29034406457783,0.6621387323593808,12999.659457797521,1.1577483820000225,Continuous,Differentiable,Separable,Scalable,Multimodal,6,True,False,Schwefel2d26,3.0,6000,1000.0,817.6666666666666,True,False,False,False,269.0,405.0,,,0
