,BestArm,NumberFunctionEval,Algorithm,CostFunction,EuclideanDistance,TrueRewardDifference,CumulativeRegret,TimeToComplete,Continuous,Differentiability,Separability,Scalability,Modality,Ndimensions,OptimizationSuccessful,BBOB,BaseClass,SD,MaxFeval,MaxFevalPerDimensions,FevalPerDimensions,SolveAt1,SolveAt1e-1,SolveAt1e-3,SolveAt1e-6,SolveEarlierAt1,SolveEarlierAt1e-1,SolveEarlierAt1e-3,SolveEarlierAt1e-6,simNumber
0,[2.96665115 1.3976759  3.39213213 0.1279178  4.10774388 0.56165267],600,NiaPyNelderMead,Schwefel2d4N6,4.512084527718069,337.4904417644154,308212.40520552977,0.021711539000008884,Continuous,Differentiable,Separable,Non-Scalable,Multimodal,6,True,False,Schwefel2d4,0.0,600,100.0,100.0,False,False,False,False,,,,,9
1,[0.43858103 0.5874992  0.70646769 0.34785409 0.78680686 0.60311609],600,NiaPyPSO,Schwefel2d4N6,1.0953409621850505,1.4118208598922246,597896.9969495811,0.027493149999997968,Continuous,Differentiable,Separable,Non-Scalable,Multimodal,6,True,False,Schwefel2d4,0.0,600,100.0,100.0,False,False,False,False,,,,,9
2,[7.59511949 4.2494534  9.34941908 4.17231591 6.93236512 7.25390505],600,NiaPySimulatedAnnealing,Schwefel2d4N6,14.426892248704869,12958.039343039767,13251641.015818734,0.030473541999995746,Continuous,Differentiable,Separable,Non-Scalable,Multimodal,6,True,False,Schwefel2d4,0.0,600,100.0,100.0,False,False,False,False,,,,,9
3,[2.64670017 1.56528929 4.43232339 1.42419095 3.06700612 0.64101966],600,NiaPyCuckooSearch,Schwefel2d4N6,4.403786596356866,378.46224087845707,6653858.025962805,0.02027810700000998,Continuous,Differentiable,Separable,Non-Scalable,Multimodal,6,True,False,Schwefel2d4,0.0,600,100.0,100.0,False,False,False,False,,,,,9
4,[0.34401577 0.58591801 0.         0.81582414 0.71814225 0.        ],600,NiaPyDifferentialEvolution,Schwefel2d4N6,1.6477693254882797,3.1356461085385936,2434490.918046053,0.10226279799999816,Continuous,Differentiable,Separable,Non-Scalable,Multimodal,6,True,False,Schwefel2d4,0.0,600,100.0,100.0,False,False,False,False,,,,,9
5,[0.56215845 2.26919697 2.02024856 0.27493695 1.63611553 3.04973356],600,RandomSearch1,Schwefel2d4N6,2.824046803885493,122.53630149850541,6226013.366261457,0.026431707000000415,Continuous,Differentiable,Separable,Non-Scalable,Multimodal,6,True,False,Schwefel2d4,0.0,600,100.0,100.0,False,False,False,False,,,,,9
6,[3.33464814 0.47619416 0.03239627 1.28908063 1.91373111 0.6162231 ],599,RandomSearch2,Schwefel2d4N6,2.779742494978086,100.74621298169659,5971288.741698092,0.023497493000007807,Continuous,Differentiable,Separable,Non-Scalable,Multimodal,6,True,False,Schwefel2d4,0.0,600,100.0,99.83333333333333,False,False,False,False,,,,,9
7,[1.00074928 0.99975755 1.00008732 1.00051154 0.99977171 0.99936749],604,CMAES,Schwefel2d4N6,0.0011583148911839909,9.34213588744741e-06,9347.721722452663,0.1698347319999982,Continuous,Differentiable,Separable,Non-Scalable,Multimodal,6,True,False,Schwefel2d4,0.0,600,100.0,100.66666666666667,True,True,True,False,224.0,317.0,460.0,,9
