,BestArm,NumberFunctionEval,Algorithm,CostFunction,EuclideanDistance,TrueRewardDifference,CumulativeRegret,TimeToComplete,Continuous,Differentiability,Separability,Scalability,Modality,Ndimensions,OptimizationSuccessful,BBOB,BaseClass,SD,MaxFeval,MaxFevalPerDimensions,FevalPerDimensions,SolveAt1,SolveAt1e-1,SolveAt1e-3,SolveAt1e-6,SolveEarlierAt1,SolveEarlierAt1e-1,SolveEarlierAt1e-3,SolveEarlierAt1e-6,simNumber
0,[ 19.32588771 -18.42091023],40,NiaPyNelderMead,Schwefel2d20N2,26.698686661724967,37.74679793949798,1629.3091223052174,0.002164326999988475,Continuous,Non-Differentiable,Separable,Scalable,Unimodal,2,True,False,Schwefel2d20,0.0,40,20.0,20.0,False,False,False,False,,,,,6
1,[36.35924056  0.9136633 ],40,NiaPyPSO,Schwefel2d20N2,36.37071837112182,37.272903860235736,3698.37633394171,0.001640930999997181,Continuous,Non-Differentiable,Separable,Scalable,Unimodal,2,True,False,Schwefel2d20,0.0,40,20.0,20.0,False,False,False,False,,,,,6
2,[-34.14816348  11.04212814],40,NiaPySimulatedAnnealing,Schwefel2d20N2,35.88907441863151,45.19029161284587,1823.8140360494654,0.0017943379999962872,Continuous,Non-Differentiable,Separable,Scalable,Unimodal,2,True,False,Schwefel2d20,0.0,40,20.0,20.0,False,False,False,False,,,,,6
3,[ 1.61685614 -2.21049286],40,NiaPyCuckooSearch,Schwefel2d20N2,2.738704528411019,3.8273490085326003,4225.412358156507,0.0011915439999938826,Continuous,Non-Differentiable,Separable,Scalable,Unimodal,2,True,False,Schwefel2d20,0.0,40,20.0,20.0,False,False,False,False,,,,,6
4,[-9.09271136 -8.73342399],40,NiaPyDifferentialEvolution,Schwefel2d20N2,12.607541173144753,17.826135348032594,3208.6295906605355,0.005564761999991674,Continuous,Non-Differentiable,Separable,Scalable,Unimodal,2,True,False,Schwefel2d20,0.0,40,20.0,20.0,False,False,False,False,,,,,6
5,[10.01993724 -2.07439689],40,RandomSearch1,Schwefel2d20N2,10.232412456376215,12.09433412651908,2983.9870664907844,0.0012833379999932504,Continuous,Non-Differentiable,Separable,Scalable,Unimodal,2,True,False,Schwefel2d20,0.0,40,20.0,20.0,False,False,False,False,,,,,6
6,[35.27726667 -1.67116534],39,RandomSearch2,Schwefel2d20N2,35.316827962739566,36.94843200677655,3422.3951423143294,0.0009532379999939167,Continuous,Non-Differentiable,Separable,Scalable,Unimodal,2,True,False,Schwefel2d20,0.0,40,20.0,19.5,False,False,False,False,,,,,6
7,[-0.31626394  2.03829693],43,CMAES,Schwefel2d20N2,2.062686898115215,2.3545608685608563,2163.3588973084534,0.05303290799999161,Continuous,Non-Differentiable,Separable,Scalable,Unimodal,2,True,False,Schwefel2d20,0.0,40,20.0,21.5,False,False,False,False,,,,,6
