,BestArm,NumberFunctionEval,Algorithm,CostFunction,EuclideanDistance,TrueRewardDifference,CumulativeRegret,TimeToComplete,Continuous,Differentiability,Separability,Scalability,Modality,Ndimensions,OptimizationSuccessful,BBOB,BaseClass,SD,MaxFeval,MaxFevalPerDimensions,FevalPerDimensions,SolveAt1,SolveAt1e-1,SolveAt1e-3,SolveAt1e-6,SolveEarlierAt1,SolveEarlierAt1e-1,SolveEarlierAt1e-3,SolveEarlierAt1e-6,simNumber
0,"[  51.73722458  438.49304594 -307.2998953  -306.77050992  443.88820141
 -237.72628108]",120,NiaPyNelderMead,Schwefel2d26N6,1277.1151459984626,1210.6436059376663,161802.18576399257,0.005377874999993537,Continuous,Differentiable,Separable,Scalable,Multimodal,6,True,False,Schwefel2d26,3.0,120,20.0,20.0,False,False,False,False,,,,,9
1,"[ 177.80339948  437.37224832  404.52752696   19.43610543  -15.47553282
 -497.42163342]",120,NiaPyPSO,Schwefel2d26N6,1120.1882579673347,1474.4954789182807,289060.4958738619,0.005591731999999183,Continuous,Differentiable,Separable,Scalable,Multimodal,6,True,False,Schwefel2d26,3.0,120,20.0,20.0,False,False,False,False,,,,,9
2,"[ 346.14834244   18.4206623   487.53117835 -414.26038304 -242.50489156
  -71.07552081]",120,NiaPySimulatedAnnealing,Schwefel2d26N6,1245.7873558973818,3163.4651966983247,380493.07041412394,0.006476612000000159,Continuous,Differentiable,Separable,Scalable,Multimodal,6,True,False,Schwefel2d26,3.0,120,20.0,20.0,False,False,False,False,,,,,9
3,"[ 383.58719019 -295.06785311  452.27226581   11.52137883 -196.20440008
  428.85063411]",120,NiaPyCuckooSearch,Schwefel2d26N6,1031.3571957480726,1449.4314915986279,304696.04810463067,0.004504070999999499,Continuous,Differentiable,Separable,Scalable,Multimodal,6,True,False,Schwefel2d26,3.0,120,20.0,20.0,False,False,False,False,,,,,9
4,"[ 370.90497711 -500.          500.          407.53646526 -288.41518252
 -282.38434707]",120,NiaPyDifferentialEvolution,Schwefel2d26N6,1362.0012147240752,1442.6691092819171,289196.42942100356,0.017851988999993296,Continuous,Differentiable,Separable,Scalable,Multimodal,6,True,False,Schwefel2d26,3.0,120,20.0,20.0,False,False,False,False,,,,,9
5,"[434.35887168 434.35887168 434.35887168 434.35887168 434.35887168
 434.35887168]",120,RandomSearch1,Schwefel2d26N6,32.798975514732874,135.23251082560137,306451.05454999174,0.005253218000007109,Continuous,Differentiable,Separable,Scalable,Multimodal,6,True,False,Schwefel2d26,3.0,120,20.0,20.0,False,False,False,False,,,,,9
6,"[434.35887168 434.35887168 434.35887168 434.35887168 434.35887168
 434.35887168]",119,RandomSearch2,Schwefel2d26N6,32.798975514732874,135.23251082560137,306225.62098919315,0.004781102999999121,Continuous,Differentiable,Separable,Scalable,Multimodal,6,True,False,Schwefel2d26,3.0,120,20.0,19.833333333333332,False,False,False,False,,,,,9
7,"[421.25739109 418.88680182 425.25015395 420.89522723 420.78514166
 418.74336635]",127,CMAES,Schwefel2d26N6,5.266848371295627,3.5007263928623615,11462.889193678568,0.06980954799999495,Continuous,Differentiable,Separable,Scalable,Multimodal,6,True,False,Schwefel2d26,3.0,120,20.0,21.166666666666668,False,False,False,False,,,,,9
