,BestArm,NumberFunctionEval,Algorithm,CostFunction,EuclideanDistance,TrueRewardDifference,CumulativeRegret,TimeToComplete,Continuous,Differentiability,Separability,Scalability,Modality,Ndimensions,OptimizationSuccessful,BBOB,BaseClass,SD,MaxFeval,MaxFevalPerDimensions,FevalPerDimensions,SolveAt1,SolveAt1e-1,SolveAt1e-3,SolveAt1e-6,SolveEarlierAt1,SolveEarlierAt1e-1,SolveEarlierAt1e-3,SolveEarlierAt1e-6,simNumber
0,"[  9.03838032   2.92054447 -21.59900211  23.51335726  36.44340436
   0.39697274]",600,NiaPyNelderMead,Schwefel2d21N6,49.375055128711104,36.44340435992829,22383.83637234683,0.02257399900000223,Continuous,Non-Differentiable,Separable,Scalable,Unimodal,6,True,False,Schwefel2d21,3.0,600,100.0,100.0,False,False,False,False,,,,,0
1,"[ -1.46831563  -4.81349167  30.31684098 -17.82644018 -28.2444801
 -16.18264432]",600,NiaPyPSO,Schwefel2d21N6,48.18554869433612,30.316840984480717,38752.82187697864,0.026370481000000723,Continuous,Non-Differentiable,Separable,Scalable,Unimodal,6,True,False,Schwefel2d21,3.0,600,100.0,100.0,False,False,False,False,,,,,0
2,[17.05912219 95.71051465 38.46469468 83.03404713 68.6982915  14.54386801],600,NiaPySimulatedAnnealing,Schwefel2d21N6,150.8531780797569,95.71051465480109,57794.880686767545,0.028047462999992945,Continuous,Non-Differentiable,Separable,Scalable,Unimodal,6,True,False,Schwefel2d21,3.0,600,100.0,100.0,False,False,False,False,,,,,0
3,"[-21.89530909 -10.96923139  -0.56648861 -28.36274198 -14.47917749
  36.23182889]",600,NiaPyCuckooSearch,Schwefel2d21N6,54.100708359856,36.23182889483499,49036.167204291385,0.01911698100001047,Continuous,Non-Differentiable,Separable,Scalable,Unimodal,6,True,False,Schwefel2d21,3.0,600,100.0,100.0,False,False,False,False,,,,,0
4,"[-26.97924137  -4.89834154  28.9833051    5.37374784   8.18672687
  -2.536454  ]",600,NiaPyDifferentialEvolution,Schwefel2d21N6,41.16112791658058,28.983305102851183,42041.60721709717,0.10099963800000467,Continuous,Non-Differentiable,Separable,Scalable,Unimodal,6,True,False,Schwefel2d21,3.0,600,100.0,100.0,False,False,False,False,,,,,0
5,[19.86149371 19.86149371 19.86149371 19.86149371 19.86149371 19.86149371],600,RandomSearch1,Schwefel2d21N6,48.65052511900869,19.861493710004524,47990.784563339286,0.023839355999996314,Continuous,Non-Differentiable,Separable,Scalable,Unimodal,6,True,False,Schwefel2d21,3.0,600,100.0,100.0,False,False,False,False,,,,,0
6,"[ 15.77568676 -19.96468497  -3.58773893   8.41672445 -17.04996609
  19.58293167]",599,RandomSearch2,Schwefel2d21N6,37.488219703277856,19.96468497053085,47105.59183175069,0.021555949999992663,Continuous,Non-Differentiable,Separable,Scalable,Unimodal,6,True,False,Schwefel2d21,3.0,600,100.0,99.83333333333333,False,False,False,False,,,,,0
7,[18.93189321 19.60328411 20.12344868 19.47893414 19.24234769 19.63581915],604,CMAES,Schwefel2d21N6,47.77991972239627,20.123448680831046,12438.427146551849,0.17151838499999883,Continuous,Non-Differentiable,Separable,Scalable,Unimodal,6,True,False,Schwefel2d21,3.0,600,100.0,100.66666666666667,False,False,False,False,,,,,0
