,BestArm,NumberFunctionEval,Algorithm,CostFunction,EuclideanDistance,TrueRewardDifference,CumulativeRegret,TimeToComplete,Continuous,Differentiability,Separability,Scalability,Modality,Ndimensions,OptimizationSuccessful,BBOB,BaseClass,SD,MaxFeval,MaxFevalPerDimensions,FevalPerDimensions,SolveAt1,SolveAt1e-1,SolveAt1e-3,SolveAt1e-6,SolveEarlierAt1,SolveEarlierAt1e-1,SolveEarlierAt1e-3,SolveEarlierAt1e-6,simNumber
0,[4.54137451 3.42224678 3.01145645 2.44882256 6.08224389 3.54646108],60000,NiaPyNelderMead,Schwefel2d4N6,7.54104261290149,1507.2820232052438,90509707.62267523,2.213735947999794,Continuous,Differentiable,Separable,Non-Scalable,Multimodal,6,True,False,Schwefel2d4,0.0,60000,10000.0,10000.0,False,False,False,False,,,,,0
1,[1.0291355  1.00444595 0.95606719 1.00433421 1.11055553 0.99312028],60000,NiaPyPSO,Schwefel2d4N6,0.12283068099413953,0.07358768974513157,1192522.6670366197,2.66773434300012,Continuous,Differentiable,Separable,Non-Scalable,Multimodal,6,True,False,Schwefel2d4,0.0,60000,10000.0,10000.0,True,True,False,False,782.0,58231.0,,,0
2,[0.87498759 0.82663422 2.2581607  0.60471639 1.18417979 1.82426129],60000,NiaPySimulatedAnnealing,Schwefel2d4N6,1.5805790475080055,26.946012677976146,624624389.248564,2.8544924230000106,Continuous,Differentiable,Separable,Non-Scalable,Multimodal,6,True,False,Schwefel2d4,0.0,60000,10000.0,10000.0,False,False,False,False,,,,,0
3,[2.18805928 1.9270676  0.44955783 1.20393568 0.49035109 1.16583604],60000,NiaPyCuckooSearch,Schwefel2d4N6,1.703748554738396,20.957439977678003,641269406.8085448,1.9633824350003124,Continuous,Differentiable,Separable,Non-Scalable,Multimodal,6,True,False,Schwefel2d4,0.0,60000,10000.0,10000.0,False,False,False,False,,,,,0
4,[0.68699575 0.8720026  0.8720026  0.8720026  0.         0.8720026 ],60000,NiaPyDifferentialEvolution,Schwefel2d4N6,1.0786588874666658,1.7032531764143808,3048911.033496385,10.587832022999919,Continuous,Differentiable,Separable,Non-Scalable,Multimodal,6,True,False,Schwefel2d4,0.0,60000,10000.0,10000.0,False,False,False,False,,,,,0
5,[1.43901004 0.59119215 1.51817035 0.76948898 0.67374324 0.78427225],60000,RandomSearch1,Schwefel2d4N6,0.9134940929140286,5.536717419751362,607779777.1864587,2.5892061240001567,Continuous,Differentiable,Separable,Non-Scalable,Multimodal,6,True,False,Schwefel2d4,0.0,60000,10000.0,10000.0,False,False,False,False,,,,,0
6,[0.73550914 0.90156677 1.70071708 0.37242464 1.61824737 2.06462638],59999,RandomSearch2,Schwefel2d4N6,1.5748520284124687,23.519955271221853,610093474.2844139,2.3131846549999864,Continuous,Differentiable,Separable,Non-Scalable,Multimodal,6,True,False,Schwefel2d4,0.0,60000,10000.0,9999.833333333334,False,False,False,False,,,,,0
7,[0.99999994 0.99999998 0.99999996 0.99999995 0.99999996 0.99999995],1567,CMAES,Schwefel2d4N6,1.1122927660926401e-07,2.201104288173461e-14,8011.124289706369,0.39369865700018636,Continuous,Differentiable,Separable,Non-Scalable,Multimodal,6,True,False,Schwefel2d4,0.0,60000,10000.0,261.1666666666667,True,True,True,True,129.0,262.0,479.0,833.0,0
