,BestArm,NumberFunctionEval,Algorithm,CostFunction,EuclideanDistance,TrueRewardDifference,CumulativeRegret,TimeToComplete,Continuous,Differentiability,Separability,Scalability,Modality,Ndimensions,OptimizationSuccessful,BBOB,BaseClass,SD,MaxFeval,MaxFevalPerDimensions,FevalPerDimensions,SolveAt1,SolveAt1e-1,SolveAt1e-3,SolveAt1e-6,SolveEarlierAt1,SolveEarlierAt1e-1,SolveEarlierAt1e-3,SolveEarlierAt1e-6,simNumber
0,[-6.9661905 -5.3643461],20000,NiaPyNelderMead,Shubert,1.872489423138751,148.58375427625938,2971863.9448243654,1.3030578660000174,Continuous,Differentiable,Non-Separable,Non-Scalable,Multimodal,2,True,False,Shubert,0.0,20000,10000.0,10000.0,False,False,False,False,,,,,6
1,[-7.08178372 -1.42548768],20000,NiaPyPSO,Shubert,0.0017595239501804222,0.006848281823238267,3660168.620823105,1.1028521319999527,Continuous,Differentiable,Non-Separable,Non-Scalable,Multimodal,2,True,False,Shubert,0.0,20000,10000.0,10000.0,True,True,False,False,3416.0,3746.0,,,6
2,[-1.42231941 -7.08026225],20000,NiaPySimulatedAnnealing,Shubert,0.004267873502926745,0.04164070449292012,3732919.6781296805,1.186430067999936,Continuous,Differentiable,Non-Separable,Non-Scalable,Multimodal,2,True,False,Shubert,0.0,20000,10000.0,10000.0,True,True,False,False,7940.0,7940.0,,,6
3,[4.95176512 5.39228796],20000,NiaPyCuckooSearch,Shubert,0.13032393218705637,36.62962983592081,3746306.040940821,0.8949942010003724,Continuous,Differentiable,Non-Separable,Non-Scalable,Multimodal,2,True,False,Shubert,0.0,20000,10000.0,10000.0,False,False,False,False,,,,,6
4,[-7.70831374 -7.08350641],20000,NiaPyDifferentialEvolution,Shubert,1.5156721302454753e-05,8.831023990296671e-06,1081163.0083493877,3.487544799999796,Continuous,Differentiable,Non-Separable,Non-Scalable,Multimodal,2,True,False,Shubert,0.0,20000,10000.0,10000.0,True,True,True,False,1316.0,2254.0,2935.0,7385.0,6
5,[-7.09010516  4.85378456],20000,RandomSearch1,Shubert,0.007835692228307305,0.1387585634979871,3737405.767382756,0.7363447269999597,Continuous,Differentiable,Non-Separable,Non-Scalable,Multimodal,2,True,False,Shubert,0.0,20000,10000.0,10000.0,True,False,False,False,10898.0,,,,6
6,[-0.8199578  4.8514355],19999,RandomSearch2,Shubert,0.0207249094542239,0.9552211832787236,3732448.2585150637,0.8353408859998126,Continuous,Differentiable,Non-Separable,Non-Scalable,Multimodal,2,True,False,Shubert,0.0,20000,10000.0,9999.5,True,False,False,False,15066.0,,,,6
7,[ 0.37509529 -7.74242587],577,CMAES,Shubert,1.1758905840283562,139.7918037640627,90322.97935717192,0.20190270200009763,Continuous,Differentiable,Non-Separable,Non-Scalable,Multimodal,2,True,False,Shubert,0.0,20000,10000.0,288.5,False,False,False,False,,,,,6
