,BestArm,NumberFunctionEval,Algorithm,CostFunction,EuclideanDistance,TrueRewardDifference,CumulativeRegret,TimeToComplete,Continuous,Differentiability,Separability,Scalability,Modality,Ndimensions,OptimizationSuccessful,BBOB,BaseClass,SD,MaxFeval,MaxFevalPerDimensions,FevalPerDimensions,SolveAt1,SolveAt1e-1,SolveAt1e-3,SolveAt1e-6,SolveEarlierAt1,SolveEarlierAt1e-1,SolveEarlierAt1e-3,SolveEarlierAt1e-6,simNumber
0,[ 0.46565442 -2.56665523],200000,NiaPyNelderMead,Shubert,1.704637483919015,178.52165676282175,35703940.87063758,14.069169199996395,Continuous,Differentiable,Non-Separable,Non-Scalable,Multimodal,2,True,False,Shubert,3.0,200000,100000.0,100000.0,False,False,False,False,,,,,8
1,[-7.71376397 -0.77315816],200000,NiaPyPSO,Shubert,0.02768635654516616,1.6897799324493974,35856646.46395914,12.506363838998368,Continuous,Differentiable,Non-Separable,Non-Scalable,Multimodal,2,True,False,Shubert,3.0,200000,100000.0,100000.0,False,False,False,False,828.0,4454.0,,,8
2,[-7.70469314 -7.0638884 ],200000,NiaPySimulatedAnnealing,Shubert,0.019940518964458392,0.8777578600203526,37401511.4754397,13.508385061002627,Continuous,Differentiable,Non-Separable,Non-Scalable,Multimodal,2,True,False,Shubert,3.0,200000,100000.0,100000.0,True,False,False,False,11348.0,105930.0,,,8
3,[-7.09095987 -7.68424884],200000,NiaPyCuckooSearch,Shubert,0.025181497198131737,1.4796374463306563,37344420.11770469,10.349175020004623,Continuous,Differentiable,Non-Separable,Non-Scalable,Multimodal,2,True,False,Shubert,3.0,200000,100000.0,100000.0,False,False,False,False,111583.0,111583.0,,,8
4,[-7.0907633 -1.4347791],200000,NiaPyDifferentialEvolution,Shubert,0.012101264837270535,0.3327266677587204,23410970.34855659,37.76063391200296,Continuous,Differentiable,Non-Separable,Non-Scalable,Multimodal,2,True,False,Shubert,3.0,200000,100000.0,100000.0,True,False,False,False,756.0,1525.0,9417.0,,8
5,[-7.71751917 -0.81226274],200000,RandomSearch1,Shubert,0.015102985213709024,0.5121318767614014,37344529.43641288,8.8100649889966,Continuous,Differentiable,Non-Separable,Non-Scalable,Multimodal,2,True,False,Shubert,3.0,200000,100000.0,100000.0,True,False,False,False,10122.0,155636.0,,,8
6,[ 4.86550388 -7.07958305],199999,RandomSearch2,Shubert,0.008464673118835737,0.16349038230248425,37342624.998905815,9.622640962996229,Continuous,Differentiable,Non-Separable,Non-Scalable,Multimodal,2,True,False,Shubert,3.0,200000,100000.0,99999.5,True,False,False,False,85856.0,185872.0,,,8
7,[ 7.13094457 -7.09503977],3031,CMAES,Shubert,1.758541624878539,133.10334520025026,409941.92046452896,0.8894643910025479,Continuous,Differentiable,Non-Separable,Non-Scalable,Multimodal,2,True,False,Shubert,3.0,200000,100000.0,1515.5,False,False,False,False,,,,,8
