,BestArm,NumberFunctionEval,Algorithm,CostFunction,EuclideanDistance,TrueRewardDifference,CumulativeRegret,TimeToComplete,Continuous,Differentiability,Separability,Scalability,Modality,Ndimensions,OptimizationSuccessful,BBOB,BaseClass,SD,MaxFeval,MaxFevalPerDimensions,FevalPerDimensions,SolveAt1,SolveAt1e-1,SolveAt1e-3,SolveAt1e-6,SolveEarlierAt1,SolveEarlierAt1e-1,SolveEarlierAt1e-3,SolveEarlierAt1e-6,simNumber
0,[-3.66161431 -4.99392001],40,NiaPyNelderMead,Shubert,3.060774541604505,183.30582646549126,7367.441775843701,0.00341195100000391,Continuous,Differentiable,Non-Separable,Non-Scalable,Multimodal,2,True,False,Shubert,0.0,40,20.0,20.0,False,False,False,False,,,,,1
1,[ 6.05876034 -0.81139908],40,NiaPyPSO,Shubert,0.8416407392246077,64.95177380700318,7263.007171095047,0.0024990579999979445,Continuous,Differentiable,Non-Separable,Non-Scalable,Multimodal,2,True,False,Shubert,0.0,40,20.0,20.0,False,False,False,False,,,,,1
2,[-0.10509999 -2.04962207],40,NiaPySimulatedAnnealing,Shubert,0.9345217352155686,141.80119243890303,7567.526878491392,0.002813400999997384,Continuous,Differentiable,Non-Separable,Non-Scalable,Multimodal,2,True,False,Shubert,0.0,40,20.0,20.0,False,False,False,False,,,,,1
3,[-0.692723    6.27325071],40,NiaPyCuckooSearch,Shubert,1.0775845158169253,126.19215749841612,7288.39178654936,0.0021332849999993186,Continuous,Differentiable,Non-Separable,Non-Scalable,Multimodal,2,True,False,Shubert,0.0,40,20.0,20.0,False,False,False,False,,,,,1
4,[-7.49974344 -0.83846789],40,NiaPyDifferentialEvolution,Shubert,0.21202034704330625,98.58378640014962,7468.381945876494,0.006386979000012616,Continuous,Differentiable,Non-Separable,Non-Scalable,Multimodal,2,True,False,Shubert,0.0,40,20.0,20.0,False,False,False,False,,,,,1
5,[-0.57374281 -0.26311563],40,RandomSearch1,Shubert,1.0066658441118899,131.68056867075185,7154.47208199994,0.0017278079999982765,Continuous,Differentiable,Non-Separable,Non-Scalable,Multimodal,2,True,False,Shubert,0.0,40,20.0,20.0,False,False,False,False,,,,,1
6,[ 6.10047816 -6.97158143],39,RandomSearch2,Shubert,0.9613951117330266,80.91156644131217,7017.770333193764,0.0018252440000026127,Continuous,Differentiable,Non-Separable,Non-Scalable,Multimodal,2,True,False,Shubert,0.0,40,20.0,19.5,False,False,False,False,,,,,1
7,[4.87119026 2.31187046],43,CMAES,Shubert,2.6185572545610842,149.27339641197972,7965.248412908247,0.05340682700000343,Continuous,Differentiable,Non-Separable,Non-Scalable,Multimodal,2,True,False,Shubert,0.0,40,20.0,21.5,False,False,False,False,,,,,1
