,BestArm,NumberFunctionEval,Algorithm,CostFunction,EuclideanDistance,TrueRewardDifference,CumulativeRegret,TimeToComplete,Continuous,Differentiability,Separability,Scalability,Modality,Ndimensions,OptimizationSuccessful,BBOB,BaseClass,SD,MaxFeval,MaxFevalPerDimensions,FevalPerDimensions,SolveAt1,SolveAt1e-1,SolveAt1e-3,SolveAt1e-6,SolveEarlierAt1,SolveEarlierAt1e-1,SolveEarlierAt1e-3,SolveEarlierAt1e-6,simNumber
0,[-7.07977364 -6.50801389],20000,NiaPyNelderMead,Shubert,0.8521910818290326,64.84011957169267,1297326.6449650112,1.303121598999951,Continuous,Differentiable,Non-Separable,Non-Scalable,Multimodal,2,True,False,Shubert,0.0,20000,10000.0,10000.0,False,False,False,False,,,,,5
1,[5.4818902  4.85729129],20000,NiaPyPSO,Shubert,0.0011532614676440394,0.0034536508309770397,3680202.694835701,1.1136633959999926,Continuous,Differentiable,Non-Separable,Non-Scalable,Multimodal,2,True,False,Shubert,0.0,20000,10000.0,10000.0,True,True,False,False,364.0,6846.0,,,5
2,[-1.4402823   5.47636319],20000,NiaPySimulatedAnnealing,Shubert,0.016490442709675673,0.6256731987197384,3728059.2396620605,1.1988667600003282,Continuous,Differentiable,Non-Separable,Non-Scalable,Multimodal,2,True,False,Shubert,0.0,20000,10000.0,10000.0,True,False,False,False,3458.0,,,,5
3,[-0.73563285 -1.49324096],20000,NiaPyCuckooSearch,Shubert,0.09394163585194149,19.03525420892501,3748349.218007795,0.9059644620001563,Continuous,Differentiable,Non-Separable,Non-Scalable,Multimodal,2,True,False,Shubert,0.0,20000,10000.0,10000.0,False,False,False,False,,,,,5
4,[-7.08350641  4.85805688],20000,NiaPyDifferentialEvolution,Shubert,5.7239194539257335e-05,8.831023961874962e-06,1667353.7340162355,3.5761889779996636,Continuous,Differentiable,Non-Separable,Non-Scalable,Multimodal,2,True,False,Shubert,0.0,20000,10000.0,10000.0,True,True,True,False,1004.0,2040.0,3352.0,4079.0,5
5,[-1.41534713  5.47223889],20000,RandomSearch1,Shubert,0.014375518478917557,0.4730811966675219,3735756.447598922,0.7549411189997954,Continuous,Differentiable,Non-Separable,Non-Scalable,Multimodal,2,True,False,Shubert,0.0,20000,10000.0,10000.0,True,False,False,False,10131.0,,,,5
6,[5.48570066 4.80237083],19999,RandomSearch2,Shubert,0.05570474114270448,7.070216865575389,3747702.0113866245,0.8496472040001208,Continuous,Differentiable,Non-Separable,Non-Scalable,Multimodal,2,True,False,Shubert,0.0,20000,10000.0,9999.5,False,False,False,False,,,,,5
7,[ 1.8340658  -7.09047249],565,CMAES,Shubert,2.705844418788982,147.83753657628833,98384.36032283958,0.2055319989999589,Continuous,Differentiable,Non-Separable,Non-Scalable,Multimodal,2,True,False,Shubert,0.0,20000,10000.0,282.5,False,False,False,False,,,,,5
