,BestArm,NumberFunctionEval,Algorithm,CostFunction,EuclideanDistance,TrueRewardDifference,CumulativeRegret,TimeToComplete,Continuous,Differentiability,Separability,Scalability,Modality,Ndimensions,OptimizationSuccessful,BBOB,BaseClass,SD,MaxFeval,MaxFevalPerDimensions,FevalPerDimensions,SolveAt1,SolveAt1e-1,SolveAt1e-3,SolveAt1e-6,SolveEarlierAt1,SolveEarlierAt1e-1,SolveEarlierAt1e-3,SolveEarlierAt1e-6,simNumber
0,[9.0296745  2.35536755],40,NiaPyNelderMead,Shubert,4.3409086446166425,179.7319536162644,7253.043226083427,0.0030699219999945626,Continuous,Differentiable,Non-Separable,Non-Scalable,Multimodal,2,True,False,Shubert,0.0,40,20.0,20.0,False,False,False,False,,,,,0
1,[-6.84647302  4.72007271],40,NiaPyPSO,Shubert,0.2742366239123406,122.66616803084703,7497.977622160104,0.0024169409999927893,Continuous,Differentiable,Non-Separable,Non-Scalable,Multimodal,2,True,False,Shubert,0.0,40,20.0,20.0,False,False,False,False,,,,,0
2,[ 6.70283686 -7.65596744],40,NiaPySimulatedAnnealing,Shubert,1.2211587275260172,146.61957379028604,8087.186205033072,0.0025735589999982267,Continuous,Differentiable,Non-Separable,Non-Scalable,Multimodal,2,True,False,Shubert,0.0,40,20.0,20.0,False,False,False,False,,,,,0
3,[5.48424028 6.05530026],40,NiaPyCuckooSearch,Shubert,0.8484889165082278,65.18883195152644,7412.277498245581,0.0020611009999953467,Continuous,Differentiable,Non-Separable,Non-Scalable,Multimodal,2,True,False,Shubert,0.0,40,20.0,20.0,False,False,False,False,,,,,0
4,[-6.45706279 -6.8701135 ],40,NiaPyDifferentialEvolution,Shubert,1.0464130067218527,121.51883495077558,7393.167898082658,0.006544328999993354,Continuous,Differentiable,Non-Separable,Non-Scalable,Multimodal,2,True,False,Shubert,0.0,40,20.0,20.0,False,False,False,False,,,,,0
5,[ 5.40532009 -6.50275225],40,RandomSearch1,Shubert,0.7980145546696537,72.96166608312038,7482.511168222523,0.0016335010000005923,Continuous,Differentiable,Non-Separable,Non-Scalable,Multimodal,2,True,False,Shubert,0.0,40,20.0,20.0,False,False,False,False,,,,,0
6,[-7.37436001 -1.36810236],39,RandomSearch2,Shubert,0.29639210476408695,160.11918896092482,7305.898476582548,0.0017647179999897844,Continuous,Differentiable,Non-Separable,Non-Scalable,Multimodal,2,True,False,Shubert,0.0,40,20.0,19.5,False,False,False,False,,,,,0
7,[3.73336434 2.2953343 ],43,CMAES,Shubert,3.102866521969723,176.59321427023733,7959.84562620483,0.05350196999999923,Continuous,Differentiable,Non-Separable,Non-Scalable,Multimodal,2,True,False,Shubert,0.0,40,20.0,21.5,False,False,False,False,,,,,0
