,BestArm,NumberFunctionEval,Algorithm,CostFunction,EuclideanDistance,TrueRewardDifference,CumulativeRegret,TimeToComplete,Continuous,Differentiability,Separability,Scalability,Modality,Ndimensions,OptimizationSuccessful,BBOB,BaseClass,SD,MaxFeval,MaxFevalPerDimensions,FevalPerDimensions,SolveAt1,SolveAt1e-1,SolveAt1e-3,SolveAt1e-6,SolveEarlierAt1,SolveEarlierAt1e-1,SolveEarlierAt1e-3,SolveEarlierAt1e-6,simNumber
0,[-7.84028258 -9.19948416],40,NiaPyNelderMead,Shubert,1.6722290747344306,154.7097134044596,6388.062942789164,0.003387445999990746,Continuous,Differentiable,Non-Separable,Non-Scalable,Multimodal,2,True,False,Shubert,3.0,40,20.0,20.0,False,False,False,False,,,,,6
1,[-7.10730874  6.19702287],40,NiaPyPSO,Shubert,0.9334370874547533,84.52959981272684,7459.415693513364,0.002780849000004082,Continuous,Differentiable,Non-Separable,Non-Scalable,Multimodal,2,True,False,Shubert,3.0,40,20.0,20.0,False,False,False,False,,,,,6
2,[-0.83715714  6.07628041],40,NiaPySimulatedAnnealing,Shubert,0.8354015880048464,65.39159726839674,7574.524553963547,0.002969686000000138,Continuous,Differentiable,Non-Separable,Non-Scalable,Multimodal,2,True,False,Shubert,3.0,40,20.0,20.0,False,False,False,False,,,,,6
3,[ 5.07508129 -0.91846257],40,NiaPyCuckooSearch,Shubert,0.24715719188993268,117.77678129497795,7362.927632208333,0.0023394440000004124,Continuous,Differentiable,Non-Separable,Non-Scalable,Multimodal,2,True,False,Shubert,3.0,40,20.0,20.0,False,False,False,False,,,,,6
4,[5.52752516 0.82604074],40,NiaPyDifferentialEvolution,Shubert,1.7587632443087966,133.61428324389317,7734.050735611912,0.00681972099999939,Continuous,Differentiable,Non-Separable,Non-Scalable,Multimodal,2,True,False,Shubert,3.0,40,20.0,20.0,False,False,False,False,,,,,6
5,[-0.28936297  5.58791321],40,RandomSearch1,Shubert,0.8909713494805129,93.67612932462178,7228.168931313707,0.001942075000002319,Continuous,Differentiable,Non-Separable,Non-Scalable,Multimodal,2,True,False,Shubert,3.0,40,20.0,20.0,False,False,False,False,,,,,6
6,[9.55167941 6.16578687],39,RandomSearch2,Shubert,4.27388419333566,158.73205227448355,7265.624596662624,0.002097277000004283,Continuous,Differentiable,Non-Separable,Non-Scalable,Multimodal,2,True,False,Shubert,3.0,40,20.0,19.5,False,False,False,False,,,,,6
7,[-7.2127639  -7.73215152],43,CMAES,Shubert,0.1314459958110277,37.20088733723955,8146.656949814732,0.05325059000000465,Continuous,Differentiable,Non-Separable,Non-Scalable,Multimodal,2,True,False,Shubert,3.0,40,20.0,21.5,False,False,False,False,,,,,6
