,BestArm,NumberFunctionEval,Algorithm,CostFunction,EuclideanDistance,TrueRewardDifference,CumulativeRegret,TimeToComplete,Continuous,Differentiability,Separability,Scalability,Modality,Ndimensions,OptimizationSuccessful,BBOB,BaseClass,SD,MaxFeval,MaxFevalPerDimensions,FevalPerDimensions,SolveAt1,SolveAt1e-1,SolveAt1e-3,SolveAt1e-6,SolveEarlierAt1,SolveEarlierAt1e-1,SolveEarlierAt1e-3,SolveEarlierAt1e-6,simNumber
0,[ 6.14246482 -3.94516959],200,NiaPyNelderMead,Shubert,2.6049776187270304,163.60828119935192,32841.35833690893,0.014217139999999517,Continuous,Differentiable,Non-Separable,Non-Scalable,Multimodal,2,True,False,Shubert,0.0,200,100.0,100.0,False,False,False,False,,,,,9
1,[-1.42361458 -0.66201448],200,NiaPyPSO,Shubert,0.13829349578227204,39.5940786071603,36320.40158247571,0.011432261999999582,Continuous,Differentiable,Non-Separable,Non-Scalable,Multimodal,2,True,False,Shubert,0.0,200,100.0,100.0,False,False,False,False,,,,,9
2,[-4.88692001 -6.426294  ],200,NiaPySimulatedAnnealing,Shubert,2.5433251946581574,165.656085288809,37173.64922970245,0.012374495000003094,Continuous,Differentiable,Non-Separable,Non-Scalable,Multimodal,2,True,False,Shubert,0.0,200,100.0,100.0,False,False,False,False,,,,,9
3,[ 4.81967614 -1.98720315],200,NiaPyCuckooSearch,Shubert,0.869306164880022,109.33769924727581,32862.20805536948,0.009617435999999202,Continuous,Differentiable,Non-Separable,Non-Scalable,Multimodal,2,True,False,Shubert,0.0,200,100.0,100.0,False,False,False,False,,,,,9
4,[-7.2154686  -0.16971644],200,NiaPyDifferentialEvolution,Shubert,0.8003239420512698,89.03426170490421,37456.93310461713,0.033157157999994524,Continuous,Differentiable,Non-Separable,Non-Scalable,Multimodal,2,True,False,Shubert,0.0,200,100.0,100.0,False,False,False,False,,,,,9
5,[-7.74891847 -6.93065465],200,RandomSearch1,Shubert,0.15815043827414235,50.57999973060717,36962.806863814985,0.008380400999996596,Continuous,Differentiable,Non-Separable,Non-Scalable,Multimodal,2,True,False,Shubert,0.0,200,100.0,100.0,False,False,False,False,,,,,9
6,[-6.96149082  4.92354232],199,RandomSearch2,Shubert,0.13849922878784243,39.6023759153494,37005.570817644555,0.009075645999999438,Continuous,Differentiable,Non-Separable,Non-Scalable,Multimodal,2,True,False,Shubert,0.0,200,100.0,99.5,False,False,False,False,,,,,9
7,[7.10503855 7.60316981],205,CMAES,Shubert,3.089522678144588,175.75234221204548,36577.681183911445,0.0958062919999918,Continuous,Differentiable,Non-Separable,Non-Scalable,Multimodal,2,True,False,Shubert,0.0,200,100.0,102.5,False,False,False,False,,,,,9
