,BestArm,NumberFunctionEval,Algorithm,CostFunction,EuclideanDistance,TrueRewardDifference,CumulativeRegret,TimeToComplete,Continuous,Differentiability,Separability,Scalability,Modality,Ndimensions,OptimizationSuccessful,BBOB,BaseClass,SD,MaxFeval,MaxFevalPerDimensions,FevalPerDimensions,SolveAt1,SolveAt1e-1,SolveAt1e-3,SolveAt1e-6,SolveEarlierAt1,SolveEarlierAt1e-1,SolveEarlierAt1e-3,SolveEarlierAt1e-6,simNumber
0,[-5.86781262  4.78359622],40,NiaPyNelderMead,Shubert,1.2179621238868363,147.26089177218762,6047.732648845085,0.005009895000000597,Continuous,Differentiable,Non-Separable,Non-Scalable,Multimodal,2,True,False,Shubert,0.0,40,20.0,20.0,False,False,False,False,,,,,7
1,[ 6.15156748 -3.03445438],40,NiaPyPSO,Shubert,1.7427769441728973,158.31015224440827,7470.315585614252,0.0026584619999994175,Continuous,Differentiable,Non-Separable,Non-Scalable,Multimodal,2,True,False,Shubert,0.0,40,20.0,20.0,False,False,False,False,,,,,7
2,[-6.49304722  5.40444148],40,NiaPySimulatedAnnealing,Shubert,0.804507779908518,72.48897751443445,8122.539040369742,0.002600958999991576,Continuous,Differentiable,Non-Separable,Non-Scalable,Multimodal,2,True,False,Shubert,0.0,40,20.0,20.0,False,False,False,False,,,,,7
3,[ 5.70546947 -7.70508755],40,NiaPyCuckooSearch,Shubert,0.22269264416698403,94.18183637149977,7525.487763565358,0.0020486519999991515,Continuous,Differentiable,Non-Separable,Non-Scalable,Multimodal,2,True,False,Shubert,0.0,40,20.0,20.0,False,False,False,False,,,,,7
4,[-0.54839749 -6.4201706 ],40,NiaPyDifferentialEvolution,Shubert,1.0993694471362674,142.35214773972666,7479.537711409344,0.0063016410000074075,Continuous,Differentiable,Non-Separable,Non-Scalable,Multimodal,2,True,False,Shubert,0.0,40,20.0,20.0,False,False,False,False,,,,,7
5,[-2.09911969 -7.81112527],40,RandomSearch1,Shubert,0.991837222997949,127.2082520830698,7388.588414830144,0.0016078039999882776,Continuous,Differentiable,Non-Separable,Non-Scalable,Multimodal,2,True,False,Shubert,0.0,40,20.0,20.0,False,False,False,False,,,,,7
6,[-7.50324313  4.1402456 ],39,RandomSearch2,Shubert,0.8314780055741783,159.0156422091718,7331.229714800564,0.002330674999996063,Continuous,Differentiable,Non-Separable,Non-Scalable,Multimodal,2,True,False,Shubert,0.0,40,20.0,19.5,False,False,False,False,,,,,7
7,[4.93498317 1.27350967],43,CMAES,Shubert,2.075238049267738,153.45630129619775,8066.30479219151,0.05434612800000593,Continuous,Differentiable,Non-Separable,Non-Scalable,Multimodal,2,True,False,Shubert,0.0,40,20.0,21.5,False,False,False,False,,,,,7
