,BestArm,NumberFunctionEval,Algorithm,CostFunction,EuclideanDistance,TrueRewardDifference,CumulativeRegret,TimeToComplete,Continuous,Differentiability,Separability,Scalability,Modality,Ndimensions,OptimizationSuccessful,BBOB,BaseClass,SD,MaxFeval,MaxFevalPerDimensions,FevalPerDimensions,SolveAt1,SolveAt1e-1,SolveAt1e-3,SolveAt1e-6,SolveEarlierAt1,SolveEarlierAt1e-1,SolveEarlierAt1e-3,SolveEarlierAt1e-6,simNumber
0,[-2.20333068  6.05058948],40,NiaPyNelderMead,Shubert,0.9633420404331348,164.33444728412377,6663.87506153694,0.0037567920000043387,Continuous,Differentiable,Non-Separable,Non-Scalable,Multimodal,2,True,False,Shubert,3.0,40,20.0,20.0,False,False,False,False,,,,,4
1,[-7.80057956 -8.23121558],40,NiaPyPSO,Shubert,0.8874929832376792,120.06769859984719,7521.533491341507,0.002757635000008918,Continuous,Differentiable,Non-Separable,Non-Scalable,Multimodal,2,True,False,Shubert,3.0,40,20.0,20.0,False,False,False,False,,,,,4
2,[-0.07309988  1.23722143],40,NiaPySimulatedAnnealing,Shubert,2.445280740139283,169.79673334612357,7538.674954701609,0.0029424850000054903,Continuous,Differentiable,Non-Separable,Non-Scalable,Multimodal,2,True,False,Shubert,3.0,40,20.0,20.0,False,False,False,False,,,,,4
3,[-1.24061635  4.30635013],40,NiaPyCuckooSearch,Shubert,0.705830055642633,140.9408882287902,7566.6671052409765,0.0023724080000135928,Continuous,Differentiable,Non-Separable,Non-Scalable,Multimodal,2,True,False,Shubert,3.0,40,20.0,20.0,False,False,False,False,,,,,4
4,[-0.78050859 10.        ],40,NiaPyDifferentialEvolution,Shubert,4.5629589007453175,138.44856630347073,7504.8992756039515,0.007154172999989328,Continuous,Differentiable,Non-Separable,Non-Scalable,Multimodal,2,True,False,Shubert,3.0,40,20.0,20.0,False,False,False,False,,,,,4
5,[-9.07681506  4.77638844],40,RandomSearch1,Shubert,1.5400814111147214,175.319871362698,7590.902650455177,0.0019497939999979508,Continuous,Differentiable,Non-Separable,Non-Scalable,Multimodal,2,True,False,Shubert,3.0,40,20.0,20.0,False,False,False,False,,,,,4
6,[-0.23704481  3.25923242],39,RandomSearch2,Shubert,1.6950853018934313,157.02404335473886,7440.009646987874,0.0020644110000063165,Continuous,Differentiable,Non-Separable,Non-Scalable,Multimodal,2,True,False,Shubert,3.0,40,20.0,19.5,False,False,False,False,,,,,4
7,[-7.73703711 -4.88815685],43,CMAES,Shubert,2.195531230168275,153.74028285183908,8082.344011487076,0.05297729299999787,Continuous,Differentiable,Non-Separable,Non-Scalable,Multimodal,2,True,False,Shubert,3.0,40,20.0,21.5,False,False,False,False,,,,,4
