,BestArm,NumberFunctionEval,Algorithm,CostFunction,EuclideanDistance,TrueRewardDifference,CumulativeRegret,TimeToComplete,Continuous,Differentiability,Separability,Scalability,Modality,Ndimensions,OptimizationSuccessful,BBOB,BaseClass,SD,MaxFeval,MaxFevalPerDimensions,FevalPerDimensions,SolveAt1,SolveAt1e-1,SolveAt1e-3,SolveAt1e-6,SolveEarlierAt1,SolveEarlierAt1e-1,SolveEarlierAt1e-3,SolveEarlierAt1e-6,simNumber
0,[-9.3149139 -1.6038518],200,NiaPyNelderMead,Shubert,1.7963584586054897,156.91669395678076,31488.199850886784,0.014447794000005842,Continuous,Differentiable,Non-Separable,Non-Scalable,Multimodal,2,True,False,Shubert,3.0,200,100.0,100.0,False,False,False,False,,,,,9
1,[4.71751748 5.54478246],200,NiaPyPSO,Shubert,0.15354856694443697,48.48087697385333,37298.0784646404,0.01294710800002008,Continuous,Differentiable,Non-Separable,Non-Scalable,Multimodal,2,True,False,Shubert,3.0,200,100.0,100.0,False,False,False,False,,,,,9
2,[-8.83396379 -9.27988373],200,NiaPySimulatedAnnealing,Shubert,2.352445304724921,174.23684582766987,37485.94251388986,0.013987354999983381,Continuous,Differentiable,Non-Separable,Non-Scalable,Multimodal,2,True,False,Shubert,3.0,200,100.0,100.0,False,False,False,False,,,,,9
3,[ 4.21063876 -1.36744098],200,NiaPyCuckooSearch,Shubert,0.8606540886725389,116.32969249039961,37339.3166471261,0.010873248999985208,Continuous,Differentiable,Non-Separable,Non-Scalable,Multimodal,2,True,False,Shubert,3.0,200,100.0,100.0,False,False,False,False,,,,,9
4,[-0.2360568  -6.92595217],200,NiaPyDifferentialEvolution,Shubert,0.9645924105014068,98.92784162859145,37669.740910237044,0.036006996999986995,Continuous,Differentiable,Non-Separable,Non-Scalable,Multimodal,2,True,False,Shubert,3.0,200,100.0,100.0,False,False,False,False,,,,,9
5,[ 5.34743447 -6.34012857],200,RandomSearch1,Shubert,0.890026504423626,114.62393910024238,37407.394304966496,0.009371558999987428,Continuous,Differentiable,Non-Separable,Non-Scalable,Multimodal,2,True,False,Shubert,3.0,200,100.0,100.0,False,False,False,False,,,,,9
6,[ 5.62819656 -1.57409526],199,RandomSearch2,Shubert,0.208182010467583,79.3865737099794,36626.4505704725,0.010134063999998943,Continuous,Differentiable,Non-Separable,Non-Scalable,Multimodal,2,True,False,Shubert,3.0,200,100.0,99.5,False,False,False,False,,,,,9
7,[-6.94628313  4.81680762],205,CMAES,Shubert,0.14326647465503997,42.09162952585598,37467.922843206834,0.0977402139999981,Continuous,Differentiable,Non-Separable,Non-Scalable,Multimodal,2,True,False,Shubert,3.0,200,100.0,102.5,False,False,False,False,,,,,9
