,BestArm,NumberFunctionEval,Algorithm,CostFunction,EuclideanDistance,TrueRewardDifference,CumulativeRegret,TimeToComplete,Continuous,Differentiability,Separability,Scalability,Modality,Ndimensions,OptimizationSuccessful,BBOB,BaseClass,SD,MaxFeval,MaxFevalPerDimensions,FevalPerDimensions,SolveAt1,SolveAt1e-1,SolveAt1e-3,SolveAt1e-6,SolveEarlierAt1,SolveEarlierAt1e-1,SolveEarlierAt1e-3,SolveEarlierAt1e-6,simNumber
0,[-5.08574113  4.71302752],20000,NiaPyNelderMead,Shubert,2.0030121137051644,166.91506594823554,3338346.4299996607,1.3174239370000578,Continuous,Differentiable,Non-Separable,Non-Scalable,Multimodal,2,True,False,Shubert,0.0,20000,10000.0,10000.0,False,False,False,False,,,,,7
1,[ 4.8563844  -0.80343171],20000,NiaPyPSO,Shubert,0.0035238843453283594,0.027897503446297378,3648177.9495886085,1.131623610999668,Continuous,Differentiable,Non-Separable,Non-Scalable,Multimodal,2,True,False,Shubert,0.0,20000,10000.0,10000.0,True,True,False,False,975.0,5765.0,,,7
2,[ 4.8512205  -0.81469876],20000,NiaPySimulatedAnnealing,Shubert,0.01591496263495013,0.5659415607730125,3735705.739502464,1.1965152580000904,Continuous,Differentiable,Non-Separable,Non-Scalable,Multimodal,2,True,False,Shubert,0.0,20000,10000.0,10000.0,True,False,False,False,8509.0,,,,7
3,[-7.72662945  5.60516   ],20000,NiaPyCuckooSearch,Shubert,0.12372525264034505,31.983542892288966,3736149.833994692,0.889268113000071,Continuous,Differentiable,Non-Separable,Non-Scalable,Multimodal,2,True,False,Shubert,0.0,20000,10000.0,10000.0,False,False,False,False,,,,,7
4,[ 5.48286421 -7.70831373],20000,NiaPyDifferentialEvolution,Shubert,6.565957513324888e-05,8.831023961874962e-06,1743990.2241052622,3.5449909339999977,Continuous,Differentiable,Non-Separable,Non-Scalable,Multimodal,2,True,False,Shubert,0.0,20000,10000.0,10000.0,True,True,True,False,2185.0,2443.0,3487.0,5230.0,7
5,[-1.40888758 -0.80015691],20000,RandomSearch1,Shubert,0.01621305337249267,0.6174266171484817,3730998.734944924,0.7652413609998803,Continuous,Differentiable,Non-Separable,Non-Scalable,Multimodal,2,True,False,Shubert,0.0,20000,10000.0,10000.0,True,False,False,False,17344.0,,,,7
6,[-1.41541089  5.46606028],19999,RandomSearch2,Shubert,0.019341588402896955,0.8450135383025099,3735095.2494027703,0.8415425459998005,Continuous,Differentiable,Non-Separable,Non-Scalable,Multimodal,2,True,False,Shubert,0.0,20000,10000.0,9999.5,True,False,False,False,15512.0,,,,7
7,[ 2.29922886 -7.70831373],511,CMAES,Shubert,2.6339517784126514,149.07482958691068,78008.1097313948,0.18439688099988416,Continuous,Differentiable,Non-Separable,Non-Scalable,Multimodal,2,True,False,Shubert,0.0,20000,10000.0,255.5,False,False,False,False,,,,,7
