,BestArm,NumberFunctionEval,Algorithm,CostFunction,EuclideanDistance,TrueRewardDifference,CumulativeRegret,TimeToComplete,Continuous,Differentiability,Separability,Scalability,Modality,Ndimensions,OptimizationSuccessful,BBOB,BaseClass,SD,MaxFeval,MaxFevalPerDimensions,FevalPerDimensions,SolveAt1,SolveAt1e-1,SolveAt1e-3,SolveAt1e-6,SolveEarlierAt1,SolveEarlierAt1e-1,SolveEarlierAt1e-3,SolveEarlierAt1e-6,simNumber
0,[-6.50694128  3.23993785],40,NiaPyNelderMead,Shubert,1.7177150712941376,157.2328288007139,6400.371474139775,0.003283831999993936,Continuous,Differentiable,Non-Separable,Non-Scalable,Multimodal,2,True,False,Shubert,0.0,40,20.0,20.0,False,False,False,False,,,,,3
1,[-3.56630182 -2.08197991],40,NiaPyPSO,Shubert,2.495485651675933,173.57479884469603,7607.706934332902,0.0025025799999980336,Continuous,Differentiable,Non-Separable,Non-Scalable,Multimodal,2,True,False,Shubert,0.0,40,20.0,20.0,False,False,False,False,,,,,3
2,[ 3.28811782 -7.7748917 ],40,NiaPySimulatedAnnealing,Shubert,1.7153869901475645,142.76816557364657,7332.056185078217,0.002576074000003814,Continuous,Differentiable,Non-Separable,Non-Scalable,Multimodal,2,True,False,Shubert,0.0,40,20.0,20.0,False,False,False,False,,,,,3
3,[ 4.27254129 -7.95547066],40,NiaPyCuckooSearch,Shubert,1.0502831712321359,155.63685141220603,7490.368087521243,0.0020688359999923023,Continuous,Differentiable,Non-Separable,Non-Scalable,Multimodal,2,True,False,Shubert,0.0,40,20.0,20.0,False,False,False,False,,,,,3
4,[ 1.90889653 -7.10144834],40,NiaPyDifferentialEvolution,Shubert,2.77633117331218,155.84048714946823,7638.706896054101,0.006312915000009411,Continuous,Differentiable,Non-Separable,Non-Scalable,Multimodal,2,True,False,Shubert,0.0,40,20.0,20.0,False,False,False,False,,,,,3
5,[-7.20446005  0.83865809],40,RandomSearch1,Shubert,1.7146539929687727,141.82485766523112,7484.664062248471,0.002202163999996287,Continuous,Differentiable,Non-Separable,Non-Scalable,Multimodal,2,True,False,Shubert,0.0,40,20.0,20.0,False,False,False,False,,,,,3
6,[ 5.32063731 -1.39408483],39,RandomSearch2,Shubert,0.16510203038711682,57.48442634275193,6727.366322015714,0.0019177199999944605,Continuous,Differentiable,Non-Separable,Non-Scalable,Multimodal,2,True,False,Shubert,0.0,40,20.0,19.5,False,False,False,False,,,,,3
7,[3.79572798 2.30136537],43,CMAES,Shubert,3.063101797649647,176.36731519308375,7969.949576499553,0.05318934599999636,Continuous,Differentiable,Non-Separable,Non-Scalable,Multimodal,2,True,False,Shubert,0.0,40,20.0,21.5,False,False,False,False,,,,,3
