,BestArm,NumberFunctionEval,Algorithm,CostFunction,EuclideanDistance,TrueRewardDifference,CumulativeRegret,TimeToComplete,Continuous,Differentiability,Separability,Scalability,Modality,Ndimensions,OptimizationSuccessful,BBOB,BaseClass,SD,MaxFeval,MaxFevalPerDimensions,FevalPerDimensions,SolveAt1,SolveAt1e-1,SolveAt1e-3,SolveAt1e-6,SolveEarlierAt1,SolveEarlierAt1e-1,SolveEarlierAt1e-3,SolveEarlierAt1e-6,simNumber
0,[-3.15461252 -0.26740429],20000,NiaPyNelderMead,Shubert,1.8097489888565916,169.3278294218748,3386622.324328737,1.339935308999884,Continuous,Differentiable,Non-Separable,Non-Scalable,Multimodal,2,True,False,Shubert,0.0,20000,10000.0,10000.0,False,False,False,False,,,,,4
1,[-0.80104194  4.85675889],20000,NiaPyPSO,Shubert,0.0014459750715400327,0.0050646679720216525,3590179.153774389,1.1330021300000226,Continuous,Differentiable,Non-Separable,Non-Scalable,Multimodal,2,True,False,Shubert,0.0,20000,10000.0,10000.0,True,True,False,False,380.0,1968.0,,,4
2,[-7.08901187 -7.7059339 ],20000,NiaPySimulatedAnnealing,Shubert,0.005998264443869404,0.08022404110349157,3737968.2600377705,1.1961620520000906,Continuous,Differentiable,Non-Separable,Non-Scalable,Multimodal,2,True,False,Shubert,0.0,20000,10000.0,10000.0,True,True,False,False,3255.0,3255.0,,,4
3,[ 4.8494155  -7.06989545],20000,NiaPyCuckooSearch,Shubert,0.016086554509885102,0.581576009788165,3753001.0588172497,0.875581153999974,Continuous,Differentiable,Non-Separable,Non-Scalable,Multimodal,2,True,False,Shubert,0.0,20000,10000.0,10000.0,True,False,False,False,8335.0,,,,4
4,[-7.08350641 -7.70831374],20000,NiaPyDifferentialEvolution,Shubert,1.515776872236686e-05,8.831023961874962e-06,1960995.298083621,3.5126147910000327,Continuous,Differentiable,Non-Separable,Non-Scalable,Multimodal,2,True,False,Shubert,0.0,20000,10000.0,10000.0,True,True,True,False,1446.0,2108.0,3598.0,3927.0,4
5,[-0.80573844 -7.67976507],20000,RandomSearch1,Shubert,0.02904855800405204,1.9764196843456148,3735211.8236653185,0.7465029869999853,Continuous,Differentiable,Non-Separable,Non-Scalable,Multimodal,2,True,False,Shubert,0.0,20000,10000.0,10000.0,False,False,False,False,,,,,4
6,[4.87079266 5.46058821],19999,RandomSearch2,Shubert,0.025632318852880892,1.47587123911876,3720685.076419265,0.8266171559998838,Continuous,Differentiable,Non-Separable,Non-Scalable,Multimodal,2,True,False,Shubert,0.0,20000,10000.0,9999.5,False,False,False,False,,,,,4
7,[ 1.80565643 -7.08350641],475,CMAES,Shubert,2.679808940207928,147.14215548907598,71290.52449555075,0.17539898299992274,Continuous,Differentiable,Non-Separable,Non-Scalable,Multimodal,2,True,False,Shubert,0.0,20000,10000.0,237.5,False,False,False,False,,,,,4
