,BestArm,NumberFunctionEval,Algorithm,CostFunction,EuclideanDistance,TrueRewardDifference,CumulativeRegret,TimeToComplete,Continuous,Differentiability,Separability,Scalability,Modality,Ndimensions,OptimizationSuccessful,BBOB,BaseClass,SD,MaxFeval,MaxFevalPerDimensions,FevalPerDimensions,SolveAt1,SolveAt1e-1,SolveAt1e-3,SolveAt1e-6,SolveEarlierAt1,SolveEarlierAt1e-1,SolveEarlierAt1e-3,SolveEarlierAt1e-6,simNumber
0,[11.08149998  2.35726376],40,NiaPyNelderMead,Shubert,6.131812393507834,153.05094959272404,6258.748451946154,0.003252422999992177,Continuous,Differentiable,Non-Separable,Non-Scalable,Multimodal,2,True,False,Shubert,0.0,40,20.0,20.0,False,False,False,False,,,,,2
1,[7.07309872 5.58306692],40,NiaPyPSO,Shubert,1.7477906220033954,139.4809384335951,7338.096111589106,0.002481690000010417,Continuous,Differentiable,Non-Separable,Non-Scalable,Multimodal,2,True,False,Shubert,0.0,40,20.0,20.0,False,False,False,False,,,,,2
2,[-0.07462873 -7.14845161],40,NiaPySimulatedAnnealing,Shubert,0.9165309638157958,93.02420095928929,7134.25920666395,0.0029102120000032983,Continuous,Differentiable,Non-Separable,Non-Scalable,Multimodal,2,True,False,Shubert,0.0,40,20.0,20.0,False,False,False,False,,,,,2
3,[6.08380277 5.68193492],40,NiaPyCuckooSearch,Shubert,1.0198397321506798,114.39299734766678,7531.200106996451,0.0022099389999965524,Continuous,Differentiable,Non-Separable,Non-Scalable,Multimodal,2,True,False,Shubert,0.0,40,20.0,20.0,False,False,False,False,,,,,2
4,[-7.71578423 -0.79610991],40,NiaPyDifferentialEvolution,Shubert,0.008577326488986337,0.16888876920012308,7144.757437238612,0.007275816000003488,Continuous,Differentiable,Non-Separable,Non-Scalable,Multimodal,2,True,False,Shubert,0.0,40,20.0,20.0,True,False,False,False,19.0,,,,2
5,[-9.36125332 -1.53372151],40,RandomSearch1,Shubert,1.8083588699886377,150.7064765677257,7574.266880956166,0.002260393999989674,Continuous,Differentiable,Non-Separable,Non-Scalable,Multimodal,2,True,False,Shubert,0.0,40,20.0,20.0,False,False,False,False,,,,,2
6,[8.5590271  6.10175397],39,RandomSearch2,Shubert,3.318146636117631,162.1492541934669,7245.279344329634,0.002352885000007632,Continuous,Differentiable,Non-Separable,Non-Scalable,Multimodal,2,True,False,Shubert,0.0,40,20.0,19.5,False,False,False,False,,,,,2
7,[ 5.8847396  -0.74314603],43,CMAES,Shubert,0.791591221834515,142.86223966653924,8168.17805999439,0.05493038699999886,Continuous,Differentiable,Non-Separable,Non-Scalable,Multimodal,2,True,False,Shubert,0.0,40,20.0,21.5,False,False,False,False,,,,,2
