,BestArm,NumberFunctionEval,Algorithm,CostFunction,EuclideanDistance,TrueRewardDifference,CumulativeRegret,TimeToComplete,Continuous,Differentiability,Separability,Scalability,Modality,Ndimensions,OptimizationSuccessful,BBOB,BaseClass,SD,MaxFeval,MaxFevalPerDimensions,FevalPerDimensions,SolveAt1,SolveAt1e-1,SolveAt1e-3,SolveAt1e-6,SolveEarlierAt1,SolveEarlierAt1e-1,SolveEarlierAt1e-3,SolveEarlierAt1e-6,simNumber
0,[2.24589794 8.96029083],40,NiaPyNelderMead,Shubert,4.349255069602017,181.29145011462683,7275.216036396013,0.003327303999995479,Continuous,Differentiable,Non-Separable,Non-Scalable,Multimodal,2,True,False,Shubert,3.0,40,20.0,20.0,False,False,False,False,,,,,5
1,[-4.96465627  4.83319393],40,NiaPyPSO,Shubert,2.118988931470053,149.33962910796268,7497.577169040578,0.0027300330000059603,Continuous,Differentiable,Non-Separable,Non-Scalable,Multimodal,2,True,False,Shubert,3.0,40,20.0,20.0,False,False,False,False,,,,,5
2,[-1.41316279  2.21716285],40,NiaPySimulatedAnnealing,Shubert,2.7110185626316206,153.97462390334806,7630.723352561738,0.002898168000001533,Continuous,Differentiable,Non-Separable,Non-Scalable,Multimodal,2,True,False,Shubert,3.0,40,20.0,20.0,False,False,False,False,,,,,5
3,[-1.98531954 -7.89942791],40,NiaPyCuckooSearch,Shubert,0.9897395053024791,138.98104630297112,7639.505200246107,0.002410655999995015,Continuous,Differentiable,Non-Separable,Non-Scalable,Multimodal,2,True,False,Shubert,3.0,40,20.0,20.0,False,False,False,False,,,,,5
4,[-1.40599257 -0.7602889 ],40,NiaPyDifferentialEvolution,Shubert,0.04433939995059331,4.349236602007068,7201.563520046838,0.006713615000009554,Continuous,Differentiable,Non-Separable,Non-Scalable,Multimodal,2,True,False,Shubert,3.0,40,20.0,20.0,False,False,False,False,,,,,5
5,[-1.98831066  6.19888626],40,RandomSearch1,Shubert,0.911035554269461,143.54577528309517,7654.148472288447,0.0018541879999958155,Continuous,Differentiable,Non-Separable,Non-Scalable,Multimodal,2,True,False,Shubert,3.0,40,20.0,20.0,False,False,False,False,,,,,5
6,[-6.39873022  5.36072844],39,RandomSearch2,Shubert,0.849497222704503,93.9978127944231,6947.241690357622,0.00199962199999959,Continuous,Differentiable,Non-Separable,Non-Scalable,Multimodal,2,True,False,Shubert,3.0,40,20.0,19.5,False,False,False,False,,,,,5
7,[-7.67520778 -4.92850894],43,CMAES,Shubert,2.1552451303768017,150.50587525540604,7952.930555219018,0.0533884860000029,Continuous,Differentiable,Non-Separable,Non-Scalable,Multimodal,2,True,False,Shubert,3.0,40,20.0,21.5,False,False,False,False,,,,,5
