,BestArm,NumberFunctionEval,Algorithm,CostFunction,EuclideanDistance,TrueRewardDifference,CumulativeRegret,TimeToComplete,Continuous,Differentiability,Separability,Scalability,Modality,Ndimensions,OptimizationSuccessful,BBOB,BaseClass,SD,MaxFeval,MaxFevalPerDimensions,FevalPerDimensions,SolveAt1,SolveAt1e-1,SolveAt1e-3,SolveAt1e-6,SolveEarlierAt1,SolveEarlierAt1e-1,SolveEarlierAt1e-3,SolveEarlierAt1e-6,simNumber
0,[ 2.87010279 -8.22304792],40,NiaPyNelderMead,Shubert,2.2913543518698996,174.20335013857994,7057.875088762142,0.004451560000006793,Continuous,Differentiable,Non-Separable,Non-Scalable,Multimodal,2,True,False,Shubert,3.0,40,20.0,20.0,False,False,False,False,,,,,7
1,[3.71369417 5.40528455],40,NiaPyPSO,Shubert,1.1469282811223653,142.04035479616462,7886.579629751959,0.002761976999991589,Continuous,Differentiable,Non-Separable,Non-Scalable,Multimodal,2,True,False,Shubert,3.0,40,20.0,20.0,False,False,False,False,,,,,7
2,[6.0593006  5.32860513],40,NiaPySimulatedAnnealing,Shubert,0.7441922685969663,97.9034508598824,8166.739856054568,0.0033031709999988834,Continuous,Differentiable,Non-Separable,Non-Scalable,Multimodal,2,True,False,Shubert,3.0,40,20.0,20.0,False,False,False,False,,,,,7
3,[4.99436222 4.2408031 ],40,NiaPyCuckooSearch,Shubert,0.7870854356385908,127.0122987375994,7515.461628843258,0.0024516800000071726,Continuous,Differentiable,Non-Separable,Non-Scalable,Multimodal,2,True,False,Shubert,3.0,40,20.0,20.0,False,False,False,False,,,,,7
4,[-0.11724439 -0.70133943],40,NiaPyDifferentialEvolution,Shubert,0.9951855701581914,86.66506284074586,7389.186453592419,0.007065847000006897,Continuous,Differentiable,Non-Separable,Non-Scalable,Multimodal,2,True,False,Shubert,3.0,40,20.0,20.0,False,False,False,False,,,,,7
5,[-7.1448518  -6.46265575],40,RandomSearch1,Shubert,0.8384041161942183,69.11159529279367,7469.821645644683,0.0018813679999993838,Continuous,Differentiable,Non-Separable,Non-Scalable,Multimodal,2,True,False,Shubert,3.0,40,20.0,20.0,False,False,False,False,,,,,7
6,[6.28316842 5.59733963],39,RandomSearch2,Shubert,1.0895929087872605,131.6071727021769,7028.650115055152,0.0022851970000061783,Continuous,Differentiable,Non-Separable,Non-Scalable,Multimodal,2,True,False,Shubert,3.0,40,20.0,19.5,False,False,False,False,,,,,7
7,[-8.86484086 -5.03707955],43,CMAES,Shubert,2.350621923466299,178.45400956650747,8045.5695964425,0.059892824000002065,Continuous,Differentiable,Non-Separable,Non-Scalable,Multimodal,2,True,False,Shubert,3.0,40,20.0,21.5,False,False,False,False,,,,,7
