,BestArm,NumberFunctionEval,Algorithm,CostFunction,EuclideanDistance,TrueRewardDifference,CumulativeRegret,TimeToComplete,Continuous,Differentiability,Separability,Scalability,Modality,Ndimensions,OptimizationSuccessful,BBOB,BaseClass,SD,MaxFeval,MaxFevalPerDimensions,FevalPerDimensions,SolveAt1,SolveAt1e-1,SolveAt1e-3,SolveAt1e-6,SolveEarlierAt1,SolveEarlierAt1e-1,SolveEarlierAt1e-3,SolveEarlierAt1e-6,simNumber
0,[-0.07658084 -2.11681957],200000,NiaPyNelderMead,Shubert,1.0011220605080715,152.93402337278394,30585327.853389956,14.305958185002964,Continuous,Differentiable,Non-Separable,Non-Scalable,Multimodal,2,True,False,Shubert,3.0,200000,100000.0,100000.0,False,False,False,False,,,,,9
1,[-0.80931869 -1.41966172],200000,NiaPyPSO,Shubert,0.010531461768413193,0.24878296030391311,35879419.81546344,12.526899734002654,Continuous,Differentiable,Non-Separable,Non-Scalable,Multimodal,2,True,False,Shubert,3.0,200000,100000.0,100000.0,True,False,False,False,1503.0,6176.0,34296.0,,9
2,[-7.70712383 -0.80021756],200000,NiaPySimulatedAnnealing,Shubert,0.0011790592582797954,0.0033160108718846004,37361866.25804736,13.48648265999509,Continuous,Differentiable,Non-Separable,Non-Scalable,Multimodal,2,True,False,Shubert,3.0,200000,100000.0,100000.0,True,True,False,False,90786.0,141814.0,,,9
3,[-7.09189571 -1.41238431],200000,NiaPyCuckooSearch,Shubert,0.015237343419798833,0.5352041496094557,37340232.13024107,10.38659366799402,Continuous,Differentiable,Non-Separable,Non-Scalable,Multimodal,2,True,False,Shubert,3.0,200000,100000.0,100000.0,True,False,False,False,43880.0,,,,9
4,[-0.80634633  4.84561897],200000,NiaPyDifferentialEvolution,Shubert,0.013778529308443798,0.4391967886717225,25052428.72968524,37.55754896099825,Continuous,Differentiable,Non-Separable,Non-Scalable,Multimodal,2,True,False,Shubert,3.0,200000,100000.0,100000.0,True,False,False,False,1667.0,2053.0,15119.0,,9
5,[5.49343731 4.83075626],200000,RandomSearch1,Shubert,0.029246776963852493,1.9640411976035637,37360244.932918094,8.7919026640011,Continuous,Differentiable,Non-Separable,Non-Scalable,Multimodal,2,True,False,Shubert,3.0,200000,100000.0,100000.0,False,False,False,False,7374.0,182073.0,,,9
6,[ 5.46290523 -1.44771164],199999,RandomSearch2,Shubert,0.030117907830936298,2.0555235534051235,37338506.860558994,9.524053986999206,Continuous,Differentiable,Non-Separable,Non-Scalable,Multimodal,2,True,False,Shubert,3.0,200000,100000.0,99999.5,False,False,False,False,31044.0,,,,9
7,[ 7.12904922 -7.06002332],3541,CMAES,Shubert,1.7692934081651654,133.27122526323194,474528.96690386534,1.0723340869953972,Continuous,Differentiable,Non-Separable,Non-Scalable,Multimodal,2,True,False,Shubert,3.0,200000,100000.0,1770.5,False,False,False,False,,,,,9
