,BestArm,NumberFunctionEval,Algorithm,CostFunction,EuclideanDistance,TrueRewardDifference,CumulativeRegret,TimeToComplete,Continuous,Differentiability,Separability,Scalability,Modality,Ndimensions,OptimizationSuccessful,BBOB,BaseClass,SD,MaxFeval,MaxFevalPerDimensions,FevalPerDimensions,SolveAt1,SolveAt1e-1,SolveAt1e-3,SolveAt1e-6,SolveEarlierAt1,SolveEarlierAt1e-1,SolveEarlierAt1e-3,SolveEarlierAt1e-6,simNumber
0,[ 9.59638092 -5.44683486],200,NiaPyNelderMead,Shubert,4.6942275768346695,173.51125275418934,34784.296672688746,0.013369984999997087,Continuous,Differentiable,Non-Separable,Non-Scalable,Multimodal,2,True,False,Shubert,0.0,200,100.0,100.0,False,False,False,False,,,,,8
1,[-1.49364258  5.43588591],200,NiaPyPSO,Shubert,0.08306031930666481,15.20141965379625,37488.51213224874,0.01128893899999639,Continuous,Differentiable,Non-Separable,Non-Scalable,Multimodal,2,True,False,Shubert,0.0,200,100.0,100.0,False,False,False,False,,,,,8
2,[ 5.53645415 -0.19345647],200,NiaPySimulatedAnnealing,Shubert,0.9102522180234711,67.30033116416321,37623.23986061022,0.011866799000003425,Continuous,Differentiable,Non-Separable,Non-Scalable,Multimodal,2,True,False,Shubert,0.0,200,100.0,100.0,False,False,False,False,,,,,8
3,[ 3.78635178 -0.63123045],200,NiaPyCuckooSearch,Shubert,1.0849029527328808,150.89622805341645,37728.779964735775,0.009248024000001465,Continuous,Differentiable,Non-Separable,Non-Scalable,Multimodal,2,True,False,Shubert,0.0,200,100.0,100.0,False,False,False,False,,,,,8
4,[-7.88750813 -0.71462011],200,NiaPyDifferentialEvolution,Shubert,0.19863684500215606,75.73749422239477,37587.682100559425,0.033041418999999905,Continuous,Differentiable,Non-Separable,Non-Scalable,Multimodal,2,True,False,Shubert,0.0,200,100.0,100.0,False,False,False,False,,,,,8
5,[-1.46816664 -6.98881671],200,RandomSearch1,Shubert,0.10401759771176383,22.94027576197587,37992.35882576257,0.007577306000001727,Continuous,Differentiable,Non-Separable,Non-Scalable,Multimodal,2,True,False,Shubert,0.0,200,100.0,100.0,False,False,False,False,,,,,8
6,[ 6.21155972 -6.91939991],199,RandomSearch2,Shubert,1.0739897942564762,117.71500281432769,37009.74030962042,0.0083608369999979,Continuous,Differentiable,Non-Separable,Non-Scalable,Multimodal,2,True,False,Shubert,0.0,200,100.0,99.5,False,False,False,False,,,,,8
7,[7.14805803 5.39845218],205,CMAES,Shubert,1.7507635083787931,138.62459050858348,37594.84634570239,0.10415380099999538,Continuous,Differentiable,Non-Separable,Non-Scalable,Multimodal,2,True,False,Shubert,0.0,200,100.0,102.5,False,False,False,False,,,,,8
