,BestArm,NumberFunctionEval,Algorithm,CostFunction,EuclideanDistance,TrueRewardDifference,CumulativeRegret,TimeToComplete,Continuous,Differentiability,Separability,Scalability,Modality,Ndimensions,OptimizationSuccessful,BBOB,BaseClass,SD,MaxFeval,MaxFevalPerDimensions,FevalPerDimensions,SolveAt1,SolveAt1e-1,SolveAt1e-3,SolveAt1e-6,SolveEarlierAt1,SolveEarlierAt1e-1,SolveEarlierAt1e-3,SolveEarlierAt1e-6,simNumber
0,[ 2.5992035  -4.95683369],200,NiaPyNelderMead,Shubert,3.10239765949987,184.30772710128264,36814.20085292669,0.015322115999993002,Continuous,Differentiable,Non-Separable,Non-Scalable,Multimodal,2,True,False,Shubert,3.0,200,100.0,100.0,False,False,False,False,,,,,8
1,[-0.9403015  -1.52576058],200,NiaPyPSO,Shubert,0.17243251694473086,59.45252715674587,37379.56094768866,0.012855736999995315,Continuous,Differentiable,Non-Separable,Non-Scalable,Multimodal,2,True,False,Shubert,3.0,200,100.0,100.0,False,False,False,False,,,,,8
2,[ 3.2465752  -7.69760299],200,NiaPySimulatedAnnealing,Shubert,1.724474515551732,141.24408215111754,37112.97891985928,0.013594861000001401,Continuous,Differentiable,Non-Separable,Non-Scalable,Multimodal,2,True,False,Shubert,3.0,200,100.0,100.0,False,False,False,False,,,,,8
3,[ 6.03821047 -7.06783978],200,NiaPyCuckooSearch,Shubert,0.8477441165732539,68.25427535247262,36946.5563043972,0.010656772999993791,Continuous,Differentiable,Non-Separable,Non-Scalable,Multimodal,2,True,False,Shubert,3.0,200,100.0,100.0,False,False,False,False,,,,,8
4,[-6.96509629 -1.48003675],200,NiaPyDifferentialEvolution,Shubert,0.13052771997838328,35.23773855483188,37635.70396431664,0.034807992000025934,Continuous,Differentiable,Non-Separable,Non-Scalable,Multimodal,2,True,False,Shubert,3.0,200,100.0,100.0,False,False,False,False,,,,,8
5,[4.75520691 5.47640257],200,RandomSearch1,Shubert,0.10299197634243865,23.369707433506306,37003.96153197606,0.008752123999983041,Continuous,Differentiable,Non-Separable,Non-Scalable,Multimodal,2,True,False,Shubert,3.0,200,100.0,100.0,False,False,False,False,,,,,8
6,[-0.18686047  5.35356245],199,RandomSearch2,Shubert,0.7886001488296746,87.19905200330945,36811.25333790024,0.009357811999990417,Continuous,Differentiable,Non-Separable,Non-Scalable,Multimodal,2,True,False,Shubert,3.0,200,100.0,99.5,False,False,False,False,,,,,8
7,[-7.04243457  6.0202987 ],205,CMAES,Shubert,0.8557345540364256,74.26842367445028,38019.73502418613,0.10149922499999775,Continuous,Differentiable,Non-Separable,Non-Scalable,Multimodal,2,True,False,Shubert,3.0,200,100.0,102.5,False,False,False,False,,,,,8
