,BestArm,NumberFunctionEval,Algorithm,CostFunction,EuclideanDistance,TrueRewardDifference,CumulativeRegret,TimeToComplete,Continuous,Differentiability,Separability,Scalability,Modality,Ndimensions,OptimizationSuccessful,BBOB,BaseClass,SD,MaxFeval,MaxFevalPerDimensions,FevalPerDimensions,SolveAt1,SolveAt1e-1,SolveAt1e-3,SolveAt1e-6,SolveEarlierAt1,SolveEarlierAt1e-1,SolveEarlierAt1e-3,SolveEarlierAt1e-6,simNumber
0,[ 5.95549816 -4.01822608],20000,NiaPyNelderMead,Shubert,2.6358578185625423,169.07471744549005,3381632.8734525694,1.3175057870003002,Continuous,Differentiable,Non-Separable,Non-Scalable,Multimodal,2,True,False,Shubert,0.0,20000,10000.0,10000.0,False,False,False,False,,,,,2
1,[ 4.85199273 -0.80034808],20000,NiaPyPSO,Shubert,0.006007457817551937,0.08553659629109234,3671718.7498695524,1.1208508609997807,Continuous,Differentiable,Non-Separable,Non-Scalable,Multimodal,2,True,False,Shubert,0.0,20000,10000.0,10000.0,True,True,False,False,992.0,3809.0,,,2
2,[ 5.47011659 -1.41630772],20000,NiaPySimulatedAnnealing,Shubert,0.015432859137339631,0.5410470678867227,3741310.6447686814,1.2000072129999353,Continuous,Differentiable,Non-Separable,Non-Scalable,Multimodal,2,True,False,Shubert,0.0,20000,10000.0,10000.0,True,False,False,False,14672.0,,,,2
3,[4.78388983 5.47188489],20000,NiaPyCuckooSearch,Shubert,0.07490966134521401,12.6180462556936,3745931.988577044,0.8887773159999597,Continuous,Differentiable,Non-Separable,Non-Scalable,Multimodal,2,True,False,Shubert,0.0,20000,10000.0,10000.0,False,False,False,False,,,,,2
4,[5.48286421 4.85805688],20000,NiaPyDifferentialEvolution,Shubert,8.577879505187128e-05,8.831023961874962e-06,1868658.1504124699,3.5487173370001983,Continuous,Differentiable,Non-Separable,Non-Scalable,Multimodal,2,True,False,Shubert,0.0,20000,10000.0,10000.0,True,True,True,False,1563.0,1563.0,2901.0,3923.0,2
5,[-7.08621413 -7.72489603],20000,RandomSearch1,Shubert,0.016816499659304877,0.6533898489998933,3734718.068101559,0.7586355909998019,Continuous,Differentiable,Non-Separable,Non-Scalable,Multimodal,2,True,False,Shubert,0.0,20000,10000.0,10000.0,True,False,False,False,1976.0,,,,2
6,[-7.07837004  4.86296157],19999,RandomSearch2,Shubert,0.00713678703818126,0.11437410690547267,3731850.6955148852,0.8340100450000136,Continuous,Differentiable,Non-Separable,Non-Scalable,Multimodal,2,True,False,Shubert,0.0,20000,10000.0,9999.5,True,False,False,False,6860.0,,,,2
7,[ 1.80565643 -7.08350641],469,CMAES,Shubert,2.6798089438395505,147.142155489076,70334.89078575294,0.1737155820001135,Continuous,Differentiable,Non-Separable,Non-Scalable,Multimodal,2,True,False,Shubert,0.0,20000,10000.0,234.5,False,False,False,False,,,,,2
