,BestArm,NumberFunctionEval,Algorithm,CostFunction,EuclideanDistance,TrueRewardDifference,CumulativeRegret,TimeToComplete,Continuous,Differentiability,Separability,Scalability,Modality,Ndimensions,OptimizationSuccessful,BBOB,BaseClass,SD,MaxFeval,MaxFevalPerDimensions,FevalPerDimensions,SolveAt1,SolveAt1e-1,SolveAt1e-3,SolveAt1e-6,SolveEarlierAt1,SolveEarlierAt1e-1,SolveEarlierAt1e-3,SolveEarlierAt1e-6,simNumber
0,[-1.56955946 -2.87129555],40,NiaPyNelderMead,Shubert,1.6380603382096959,162.35325857159654,6604.315823556272,0.0038099570000014182,Continuous,Differentiable,Non-Separable,Non-Scalable,Multimodal,2,True,False,Shubert,3.0,40,20.0,20.0,False,False,False,False,,,,,3
1,[ 5.57857409 -1.54206367],40,NiaPyPSO,Shubert,0.15117267739575999,46.172552868925294,7219.146113044754,0.00277799300000936,Continuous,Differentiable,Non-Separable,Non-Scalable,Multimodal,2,True,False,Shubert,3.0,40,20.0,20.0,False,False,False,False,,,,,3
2,[-0.69037417 -5.40514512],40,NiaPySimulatedAnnealing,Shubert,1.8321291324640918,142.53384439842296,7509.708422331485,0.003047844999997551,Continuous,Differentiable,Non-Separable,Non-Scalable,Multimodal,2,True,False,Shubert,3.0,40,20.0,20.0,False,False,False,False,,,,,3
3,[ 5.58642291 10.        ],40,NiaPyCuckooSearch,Shubert,4.575554150166687,144.13638507812212,7809.772091084255,0.0023696450000016966,Continuous,Differentiable,Non-Separable,Non-Scalable,Multimodal,2,True,False,Shubert,3.0,40,20.0,20.0,False,False,False,False,,,,,3
4,[ 6.57416588 -7.68581283],40,NiaPyDifferentialEvolution,Shubert,1.0915975237556388,139.72759849541634,7599.2352393002675,0.006859509999998181,Continuous,Differentiable,Non-Separable,Non-Scalable,Multimodal,2,True,False,Shubert,3.0,40,20.0,20.0,False,False,False,False,,,,,3
5,[-1.60770878 -7.01636335],40,RandomSearch1,Shubert,0.19455923559728308,73.95489107928853,7624.230987732918,0.002491938000005689,Continuous,Differentiable,Non-Separable,Non-Scalable,Multimodal,2,True,False,Shubert,3.0,40,20.0,20.0,False,False,False,False,,,,,3
6,[-7.15373221 -0.31716021],39,RandomSearch2,Shubert,0.7355062854033105,97.50379050203918,7312.65761934393,0.0025230310000097234,Continuous,Differentiable,Non-Separable,Non-Scalable,Multimodal,2,True,False,Shubert,3.0,40,20.0,19.5,False,False,False,False,,,,,3
7,[-7.00001148 -6.48118945],43,CMAES,Shubert,0.9297583641895127,73.07397047795322,7885.364335443526,0.05313881299998968,Continuous,Differentiable,Non-Separable,Non-Scalable,Multimodal,2,True,False,Shubert,3.0,40,20.0,21.5,False,False,False,False,,,,,3
