,BestArm,NumberFunctionEval,Algorithm,CostFunction,EuclideanDistance,TrueRewardDifference,CumulativeRegret,TimeToComplete,Continuous,Differentiability,Separability,Scalability,Modality,Ndimensions,OptimizationSuccessful,BBOB,BaseClass,SD,MaxFeval,MaxFevalPerDimensions,FevalPerDimensions,SolveAt1,SolveAt1e-1,SolveAt1e-3,SolveAt1e-6,SolveEarlierAt1,SolveEarlierAt1e-1,SolveEarlierAt1e-3,SolveEarlierAt1e-6,simNumber
0,[4.88362984 4.78147517 5.22120296 4.48786001 3.7995705  6.53370696],6000,NiaPyNelderMead,SphereN6,12.297977708383709,151.24025571590263,908200.7739720363,0.21908976499999966,Continuous,Differentiable,Separable,Scalable,Multimodal,6,True,True,Sphere,3.0,6000,1000.0,1000.0,False,False,False,False,,,,,2
1,[0.         0.03807656 0.         0.         0.         0.        ],6000,NiaPyPSO,SphereN6,0.038076557892915947,0.0014498242609725796,18285.626698992073,0.2722021109999986,Continuous,Differentiable,Separable,Scalable,Multimodal,6,True,True,Sphere,3.0,6000,1000.0,1000.0,True,True,False,False,183.0,210.0,213.0,213.0,2
2,[3.4380733  2.3954047  5.46609009 7.73705176 3.88399238 0.52868299],6000,NiaPySimulatedAnnealing,SphereN6,11.07534762434966,122.66332500018767,1476907.319271587,0.2884073299999983,Continuous,Differentiable,Separable,Scalable,Multimodal,6,True,True,Sphere,3.0,6000,1000.0,1000.0,False,False,False,False,,,,,2
3,[1.48361317 2.36421507 0.10023155 1.47806162 1.19768373 4.40923663],6000,NiaPyCuckooSearch,SphereN6,5.555281039446717,30.861147427236197,1238209.2904011523,0.19363866099999427,Continuous,Differentiable,Separable,Scalable,Multimodal,6,True,True,Sphere,3.0,6000,1000.0,1000.0,False,False,False,False,,,,,2
4,[0.         0.41873669 0.32936229 0.30886094 0.         0.        ],6000,NiaPyDifferentialEvolution,SphereN6,0.6158043611036883,0.3792150111543217,57271.226684490306,1.0536075229999966,Continuous,Differentiable,Separable,Scalable,Multimodal,6,True,True,Sphere,3.0,6000,1000.0,1000.0,True,False,False,False,252.0,252.0,252.0,252.0,2
5,[0.11995338 0.77425419 1.06043181 1.35680567 0.18476404 3.3976435 ],6000,RandomSearch1,SphereN6,3.893252462670255,15.157414738088006,1203180.2700971682,0.24346840500000155,Continuous,Differentiable,Separable,Scalable,Multimodal,6,True,True,Sphere,3.0,6000,1000.0,1000.0,False,False,False,False,,,,,2
6,[2.12537964 0.96530845 1.43762518 2.38396971 1.18241729 0.56445801],5999,RandomSearch2,SphereN6,3.8621056793289075,14.915860278304601,1198397.5964376738,0.21759924099999495,Continuous,Differentiable,Separable,Scalable,Multimodal,6,True,True,Sphere,3.0,6000,1000.0,999.8333333333334,False,False,False,False,,,,,2
7,[ 0.30687307 -0.73711974 -0.49233306  0.14959655 -0.0947828   0.02882993],4726,CMAES,SphereN6,0.9550405768656264,0.9121025034598284,24626.17913630426,1.086798354999999,Continuous,Differentiable,Separable,Scalable,Multimodal,6,True,True,Sphere,3.0,6000,1000.0,787.6666666666666,True,False,False,False,287.0,,,,2
