,BestArm,NumberFunctionEval,Algorithm,CostFunction,EuclideanDistance,TrueRewardDifference,CumulativeRegret,TimeToComplete,Continuous,Differentiability,Separability,Scalability,Modality,Ndimensions,OptimizationSuccessful,BBOB,BaseClass,SD,MaxFeval,MaxFevalPerDimensions,FevalPerDimensions,SolveAt1,SolveAt1e-1,SolveAt1e-3,SolveAt1e-6,SolveEarlierAt1,SolveEarlierAt1e-1,SolveEarlierAt1e-3,SolveEarlierAt1e-6,simNumber
0,[3.76027089 3.97511431 5.2095433  4.82505329 4.90424241 4.66066001],120,NiaPyNelderMead,SphereN6,11.230983789896614,126.13499688892051,15604.223044506438,0.004109047999996562,Continuous,Differentiable,Separable,Scalable,Multimodal,6,True,True,Sphere,0.0,120,20.0,20.0,False,False,False,False,,,,,9
1,[0.         0.70023563 1.4543497  2.6959574  1.85732414 1.74529586],120,NiaPyPSO,SphereN6,4.0459065567272114,16.369359865768242,14100.592808553729,0.0042687110000017014,Continuous,Differentiable,Separable,Scalable,Multimodal,6,True,True,Sphere,0.0,120,20.0,20.0,False,False,False,False,,,,,9
2,[8.52964154 2.58400517 7.59485262 8.01921068 4.04522678 3.88879409],120,NiaPySimulatedAnnealing,SphereN6,15.261322776053799,232.90797287489838,32001.174968182502,0.005081824000001234,Continuous,Differentiable,Separable,Scalable,Multimodal,6,True,True,Sphere,0.0,120,20.0,20.0,False,False,False,False,,,,,9
3,[5.61157311 2.05104552 2.70501994 3.84524325 0.60224712 3.23645684],120,NiaPyCuckooSearch,SphereN6,8.284740398688157,68.6369234736556,21783.439188915065,0.003186390999999844,Continuous,Differentiable,Separable,Scalable,Multimodal,6,True,True,Sphere,0.0,120,20.0,20.0,False,False,False,False,,,,,9
4,[0.         3.87620531 0.         3.76331733 5.18531923 0.        ],120,NiaPyDifferentialEvolution,SphereN6,7.488328285867492,56.07506051692318,25379.34605676932,0.01607156499999718,Continuous,Differentiable,Separable,Scalable,Multimodal,6,True,True,Sphere,0.0,120,20.0,20.0,False,False,False,False,,,,,9
5,[2.65486158 0.97469642 0.26319606 3.39372431 2.78364811 4.32156224],120,RandomSearch1,SphereN6,6.783034499635122,46.00955702324029,24549.847312532922,0.005043587999999488,Continuous,Differentiable,Separable,Scalable,Multimodal,6,True,True,Sphere,0.0,120,20.0,20.0,False,False,False,False,,,,,9
6,[1.82639493 1.82954414 1.86292856 3.32694916 4.7683344  0.81295857],119,RandomSearch2,SphereN6,6.679817233937536,44.61995827880891,22731.35391651035,0.004277504999997461,Continuous,Differentiable,Separable,Scalable,Multimodal,6,True,True,Sphere,0.0,120,20.0,19.833333333333332,False,False,False,False,,,,,9
7,[-1.03158722  0.80225935  2.26095831 -0.88290129  0.64356465  1.8049903 ],127,CMAES,SphereN6,3.3572912973524667,11.271404855278607,32271.292882009868,0.0695827489999985,Continuous,Differentiable,Separable,Scalable,Multimodal,6,True,True,Sphere,0.0,120,20.0,21.166666666666668,False,False,False,False,,,,,9
