,BestArm,NumberFunctionEval,Algorithm,CostFunction,EuclideanDistance,TrueRewardDifference,CumulativeRegret,TimeToComplete,Continuous,Differentiability,Separability,Scalability,Modality,Ndimensions,OptimizationSuccessful,BBOB,BaseClass,SD,MaxFeval,MaxFevalPerDimensions,FevalPerDimensions,SolveAt1,SolveAt1e-1,SolveAt1e-3,SolveAt1e-6,SolveEarlierAt1,SolveEarlierAt1e-1,SolveEarlierAt1e-3,SolveEarlierAt1e-6,simNumber
0,[4.1795019  0.85671847 2.61189641 2.77863044 4.15138041 6.32278118],120,NiaPyNelderMead,SphereN6,9.484540781687313,89.95651383948977,11908.368601931405,0.007469599000003768,Continuous,Differentiable,Separable,Scalable,Multimodal,6,True,True,Sphere,3.0,120,20.0,20.0,False,False,False,False,,,,,8
1,[2.84932296 4.07452757 1.95117304 3.61063965 0.21773105 1.73955323],120,NiaPyPSO,SphereN6,6.681142376399706,44.63766345372392,16319.544948667317,0.006324755000001403,Continuous,Differentiable,Separable,Scalable,Multimodal,6,True,True,Sphere,3.0,120,20.0,20.0,False,False,False,False,,,,,8
2,[2.16142741 6.83078337 6.68158944 1.0742526  6.24798012 4.33068091],120,NiaPySimulatedAnnealing,SphereN6,12.44672964371613,154.9210788237619,22826.713371773254,0.007714694000000577,Continuous,Differentiable,Separable,Scalable,Multimodal,6,True,True,Sphere,3.0,120,20.0,20.0,False,False,False,False,,,,,8
3,[6.06801844 1.04336157 4.74169291 3.06414206 3.07482814 1.19251186],120,NiaPyCuckooSearch,SphereN6,8.981020104001246,80.65872210847454,20406.51759610165,0.0050590260000049625,Continuous,Differentiable,Separable,Scalable,Multimodal,6,True,True,Sphere,3.0,120,20.0,20.0,False,False,False,False,,,,,8
4,[3.86851225 1.64698246 0.         1.377278   0.         0.        ],120,NiaPyDifferentialEvolution,SphereN6,4.424345480534516,19.574832931126195,25996.1906107435,0.018520585999993955,Continuous,Differentiable,Separable,Scalable,Multimodal,6,True,True,Sphere,3.0,120,20.0,20.0,False,False,False,False,,,,,8
5,[0.81286425 2.11417958 1.17914285 5.97804476 2.61558144 1.34005015],120,RandomSearch1,SphereN6,7.134066250794864,50.89490127073028,24494.013341678117,0.005855463999999699,Continuous,Differentiable,Separable,Scalable,Multimodal,6,True,True,Sphere,3.0,120,20.0,20.0,False,False,False,False,,,,,8
6,[1.35734452 3.92079278 3.96780455 2.8554897  2.67488649 0.12631474],119,RandomSearch2,SphereN6,6.948616244958671,48.283267719703545,22408.870556934045,0.010425980999997364,Continuous,Differentiable,Separable,Scalable,Multimodal,6,True,True,Sphere,3.0,120,20.0,19.833333333333332,False,False,False,False,,,,,8
7,[-1.23598861 -1.89770169  2.10299276 -0.58054009  1.33514306  2.23642692],127,CMAES,SphereN6,4.0832287825565405,16.672757290698165,19744.086417741964,0.07161758800000229,Continuous,Differentiable,Separable,Scalable,Multimodal,6,True,True,Sphere,3.0,120,20.0,21.166666666666668,False,False,False,False,,,,,8
