,BestArm,NumberFunctionEval,Algorithm,CostFunction,EuclideanDistance,TrueRewardDifference,CumulativeRegret,TimeToComplete,Continuous,Differentiability,Separability,Scalability,Modality,Ndimensions,OptimizationSuccessful,BBOB,BaseClass,SD,MaxFeval,MaxFevalPerDimensions,FevalPerDimensions,SolveAt1,SolveAt1e-1,SolveAt1e-3,SolveAt1e-6,SolveEarlierAt1,SolveEarlierAt1e-1,SolveEarlierAt1e-3,SolveEarlierAt1e-6,simNumber
0,[0.98145102 5.59020061 4.3785175  6.21208285 1.90182371 5.11806016],6000,NiaPyNelderMead,SphereN6,10.944699678785417,119.78645105880561,719699.1971799794,0.22851674999999716,Continuous,Differentiable,Separable,Scalable,Multimodal,6,True,True,Sphere,3.0,6000,1000.0,1000.0,False,False,False,False,,,,,0
1,[0.00160581 0.         0.00893694 0.         0.         0.        ],6000,NiaPyPSO,SphereN6,0.009080057235218047,8.24474393948356e-05,18378.761209642165,0.28606656899999905,Continuous,Differentiable,Separable,Scalable,Multimodal,6,True,True,Sphere,3.0,6000,1000.0,1000.0,True,True,True,False,192.0,222.0,222.0,223.0,0
2,[0.30615626 0.51885174 6.25300871 4.1000136  4.38176089 1.89026144],6000,NiaPySimulatedAnnealing,SphereN6,8.890786526426643,79.04608505848954,960317.8329986022,0.31990272600000225,Continuous,Differentiable,Separable,Scalable,Multimodal,6,True,True,Sphere,3.0,6000,1000.0,1000.0,False,False,False,False,,,,,0
3,[2.30966709 0.11621376 2.07737451 0.94900828 4.72071281 0.95636937],6000,NiaPyCuckooSearch,SphereN6,5.810674747363078,33.763941019642964,1225808.6000213465,0.20571155999999746,Continuous,Differentiable,Separable,Scalable,Multimodal,6,True,True,Sphere,3.0,6000,1000.0,1000.0,False,False,False,False,,,,,0
4,[0.         0.         0.06437541 0.29672628 0.21181246 0.21341284],6000,NiaPyDifferentialEvolution,SphereN6,0.42731748488564514,0.18260023288899357,64952.53455687089,1.0604790060000013,Continuous,Differentiable,Separable,Scalable,Multimodal,6,True,True,Sphere,3.0,6000,1000.0,1000.0,True,False,False,False,368.0,368.0,368.0,368.0,0
5,[0.0435036  2.01789598 1.41688249 0.58592683 1.01891458 2.50123599],6000,RandomSearch1,SphereN6,3.703921084917704,13.719031403297944,1201175.5419897395,0.24186643100000538,Continuous,Differentiable,Separable,Scalable,Multimodal,6,True,True,Sphere,3.0,6000,1000.0,1000.0,False,False,False,False,,,,,0
6,[0.47155463 1.33400195 2.16130054 1.00785035 1.66306377 2.28384188],5999,RandomSearch2,SphereN6,3.9586136717912463,15.670622202492574,1199613.7748657549,0.2240899880000029,Continuous,Differentiable,Separable,Scalable,Multimodal,6,True,True,Sphere,3.0,6000,1000.0,999.8333333333334,False,False,False,False,,,,,0
7,[ 0.15036094 -0.04971036 -0.12680144 -0.19872964  0.09137745  0.58238539],5446,CMAES,SphereN6,0.6543501975155767,0.4281741809886742,24125.81877930014,1.3204251969999987,Continuous,Differentiable,Separable,Scalable,Multimodal,6,True,True,Sphere,3.0,6000,1000.0,907.6666666666666,True,False,False,False,265.0,,,,0
