,BestArm,NumberFunctionEval,Algorithm,CostFunction,EuclideanDistance,TrueRewardDifference,CumulativeRegret,TimeToComplete,Continuous,Differentiability,Separability,Scalability,Modality,Ndimensions,OptimizationSuccessful,BBOB,BaseClass,SD,MaxFeval,MaxFevalPerDimensions,FevalPerDimensions,SolveAt1,SolveAt1e-1,SolveAt1e-3,SolveAt1e-6,SolveEarlierAt1,SolveEarlierAt1e-1,SolveEarlierAt1e-3,SolveEarlierAt1e-6,simNumber
0,[3.96896718 4.57449967 4.53037521 3.75337135 5.99269252 3.14680847],600000,NiaPyNelderMead,SphereN6,10.821534591873208,117.10561092310846,70264014.982266,22.47137825699997,Continuous,Differentiable,Separable,Scalable,Multimodal,6,True,True,Sphere,3.0,600000,100000.0,100000.0,False,False,False,False,,,,,3
1,[0.         0.         0.         0.         0.74356915 0.        ],600000,NiaPyPSO,SphereN6,0.7435691538697465,0.5528950865865708,307574.1215219317,27.568973005999965,Continuous,Differentiable,Separable,Scalable,Multimodal,6,True,True,Sphere,3.0,600000,100000.0,100000.0,True,False,False,False,184.0,214.0,220.0,220.0,3
2,[0.34945985 1.52469066 0.40260713 0.55282665 2.04814482 2.7341927 ],600000,NiaPySimulatedAnnealing,SphereN6,3.8190601581670753,14.585220491699129,123060751.01460907,29.2345370029999,Continuous,Differentiable,Separable,Scalable,Multimodal,6,True,True,Sphere,3.0,600000,100000.0,100000.0,False,False,False,False,,,,,3
3,[0.94217391 0.74766388 2.02523474 0.08127677 1.61919042 0.04788509],600000,NiaPyCuckooSearch,SphereN6,2.859885531674962,8.178945254283782,122346722.10039067,19.40944825500003,Continuous,Differentiable,Separable,Scalable,Multimodal,6,True,True,Sphere,3.0,600000,100000.0,100000.0,False,False,False,False,,,,,3
4,[0.         0.35050341 0.         0.         0.         0.06691735],600000,NiaPyDifferentialEvolution,SphereN6,0.35683409092814455,0.12733056844851534,502260.6854514141,107.17231700500008,Continuous,Differentiable,Separable,Scalable,Multimodal,6,True,True,Sphere,3.0,600000,100000.0,100000.0,True,False,False,False,438.0,521.0,549.0,549.0,3
5,[0.94283895 1.5867106  0.67331959 0.77070181 0.52069514 0.38119043],600000,RandomSearch1,SphereN6,2.2068905576478905,4.8703659334354175,120014291.35289507,25.786494145000006,Continuous,Differentiable,Separable,Scalable,Multimodal,6,True,True,Sphere,3.0,600000,100000.0,100000.0,False,False,False,False,,,,,3
6,[0.19978765 1.30433733 0.1939243  0.93461067 0.57182692 0.8595035 ],599999,RandomSearch2,SphereN6,1.9282237968760638,3.718047010839144,119932189.33593823,22.724055730999908,Continuous,Differentiable,Separable,Scalable,Multimodal,6,True,True,Sphere,3.0,600000,100000.0,99999.83333333333,False,False,False,False,,,,,3
7,[ 0.31620637 -0.06490055 -0.06511343 -0.29455857 -0.11430078  0.65721175],4726,CMAES,SphereN6,0.8001218738903323,0.6401950130777768,6947.116742333634,1.088251621000154,Continuous,Differentiable,Separable,Scalable,Multimodal,6,True,True,Sphere,3.0,600000,100000.0,787.6666666666666,True,False,False,False,149.0,,,,3
