,BestArm,NumberFunctionEval,Algorithm,CostFunction,EuclideanDistance,TrueRewardDifference,CumulativeRegret,TimeToComplete,Continuous,Differentiability,Separability,Scalability,Modality,Ndimensions,OptimizationSuccessful,BBOB,BaseClass,SD,MaxFeval,MaxFevalPerDimensions,FevalPerDimensions,SolveAt1,SolveAt1e-1,SolveAt1e-3,SolveAt1e-6,SolveEarlierAt1,SolveEarlierAt1e-1,SolveEarlierAt1e-3,SolveEarlierAt1e-6,simNumber
0,[3.02026994 3.85393623 3.61902859 3.31166256 0.85957144 5.08208677],600000,NiaPyNelderMead,SphereN6,8.637464957025083,74.6058008838363,44764959.26793872,17.04679089000001,Continuous,Differentiable,Separable,Scalable,Multimodal,6,True,True,Sphere,0.0,600000,100000.0,100000.0,False,False,False,False,,,,,6
1,[0. 0. 0. 0. 0. 0.],600000,NiaPyPSO,SphereN6,0.0,0.0,22550.859367624435,22.852229324999826,Continuous,Differentiable,Separable,Scalable,Multimodal,6,True,True,Sphere,0.0,600000,100000.0,100000.0,True,True,True,True,242.0,242.0,260.0,260.0,6
2,[0.07145655 0.42725757 1.83761533 0.26723706 0.88009619 0.46268224],600000,NiaPySimulatedAnnealing,SphereN6,2.150475519424332,4.62454495964335,121311315.52440657,23.81464300699986,Continuous,Differentiable,Separable,Scalable,Multimodal,6,True,True,Sphere,0.0,600000,100000.0,100000.0,False,False,False,False,,,,,6
3,[1.46186585 0.12119204 0.33234275 0.64135206 2.12198386 1.81377181],600000,NiaPyCuckooSearch,SphereN6,3.2351363375476203,10.46610712252103,122390922.86910567,14.785629380000046,Continuous,Differentiable,Separable,Scalable,Multimodal,6,True,True,Sphere,0.0,600000,100000.0,100000.0,False,False,False,False,,,,,6
4,[0. 0. 0. 0. 0. 0.],600000,NiaPyDifferentialEvolution,SphereN6,0.0,0.0,70331.8711804894,99.775248422,Continuous,Differentiable,Separable,Scalable,Multimodal,6,True,True,Sphere,0.0,600000,100000.0,100000.0,True,True,True,True,573.0,709.0,709.0,892.0,6
5,[0.21777503 0.45043694 0.62736622 1.0740454  0.43228288 0.82484682],600000,RandomSearch1,SphereN6,1.6323976428456541,2.6647220643680476,120047025.37961382,21.55051427599983,Continuous,Differentiable,Separable,Scalable,Multimodal,6,True,True,Sphere,0.0,600000,100000.0,100000.0,False,False,False,False,,,,,6
6,[0.73350325 0.63387768 0.47086678 0.16634114 0.7101871  1.07826108],599999,RandomSearch2,SphereN6,1.6900371304990671,2.856225502465521,120109102.75671615,18.215272781000067,Continuous,Differentiable,Separable,Scalable,Multimodal,6,True,True,Sphere,0.0,600000,100000.0,99999.83333333333,False,False,False,False,,,,,6
7,"[-4.23225933e-08 -4.75147697e-08 -9.98462442e-09 -5.34295604e-09
 -5.50402382e-08 -2.95939534e-09]",1477,CMAES,SphereN6,8.4942810078668e-08,7.21528098406066e-15,2443.5093128778017,0.3589010639998378,Continuous,Differentiable,Separable,Scalable,Multimodal,6,True,True,Sphere,0.0,600000,100000.0,246.16666666666666,True,True,True,True,119.0,184.0,398.0,687.0,6
