,BestArm,NumberFunctionEval,Algorithm,CostFunction,EuclideanDistance,TrueRewardDifference,CumulativeRegret,TimeToComplete,Continuous,Differentiability,Separability,Scalability,Modality,Ndimensions,OptimizationSuccessful,BBOB,BaseClass,SD,MaxFeval,MaxFevalPerDimensions,FevalPerDimensions,SolveAt1,SolveAt1e-1,SolveAt1e-3,SolveAt1e-6,SolveEarlierAt1,SolveEarlierAt1e-1,SolveEarlierAt1e-3,SolveEarlierAt1e-6,simNumber
0,[2.45899173 5.11280462 2.36177657 5.17035403 3.43932137 6.04692512],600000,NiaPyNelderMead,SphereN6,10.625073911802021,112.89219563125589,67732894.99328041,21.956000379999978,Continuous,Differentiable,Separable,Scalable,Multimodal,6,True,True,Sphere,3.0,600000,100000.0,100000.0,False,False,False,False,,,,,6
1,[0. 0. 0. 0. 0. 0.],600000,NiaPyPSO,SphereN6,0.0,0.0,16771.23160693035,27.474861087000136,Continuous,Differentiable,Separable,Scalable,Multimodal,6,True,True,Sphere,3.0,600000,100000.0,100000.0,True,True,True,True,214.0,241.0,241.0,241.0,6
2,[0.18070726 0.81807521 0.56829055 0.35641867 0.23928988 1.47182761],600000,NiaPySimulatedAnnealing,SphereN6,1.8372334491103761,3.3754267465300085,119350737.24648075,29.142135963999863,Continuous,Differentiable,Separable,Scalable,Multimodal,6,True,True,Sphere,3.0,600000,100000.0,100000.0,False,False,False,False,470334.0,,,,6
3,[0.05326083 1.03537367 0.89875787 0.83958465 1.28492032 1.75263627],600000,NiaPyCuckooSearch,SphereN6,2.703748798455179,7.310257565147824,122545722.41313386,19.42548294900007,Continuous,Differentiable,Separable,Scalable,Multimodal,6,True,True,Sphere,3.0,600000,100000.0,100000.0,False,False,False,False,,,,,6
4,[0.         0.25390112 0.         0.         0.         0.        ],600000,NiaPyDifferentialEvolution,SphereN6,0.2539011249969376,0.06446578127471055,530805.7865102304,107.014371171,Continuous,Differentiable,Separable,Scalable,Multimodal,6,True,True,Sphere,3.0,600000,100000.0,100000.0,True,True,False,False,142.0,591.0,618.0,618.0,6
5,[0.03287074 1.41858527 0.52327886 0.74271808 0.61495886 1.2886962 ],600000,RandomSearch1,SphereN6,2.208580510345003,4.8778278706757945,120033127.90740277,25.1739819779998,Continuous,Differentiable,Separable,Scalable,Multimodal,6,True,True,Sphere,3.0,600000,100000.0,100000.0,False,False,False,False,,,,,6
6,[0.58712123 0.00659583 0.86850172 0.82544173 0.96360982 1.05103336],599999,RandomSearch2,SphereN6,1.9528489791769026,3.8136191354722704,119938205.65956956,22.35772199200005,Continuous,Differentiable,Separable,Scalable,Multimodal,6,True,True,Sphere,3.0,600000,100000.0,99999.83333333333,False,False,False,False,,,,,6
7,[-0.2116778   0.2243579   0.20674732 -0.01173064  0.5845628   0.03025782],4816,CMAES,SphereN6,0.6932930251712776,0.48065521875114176,5401.163554670937,1.1070685900001536,Continuous,Differentiable,Separable,Scalable,Multimodal,6,True,True,Sphere,3.0,600000,100000.0,802.6666666666666,True,False,False,False,98.0,,,,6
