,BestArm,NumberFunctionEval,Algorithm,CostFunction,EuclideanDistance,TrueRewardDifference,CumulativeRegret,TimeToComplete,Continuous,Differentiability,Separability,Scalability,Modality,Ndimensions,OptimizationSuccessful,BBOB,BaseClass,SD,MaxFeval,MaxFevalPerDimensions,FevalPerDimensions,SolveAt1,SolveAt1e-1,SolveAt1e-3,SolveAt1e-6,SolveEarlierAt1,SolveEarlierAt1e-1,SolveEarlierAt1e-3,SolveEarlierAt1e-6,simNumber
0,[7.0800495  5.77862445 3.85537608 4.59464308 7.34914641 4.36403339],600000,NiaPyNelderMead,SphereN6,13.87620307008059,192.549011642114,115530022.17293262,16.913447634000022,Continuous,Differentiable,Separable,Scalable,Multimodal,6,True,True,Sphere,0.0,600000,100000.0,100000.0,False,False,False,False,,,,,3
1,[0. 0. 0. 0. 0. 0.],600000,NiaPyPSO,SphereN6,0.0,0.0,19831.171568334437,22.451168670000015,Continuous,Differentiable,Separable,Scalable,Multimodal,6,True,True,Sphere,0.0,600000,100000.0,100000.0,True,True,True,True,213.0,225.0,225.0,242.0,3
2,[2.75770968 0.         1.10172341 0.76810449 0.97050584 1.21197631],600000,NiaPySimulatedAnnealing,SphereN6,3.4379514043863044,11.819509858921762,122634231.50592214,23.481530464000002,Continuous,Differentiable,Separable,Scalable,Multimodal,6,True,True,Sphere,0.0,600000,100000.0,100000.0,False,False,False,False,,,,,3
3,[0.79146805 0.10859506 0.21015394 1.0345398  1.8308346  0.18218897],600000,NiaPyCuckooSearch,SphereN6,2.2666715711227345,5.137800011336007,123164644.34921896,14.696544396000036,Continuous,Differentiable,Separable,Scalable,Multimodal,6,True,True,Sphere,0.0,600000,100000.0,100000.0,False,False,False,False,,,,,3
4,[0. 0. 0. 0. 0. 0.],600000,NiaPyDifferentialEvolution,SphereN6,0.0,0.0,47847.07328697277,98.49114808700006,Continuous,Differentiable,Separable,Scalable,Multimodal,6,True,True,Sphere,0.0,600000,100000.0,100000.0,True,True,True,True,222.0,222.0,222.0,222.0,3
5,[0.09105132 0.86384351 0.72257336 0.01800417 1.03929682 0.51091765],600000,RandomSearch1,SphereN6,1.6180627628635065,2.618127104565484,120016178.34490283,21.21944959999996,Continuous,Differentiable,Separable,Scalable,Multimodal,6,True,True,Sphere,0.0,600000,100000.0,100000.0,False,False,False,False,,,,,3
6,[1.22385573 0.51439018 0.26834596 1.01572875 0.15038065 0.18450772],599999,RandomSearch2,SphereN6,1.7096174978343441,2.922791988901364,119952645.39499238,18.12352289599994,Continuous,Differentiable,Separable,Scalable,Multimodal,6,True,True,Sphere,0.0,600000,100000.0,99999.83333333333,False,False,False,False,,,,,3
7,"[ 3.51928231e-09  1.82954589e-08 -3.25105417e-08  2.64892606e-08
 -6.40280675e-08  4.04281308e-08]",1558,CMAES,SphereN6,8.854237741087564e-08,7.83975259756994e-15,2478.3825868897034,0.3697528540000121,Continuous,Differentiable,Separable,Scalable,Multimodal,6,True,True,Sphere,0.0,600000,100000.0,259.6666666666667,True,True,True,True,158.0,248.0,469.0,821.0,3
