,BestArm,NumberFunctionEval,Algorithm,CostFunction,EuclideanDistance,TrueRewardDifference,CumulativeRegret,TimeToComplete,Continuous,Differentiability,Separability,Scalability,Modality,Ndimensions,OptimizationSuccessful,BBOB,BaseClass,SD,MaxFeval,MaxFevalPerDimensions,FevalPerDimensions,SolveAt1,SolveAt1e-1,SolveAt1e-3,SolveAt1e-6,SolveEarlierAt1,SolveEarlierAt1e-1,SolveEarlierAt1e-3,SolveEarlierAt1e-6,simNumber
0,[1.4127825  4.26085293 7.79587237 1.6103168  2.8621207  3.23673082],120,NiaPyNelderMead,SphereN6,10.108794671486635,102.1877297102766,12964.261755746971,0.004298200000000918,Continuous,Differentiable,Separable,Scalable,Multimodal,6,True,True,Sphere,0.0,120,20.0,20.0,False,False,False,False,,,,,8
1,[0.83285694 5.24546393 0.         2.81324915 1.23244761 3.03926685],120,NiaPyPSO,SphereN6,6.8468228698813185,46.87898341152986,16787.31059757637,0.004534028000001911,Continuous,Differentiable,Separable,Scalable,Multimodal,6,True,True,Sphere,0.0,120,20.0,20.0,False,False,False,False,,,,,8
2,[5.10280636 3.27027409 3.02544894 4.54185872 2.89126429 5.97580926],120,NiaPySimulatedAnnealing,SphereN6,10.515933284903195,110.58485285253487,17072.506232332315,0.0052087460000009855,Continuous,Differentiable,Separable,Scalable,Multimodal,6,True,True,Sphere,0.0,120,20.0,20.0,False,False,False,False,,,,,8
3,[4.58171964 1.83679266 6.17148321 4.63950729 1.82884278 2.64672735],120,NiaPyCuckooSearch,SphereN6,9.712261662532944,94.32802660150719,24361.529889983143,0.0034954929999955198,Continuous,Differentiable,Separable,Scalable,Multimodal,6,True,True,Sphere,0.0,120,20.0,20.0,False,False,False,False,,,,,8
4,[0.         0.         1.43913883 0.         0.34335774 0.        ],120,NiaPyDifferentialEvolution,SphereN6,1.4795320552836797,2.189015102611949,22740.896472768585,0.01809527599999683,Continuous,Differentiable,Separable,Scalable,Multimodal,6,True,True,Sphere,0.0,120,20.0,20.0,False,False,False,False,,,,,8
5,[4.40654728 1.86427524 5.15324797 0.26402081 2.20445356 0.81117431],120,RandomSearch1,SphereN6,7.418657019836705,55.036471977972425,23776.889740721857,0.004785785999999348,Continuous,Differentiable,Separable,Scalable,Multimodal,6,True,True,Sphere,0.0,120,20.0,20.0,False,False,False,False,,,,,8
6,[4.98791327 4.48866227 3.3567825  4.85021544 0.69461641 1.98873138],119,RandomSearch2,SphereN6,9.179187918735556,84.2574908474608,24597.236775634894,0.004046402999996701,Continuous,Differentiable,Separable,Scalable,Multimodal,6,True,True,Sphere,0.0,120,20.0,19.833333333333332,False,False,False,False,,,,,8
7,[ 0.93994157 -1.74600809 -1.84464007  3.55725809 -0.4330255   1.30119801],127,CMAES,SphereN6,4.6764777189555495,21.869443855887702,38153.428418892225,0.07512170399999718,Continuous,Differentiable,Separable,Scalable,Multimodal,6,True,True,Sphere,0.0,120,20.0,21.166666666666668,False,False,False,False,,,,,8
