,BestArm,NumberFunctionEval,Algorithm,CostFunction,EuclideanDistance,TrueRewardDifference,CumulativeRegret,TimeToComplete,Continuous,Differentiability,Separability,Scalability,Modality,Ndimensions,OptimizationSuccessful,BBOB,BaseClass,SD,MaxFeval,MaxFevalPerDimensions,FevalPerDimensions,SolveAt1,SolveAt1e-1,SolveAt1e-3,SolveAt1e-6,SolveEarlierAt1,SolveEarlierAt1e-1,SolveEarlierAt1e-3,SolveEarlierAt1e-6,simNumber
0,[5.18273803 1.77033343 0.71689223 3.82638617 3.97778185 3.68055761],600000,NiaPyNelderMead,SphereN6,8.632454597804923,74.51927238316335,44712536.111072056,16.90398948500001,Continuous,Differentiable,Separable,Scalable,Multimodal,6,True,True,Sphere,0.0,600000,100000.0,100000.0,False,False,False,False,,,,,1
1,[0. 0. 0. 0. 0. 0.],600000,NiaPyPSO,SphereN6,0.0,0.0,15451.930048683107,22.742834818999995,Continuous,Differentiable,Separable,Scalable,Multimodal,6,True,True,Sphere,0.0,600000,100000.0,100000.0,True,True,True,True,181.0,203.0,211.0,211.0,1
2,[0.1960326  1.09706293 2.34273215 0.23444502 0.71480859 1.12443282],600000,NiaPySimulatedAnnealing,SphereN6,2.9258562402016146,8.560634738326726,122471400.78291681,23.543179355000007,Continuous,Differentiable,Separable,Scalable,Multimodal,6,True,True,Sphere,0.0,600000,100000.0,100000.0,False,False,False,False,,,,,1
3,[2.37013837 1.01181226 0.25884729 0.66509958 0.23228759 1.14266643],600000,NiaPyCuckooSearch,SphereN6,2.917245856766358,8.510323388820483,122366592.78223889,14.65540912800003,Continuous,Differentiable,Separable,Scalable,Multimodal,6,True,True,Sphere,0.0,600000,100000.0,100000.0,False,False,False,False,,,,,1
4,[0. 0. 0. 0. 0. 0.],600000,NiaPyDifferentialEvolution,SphereN6,0.0,0.0,55772.30302389633,98.02655809999999,Continuous,Differentiable,Separable,Scalable,Multimodal,6,True,True,Sphere,0.0,600000,100000.0,100000.0,True,True,True,True,271.0,492.0,492.0,492.0,1
5,[0.81223169 0.2934919  0.48263157 0.34052226 0.46080718 1.01972508],600000,RandomSearch1,SphereN6,1.5319689810488788,2.3469289588959397,119971188.69818063,21.371815330000004,Continuous,Differentiable,Separable,Scalable,Multimodal,6,True,True,Sphere,0.0,600000,100000.0,100000.0,False,False,False,False,,,,,1
6,[0.41082362 0.522473   1.47920645 0.41886935 0.54375399 0.21907268],599999,RandomSearch2,SphereN6,1.7745192463292188,3.148918555592818,119990477.02735308,18.181449350000037,Continuous,Differentiable,Separable,Scalable,Multimodal,6,True,True,Sphere,0.0,600000,100000.0,99999.83333333333,False,False,False,False,,,,,1
7,"[-2.09198417e-08 -1.29642389e-08  2.14631857e-08 -1.65748618e-09
  3.37649284e-08 -1.33382227e-08]",1315,CMAES,SphereN6,4.8858013071078896e-08,2.3871054412537164e-15,2014.8075024968102,0.31602935500001195,Continuous,Differentiable,Separable,Scalable,Multimodal,6,True,True,Sphere,0.0,600000,100000.0,219.16666666666666,True,True,True,True,122.0,189.0,413.0,624.0,1
