,BestArm,NumberFunctionEval,Algorithm,CostFunction,EuclideanDistance,TrueRewardDifference,CumulativeRegret,TimeToComplete,Continuous,Differentiability,Separability,Scalability,Modality,Ndimensions,OptimizationSuccessful,BBOB,BaseClass,SD,MaxFeval,MaxFevalPerDimensions,FevalPerDimensions,SolveAt1,SolveAt1e-1,SolveAt1e-3,SolveAt1e-6,SolveEarlierAt1,SolveEarlierAt1e-1,SolveEarlierAt1e-3,SolveEarlierAt1e-6,simNumber
0,[1.14672046 0.04584314 8.78470749 2.3561387  3.71456487 1.36886461],600000,NiaPyNelderMead,SphereN6,9.985555922677198,99.71132708491366,59826814.578826144,22.53737546399998,Continuous,Differentiable,Separable,Scalable,Multimodal,6,True,True,Sphere,3.0,600000,100000.0,100000.0,False,False,False,False,,,,,4
1,[0. 0. 0. 0. 0. 0.],600000,NiaPyPSO,SphereN6,0.0,0.0,29301.57381133363,27.936595790000183,Continuous,Differentiable,Separable,Scalable,Multimodal,6,True,True,Sphere,3.0,600000,100000.0,100000.0,True,True,True,True,188.0,263.0,269.0,269.0,4
2,[1.58460758 1.84981439 1.02870052 1.52519892 2.17395218 0.37365811],600000,NiaPySimulatedAnnealing,SphereN6,3.766024357558228,14.182939461721865,119763046.48677875,29.248305832000142,Continuous,Differentiable,Separable,Scalable,Multimodal,6,True,True,Sphere,3.0,600000,100000.0,100000.0,False,False,False,False,,,,,4
3,[1.64754007 0.81994088 0.8630365  0.06916637 0.52052341 0.46661795],600000,NiaPyCuckooSearch,SphereN6,2.1505776518970596,4.6249842368390714,122393876.93628417,19.51146449199996,Continuous,Differentiable,Separable,Scalable,Multimodal,6,True,True,Sphere,3.0,600000,100000.0,100000.0,False,False,False,False,,,,,4
4,[0.54403884 0.         0.24634712 0.         0.00612995 0.39567698],600000,NiaPyDifferentialEvolution,SphereN6,0.7164237690602941,0.5132630168745576,358399.7897462199,107.93306067799995,Continuous,Differentiable,Separable,Scalable,Multimodal,6,True,True,Sphere,3.0,600000,100000.0,100000.0,True,False,False,False,345.0,345.0,345.0,345.0,4
5,[0.10769687 0.11780789 1.49643141 1.10386207 1.606399   1.58057014],600000,RandomSearch1,SphereN6,2.926092181508742,8.56201545468659,120075864.60790801,25.227953624000065,Continuous,Differentiable,Separable,Scalable,Multimodal,6,True,True,Sphere,3.0,600000,100000.0,100000.0,False,False,False,False,,,,,4
6,[0.39891699 1.58875447 0.61302678 0.08235755 0.48322081 0.544307  ],599999,RandomSearch2,SphereN6,1.896215332433932,3.595632586957527,120000624.63773358,22.437410996999915,Continuous,Differentiable,Separable,Scalable,Multimodal,6,True,True,Sphere,3.0,600000,100000.0,99999.83333333333,False,False,False,False,,,,,4
7,[-0.00630327 -0.60575837  0.4526761  -0.41005683 -0.28000629  0.17306125],5491,CMAES,SphereN6,0.9210857215434024,0.8483989064311304,6587.3472488588495,1.2893722320000052,Continuous,Differentiable,Separable,Scalable,Multimodal,6,True,True,Sphere,3.0,600000,100000.0,915.1666666666666,True,False,False,False,119.0,280.0,,,4
