,BestArm,NumberFunctionEval,Algorithm,CostFunction,EuclideanDistance,TrueRewardDifference,CumulativeRegret,TimeToComplete,Continuous,Differentiability,Separability,Scalability,Modality,Ndimensions,OptimizationSuccessful,BBOB,BaseClass,SD,MaxFeval,MaxFevalPerDimensions,FevalPerDimensions,SolveAt1,SolveAt1e-1,SolveAt1e-3,SolveAt1e-6,SolveEarlierAt1,SolveEarlierAt1e-1,SolveEarlierAt1e-3,SolveEarlierAt1e-6,simNumber
0,[5.00180042 4.46356854 3.19516233 4.17219491 5.96225459 4.24474131],600000,NiaPyNelderMead,SphereN6,11.230495658799867,126.12403274232268,75675470.26243678,22.269110902999955,Continuous,Differentiable,Separable,Scalable,Multimodal,6,True,True,Sphere,3.0,600000,100000.0,100000.0,False,False,False,False,,,,,7
1,[0.         0.         0.         0.         0.         0.13679703],600000,NiaPyPSO,SphereN6,0.13679702638528046,0.018713426427855118,497101.0340680231,27.505955393000022,Continuous,Differentiable,Separable,Scalable,Multimodal,6,True,True,Sphere,3.0,600000,100000.0,100000.0,True,True,False,False,182.0,212.0,212.0,212.0,7
2,[1.91888122 2.81296078 0.98884892 1.81476963 0.2904436  0.06499795],600000,NiaPySimulatedAnnealing,SphereN6,3.994326807434388,15.954646644588989,129043544.8809328,29.176340057999823,Continuous,Differentiable,Separable,Scalable,Multimodal,6,True,True,Sphere,3.0,600000,100000.0,100000.0,False,False,False,False,,,,,7
3,[1.21685213 0.12526877 1.05855399 1.87214704 0.47953908 0.75836408],600000,NiaPyCuckooSearch,SphereN6,2.63191304461784,6.926966274429549,122383531.22069395,19.394434417999946,Continuous,Differentiable,Separable,Scalable,Multimodal,6,True,True,Sphere,3.0,600000,100000.0,100000.0,False,False,False,False,,,,,7
4,[0.36270602 0.         0.         0.         0.         0.60862172],600000,NiaPyDifferentialEvolution,SphereN6,0.7085026837203308,0.501976052838911,644730.1720201006,105.63188385099988,Continuous,Differentiable,Separable,Scalable,Multimodal,6,True,True,Sphere,3.0,600000,100000.0,100000.0,True,False,False,False,407.0,744.0,744.0,744.0,7
5,[0.21831465 0.13369353 0.96258979 1.17080658 0.4389304  0.39047697],600000,RandomSearch1,SphereN6,1.6456106910482675,2.7080345464923568,120025902.15223837,25.150732251000136,Continuous,Differentiable,Separable,Scalable,Multimodal,6,True,True,Sphere,3.0,600000,100000.0,100000.0,False,False,False,False,,,,,7
6,[1.17263593 0.30854638 0.41051506 1.19811603 0.45299807 0.25762967],599999,RandomSearch2,SphereN6,1.829169430826105,3.3458608066686963,120029216.35751373,22.30090591699991,Continuous,Differentiable,Separable,Scalable,Multimodal,6,True,True,Sphere,3.0,600000,100000.0,99999.83333333333,False,False,False,False,,,,,7
7,[ 0.25669342  0.27481559 -0.0252096  -0.8529562   0.05741683 -0.47983167],6481,CMAES,SphereN6,1.050295221037522,1.1031200513342574,10839.031395994301,1.5435406309998143,Continuous,Differentiable,Separable,Scalable,Multimodal,6,True,True,Sphere,3.0,600000,100000.0,1080.1666666666667,False,False,False,False,65.0,,,,7
