,BestArm,NumberFunctionEval,Algorithm,CostFunction,EuclideanDistance,TrueRewardDifference,CumulativeRegret,TimeToComplete,Continuous,Differentiability,Separability,Scalability,Modality,Ndimensions,OptimizationSuccessful,BBOB,BaseClass,SD,MaxFeval,MaxFevalPerDimensions,FevalPerDimensions,SolveAt1,SolveAt1e-1,SolveAt1e-3,SolveAt1e-6,SolveEarlierAt1,SolveEarlierAt1e-1,SolveEarlierAt1e-3,SolveEarlierAt1e-6,simNumber
0,[4.8191104  2.837727   5.82547932 3.74989843 3.56933092 3.15850184],600000,NiaPyNelderMead,SphereN6,10.099045711275544,101.99072427843295,61195133.17641669,17.14697134300002,Continuous,Differentiable,Separable,Scalable,Multimodal,6,True,True,Sphere,0.0,600000,100000.0,100000.0,False,False,False,False,,,,,2
1,[0. 0. 0. 0. 0. 0.],600000,NiaPyPSO,SphereN6,0.0,0.0,17705.743115806064,22.888888049999935,Continuous,Differentiable,Separable,Scalable,Multimodal,6,True,True,Sphere,0.0,600000,100000.0,100000.0,True,True,True,True,213.0,228.0,241.0,241.0,2
2,[0.45883354 0.68162317 0.0787017  1.40226722 2.17642923 2.16424604],600000,NiaPySimulatedAnnealing,SphereN6,3.4739733369542116,12.068490745868782,118111110.97357418,23.933860579999987,Continuous,Differentiable,Separable,Scalable,Multimodal,6,True,True,Sphere,0.0,600000,100000.0,100000.0,False,False,False,False,,,,,2
3,[2.8755435  0.32101665 0.00916841 0.87295713 0.76463951 0.36625062],600000,NiaPyCuckooSearch,SphereN6,3.1389095940116567,9.852753439378423,122730126.35839559,14.651050800000007,Continuous,Differentiable,Separable,Scalable,Multimodal,6,True,True,Sphere,0.0,600000,100000.0,100000.0,False,False,False,False,,,,,2
4,[0. 0. 0. 0. 0. 0.],600000,NiaPyDifferentialEvolution,SphereN6,0.0,0.0,51389.9500742934,98.05431842900009,Continuous,Differentiable,Separable,Scalable,Multimodal,6,True,True,Sphere,0.0,600000,100000.0,100000.0,True,True,True,True,322.0,719.0,745.0,745.0,2
5,[1.0659164  0.80557663 0.21324201 0.16964287 0.04892863 0.5164677 ],600000,RandomSearch1,SphereN6,1.4589431933400103,2.128515241393147,120148260.39175096,21.44571889100007,Continuous,Differentiable,Separable,Scalable,Multimodal,6,True,True,Sphere,0.0,600000,100000.0,100000.0,False,False,False,False,,,,,2
6,[0.7620679  1.04618451 0.09376267 0.2743542  0.5850138  0.62967789],599999,RandomSearch2,SphereN6,1.5805209755148395,2.4980465540423804,119980986.34495053,18.179426161000038,Continuous,Differentiable,Separable,Scalable,Multimodal,6,True,True,Sphere,0.0,600000,100000.0,99999.83333333333,False,False,False,False,,,,,2
7,"[-8.29976281e-09  5.49802818e-08  7.40238875e-08  1.19971117e-09
 -6.30615163e-08 -7.12898970e-09]",1522,CMAES,SphereN6,1.1225092432980397e-07,1.2600270012895377e-14,2334.7919133971554,0.37462531000005583,Continuous,Differentiable,Separable,Scalable,Multimodal,6,True,True,Sphere,0.0,600000,100000.0,253.66666666666666,True,True,True,True,126.0,215.0,403.0,748.0,2
