,BestArm,NumberFunctionEval,Algorithm,CostFunction,EuclideanDistance,TrueRewardDifference,CumulativeRegret,TimeToComplete,Continuous,Differentiability,Separability,Scalability,Modality,Ndimensions,OptimizationSuccessful,BBOB,BaseClass,SD,MaxFeval,MaxFevalPerDimensions,FevalPerDimensions,SolveAt1,SolveAt1e-1,SolveAt1e-3,SolveAt1e-6,SolveEarlierAt1,SolveEarlierAt1e-1,SolveEarlierAt1e-3,SolveEarlierAt1e-6,simNumber
0,[4.52669934 5.8337846  3.97887435 7.85238177 1.39849323 3.07898906],600000,NiaPyNelderMead,SphereN6,11.977117651567875,143.45134723949877,86071552.46572655,22.096728493,Continuous,Differentiable,Separable,Scalable,Multimodal,6,True,True,Sphere,3.0,600000,100000.0,100000.0,False,False,False,False,,,,,5
1,[0.         0.02823623 0.         0.         0.         0.        ],600000,NiaPyPSO,SphereN6,0.028236232490073232,0.0007972848252334672,22653.49148360829,27.441432736000024,Continuous,Differentiable,Separable,Scalable,Multimodal,6,True,True,Sphere,3.0,600000,100000.0,100000.0,True,True,True,False,183.0,227.0,314.0,314.0,5
2,[0.74929683 1.94030134 0.95780886 1.94699729 1.71347699 1.29273744],600000,NiaPySimulatedAnnealing,SphereN6,3.6934516068474865,13.64158477212428,121472062.34844612,29.138442060999978,Continuous,Differentiable,Separable,Scalable,Multimodal,6,True,True,Sphere,3.0,600000,100000.0,100000.0,False,False,False,False,,,,,5
3,[2.39744489 1.48596069 1.65279294 0.80115112 0.96324598 0.83423337],600000,NiaPyCuckooSearch,SphereN6,3.599052218661711,12.953176872653785,122134646.56368206,19.537247132999937,Continuous,Differentiable,Separable,Scalable,Multimodal,6,True,True,Sphere,3.0,600000,100000.0,100000.0,False,False,False,False,,,,,5
4,[0.27201471 0.         0.         0.17512843 0.65883541 0.12517649],600000,NiaPyDifferentialEvolution,SphereN6,0.7445772105121551,0.5543952224140621,628150.4921261471,106.436138583,Continuous,Differentiable,Separable,Scalable,Multimodal,6,True,True,Sphere,3.0,600000,100000.0,100000.0,True,False,False,False,473.0,658.0,658.0,1036.0,5
5,[0.66129143 0.32814764 1.08105057 1.44334661 0.91414016 0.22466323],600000,RandomSearch1,SphereN6,2.164031604810993,4.683032786620843,120051175.26814115,25.02916719299992,Continuous,Differentiable,Separable,Scalable,Multimodal,6,True,True,Sphere,3.0,600000,100000.0,100000.0,False,False,False,False,,,,,5
6,[0.55068684 1.21194785 0.95432824 0.11586981 0.18040896 0.4814584 ],599999,RandomSearch2,SphereN6,1.7206369069568768,2.9605913655821277,119978870.16722381,22.281368786999792,Continuous,Differentiable,Separable,Scalable,Multimodal,6,True,True,Sphere,3.0,600000,100000.0,99999.83333333333,False,False,False,False,,,,,5
7,[ 0.15536295  0.12775292  0.07081009 -0.54440859  0.24239481 -0.1188864 ],4591,CMAES,SphereN6,0.6440050157785752,0.4147424603479628,6854.4163631944075,1.0583971080000083,Continuous,Differentiable,Separable,Scalable,Multimodal,6,True,True,Sphere,3.0,600000,100000.0,765.1666666666666,True,False,False,False,154.0,4390.0,,,5
