,BestArm,NumberFunctionEval,Algorithm,CostFunction,EuclideanDistance,TrueRewardDifference,CumulativeRegret,TimeToComplete,Continuous,Differentiability,Separability,Scalability,Modality,Ndimensions,OptimizationSuccessful,BBOB,BaseClass,SD,MaxFeval,MaxFevalPerDimensions,FevalPerDimensions,SolveAt1,SolveAt1e-1,SolveAt1e-3,SolveAt1e-6,SolveEarlierAt1,SolveEarlierAt1e-1,SolveEarlierAt1e-3,SolveEarlierAt1e-6,simNumber
0,[2.72375856 0.4364381  1.54709467 1.31152831 0.14340396 2.04227751],600000,NiaPyNelderMead,SphereN6,3.9892868351617,15.914409453194455,9552300.362833967,17.036144212000004,Continuous,Differentiable,Separable,Scalable,Multimodal,6,True,True,Sphere,0.0,600000,100000.0,100000.0,False,False,False,False,,,,,0
1,[0. 0. 0. 0. 0. 0.],600000,NiaPyPSO,SphereN6,0.0,0.0,19538.526583684637,22.632448974,Continuous,Differentiable,Separable,Scalable,Multimodal,6,True,True,Sphere,0.0,600000,100000.0,100000.0,True,True,True,True,214.0,220.0,242.0,242.0,0
2,[0.30821029 1.0833671  0.96934409 1.08815133 0.72513985 1.18966862],600000,NiaPySimulatedAnnealing,SphereN6,2.3094411373522186,5.333518366894709,121739798.29445122,24.046023313999996,Continuous,Differentiable,Separable,Scalable,Multimodal,6,True,True,Sphere,0.0,600000,100000.0,100000.0,False,False,False,False,,,,,0
3,[1.43488693 0.02163485 0.07977844 1.62377787 0.91938913 1.24536483],600000,NiaPyCuckooSearch,SphereN6,2.664319360823685,7.098597656459931,122419095.81394522,14.911371295999999,Continuous,Differentiable,Separable,Scalable,Multimodal,6,True,True,Sphere,0.0,600000,100000.0,100000.0,False,False,False,False,,,,,0
4,[0. 0. 0. 0. 0. 0.],600000,NiaPyDifferentialEvolution,SphereN6,0.0,0.0,42484.87040298057,97.80249059799999,Continuous,Differentiable,Separable,Scalable,Multimodal,6,True,True,Sphere,0.0,600000,100000.0,100000.0,True,True,True,True,235.0,317.0,470.0,470.0,0
5,[0.21656168 0.44205579 0.46999188 0.85105672 0.5365705  0.73610415],600000,RandomSearch1,SphereN6,1.4203025768892126,2.0172594099181373,120027009.50479619,21.292586279999995,Continuous,Differentiable,Separable,Scalable,Multimodal,6,True,True,Sphere,0.0,600000,100000.0,100000.0,False,False,False,False,,,,,0
6,[0.2434597  0.30399313 0.94884269 0.51589376 0.15708563 0.68718894],599999,RandomSearch2,SphereN6,1.3472333874234719,1.8150378001885226,119993643.23504937,18.165159225999986,Continuous,Differentiable,Separable,Scalable,Multimodal,6,True,True,Sphere,0.0,600000,100000.0,99999.83333333333,False,False,False,False,,,,,0
7,"[-7.37324362e-09 -4.45371634e-08 -4.95666927e-09 -1.46248985e-08
 -2.88776602e-08 -1.28418162e-08]",1468,CMAES,SphereN6,5.722946249513059e-08,3.2752113774815588e-15,2500.81920347895,0.3965760629999977,Continuous,Differentiable,Separable,Scalable,Multimodal,6,True,True,Sphere,0.0,600000,100000.0,244.66666666666666,True,True,True,True,183.0,308.0,484.0,737.0,0
