,BestArm,NumberFunctionEval,Algorithm,CostFunction,EuclideanDistance,TrueRewardDifference,CumulativeRegret,TimeToComplete,Continuous,Differentiability,Separability,Scalability,Modality,Ndimensions,OptimizationSuccessful,BBOB,BaseClass,SD,MaxFeval,MaxFevalPerDimensions,FevalPerDimensions,SolveAt1,SolveAt1e-1,SolveAt1e-3,SolveAt1e-6,SolveEarlierAt1,SolveEarlierAt1e-1,SolveEarlierAt1e-3,SolveEarlierAt1e-6,simNumber
0,[4.9324022  0.47537305 0.62890125 5.98992269 3.41357982 4.46938208],6000,NiaPyNelderMead,SphereN6,9.615464888090173,92.45716501409497,557565.7422618219,0.2293515020000001,Continuous,Differentiable,Separable,Scalable,Multimodal,6,True,True,Sphere,3.0,6000,1000.0,1000.0,False,False,False,False,,,,,1
1,[0.         0.00864704 0.         0.         0.         0.        ],6000,NiaPyPSO,SphereN6,0.008647037383100867,7.477125550474389e-05,18872.457345652118,0.26400618999999637,Continuous,Differentiable,Separable,Scalable,Multimodal,6,True,True,Sphere,3.0,6000,1000.0,1000.0,True,True,True,False,237.0,241.0,254.0,254.0,1
2,[2.83518034 0.17076133 6.75803254 2.71256557 6.94218737 1.15620188],6000,NiaPySimulatedAnnealing,SphereN6,10.517946144644572,110.62719110164362,1511405.7811141945,0.2910752939999952,Continuous,Differentiable,Separable,Scalable,Multimodal,6,True,True,Sphere,3.0,6000,1000.0,1000.0,False,False,False,False,,,,,1
3,[0.60263659 0.92995796 1.77848213 0.30203654 2.19669588 0.48798746],6000,NiaPyCuckooSearch,SphereN6,3.089631369560802,9.545821999774157,1185896.0312497178,0.24961788200000257,Continuous,Differentiable,Separable,Scalable,Multimodal,6,True,True,Sphere,3.0,6000,1000.0,1000.0,False,False,False,False,,,,,1
4,[0.34402079 0.         0.         0.         0.         0.        ],6000,NiaPyDifferentialEvolution,SphereN6,0.34402078773586786,0.11835030239440705,77276.2705101099,1.0548982599999945,Continuous,Differentiable,Separable,Scalable,Multimodal,6,True,True,Sphere,3.0,6000,1000.0,1000.0,True,False,False,False,512.0,839.0,1291.0,1291.0,1
5,[0.03359651 0.05655341 0.3804274  2.23459574 0.27427279 0.39321576],6000,RandomSearch1,SphereN6,2.3178253482661955,5.37231434506531,1196134.019226665,0.254831633000002,Continuous,Differentiable,Separable,Scalable,Multimodal,6,True,True,Sphere,3.0,6000,1000.0,1000.0,False,False,False,False,,,,,1
6,[0.59353701 1.24340575 1.24508467 1.74670627 2.46557682 2.69132818],5999,RandomSearch2,SphereN6,4.452176891747585,19.821879075411182,1205025.8164278916,0.22364674399999984,Continuous,Differentiable,Separable,Scalable,Multimodal,6,True,True,Sphere,3.0,6000,1000.0,999.8333333333334,False,False,False,False,,,,,1
7,[-0.6251743   0.07718496 -0.50207901  0.23856441  0.30734942 -0.13525834],4546,CMAES,SphereN6,0.9047404159589068,0.8185552202694957,18610.902398498205,1.0440915109999978,Continuous,Differentiable,Separable,Scalable,Multimodal,6,True,True,Sphere,3.0,6000,1000.0,757.6666666666666,True,False,False,False,189.0,,,,1
