,BestArm,NumberFunctionEval,Algorithm,CostFunction,EuclideanDistance,TrueRewardDifference,CumulativeRegret,TimeToComplete,Continuous,Differentiability,Separability,Scalability,Modality,Ndimensions,OptimizationSuccessful,BBOB,BaseClass,SD,MaxFeval,MaxFevalPerDimensions,FevalPerDimensions,SolveAt1,SolveAt1e-1,SolveAt1e-3,SolveAt1e-6,SolveEarlierAt1,SolveEarlierAt1e-1,SolveEarlierAt1e-3,SolveEarlierAt1e-6,simNumber
0,[3.74315796 1.86334314 5.07524692 2.82160125 0.83074645 0.1513461 ],6000,NiaPyNelderMead,SphereN6,7.205268173317937,51.91588944942841,313423.67292586516,0.22523409800000138,Continuous,Differentiable,Separable,Scalable,Multimodal,6,True,True,Sphere,3.0,6000,1000.0,1000.0,False,False,False,False,,,,,3
1,[0.28614527 0.         0.         0.         0.         0.        ],6000,NiaPyPSO,SphereN6,0.28614527095499953,0.0818791160899101,23629.01046776571,0.26328079299999985,Continuous,Differentiable,Separable,Scalable,Multimodal,6,True,True,Sphere,3.0,6000,1000.0,1000.0,True,True,False,False,245.0,277.0,277.0,277.0,3
2,[2.01241666 4.90806598 6.76589809 5.00157358 0.3436989  0.91543736],6000,NiaPySimulatedAnnealing,SphereN6,9.994408540860945,99.88820208163422,1509570.5868109656,0.2850702149999975,Continuous,Differentiable,Separable,Scalable,Multimodal,6,True,True,Sphere,3.0,6000,1000.0,1000.0,False,False,False,False,,,,,3
3,[1.15813433 3.81993971 1.47401891 3.1106938  3.90973307 0.23435139],6000,NiaPyCuckooSearch,SphereN6,6.5668329819908084,43.123295413362285,1199708.8865336361,0.1954389189999972,Continuous,Differentiable,Separable,Scalable,Multimodal,6,True,True,Sphere,3.0,6000,1000.0,1000.0,False,False,False,False,,,,,3
4,[0.         0.         0.08342518 0.         0.         0.40644988],6000,NiaPyDifferentialEvolution,SphereN6,0.4149232082884119,0.17216126877634885,62518.686053826925,1.041527453999997,Continuous,Differentiable,Separable,Scalable,Multimodal,6,True,True,Sphere,3.0,6000,1000.0,1000.0,True,False,False,False,612.0,774.0,774.0,774.0,3
5,[0.32123685 2.19613068 1.65807014 2.47241578 3.03785149 1.36898538],6000,RandomSearch1,SphereN6,4.989076273800983,24.890882065803897,1198432.5287569612,0.2427311090000046,Continuous,Differentiable,Separable,Scalable,Multimodal,6,True,True,Sphere,3.0,6000,1000.0,1000.0,False,False,False,False,,,,,3
6,[1.58985422 1.85106781 3.20270018 1.26799259 3.03673747 1.17059639],5999,RandomSearch2,SphereN6,5.3302206769333305,28.411252464807614,1209842.0256938357,0.21740308799999752,Continuous,Differentiable,Separable,Scalable,Multimodal,6,True,True,Sphere,3.0,6000,1000.0,999.8333333333334,False,False,False,False,,,,,3
7,[ 0.01696906  0.55141269 -0.14562349  0.19094015 -0.21247508  0.19804321],5266,CMAES,SphereN6,0.6681130298944655,0.4463750207147631,23562.419158272012,1.2024205499999994,Continuous,Differentiable,Separable,Scalable,Multimodal,6,True,True,Sphere,3.0,6000,1000.0,877.6666666666666,True,False,False,False,253.0,,,,3
