,BestArm,NumberFunctionEval,Algorithm,CostFunction,EuclideanDistance,TrueRewardDifference,CumulativeRegret,TimeToComplete,Continuous,Differentiability,Separability,Scalability,Modality,Ndimensions,OptimizationSuccessful,BBOB,BaseClass,SD,MaxFeval,MaxFevalPerDimensions,FevalPerDimensions,SolveAt1,SolveAt1e-1,SolveAt1e-3,SolveAt1e-6,SolveEarlierAt1,SolveEarlierAt1e-1,SolveEarlierAt1e-3,SolveEarlierAt1e-6,simNumber
0,[1.84812963 3.54762589],200000,NiaPyNelderMead,StrechedVSineWave2N,4.000154074305154,1.0717800154216106,214357.70060177654,8.719159672999922,Continuous,Differentiable,Non-Separable,Scalable,Unimodal,2,True,False,StrechedVSineWave2N,0.0,200000,100000.0,100000.0,False,False,False,False,,,,,1
1,[-7.01340403e-05 -8.06759854e-06],200000,NiaPyPSO,StrechedVSineWave2N,7.059652790165892e-05,0.013495370451349542,169692.08174671564,7.020339120999779,Continuous,Differentiable,Non-Separable,Scalable,Unimodal,2,True,False,StrechedVSineWave2N,0.0,200000,100000.0,100000.0,True,True,False,False,71.0,1703.0,,,1
2,[-0.02203057  0.00828313],200000,NiaPySimulatedAnnealing,StrechedVSineWave2N,0.02353627310754004,0.12805399218084412,390329.3589127444,7.354836668999269,Continuous,Differentiable,Non-Separable,Scalable,Unimodal,2,True,False,StrechedVSineWave2N,0.0,200000,100000.0,100000.0,True,False,False,False,35773.0,,,,1
3,[ 0.1694458  -0.09098633],200000,NiaPyCuckooSearch,StrechedVSineWave2N,0.1923288597693127,0.41368879633316524,382635.84659058164,4.573415770999418,Continuous,Differentiable,Non-Separable,Scalable,Unimodal,2,True,False,StrechedVSineWave2N,0.0,200000,100000.0,100000.0,True,False,False,False,2911.0,,,,1
4,[3.24533930e-06 6.26131719e-06],200000,NiaPyDifferentialEvolution,StrechedVSineWave2N,7.052398180443278e-06,0.0014891554060115773,5077.682252601016,29.50462025700017,Continuous,Differentiable,Non-Separable,Scalable,Unimodal,2,True,False,StrechedVSineWave2N,0.0,200000,100000.0,100000.0,True,True,False,False,608.0,2389.0,,,1
5,[ 0.02231816 -0.00384049],200000,RandomSearch1,StrechedVSineWave2N,0.022646183162518534,0.1280253334771184,358175.16037111916,3.4333261140000104,Continuous,Differentiable,Non-Separable,Scalable,Unimodal,2,True,False,StrechedVSineWave2N,0.0,200000,100000.0,100000.0,True,False,False,False,11.0,,,,1
6,[ 0.0303904  -0.07097579],199999,RandomSearch2,StrechedVSineWave2N,0.07720841301367193,0.2484198001590359,358011.3468289704,4.079866148000292,Continuous,Differentiable,Non-Separable,Scalable,Unimodal,2,True,False,StrechedVSineWave2N,0.0,200000,100000.0,99999.5,True,False,False,False,30.0,,,,1
7,[4.8341116 1.4466954],415,CMAES,StrechedVSineWave2N,5.045945156837987,1.0842985622862102,465.15102125062316,0.14640024500022264,Continuous,Differentiable,Non-Separable,Scalable,Unimodal,2,True,False,StrechedVSineWave2N,0.0,200000,100000.0,207.5,False,False,False,False,,,,,1
