,BestArm,NumberFunctionEval,Algorithm,CostFunction,EuclideanDistance,TrueRewardDifference,CumulativeRegret,TimeToComplete,Continuous,Differentiability,Separability,Scalability,Modality,Ndimensions,OptimizationSuccessful,BBOB,BaseClass,SD,MaxFeval,MaxFevalPerDimensions,FevalPerDimensions,SolveAt1,SolveAt1e-1,SolveAt1e-3,SolveAt1e-6,SolveEarlierAt1,SolveEarlierAt1e-1,SolveEarlierAt1e-3,SolveEarlierAt1e-6,simNumber
0,[-4.2904626   4.08577565],200000,NiaPyNelderMead,StrechedVSineWave2N,5.924663028364925,1.8683044626271568,373065.3041085711,9.188777991999814,Continuous,Differentiable,Non-Separable,Scalable,Unimodal,2,True,False,StrechedVSineWave2N,3.0,200000,100000.0,100000.0,False,False,False,False,,,,,7
1,[1.34954969 4.07960918],200000,NiaPyPSO,StrechedVSineWave2N,4.2970333246169785,1.7470221277966922,291332.9430411699,8.30687786999988,Continuous,Differentiable,Non-Separable,Scalable,Unimodal,2,True,False,StrechedVSineWave2N,3.0,200000,100000.0,100000.0,False,False,False,False,50.0,,,,7
2,[1.48566799 0.76841331],200000,NiaPySimulatedAnnealing,StrechedVSineWave2N,1.6726232048714456,1.2665034181941575,386476.76883045316,8.895507035000264,Continuous,Differentiable,Non-Separable,Scalable,Unimodal,2,True,False,StrechedVSineWave2N,3.0,200000,100000.0,100000.0,False,False,False,False,21795.0,,,,7
3,[-6.27381451 -0.92566472],200000,NiaPyCuckooSearch,StrechedVSineWave2N,6.341735064881658,1.10476793697464,383349.3113688157,6.05076198200004,Continuous,Differentiable,Non-Separable,Scalable,Unimodal,2,True,False,StrechedVSineWave2N,3.0,200000,100000.0,100000.0,False,False,False,False,632.0,,,,7
4,[10. 10.],200000,NiaPyDifferentialEvolution,StrechedVSineWave2N,14.142135623730951,1.1597741584232453,256065.41819809328,32.41779387099996,Continuous,Differentiable,Non-Separable,Scalable,Unimodal,2,True,False,StrechedVSineWave2N,3.0,200000,100000.0,100000.0,False,False,False,False,149.0,,,,7
5,[-5.2992052 -1.5183216],200000,RandomSearch1,StrechedVSineWave2N,5.512429251424801,2.325537511505852,356374.9158757909,4.536608622000131,Continuous,Differentiable,Non-Separable,Scalable,Unimodal,2,True,False,StrechedVSineWave2N,3.0,200000,100000.0,100000.0,False,False,False,False,1.0,3881.0,,,7
6,[-4.54785458  2.31025375],199999,RandomSearch2,StrechedVSineWave2N,5.101005163711338,1.104257419305191,357850.4860866661,5.30415022499983,Continuous,Differentiable,Non-Separable,Scalable,Unimodal,2,True,False,StrechedVSineWave2N,3.0,200000,100000.0,99999.5,False,False,False,False,1.0,,,,7
7,[-0.34850345 -0.841419  ],3031,CMAES,StrechedVSineWave2N,0.9107362860696655,0.955971986076944,3226.819770946503,0.8416880130007485,Continuous,Differentiable,Non-Separable,Scalable,Unimodal,2,True,False,StrechedVSineWave2N,3.0,200000,100000.0,1515.5,True,False,False,False,1.0,,,,7
