,BestArm,NumberFunctionEval,Algorithm,CostFunction,EuclideanDistance,TrueRewardDifference,CumulativeRegret,TimeToComplete,Continuous,Differentiability,Separability,Scalability,Modality,Ndimensions,OptimizationSuccessful,BBOB,BaseClass,SD,MaxFeval,MaxFevalPerDimensions,FevalPerDimensions,SolveAt1,SolveAt1e-1,SolveAt1e-3,SolveAt1e-6,SolveEarlierAt1,SolveEarlierAt1e-1,SolveEarlierAt1e-3,SolveEarlierAt1e-6,simNumber
0,[-7.17742016 -5.92280081],200000,NiaPyNelderMead,StrechedVSineWave2N,9.305639661733673,1.3542974112436759,270863.1690620291,8.833053543999995,Continuous,Differentiable,Non-Separable,Scalable,Unimodal,2,True,False,StrechedVSineWave2N,0.0,200000,100000.0,100000.0,False,False,False,False,,,,,6
1,[-0.00049018 -0.00170827],200000,NiaPyPSO,StrechedVSineWave2N,0.0017772020241906758,0.030930400216991862,169686.5533096411,7.043739663000451,Continuous,Differentiable,Non-Separable,Scalable,Unimodal,2,True,False,StrechedVSineWave2N,0.0,200000,100000.0,100000.0,True,True,False,False,36.0,4393.0,,,6
2,[-0.03695349  0.02827521],200000,NiaPySimulatedAnnealing,StrechedVSineWave2N,0.046530073034330696,0.2257206658673729,386949.17181252484,7.35736463900048,Continuous,Differentiable,Non-Separable,Scalable,Unimodal,2,True,False,StrechedVSineWave2N,0.0,200000,100000.0,100000.0,True,False,False,False,17582.0,,,,6
3,[0.00504841 0.00218135],200000,NiaPyCuckooSearch,StrechedVSineWave2N,0.005499525278576564,0.08222443155967359,383422.4194505621,4.611022447000323,Continuous,Differentiable,Non-Separable,Scalable,Unimodal,2,True,False,StrechedVSineWave2N,0.0,200000,100000.0,100000.0,True,True,False,False,31.0,176696.0,,,6
4,[ 6.87363307e-06 -1.57781533e-06],200000,NiaPyDifferentialEvolution,StrechedVSineWave2N,7.052399079089831e-06,0.0014891554060122501,4000.910021662713,30.050049924000632,Continuous,Differentiable,Non-Separable,Scalable,Unimodal,2,True,False,StrechedVSineWave2N,0.0,200000,100000.0,100000.0,True,True,False,False,26.0,1627.0,,,6
5,[-0.00767872  0.0086654 ],200000,RandomSearch1,StrechedVSineWave2N,0.011578077281470815,0.08724202837800486,358547.0482586517,3.42264855600024,Continuous,Differentiable,Non-Separable,Scalable,Unimodal,2,True,False,StrechedVSineWave2N,0.0,200000,100000.0,100000.0,True,True,False,False,74.0,95209.0,,,6
6,[-0.03258706  0.0247668 ],199999,RandomSearch2,StrechedVSineWave2N,0.04093055835492648,0.20143269879902517,358550.8672939768,4.09143595400019,Continuous,Differentiable,Non-Separable,Scalable,Unimodal,2,True,False,StrechedVSineWave2N,0.0,200000,100000.0,99999.5,True,False,False,False,262.0,,,,6
7,[2.80522412 2.84944926],433,CMAES,StrechedVSineWave2N,3.998580179666276,1.0717599912890101,494.86982643301593,0.15168401400023868,Continuous,Differentiable,Non-Separable,Scalable,Unimodal,2,True,False,StrechedVSineWave2N,0.0,200000,100000.0,216.5,False,False,False,False,,,,,6
