,BestArm,NumberFunctionEval,Algorithm,CostFunction,EuclideanDistance,TrueRewardDifference,CumulativeRegret,TimeToComplete,Continuous,Differentiability,Separability,Scalability,Modality,Ndimensions,OptimizationSuccessful,BBOB,BaseClass,SD,MaxFeval,MaxFevalPerDimensions,FevalPerDimensions,SolveAt1,SolveAt1e-1,SolveAt1e-3,SolveAt1e-6,SolveEarlierAt1,SolveEarlierAt1e-1,SolveEarlierAt1e-3,SolveEarlierAt1e-6,simNumber
0,[-3.00858472  7.19308661],20000,NiaPyNelderMead,StrechedVSineWave2N,7.796927410846935,1.10814534679537,22166.807622789423,0.8749461350000729,Continuous,Differentiable,Non-Separable,Scalable,Unimodal,2,True,False,StrechedVSineWave2N,0.0,20000,10000.0,10000.0,False,False,False,False,,,,,5
1,[-0.00159022  0.00079885],20000,NiaPyPSO,StrechedVSineWave2N,0.0017795921719402875,0.03091983509647263,17195.547509318076,0.7021793599999455,Continuous,Differentiable,Non-Separable,Scalable,Unimodal,2,True,False,StrechedVSineWave2N,0.0,20000,10000.0,10000.0,True,True,False,False,42.0,2780.0,,,5
2,[-0.01715836 -0.04436283],20000,NiaPySimulatedAnnealing,StrechedVSineWave2N,0.04756543425262697,0.26164250533846334,36838.96315868048,0.7411108829999193,Continuous,Differentiable,Non-Separable,Scalable,Unimodal,2,True,False,StrechedVSineWave2N,0.0,20000,10000.0,10000.0,True,False,False,False,1787.0,,,,5
3,[ 0.30332407 -0.0460647 ],20000,NiaPyCuckooSearch,StrechedVSineWave2N,0.3068019716555092,0.5352979867921013,37562.03392406196,0.4802598219999936,Continuous,Differentiable,Non-Separable,Scalable,Unimodal,2,True,False,StrechedVSineWave2N,0.0,20000,10000.0,10000.0,True,False,False,False,416.0,,,,5
4,[-7.62722161e-05 -5.38128722e-05],20000,NiaPyDifferentialEvolution,StrechedVSineWave2N,9.334493112295591e-05,0.006115688952122304,3761.303620199984,3.013521458000014,Continuous,Differentiable,Non-Separable,Scalable,Unimodal,2,True,False,StrechedVSineWave2N,0.0,20000,10000.0,10000.0,True,True,False,False,93.0,1625.0,,,5
5,[-0.00910414  0.00752139],20000,RandomSearch1,StrechedVSineWave2N,0.011809177521663654,0.09196682443753913,35964.67123961989,0.3407739770000262,Continuous,Differentiable,Non-Separable,Scalable,Unimodal,2,True,False,StrechedVSineWave2N,0.0,20000,10000.0,10000.0,True,True,False,False,13.0,191.0,,,5
6,[ 0.02145428 -0.03507524],19999,RandomSearch2,StrechedVSineWave2N,0.04111640439276263,0.1975222880462874,36204.69768824939,0.42079928700002256,Continuous,Differentiable,Non-Separable,Scalable,Unimodal,2,True,False,StrechedVSineWave2N,0.0,20000,10000.0,9999.5,True,False,False,False,194.0,,,,5
7,[-8.09809748 -5.08503423],373,CMAES,StrechedVSineWave2N,9.562256844246432,1.1195126229309584,441.1669976072242,0.136610711000003,Continuous,Differentiable,Non-Separable,Scalable,Unimodal,2,True,False,StrechedVSineWave2N,0.0,20000,10000.0,186.5,False,False,False,False,,,,,5
