,BestArm,NumberFunctionEval,Algorithm,CostFunction,EuclideanDistance,TrueRewardDifference,CumulativeRegret,TimeToComplete,Continuous,Differentiability,Separability,Scalability,Modality,Ndimensions,OptimizationSuccessful,BBOB,BaseClass,SD,MaxFeval,MaxFevalPerDimensions,FevalPerDimensions,SolveAt1,SolveAt1e-1,SolveAt1e-3,SolveAt1e-6,SolveEarlierAt1,SolveEarlierAt1e-1,SolveEarlierAt1e-3,SolveEarlierAt1e-6,simNumber
0,[ 4.02921071 -0.55335955],200000,NiaPyNelderMead,StrechedVSineWave2N,4.067031567446015,1.1096369003618745,221169.07476317967,9.59625539300032,Continuous,Differentiable,Non-Separable,Scalable,Unimodal,2,True,False,StrechedVSineWave2N,3.0,200000,100000.0,100000.0,False,False,False,False,,,,,6
1,[-7.60910055 -0.9673272 ],200000,NiaPyPSO,StrechedVSineWave2N,7.67034113765331,1.1770647294810597,382226.786550073,8.314338279000367,Continuous,Differentiable,Non-Separable,Scalable,Unimodal,2,True,False,StrechedVSineWave2N,3.0,200000,100000.0,100000.0,False,False,False,False,102.0,,,,6
2,[ 0.69198041 -0.99349331],200000,NiaPySimulatedAnnealing,StrechedVSineWave2N,1.210729468291225,1.109553013367998,389117.3307944451,9.021972668000672,Continuous,Differentiable,Non-Separable,Scalable,Unimodal,2,True,False,StrechedVSineWave2N,3.0,200000,100000.0,100000.0,False,False,False,False,12137.0,,,,6
3,[-0.8015942  -6.05756328],200000,NiaPyCuckooSearch,StrechedVSineWave2N,6.110370376735906,1.2962854420700596,385225.7902461808,6.015954196000166,Continuous,Differentiable,Non-Separable,Scalable,Unimodal,2,True,False,StrechedVSineWave2N,3.0,200000,100000.0,100000.0,False,False,False,False,2528.0,,,,6
4,[-10. -10.],200000,NiaPyDifferentialEvolution,StrechedVSineWave2N,14.142135623730951,1.1597741584232453,259761.16927903474,32.71559995700045,Continuous,Differentiable,Non-Separable,Scalable,Unimodal,2,True,False,StrechedVSineWave2N,3.0,200000,100000.0,100000.0,False,False,False,False,438.0,,,,6
5,[-1.73043505  3.51718656],200000,RandomSearch1,StrechedVSineWave2N,3.9198222814501182,1.1219255008072602,357895.41437933175,4.559106413000336,Continuous,Differentiable,Non-Separable,Scalable,Unimodal,2,True,False,StrechedVSineWave2N,3.0,200000,100000.0,100000.0,False,False,False,False,1.0,,,,6
6,[-9.97744372  0.03498363],199999,RandomSearch2,StrechedVSineWave2N,9.97750505370716,1.7464875100846913,358653.4356449245,5.325486076999368,Continuous,Differentiable,Non-Separable,Scalable,Unimodal,2,True,False,StrechedVSineWave2N,3.0,200000,100000.0,99999.5,False,False,False,False,1.0,,,,6
7,[-2.65057249 -5.63889326],3631,CMAES,StrechedVSineWave2N,6.230782595958835,1.1235196393649156,4509.118692146472,1.019748716000322,Continuous,Differentiable,Non-Separable,Scalable,Unimodal,2,True,False,StrechedVSineWave2N,3.0,200000,100000.0,1815.5,False,False,False,False,1.0,,,,6
