,BestArm,NumberFunctionEval,Algorithm,CostFunction,EuclideanDistance,TrueRewardDifference,CumulativeRegret,TimeToComplete,Continuous,Differentiability,Separability,Scalability,Modality,Ndimensions,OptimizationSuccessful,BBOB,BaseClass,SD,MaxFeval,MaxFevalPerDimensions,FevalPerDimensions,SolveAt1,SolveAt1e-1,SolveAt1e-3,SolveAt1e-6,SolveEarlierAt1,SolveEarlierAt1e-1,SolveEarlierAt1e-3,SolveEarlierAt1e-6,simNumber
0,[0.59595489 0.17350626],200000,NiaPyNelderMead,StrechedVSineWave2N,0.6206985191057331,0.7711770960281223,154239.87518947382,8.936925685999995,Continuous,Differentiable,Non-Separable,Scalable,Unimodal,2,True,False,StrechedVSineWave2N,0.0,200000,100000.0,100000.0,True,False,False,False,6.0,,,,2
1,[-0.00164851  0.00079563],200000,NiaPyPSO,StrechedVSineWave2N,0.0018304711381467247,0.03134970220168528,169906.57250304052,6.993566388000545,Continuous,Differentiable,Non-Separable,Scalable,Unimodal,2,True,False,StrechedVSineWave2N,0.0,200000,100000.0,100000.0,True,True,False,False,147.0,3407.0,,,2
2,[ 0.03395005 -0.02702256],200000,NiaPySimulatedAnnealing,StrechedVSineWave2N,0.04339152721560874,0.1780772547985144,379239.05072865036,7.310716067000612,Continuous,Differentiable,Non-Separable,Scalable,Unimodal,2,True,False,StrechedVSineWave2N,0.0,200000,100000.0,100000.0,True,False,False,False,4324.0,,,,2
3,[0.04886886 0.05625645],200000,NiaPyCuckooSearch,StrechedVSineWave2N,0.07451813723469819,0.24283654086443116,385921.62740483996,4.599370904000352,Continuous,Differentiable,Non-Separable,Scalable,Unimodal,2,True,False,StrechedVSineWave2N,0.0,200000,100000.0,100000.0,True,False,False,False,20.0,,,,2
4,[5.49906885e-06 4.41540283e-06],200000,NiaPyDifferentialEvolution,StrechedVSineWave2N,7.052342894844985e-06,0.0014891554064468196,4063.8508866223974,29.641401485999268,Continuous,Differentiable,Non-Separable,Scalable,Unimodal,2,True,False,StrechedVSineWave2N,0.0,200000,100000.0,100000.0,True,True,False,False,654.0,1448.0,,,2
5,[-0.00272249  0.00327115],200000,RandomSearch1,StrechedVSineWave2N,0.004255863390271478,0.09292534419684459,358760.95389587997,3.4090088230004767,Continuous,Differentiable,Non-Separable,Scalable,Unimodal,2,True,False,StrechedVSineWave2N,0.0,200000,100000.0,100000.0,True,True,False,False,6.0,70857.0,,,2
6,[0.04325464 0.00563759],199999,RandomSearch2,StrechedVSineWave2N,0.043620479123819965,0.17870057424656083,358166.91689751635,4.063721294000061,Continuous,Differentiable,Non-Separable,Scalable,Unimodal,2,True,False,StrechedVSineWave2N,0.0,200000,100000.0,99999.5,True,False,False,False,86.0,,,,2
7,[5.02921459 0.41056449],439,CMAES,StrechedVSineWave2N,5.0459451610624395,1.08429856228621,490.8380520485832,0.15126781799972377,Continuous,Differentiable,Non-Separable,Scalable,Unimodal,2,True,False,StrechedVSineWave2N,0.0,200000,100000.0,219.5,False,False,False,False,,,,,2
