,BestArm,NumberFunctionEval,Algorithm,CostFunction,EuclideanDistance,TrueRewardDifference,CumulativeRegret,TimeToComplete,Continuous,Differentiability,Separability,Scalability,Modality,Ndimensions,OptimizationSuccessful,BBOB,BaseClass,SD,MaxFeval,MaxFevalPerDimensions,FevalPerDimensions,SolveAt1,SolveAt1e-1,SolveAt1e-3,SolveAt1e-6,SolveEarlierAt1,SolveEarlierAt1e-1,SolveEarlierAt1e-3,SolveEarlierAt1e-6,simNumber
0,[ 1.26432035 11.40666356],200000,NiaPyNelderMead,StrechedVSineWave2N,11.47651861676704,1.1997067123591134,239943.1417143796,8.67208364399994,Continuous,Differentiable,Non-Separable,Scalable,Unimodal,2,True,False,StrechedVSineWave2N,0.0,200000,100000.0,100000.0,False,False,False,False,,,,,3
1,[ 0.0004719  -0.00021919],200000,NiaPyPSO,StrechedVSineWave2N,0.0005203263108510794,0.01566829322764388,169403.6341913548,7.050239867000528,Continuous,Differentiable,Non-Separable,Scalable,Unimodal,2,True,False,StrechedVSineWave2N,0.0,200000,100000.0,100000.0,True,True,False,False,68.0,1319.0,,,3
2,[-0.01200332 -0.00245716],200000,NiaPySimulatedAnnealing,StrechedVSineWave2N,0.012252237021006713,0.10905467898291571,377072.46469648153,7.275496600999759,Continuous,Differentiable,Non-Separable,Scalable,Unimodal,2,True,False,StrechedVSineWave2N,0.0,200000,100000.0,100000.0,True,False,False,False,4604.0,,,,3
3,[ 0.00191775 -0.12031066],200000,NiaPyCuckooSearch,StrechedVSineWave2N,0.12032593960133625,0.3328374032644704,381962.17780439224,4.619963664000352,Continuous,Differentiable,Non-Separable,Scalable,Unimodal,2,True,False,StrechedVSineWave2N,0.0,200000,100000.0,100000.0,True,False,False,False,488.0,,,,3
4,[ 6.41791203e-06 -2.92350830e-06],200000,NiaPyDifferentialEvolution,StrechedVSineWave2N,7.052410623475747e-06,0.0014891554060429066,3860.3213656961457,29.738914077000118,Continuous,Differentiable,Non-Separable,Scalable,Unimodal,2,True,False,StrechedVSineWave2N,0.0,200000,100000.0,100000.0,True,True,False,False,117.0,1362.0,,,3
5,[0.00760256 0.00881541],200000,RandomSearch1,StrechedVSineWave2N,0.011640891850485297,0.08826156182706127,358562.11795776204,3.430701580999994,Continuous,Differentiable,Non-Separable,Scalable,Unimodal,2,True,False,StrechedVSineWave2N,0.0,200000,100000.0,100000.0,True,True,False,False,156.0,87782.0,,,3
6,[-0.02145059  0.00478379],199999,RandomSearch2,StrechedVSineWave2N,0.021977545585431243,0.13914304770516533,358330.8489218322,4.077735113999552,Continuous,Differentiable,Non-Separable,Scalable,Unimodal,2,True,False,StrechedVSineWave2N,0.0,200000,100000.0,99999.5,True,False,False,False,166.0,,,,3
7,[4.59963385 2.07483277],373,CMAES,StrechedVSineWave2N,5.045945160740985,1.08429856228621,419.23535052519173,0.13312757599942415,Continuous,Differentiable,Non-Separable,Scalable,Unimodal,2,True,False,StrechedVSineWave2N,0.0,200000,100000.0,186.5,False,False,False,False,,,,,3
