,BestArm,NumberFunctionEval,Algorithm,CostFunction,EuclideanDistance,TrueRewardDifference,CumulativeRegret,TimeToComplete,Continuous,Differentiability,Separability,Scalability,Modality,Ndimensions,OptimizationSuccessful,BBOB,BaseClass,SD,MaxFeval,MaxFevalPerDimensions,FevalPerDimensions,SolveAt1,SolveAt1e-1,SolveAt1e-3,SolveAt1e-6,SolveEarlierAt1,SolveEarlierAt1e-1,SolveEarlierAt1e-3,SolveEarlierAt1e-6,simNumber
0,[1.03809874 7.38427506],200000,NiaPyNelderMead,StrechedVSineWave2N,7.4568872268171305,1.6296590327238774,327311.452514909,9.294209068000782,Continuous,Differentiable,Non-Separable,Scalable,Unimodal,2,True,False,StrechedVSineWave2N,3.0,200000,100000.0,100000.0,False,False,False,False,,,,,3
1,[ 1.23041101 -0.88395274],200000,NiaPyPSO,StrechedVSineWave2N,1.5150193735580177,1.165539696410396,226397.8469707473,8.25165787900005,Continuous,Differentiable,Non-Separable,Scalable,Unimodal,2,True,False,StrechedVSineWave2N,3.0,200000,100000.0,100000.0,False,False,False,False,23.0,23813.0,,,3
2,[-0.65392102 -5.56658985],200000,NiaPySimulatedAnnealing,StrechedVSineWave2N,5.6048671098021146,2.555949540023749,388329.9121641675,9.059248235998894,Continuous,Differentiable,Non-Separable,Scalable,Unimodal,2,True,False,StrechedVSineWave2N,3.0,200000,100000.0,100000.0,False,False,False,False,659.0,,,,3
3,[1.92649322 9.43014262],200000,NiaPyCuckooSearch,StrechedVSineWave2N,9.624913819962073,1.1329036336281153,385561.117473046,6.120382448998498,Continuous,Differentiable,Non-Separable,Scalable,Unimodal,2,True,False,StrechedVSineWave2N,3.0,200000,100000.0,100000.0,False,False,False,False,4160.0,,,,3
4,[3.27833643 5.25656887],200000,NiaPyDifferentialEvolution,StrechedVSineWave2N,6.195079175394702,1.1577803124340502,277683.30284074374,32.728101234999485,Continuous,Differentiable,Non-Separable,Scalable,Unimodal,2,True,False,StrechedVSineWave2N,3.0,200000,100000.0,100000.0,False,False,False,False,517.0,,,,3
5,[-0.38385551 -2.24767986],200000,RandomSearch1,StrechedVSineWave2N,2.2802214342025517,1.2512741377121166,357689.4481325695,4.549008898999091,Continuous,Differentiable,Non-Separable,Scalable,Unimodal,2,True,False,StrechedVSineWave2N,3.0,200000,100000.0,100000.0,False,False,False,False,1.0,36919.0,,,3
6,[ 0.12564585 -0.25478785],199999,RandomSearch2,StrechedVSineWave2N,0.2840840195061197,0.5495863308340576,359001.068635108,5.330966350000381,Continuous,Differentiable,Non-Separable,Scalable,Unimodal,2,True,False,StrechedVSineWave2N,3.0,200000,100000.0,99999.5,True,False,False,False,1.0,,,,3
7,[2.10004404 1.71066874],3661,CMAES,StrechedVSineWave2N,2.7086108105750775,1.6839726204932888,6411.550399678869,1.03789331400003,Continuous,Differentiable,Non-Separable,Scalable,Unimodal,2,True,False,StrechedVSineWave2N,3.0,200000,100000.0,1830.5,False,False,False,False,2.0,,,,3
