,BestArm,NumberFunctionEval,Algorithm,CostFunction,EuclideanDistance,TrueRewardDifference,CumulativeRegret,TimeToComplete,Continuous,Differentiability,Separability,Scalability,Modality,Ndimensions,OptimizationSuccessful,BBOB,BaseClass,SD,MaxFeval,MaxFevalPerDimensions,FevalPerDimensions,SolveAt1,SolveAt1e-1,SolveAt1e-3,SolveAt1e-6,SolveEarlierAt1,SolveEarlierAt1e-1,SolveEarlierAt1e-3,SolveEarlierAt1e-6,simNumber
0,[-3.50296535 -2.99646903],20000,NiaPyNelderMead,StrechedVSineWave2N,4.60972806829302,2.1388230762743814,42777.81219925211,0.8743733739999016,Continuous,Differentiable,Non-Separable,Scalable,Unimodal,2,True,False,StrechedVSineWave2N,0.0,20000,10000.0,10000.0,False,False,False,False,,,,,3
1,[ 8.87921619e-06 -4.82633430e-04],20000,NiaPyPSO,StrechedVSineWave2N,0.0004827151009800094,0.016131945615358474,17346.511702213473,0.6970629260000578,Continuous,Differentiable,Non-Separable,Scalable,Unimodal,2,True,False,StrechedVSineWave2N,0.0,20000,10000.0,10000.0,True,True,False,False,80.0,5000.0,,,3
2,[0.1164177  0.04205141],20000,NiaPySimulatedAnnealing,StrechedVSineWave2N,0.12377965183359256,0.31826934627447895,37164.91701218629,0.7399542230000407,Continuous,Differentiable,Non-Separable,Scalable,Unimodal,2,True,False,StrechedVSineWave2N,0.0,20000,10000.0,10000.0,True,False,False,False,2886.0,,,,3
3,[0.16926189 0.07957408],20000,NiaPyCuckooSearch,StrechedVSineWave2N,0.1870337407864115,0.44424941822828345,37446.714593901954,0.4592472890000181,Continuous,Differentiable,Non-Separable,Scalable,Unimodal,2,True,False,StrechedVSineWave2N,0.0,20000,10000.0,10000.0,True,False,False,False,12.0,,,,3
4,[-5.68011644e-06 -4.18019517e-06],20000,NiaPyDifferentialEvolution,StrechedVSineWave2N,7.052499870631392e-06,0.0014891554076598829,4288.576171781978,3.0340842159999966,Continuous,Differentiable,Non-Separable,Scalable,Unimodal,2,True,False,StrechedVSineWave2N,0.0,20000,10000.0,10000.0,True,True,False,False,83.0,2178.0,,,3
5,[-0.01293658 -0.00193125],20000,RandomSearch1,StrechedVSineWave2N,0.013079942180667378,0.17768616694443895,35847.759331632005,0.3505175830000553,Continuous,Differentiable,Non-Separable,Scalable,Unimodal,2,True,False,StrechedVSineWave2N,0.0,20000,10000.0,10000.0,True,False,False,False,25.0,,,,3
6,[0.06486134 0.03994267],19999,RandomSearch2,StrechedVSineWave2N,0.07617355538269668,0.2429657529224921,35724.176266163835,0.41243360800001483,Continuous,Differentiable,Non-Separable,Scalable,Unimodal,2,True,False,StrechedVSineWave2N,0.0,20000,10000.0,9999.5,True,False,False,False,266.0,,,,3
7,[-8.50448863 -4.37154769],445,CMAES,StrechedVSineWave2N,9.5622568502426,1.1195126229309584,516.961283104961,0.15540390099999968,Continuous,Differentiable,Non-Separable,Scalable,Unimodal,2,True,False,StrechedVSineWave2N,0.0,20000,10000.0,222.5,False,False,False,False,,,,,3
