,BestArm,NumberFunctionEval,Algorithm,CostFunction,EuclideanDistance,TrueRewardDifference,CumulativeRegret,TimeToComplete,Continuous,Differentiability,Separability,Scalability,Modality,Ndimensions,OptimizationSuccessful,BBOB,BaseClass,SD,MaxFeval,MaxFevalPerDimensions,FevalPerDimensions,SolveAt1,SolveAt1e-1,SolveAt1e-3,SolveAt1e-6,SolveEarlierAt1,SolveEarlierAt1e-1,SolveEarlierAt1e-3,SolveEarlierAt1e-6,simNumber
0,[5.44555637 6.48754935],200,NiaPyNelderMead,StrechedVSineWave2N,8.470087406197964,2.9269437458315988,666.1559624486024,0.010076357000002645,Continuous,Differentiable,Non-Separable,Scalable,Unimodal,2,True,False,StrechedVSineWave2N,3.0,200,100.0,100.0,False,False,False,False,,,,,8
1,[-0.65776076 -2.45595785],200,NiaPyPSO,StrechedVSineWave2N,2.5425141487293508,1.1996582089379935,261.0247642529655,0.008471419999992236,Continuous,Differentiable,Non-Separable,Scalable,Unimodal,2,True,False,StrechedVSineWave2N,3.0,200,100.0,100.0,False,False,False,False,90.0,,,,8
2,[-1.97475726 -1.4863112 ],200,NiaPySimulatedAnnealing,StrechedVSineWave2N,2.47159608610078,1.0709342584415023,280.75037019922127,0.009104915000008873,Continuous,Differentiable,Non-Separable,Scalable,Unimodal,2,True,False,StrechedVSineWave2N,3.0,200,100.0,100.0,False,False,False,False,6.0,,,,8
3,[0.6452533  6.17776574],200,NiaPyCuckooSearch,StrechedVSineWave2N,6.211371935372606,1.1404056754834084,339.4537921953872,0.006821552999994651,Continuous,Differentiable,Non-Separable,Scalable,Unimodal,2,True,False,StrechedVSineWave2N,3.0,200,100.0,100.0,False,False,False,False,,,,,8
4,[ -6.46233677 -10.        ],200,NiaPyDifferentialEvolution,StrechedVSineWave2N,11.906376298962135,1.3393126241433162,354.33717049278187,0.03128596300000197,Continuous,Differentiable,Non-Separable,Scalable,Unimodal,2,True,False,StrechedVSineWave2N,3.0,200,100.0,100.0,False,False,False,False,12.0,,,,8
5,[-6.66594193  9.63116475],200,RandomSearch1,StrechedVSineWave2N,11.712989212198142,1.1475781298454795,337.54221367642197,0.004663146999988044,Continuous,Differentiable,Non-Separable,Scalable,Unimodal,2,True,False,StrechedVSineWave2N,3.0,200,100.0,100.0,False,False,False,False,46.0,,,,8
6,[-4.53757558 -4.08779387],199,RandomSearch2,StrechedVSineWave2N,6.1073440140971105,1.3027499296770118,353.9522940819297,0.005462305999998307,Continuous,Differentiable,Non-Separable,Scalable,Unimodal,2,True,False,StrechedVSineWave2N,3.0,200,100.0,99.5,False,False,False,False,162.0,,,,8
7,[-3.06183177  7.31869504],205,CMAES,StrechedVSineWave2N,7.933354331564772,1.1882276686430069,337.96216356957666,0.09372590600000308,Continuous,Differentiable,Non-Separable,Scalable,Unimodal,2,True,False,StrechedVSineWave2N,3.0,200,100.0,102.5,False,False,False,False,,,,,8
