,BestArm,NumberFunctionEval,Algorithm,CostFunction,EuclideanDistance,TrueRewardDifference,CumulativeRegret,TimeToComplete,Continuous,Differentiability,Separability,Scalability,Modality,Ndimensions,OptimizationSuccessful,BBOB,BaseClass,SD,MaxFeval,MaxFevalPerDimensions,FevalPerDimensions,SolveAt1,SolveAt1e-1,SolveAt1e-3,SolveAt1e-6,SolveEarlierAt1,SolveEarlierAt1e-1,SolveEarlierAt1e-3,SolveEarlierAt1e-6,simNumber
0,[-0.33504755  2.47177544],200000,NiaPyNelderMead,StrechedVSineWave2N,2.494379821143029,1.1010047547022086,221362.23786482518,9.501554411999678,Continuous,Differentiable,Non-Separable,Scalable,Unimodal,2,True,False,StrechedVSineWave2N,3.0,200000,100000.0,100000.0,False,False,False,False,,,,,5
1,[ 4.15347181 -2.84574164],200000,NiaPyPSO,StrechedVSineWave2N,5.034836003122455,1.0851113293598251,344497.3776403703,8.343709544999001,Continuous,Differentiable,Non-Separable,Scalable,Unimodal,2,True,False,StrechedVSineWave2N,3.0,200000,100000.0,100000.0,False,False,False,False,115.0,,,,5
2,[2.83339404 3.17933919],200000,NiaPySimulatedAnnealing,StrechedVSineWave2N,4.258675790085058,1.5997524596189332,380629.35363747703,9.219400508000035,Continuous,Differentiable,Non-Separable,Scalable,Unimodal,2,True,False,StrechedVSineWave2N,3.0,200000,100000.0,100000.0,False,False,False,False,1691.0,,,,5
3,[-4.61282508  2.4001725 ],200000,NiaPyCuckooSearch,StrechedVSineWave2N,5.199902232116827,1.241228233252837,384171.5877008707,5.942169764000937,Continuous,Differentiable,Non-Separable,Scalable,Unimodal,2,True,False,StrechedVSineWave2N,3.0,200000,100000.0,100000.0,False,False,False,False,12.0,,,,5
4,[10. 10.],200000,NiaPyDifferentialEvolution,StrechedVSineWave2N,14.142135623730951,1.1597741584232453,256787.23289328962,32.79456471500089,Continuous,Differentiable,Non-Separable,Scalable,Unimodal,2,True,False,StrechedVSineWave2N,3.0,200000,100000.0,100000.0,False,False,False,False,354.0,,,,5
5,[ 3.43717169 -2.49649112],200000,RandomSearch1,StrechedVSineWave2N,4.248131013139541,1.5607198984899384,359325.3228689747,4.628251152998928,Continuous,Differentiable,Non-Separable,Scalable,Unimodal,2,True,False,StrechedVSineWave2N,3.0,200000,100000.0,100000.0,False,False,False,False,1.0,,,,5
6,[-6.53427911  9.76364486],199999,RandomSearch2,StrechedVSineWave2N,11.748428165893031,1.1664140389071618,359136.69883133506,5.3486291540011734,Continuous,Differentiable,Non-Separable,Scalable,Unimodal,2,True,False,StrechedVSineWave2N,3.0,200000,100000.0,99999.5,False,False,False,False,1.0,,,,5
7,[-10.90919931  -8.04240942],3211,CMAES,StrechedVSineWave2N,13.553264513591923,1.7474098637373732,5751.762869701261,0.9055753760003427,Continuous,Differentiable,Non-Separable,Scalable,Unimodal,2,True,False,StrechedVSineWave2N,3.0,200000,100000.0,1605.5,False,False,False,False,1.0,,,,5
