,BestArm,NumberFunctionEval,Algorithm,CostFunction,EuclideanDistance,TrueRewardDifference,CumulativeRegret,TimeToComplete,Continuous,Differentiability,Separability,Scalability,Modality,Ndimensions,OptimizationSuccessful,BBOB,BaseClass,SD,MaxFeval,MaxFevalPerDimensions,FevalPerDimensions,SolveAt1,SolveAt1e-1,SolveAt1e-3,SolveAt1e-6,SolveEarlierAt1,SolveEarlierAt1e-1,SolveEarlierAt1e-3,SolveEarlierAt1e-6,simNumber
0,[1.81634014 6.14547982],20000,NiaPyNelderMead,StrechedVSineWave2N,6.408276973875896,1.1564903903736787,23133.61998824742,0.8692519930000344,Continuous,Differentiable,Non-Separable,Scalable,Unimodal,2,True,False,StrechedVSineWave2N,0.0,20000,10000.0,10000.0,False,False,False,False,,,,,6
1,[-0.00074664 -0.00468197],20000,NiaPyPSO,StrechedVSineWave2N,0.004741130989343585,0.055245211880937305,17453.654586083587,0.6928541209999821,Continuous,Differentiable,Non-Separable,Scalable,Unimodal,2,True,False,StrechedVSineWave2N,0.0,20000,10000.0,10000.0,True,True,False,False,154.0,5334.0,,,6
2,[-0.01716926  0.07595826],20000,NiaPySimulatedAnnealing,StrechedVSineWave2N,0.07787452006452716,0.25409109904201044,38892.14839287854,0.7473611809999738,Continuous,Differentiable,Non-Separable,Scalable,Unimodal,2,True,False,StrechedVSineWave2N,0.0,20000,10000.0,10000.0,True,False,False,False,725.0,,,,6
3,[ 0.13861961 -0.1052451 ],20000,NiaPyCuckooSearch,StrechedVSineWave2N,0.17404576003840047,0.6441417355030848,38201.27017575412,0.4695141159999139,Continuous,Differentiable,Non-Separable,Scalable,Unimodal,2,True,False,StrechedVSineWave2N,0.0,20000,10000.0,10000.0,True,False,False,False,2336.0,,,,6
4,[ 3.08300856e-06 -6.34291372e-06],20000,NiaPyDifferentialEvolution,StrechedVSineWave2N,7.052481565898863e-06,0.001489155407129024,4614.432649189625,3.026552271000014,Continuous,Differentiable,Non-Separable,Scalable,Unimodal,2,True,False,StrechedVSineWave2N,0.0,20000,10000.0,10000.0,True,True,False,False,395.0,2254.0,,,6
5,[0.01019527 0.00330184],20000,RandomSearch1,StrechedVSineWave2N,0.010716611220958617,0.09355675703920531,35884.04784481419,0.34136081600001944,Continuous,Differentiable,Non-Separable,Scalable,Unimodal,2,True,False,StrechedVSineWave2N,0.0,20000,10000.0,10000.0,True,True,False,False,32.0,8013.0,,,6
6,[-0.08535855 -0.18408014],19999,RandomSearch2,StrechedVSineWave2N,0.202907817533565,0.43136240646702073,35910.16965455975,0.40756407599997146,Continuous,Differentiable,Non-Separable,Scalable,Unimodal,2,True,False,StrechedVSineWave2N,0.0,20000,10000.0,9999.5,True,False,False,False,130.0,,,,6
7,[-8.92688458 -3.42746084],373,CMAES,StrechedVSineWave2N,9.562256846555488,1.1195126229309584,444.1533905066118,0.13770950799994353,Continuous,Differentiable,Non-Separable,Scalable,Unimodal,2,True,False,StrechedVSineWave2N,0.0,20000,10000.0,186.5,False,False,False,False,,,,,6
