,BestArm,NumberFunctionEval,Algorithm,CostFunction,EuclideanDistance,TrueRewardDifference,CumulativeRegret,TimeToComplete,Continuous,Differentiability,Separability,Scalability,Modality,Ndimensions,OptimizationSuccessful,BBOB,BaseClass,SD,MaxFeval,MaxFevalPerDimensions,FevalPerDimensions,SolveAt1,SolveAt1e-1,SolveAt1e-3,SolveAt1e-6,SolveEarlierAt1,SolveEarlierAt1e-1,SolveEarlierAt1e-3,SolveEarlierAt1e-6,simNumber
0,[ 3.69917138 -2.75518415],200000,NiaPyNelderMead,StrechedVSineWave2N,4.612473148457364,2.1312845790628967,425079.3460169886,9.250288836999971,Continuous,Differentiable,Non-Separable,Scalable,Unimodal,2,True,False,StrechedVSineWave2N,3.0,200000,100000.0,100000.0,False,False,False,False,,,,,4
1,[2.76283084 0.98226129],200000,NiaPyPSO,StrechedVSineWave2N,2.9322468358697042,1.4137891071896111,282177.9878462555,8.366815678000421,Continuous,Differentiable,Non-Separable,Scalable,Unimodal,2,True,False,StrechedVSineWave2N,3.0,200000,100000.0,100000.0,False,False,False,False,123.0,,,,4
2,[3.40296957 5.79751906],200000,NiaPySimulatedAnnealing,StrechedVSineWave2N,6.7224570813893925,2.0426005508934924,387062.03010329505,8.957947898999919,Continuous,Differentiable,Non-Separable,Scalable,Unimodal,2,True,False,StrechedVSineWave2N,3.0,200000,100000.0,100000.0,False,False,False,False,565.0,,,,4
3,[-0.05337106 -7.3929521 ],200000,NiaPyCuckooSearch,StrechedVSineWave2N,7.393144741540253,1.8468947261995987,384953.5298076803,6.039874984000562,Continuous,Differentiable,Non-Separable,Scalable,Unimodal,2,True,False,StrechedVSineWave2N,3.0,200000,100000.0,100000.0,False,False,False,False,799.0,,,,4
4,[ 10. -10.],200000,NiaPyDifferentialEvolution,StrechedVSineWave2N,14.142135623730951,1.1597741584232453,346292.24145609216,32.86165440100012,Continuous,Differentiable,Non-Separable,Scalable,Unimodal,2,True,False,StrechedVSineWave2N,3.0,200000,100000.0,100000.0,False,False,False,False,149.0,,,,4
5,[-1.62664047  7.76748823],200000,RandomSearch1,StrechedVSineWave2N,7.935983401585809,1.1913670784180341,359290.8697362514,4.568769251000049,Continuous,Differentiable,Non-Separable,Scalable,Unimodal,2,True,False,StrechedVSineWave2N,3.0,200000,100000.0,100000.0,False,False,False,False,1.0,,,,4
6,[-7.16179731  9.20541508],199999,RandomSearch2,StrechedVSineWave2N,11.663233149675694,1.132863496487072,359972.1104476617,5.329220711000744,Continuous,Differentiable,Non-Separable,Scalable,Unimodal,2,True,False,StrechedVSineWave2N,3.0,200000,100000.0,99999.5,False,False,False,False,1.0,,,,4
7,[-1.34116319 -0.12379566],3031,CMAES,StrechedVSineWave2N,1.346864529210337,1.0318336403970196,3027.2559971881938,0.8407227390016487,Continuous,Differentiable,Non-Separable,Scalable,Unimodal,2,True,False,StrechedVSineWave2N,3.0,200000,100000.0,1515.5,False,False,False,False,1.0,,,,4
