,BestArm,NumberFunctionEval,Algorithm,CostFunction,EuclideanDistance,TrueRewardDifference,CumulativeRegret,TimeToComplete,Continuous,Differentiability,Separability,Scalability,Modality,Ndimensions,OptimizationSuccessful,BBOB,BaseClass,SD,MaxFeval,MaxFevalPerDimensions,FevalPerDimensions,SolveAt1,SolveAt1e-1,SolveAt1e-3,SolveAt1e-6,SolveEarlierAt1,SolveEarlierAt1e-1,SolveEarlierAt1e-3,SolveEarlierAt1e-6,simNumber
0,[-7.34134865  5.9092088 ],20000,NiaPyNelderMead,StrechedVSineWave2N,9.424125884884731,1.1856350600359573,23720.19208619759,0.8754028479999079,Continuous,Differentiable,Non-Separable,Scalable,Unimodal,2,True,False,StrechedVSineWave2N,0.0,20000,10000.0,10000.0,False,False,False,False,,,,,7
1,[5.00015405e-03 4.10033572e-05],20000,NiaPyPSO,StrechedVSineWave2N,0.005000322167989682,0.0546175853288404,17180.88060886572,0.7015226899999334,Continuous,Differentiable,Non-Separable,Scalable,Unimodal,2,True,False,StrechedVSineWave2N,0.0,20000,10000.0,10000.0,True,True,False,False,12.0,8736.0,,,7
2,[-0.81434925  1.67464574],20000,NiaPySimulatedAnnealing,StrechedVSineWave2N,1.8621501183395364,1.0332234360510322,38696.44771930807,0.7362383920000184,Continuous,Differentiable,Non-Separable,Scalable,Unimodal,2,True,False,StrechedVSineWave2N,0.0,20000,10000.0,10000.0,False,False,False,False,,,,,7
3,[0.1740093  0.10178931],20000,NiaPyCuckooSearch,StrechedVSineWave2N,0.20159439340273302,0.423854294922214,37715.33450519771,0.466812750000031,Continuous,Differentiable,Non-Separable,Scalable,Unimodal,2,True,False,StrechedVSineWave2N,0.0,20000,10000.0,10000.0,True,False,False,False,416.0,,,,7
4,[-1.54559981e-06 -6.88123267e-06],20000,NiaPyDifferentialEvolution,StrechedVSineWave2N,7.052676220934042e-06,0.001489155418040148,3405.1597815213513,3.037964755999951,Continuous,Differentiable,Non-Separable,Scalable,Unimodal,2,True,False,StrechedVSineWave2N,0.0,20000,10000.0,10000.0,True,True,False,False,76.0,1769.0,,,7
5,[ 0.1201751  -0.01375695],20000,RandomSearch1,StrechedVSineWave2N,0.12095994598645901,0.32835555940358035,35641.73200463499,0.34309652499996446,Continuous,Differentiable,Non-Separable,Scalable,Unimodal,2,True,False,StrechedVSineWave2N,0.0,20000,10000.0,10000.0,True,False,False,False,63.0,,,,7
6,[-0.127375  -0.0411159],19999,RandomSearch2,StrechedVSineWave2N,0.13384658702185945,0.40183414422037317,35829.585440949704,0.40727772799994,Continuous,Differentiable,Non-Separable,Scalable,Unimodal,2,True,False,StrechedVSineWave2N,0.0,20000,10000.0,9999.5,True,False,False,False,38.0,,,,7
7,[-7.96329037 -5.29365303],409,CMAES,StrechedVSineWave2N,9.562256841082045,1.1195126229309584,474.34649357079604,0.14901498699998683,Continuous,Differentiable,Non-Separable,Scalable,Unimodal,2,True,False,StrechedVSineWave2N,0.0,20000,10000.0,204.5,False,False,False,False,,,,,7
