,BestArm,NumberFunctionEval,Algorithm,CostFunction,EuclideanDistance,TrueRewardDifference,CumulativeRegret,TimeToComplete,Continuous,Differentiability,Separability,Scalability,Modality,Ndimensions,OptimizationSuccessful,BBOB,BaseClass,SD,MaxFeval,MaxFevalPerDimensions,FevalPerDimensions,SolveAt1,SolveAt1e-1,SolveAt1e-3,SolveAt1e-6,SolveEarlierAt1,SolveEarlierAt1e-1,SolveEarlierAt1e-3,SolveEarlierAt1e-6,simNumber
0,[-0.36902273 -7.91693274],200000,NiaPyNelderMead,StrechedVSineWave2N,7.925528489188131,1.1792488431167536,235853.43756342697,8.701895708999473,Continuous,Differentiable,Non-Separable,Scalable,Unimodal,2,True,False,StrechedVSineWave2N,0.0,200000,100000.0,100000.0,False,False,False,False,,,,,0
1,[ 4.74841879e-04 -2.25649706e-07],200000,NiaPyPSO,StrechedVSineWave2N,0.00047484193298761066,0.016674655700029423,169935.43701220225,7.048795216999679,Continuous,Differentiable,Non-Separable,Scalable,Unimodal,2,True,False,StrechedVSineWave2N,0.0,200000,100000.0,100000.0,True,True,False,False,20.0,3529.0,,,0
2,[-0.06589722 -0.03783491],200000,NiaPySimulatedAnnealing,StrechedVSineWave2N,0.07598633587702133,0.24241610392818733,386702.3505170378,7.387970920000043,Continuous,Differentiable,Non-Separable,Scalable,Unimodal,2,True,False,StrechedVSineWave2N,0.0,200000,100000.0,100000.0,True,False,False,False,198.0,,,,0
3,[-0.01828473  0.04446815],200000,NiaPyCuckooSearch,StrechedVSineWave2N,0.048080635675035656,0.2837680186640553,383552.3355092479,4.594236633000037,Continuous,Differentiable,Non-Separable,Scalable,Unimodal,2,True,False,StrechedVSineWave2N,0.0,200000,100000.0,100000.0,True,False,False,False,680.0,,,,0
4,[-1.59631025e-06 -6.86421140e-06],200000,NiaPyDifferentialEvolution,StrechedVSineWave2N,7.047382819073815e-06,0.0014891592640952267,4138.599856738111,29.998372129000018,Continuous,Differentiable,Non-Separable,Scalable,Unimodal,2,True,False,StrechedVSineWave2N,0.0,200000,100000.0,100000.0,True,True,False,False,133.0,1989.0,,,0
5,[-0.01495593 -0.01869421],200000,RandomSearch1,StrechedVSineWave2N,0.023940621185212032,0.13318827849963438,358324.95124461135,3.4580633420000595,Continuous,Differentiable,Non-Separable,Scalable,Unimodal,2,True,False,StrechedVSineWave2N,0.0,200000,100000.0,100000.0,True,False,False,False,29.0,,,,0
6,[-0.02022522 -0.03736826],199999,RandomSearch2,StrechedVSineWave2N,0.04249054702650031,0.1799839349844174,359017.9319785839,4.073042117999648,Continuous,Differentiable,Non-Separable,Scalable,Unimodal,2,True,False,StrechedVSineWave2N,0.0,200000,100000.0,99999.5,True,False,False,False,82.0,,,,0
7,[2.90394746 4.12657869],439,CMAES,StrechedVSineWave2N,5.0459451636207815,1.0842985622862102,503.6318389239723,0.14933185999962006,Continuous,Differentiable,Non-Separable,Scalable,Unimodal,2,True,False,StrechedVSineWave2N,0.0,200000,100000.0,219.5,False,False,False,False,,,,,0
