,BestArm,NumberFunctionEval,Algorithm,CostFunction,EuclideanDistance,TrueRewardDifference,CumulativeRegret,TimeToComplete,Continuous,Differentiability,Separability,Scalability,Modality,Ndimensions,OptimizationSuccessful,BBOB,BaseClass,SD,MaxFeval,MaxFevalPerDimensions,FevalPerDimensions,SolveAt1,SolveAt1e-1,SolveAt1e-3,SolveAt1e-6,SolveEarlierAt1,SolveEarlierAt1e-1,SolveEarlierAt1e-3,SolveEarlierAt1e-6,simNumber
0,[-1.08851587 -0.13656875],20000,NiaPyNelderMead,StrechedVSineWave2N,1.097049602532636,1.022717172224159,20454.752405029918,0.8619313230000216,Continuous,Differentiable,Non-Separable,Scalable,Unimodal,2,True,False,StrechedVSineWave2N,0.0,20000,10000.0,10000.0,False,False,False,False,,,,,4
1,[0.00188717 0.00067064],20000,NiaPyPSO,StrechedVSineWave2N,0.002002791742842664,0.042568610170362516,17329.23203702888,0.7068889390000095,Continuous,Differentiable,Non-Separable,Scalable,Unimodal,2,True,False,StrechedVSineWave2N,0.0,20000,10000.0,10000.0,True,True,False,False,86.0,2057.0,,,4
2,[-1.37276781 -0.13602701],20000,NiaPySimulatedAnnealing,StrechedVSineWave2N,1.3794907736900652,1.017371932655622,39406.82127891522,0.7486646849999943,Continuous,Differentiable,Non-Separable,Scalable,Unimodal,2,True,False,StrechedVSineWave2N,0.0,20000,10000.0,10000.0,False,False,False,False,,,,,4
3,[0.15313208 0.12545662],20000,NiaPyCuckooSearch,StrechedVSineWave2N,0.1979616083434784,0.41075964989789016,38782.569137263956,0.45992793800007803,Continuous,Differentiable,Non-Separable,Scalable,Unimodal,2,True,False,StrechedVSineWave2N,0.0,20000,10000.0,10000.0,True,False,False,False,1255.0,,,,4
4,[-5.66271898e-06 -4.20220947e-06],20000,NiaPyDifferentialEvolution,StrechedVSineWave2N,7.05159206419022e-06,0.0014891555052201685,4465.211777447095,3.020321453999941,Continuous,Differentiable,Non-Separable,Scalable,Unimodal,2,True,False,StrechedVSineWave2N,0.0,20000,10000.0,10000.0,True,True,False,False,337.0,2461.0,,,4
5,[ 0.02461552 -0.00938708],20000,RandomSearch1,StrechedVSineWave2N,0.026344662907455,0.24109232342352194,35996.834834074936,0.3333814609999308,Continuous,Differentiable,Non-Separable,Scalable,Unimodal,2,True,False,StrechedVSineWave2N,0.0,20000,10000.0,10000.0,True,False,False,False,190.0,,,,4
6,[-0.06521024 -0.05214431],19999,RandomSearch2,StrechedVSineWave2N,0.08349493471112346,0.3726122085746829,35941.85645121716,0.41805188299997553,Continuous,Differentiable,Non-Separable,Scalable,Unimodal,2,True,False,StrechedVSineWave2N,0.0,20000,10000.0,9999.5,True,False,False,False,186.0,,,,4
7,[-7.9237822  -5.35260979],445,CMAES,StrechedVSineWave2N,9.562256842275701,1.1195126229309584,523.0761760404987,0.16084700999999768,Continuous,Differentiable,Non-Separable,Scalable,Unimodal,2,True,False,StrechedVSineWave2N,0.0,20000,10000.0,222.5,False,False,False,False,,,,,4
