,BestArm,NumberFunctionEval,Algorithm,CostFunction,EuclideanDistance,TrueRewardDifference,CumulativeRegret,TimeToComplete,Continuous,Differentiability,Separability,Scalability,Modality,Ndimensions,OptimizationSuccessful,BBOB,BaseClass,SD,MaxFeval,MaxFevalPerDimensions,FevalPerDimensions,SolveAt1,SolveAt1e-1,SolveAt1e-3,SolveAt1e-6,SolveEarlierAt1,SolveEarlierAt1e-1,SolveEarlierAt1e-3,SolveEarlierAt1e-6,simNumber
0,[-1.111669   -0.67649857],20000,NiaPyNelderMead,ThreeHumpCamelBack,1.301329430744508,2.3922850549689523,48124.98823791028,0.844845974999771,Continuous,Differentiable,Non-Separable,Non-Scalable,Multimodal,2,True,False,ThreeHumpCamelBack,3.0,20000,10000.0,10000.0,False,False,False,False,,,,,8
1,[ 1.75891896 -1.143987  ],20000,NiaPyPSO,ThreeHumpCamelBack,2.0982140399309905,0.36938149696400946,89954.456533056,0.7529332719996091,Continuous,Differentiable,Non-Separable,Non-Scalable,Multimodal,2,True,False,ThreeHumpCamelBack,3.0,20000,10000.0,10000.0,True,False,False,False,24.0,243.0,7426.0,,8
2,[-0.01719577  0.60816744],20000,NiaPySimulatedAnnealing,ThreeHumpCamelBack,0.6084104960963314,0.36000102679603974,7343574.577268471,0.8070219350001935,Continuous,Differentiable,Non-Separable,Non-Scalable,Multimodal,2,True,False,ThreeHumpCamelBack,3.0,20000,10000.0,10000.0,True,False,False,False,256.0,4126.0,8234.0,,8
3,[-1.85615918  0.74974842],20000,NiaPyCuckooSearch,ThreeHumpCamelBack,2.001861527318778,0.4134971220648216,6073067.535760343,0.5292105039998205,Continuous,Differentiable,Non-Separable,Non-Scalable,Multimodal,2,True,False,ThreeHumpCamelBack,3.0,20000,10000.0,10000.0,True,False,False,False,9.0,4016.0,,,8
4,[ 0.8651345  -1.00438728],20000,NiaPyDifferentialEvolution,ThreeHumpCamelBack,1.3256136332179107,1.1184603632086176,530354.5101934103,3.106283256000097,Continuous,Differentiable,Non-Separable,Non-Scalable,Multimodal,2,True,False,ThreeHumpCamelBack,3.0,20000,10000.0,10000.0,False,False,False,False,34.0,83.0,7561.0,,8
5,[ 1.69092683 -1.18310818],20000,RandomSearch1,ThreeHumpCamelBack,2.0637292748776206,0.42949425820675224,3759382.269848805,0.39087221799945837,Continuous,Differentiable,Non-Separable,Non-Scalable,Multimodal,2,True,False,ThreeHumpCamelBack,3.0,20000,10000.0,10000.0,True,False,False,False,2.0,77.0,,,8
6,[ 0.72716534 -0.33457973],19999,RandomSearch2,ThreeHumpCamelBack,0.800445521009766,0.6572511151076688,3775170.989322261,0.4569236269999237,Continuous,Differentiable,Non-Separable,Non-Scalable,Multimodal,2,True,False,ThreeHumpCamelBack,3.0,20000,10000.0,9999.5,True,False,False,False,18.0,158.0,4586.0,,8
7,[-1.70135456  2.15884219],3151,CMAES,ThreeHumpCamelBack,2.748673668938973,2.021368365937616,5906.034583808254,0.8523313079995205,Continuous,Differentiable,Non-Separable,Non-Scalable,Multimodal,2,True,False,ThreeHumpCamelBack,3.0,20000,10000.0,1575.5,False,False,False,False,,,,,8
