,BestArm,NumberFunctionEval,Algorithm,CostFunction,EuclideanDistance,TrueRewardDifference,CumulativeRegret,TimeToComplete,Continuous,Differentiability,Separability,Scalability,Modality,Ndimensions,OptimizationSuccessful,BBOB,BaseClass,SD,MaxFeval,MaxFevalPerDimensions,FevalPerDimensions,SolveAt1,SolveAt1e-1,SolveAt1e-3,SolveAt1e-6,SolveEarlierAt1,SolveEarlierAt1e-1,SolveEarlierAt1e-3,SolveEarlierAt1e-6,simNumber
0,[ 0.78445763 -2.99479412],200,NiaPyNelderMead,ThreeHumpCamelBack,3.0958303552696647,7.491469931564119,1459.7441150108098,0.00956074299998022,Continuous,Differentiable,Non-Separable,Non-Scalable,Multimodal,2,True,False,ThreeHumpCamelBack,3.0,200,100.0,100.0,False,False,False,False,,,,,3
1,[-1.87686708  0.31631713],200,NiaPyPSO,ThreeHumpCamelBack,1.9033356444070197,0.8076033598101287,10112.229824046462,0.008084565000018529,Continuous,Differentiable,Non-Separable,Non-Scalable,Multimodal,2,True,False,ThreeHumpCamelBack,3.0,200,100.0,100.0,True,False,False,False,20.0,45.0,,,3
2,[ 2.24060462 -1.73712303],200,NiaPySimulatedAnnealing,ThreeHumpCamelBack,2.835120011152781,3.79055957588581,47049.33242589751,0.008733691999992743,Continuous,Differentiable,Non-Separable,Non-Scalable,Multimodal,2,True,False,ThreeHumpCamelBack,3.0,200,100.0,100.0,False,False,False,False,,,,,3
3,[-1.68577755 -0.15715819],200,NiaPyCuckooSearch,ThreeHumpCamelBack,1.6930873125734756,1.3185980432608828,63542.413553457896,0.006167721999986497,Continuous,Differentiable,Non-Separable,Non-Scalable,Multimodal,2,True,False,ThreeHumpCamelBack,3.0,200,100.0,100.0,False,False,False,False,,,,,3
4,[ 2.00241986 -1.23405198],200,NiaPyDifferentialEvolution,ThreeHumpCamelBack,2.3521414879884612,0.9340464833439632,81420.95979511042,0.03005826700001535,Continuous,Differentiable,Non-Separable,Non-Scalable,Multimodal,2,True,False,ThreeHumpCamelBack,3.0,200,100.0,100.0,True,False,False,False,46.0,174.0,,,3
5,[-1.61458095 -0.2788154 ],200,RandomSearch1,ThreeHumpCamelBack,1.638477852092226,1.5587035122795336,28866.366232807526,0.005074422999996386,Continuous,Differentiable,Non-Separable,Non-Scalable,Multimodal,2,True,False,ThreeHumpCamelBack,3.0,200,100.0,100.0,False,False,False,False,25.0,,,,3
6,[-1.74103232  1.39986434],199,RandomSearch2,ThreeHumpCamelBack,2.2340129118044527,0.5790927457874679,33844.61570469113,0.005463100000014265,Continuous,Differentiable,Non-Separable,Non-Scalable,Multimodal,2,True,False,ThreeHumpCamelBack,3.0,200,100.0,99.5,True,False,False,False,18.0,24.0,,,3
7,[-1.62215511  0.64132493],205,CMAES,ThreeHumpCamelBack,1.7443293434400466,0.40004295556709013,242.7143620912176,0.09262400699998352,Continuous,Differentiable,Non-Separable,Non-Scalable,Multimodal,2,True,False,ThreeHumpCamelBack,3.0,200,100.0,102.5,True,False,False,False,1.0,,,,3
