,BestArm,NumberFunctionEval,Algorithm,CostFunction,EuclideanDistance,TrueRewardDifference,CumulativeRegret,TimeToComplete,Continuous,Differentiability,Separability,Scalability,Modality,Ndimensions,OptimizationSuccessful,BBOB,BaseClass,SD,MaxFeval,MaxFevalPerDimensions,FevalPerDimensions,SolveAt1,SolveAt1e-1,SolveAt1e-3,SolveAt1e-6,SolveEarlierAt1,SolveEarlierAt1e-1,SolveEarlierAt1e-3,SolveEarlierAt1e-6,simNumber
0,[ 2.8219942  -4.41995989],200,NiaPyNelderMead,ThreeHumpCamelBack,5.244015321268297,40.57496898533165,8552.65801760119,0.011433869000001096,Continuous,Differentiable,Non-Separable,Non-Scalable,Multimodal,2,True,False,ThreeHumpCamelBack,0.0,200,100.0,100.0,False,False,False,False,,,,,3
1,[ 0.11704949 -0.14207653],200,NiaPyPSO,ThreeHumpCamelBack,0.1840823832728367,0.030760258134114062,13419.159355218768,0.006961562999975968,Continuous,Differentiable,Non-Separable,Non-Scalable,Multimodal,2,True,False,ThreeHumpCamelBack,0.0,200,100.0,100.0,True,True,False,False,21.0,92.0,,,3
2,[-1.94774288 -3.36655482],200,NiaPySimulatedAnnealing,ThreeHumpCamelBack,3.8893950319761332,19.466432468061655,204414.8801362797,0.0073341750000111006,Continuous,Differentiable,Non-Separable,Non-Scalable,Multimodal,2,True,False,ThreeHumpCamelBack,0.0,200,100.0,100.0,False,False,False,False,,,,,3
3,[-0.41517814  0.63338001],200,NiaPyCuckooSearch,ThreeHumpCamelBack,0.7573262995669229,0.4526060470141818,25469.558378470723,0.004673631999992267,Continuous,Differentiable,Non-Separable,Non-Scalable,Multimodal,2,True,False,ThreeHumpCamelBack,0.0,200,100.0,100.0,True,False,False,False,12.0,,,,3
4,[0.21021314 0.04167939],200,NiaPyDifferentialEvolution,ThreeHumpCamelBack,0.21430523901422702,0.09684188323885717,92208.27240902485,0.028429219999992483,Continuous,Differentiable,Non-Separable,Non-Scalable,Multimodal,2,True,False,ThreeHumpCamelBack,0.0,200,100.0,100.0,True,True,False,False,17.0,120.0,,,3
5,[-0.2390964   0.25141995],200,RandomSearch1,ThreeHumpCamelBack,0.3469568872450763,0.1140322222206234,30234.05585468247,0.003186857000002874,Continuous,Differentiable,Non-Separable,Non-Scalable,Multimodal,2,True,False,ThreeHumpCamelBack,0.0,200,100.0,100.0,True,False,False,False,17.0,,,,3
6,[-0.02146817  0.17454585],199,RandomSearch2,ThreeHumpCamelBack,0.1758611310519391,0.027640617228971792,35843.40050708621,0.0038289819999874908,Continuous,Differentiable,Non-Separable,Non-Scalable,Multimodal,2,True,False,ThreeHumpCamelBack,0.0,200,100.0,99.5,True,True,False,False,40.0,48.0,,,3
7,[-0.00059988  0.00121108],205,CMAES,ThreeHumpCamelBack,0.001351506005871314,1.4599225096414945e-06,456.76745667693604,0.09243937799999458,Continuous,Differentiable,Non-Separable,Non-Scalable,Multimodal,2,True,False,ThreeHumpCamelBack,0.0,200,100.0,102.5,True,True,True,False,13.0,65.0,128.0,,3
