,BestArm,NumberFunctionEval,Algorithm,CostFunction,EuclideanDistance,TrueRewardDifference,CumulativeRegret,TimeToComplete,Continuous,Differentiability,Separability,Scalability,Modality,Ndimensions,OptimizationSuccessful,BBOB,BaseClass,SD,MaxFeval,MaxFevalPerDimensions,FevalPerDimensions,SolveAt1,SolveAt1e-1,SolveAt1e-3,SolveAt1e-6,SolveEarlierAt1,SolveEarlierAt1e-1,SolveEarlierAt1e-3,SolveEarlierAt1e-6,simNumber
0,[3.43995132 0.28849564],200,NiaPyNelderMead,ThreeHumpCamelBack,3.4520276338976594,153.8758154156445,31504.837069266505,0.008605199999976776,Continuous,Differentiable,Non-Separable,Non-Scalable,Multimodal,2,True,False,ThreeHumpCamelBack,0.0,200,100.0,100.0,False,False,False,False,,,,,0
1,[-0.02514823 -0.10271807],200,NiaPyPSO,ThreeHumpCamelBack,0.10575176832777161,0.014398628352678812,12205.851906308573,0.006475273999996034,Continuous,Differentiable,Non-Separable,Non-Scalable,Multimodal,2,True,False,ThreeHumpCamelBack,0.0,200,100.0,100.0,True,True,False,False,7.0,148.0,,,0
2,[1.43626272 0.81798433],200,NiaPySimulatedAnnealing,ThreeHumpCamelBack,1.652860842549708,2.9645458585345463,45991.729482671835,0.0069640019999894776,Continuous,Differentiable,Non-Separable,Non-Scalable,Multimodal,2,True,False,ThreeHumpCamelBack,0.0,200,100.0,100.0,False,False,False,False,,,,,0
3,[ 0.15066348 -0.15473729],200,NiaPyCuckooSearch,ThreeHumpCamelBack,0.21597016989567983,0.04549025871497397,34620.62818121044,0.004442081999997072,Continuous,Differentiable,Non-Separable,Non-Scalable,Multimodal,2,True,False,ThreeHumpCamelBack,0.0,200,100.0,100.0,True,True,False,False,5.0,5.0,,,0
4,[ 0.28930713 -0.58900164],200,NiaPyDifferentialEvolution,ThreeHumpCamelBack,0.6562176023759417,0.3366597778679401,70112.71649016475,0.02824712800000384,Continuous,Differentiable,Non-Separable,Non-Scalable,Multimodal,2,True,False,ThreeHumpCamelBack,0.0,200,100.0,100.0,True,False,False,False,100.0,,,,0
5,[-0.0134035   0.13746986],200,RandomSearch1,ThreeHumpCamelBack,0.13812174902036536,0.017414659813223782,41046.77885671631,0.003126383999983773,Continuous,Differentiable,Non-Separable,Non-Scalable,Multimodal,2,True,False,ThreeHumpCamelBack,0.0,200,100.0,100.0,True,True,False,False,12.0,178.0,,,0
6,[ 0.21850469 -0.30515935],199,RandomSearch2,ThreeHumpCamelBack,0.3753218964469575,0.11955672165847912,35344.02358497104,0.0035804149999876245,Continuous,Differentiable,Non-Separable,Non-Scalable,Multimodal,2,True,False,ThreeHumpCamelBack,0.0,200,100.0,99.5,True,False,False,False,4.0,,,,0
7,[-2.02164961e-05 -2.05259448e-05],205,CMAES,ThreeHumpCamelBack,2.881008718710779e-05,1.6536905198938553e-09,184.0184110574067,0.0930688519999876,Continuous,Differentiable,Non-Separable,Non-Scalable,Multimodal,2,True,False,ThreeHumpCamelBack,0.0,200,100.0,102.5,True,True,True,True,13.0,18.0,95.0,165.0,0
