,BestArm,NumberFunctionEval,Algorithm,CostFunction,EuclideanDistance,TrueRewardDifference,CumulativeRegret,TimeToComplete,Continuous,Differentiability,Separability,Scalability,Modality,Ndimensions,OptimizationSuccessful,BBOB,BaseClass,SD,MaxFeval,MaxFevalPerDimensions,FevalPerDimensions,SolveAt1,SolveAt1e-1,SolveAt1e-3,SolveAt1e-6,SolveEarlierAt1,SolveEarlierAt1e-1,SolveEarlierAt1e-3,SolveEarlierAt1e-6,simNumber
0,[ 0.43033263 -2.79448929],200,NiaPyNelderMead,ThreeHumpCamelBack,2.827429319280463,6.942032649729801,2522.074720685868,0.00990307399999324,Continuous,Differentiable,Non-Separable,Non-Scalable,Multimodal,2,True,False,ThreeHumpCamelBack,3.0,200,100.0,100.0,False,False,False,False,,,,,0
1,[-1.40818043  1.2773135 ],200,NiaPyPSO,ThreeHumpCamelBack,1.9011843413641834,0.9695654859962672,13828.585114479818,0.007713555999998789,Continuous,Differentiable,Non-Separable,Non-Scalable,Multimodal,2,True,False,ThreeHumpCamelBack,3.0,200,100.0,100.0,True,False,False,False,13.0,100.0,,,0
2,[-1.98652295  2.96403679],200,NiaPySimulatedAnnealing,ThreeHumpCamelBack,3.5681630448533608,4.680807503135575,28756.293017230983,0.008449587000001202,Continuous,Differentiable,Non-Separable,Non-Scalable,Multimodal,2,True,False,ThreeHumpCamelBack,3.0,200,100.0,100.0,False,False,False,False,,,,,0
3,[ 0.38904084 -0.91749137],200,NiaPyCuckooSearch,ThreeHumpCamelBack,0.9965656944269241,0.7640791568964315,71159.77423166964,0.00580276400000912,Continuous,Differentiable,Non-Separable,Non-Scalable,Multimodal,2,True,False,ThreeHumpCamelBack,3.0,200,100.0,100.0,True,False,False,False,25.0,25.0,,,0
4,[1.39120583 0.24919099],200,NiaPyDifferentialEvolution,ThreeHumpCamelBack,1.4133470265378207,1.5547615760231017,80709.34947832764,0.0386889119999978,Continuous,Differentiable,Non-Separable,Non-Scalable,Multimodal,2,True,False,ThreeHumpCamelBack,3.0,200,100.0,100.0,False,False,False,False,18.0,,,,0
5,[-2.01660613  0.34153673],200,RandomSearch1,ThreeHumpCamelBack,2.045323353772594,1.40556532871795,43891.66262063073,0.0042911730000128046,Continuous,Differentiable,Non-Separable,Non-Scalable,Multimodal,2,True,False,ThreeHumpCamelBack,3.0,200,100.0,100.0,False,False,False,False,18.0,,,,0
6,[-0.28338382  0.01719217],199,RandomSearch2,ThreeHumpCamelBack,0.28390484695857665,0.1493511149224068,29100.960543585734,0.005057456999992382,Continuous,Differentiable,Non-Separable,Non-Scalable,Multimodal,2,True,False,ThreeHumpCamelBack,3.0,200,100.0,99.5,True,False,False,False,4.0,,,,0
7,[-1.7210091   0.38829274],205,CMAES,ThreeHumpCamelBack,1.764268562806365,0.5255353112796068,431.4718069247301,0.09291227399998547,Continuous,Differentiable,Non-Separable,Non-Scalable,Multimodal,2,True,False,ThreeHumpCamelBack,3.0,200,100.0,102.5,True,False,False,False,12.0,,,,0
