,BestArm,NumberFunctionEval,Algorithm,CostFunction,EuclideanDistance,TrueRewardDifference,CumulativeRegret,TimeToComplete,Continuous,Differentiability,Separability,Scalability,Modality,Ndimensions,OptimizationSuccessful,BBOB,BaseClass,SD,MaxFeval,MaxFevalPerDimensions,FevalPerDimensions,SolveAt1,SolveAt1e-1,SolveAt1e-3,SolveAt1e-6,SolveEarlierAt1,SolveEarlierAt1e-1,SolveEarlierAt1e-3,SolveEarlierAt1e-6,simNumber
0,[ 0.20672036 -1.08015051],2000,NiaPyNelderMead,ThreeHumpCamelBack,1.0997538090498606,1.026998207042157,2288.914758392005,0.07739177999997082,Continuous,Differentiable,Non-Separable,Non-Scalable,Multimodal,2,True,False,ThreeHumpCamelBack,0.0,2000,1000.0,1000.0,False,False,False,False,,,,,7
1,[-0.00076609 -0.02025713],2000,NiaPyPSO,ThreeHumpCamelBack,0.020271608876239137,0.0004270439051283433,6928.0361039812615,0.06270865800001957,Continuous,Differentiable,Non-Separable,Non-Scalable,Multimodal,2,True,False,ThreeHumpCamelBack,0.0,2000,1000.0,1000.0,True,True,True,False,3.0,130.0,1057.0,,7
2,[ 1.70539093 -0.94828175],2000,NiaPySimulatedAnnealing,ThreeHumpCamelBack,1.951306352890071,0.3173697540206061,604984.5319355475,0.06708825500004423,Continuous,Differentiable,Non-Separable,Non-Scalable,Multimodal,2,True,False,ThreeHumpCamelBack,0.0,2000,1000.0,1000.0,True,False,False,False,1020.0,,,,7
3,[ 0.30600188 -0.13978035],2000,NiaPyCuckooSearch,ThreeHumpCamelBack,0.33641595554010867,0.15497031869799355,495355.36587520404,0.04573950100007096,Continuous,Differentiable,Non-Separable,Non-Scalable,Multimodal,2,True,False,ThreeHumpCamelBack,0.0,2000,1000.0,1000.0,True,False,False,False,24.0,,,,7
4,[ 7.91140938e-06 -1.72645341e-05],2000,NiaPyDifferentialEvolution,ThreeHumpCamelBack,1.899090667557416e-05,2.86658137653094e-10,113875.2075274109,0.29246197499992377,Continuous,Differentiable,Non-Separable,Non-Scalable,Multimodal,2,True,False,ThreeHumpCamelBack,0.0,2000,1000.0,1000.0,True,True,True,True,22.0,186.0,481.0,1437.0,7
5,[-0.02992401  0.11584532],2000,RandomSearch1,ThreeHumpCamelBack,0.11964775742118805,0.011743633564052194,378134.7280314051,0.030535032999978284,Continuous,Differentiable,Non-Separable,Non-Scalable,Multimodal,2,True,False,ThreeHumpCamelBack,0.0,2000,1000.0,1000.0,True,True,False,False,2.0,213.0,,,7
6,[ 0.11321607 -0.01847698],1999,RandomSearch2,ThreeHumpCamelBack,0.11471389329027257,0.023713102175997303,360502.1047813834,0.03484439800001837,Continuous,Differentiable,Non-Separable,Non-Scalable,Multimodal,2,True,False,ThreeHumpCamelBack,0.0,2000,1000.0,999.5,True,True,False,False,8.0,740.0,,,7
7,[1.63776828e-09 2.55273797e-09],523,CMAES,ThreeHumpCamelBack,3.032945116291981e-09,1.60618342872589e-17,1196.9693378423456,0.17752342799997223,Continuous,Differentiable,Non-Separable,Non-Scalable,Multimodal,2,True,False,ThreeHumpCamelBack,0.0,2000,1000.0,261.5,True,True,True,True,30.0,110.0,146.0,212.0,7
