,BestArm,NumberFunctionEval,Algorithm,CostFunction,EuclideanDistance,TrueRewardDifference,CumulativeRegret,TimeToComplete,Continuous,Differentiability,Separability,Scalability,Modality,Ndimensions,OptimizationSuccessful,BBOB,BaseClass,SD,MaxFeval,MaxFevalPerDimensions,FevalPerDimensions,SolveAt1,SolveAt1e-1,SolveAt1e-3,SolveAt1e-6,SolveEarlierAt1,SolveEarlierAt1e-1,SolveEarlierAt1e-3,SolveEarlierAt1e-6,simNumber
0,[-1.70571333  2.01455625],2000,NiaPyNelderMead,ThreeHumpCamelBack,2.639677035911449,1.657638371668896,4419.109546863906,0.08408930500002043,Continuous,Differentiable,Non-Separable,Non-Scalable,Multimodal,2,True,False,ThreeHumpCamelBack,3.0,2000,1000.0,1000.0,False,False,False,False,,,,,8
1,[-0.40155374 -0.89716325],2000,NiaPyPSO,ThreeHumpCamelBack,0.9829279244852098,1.4610506192775337,14536.62819134502,0.07752610000000004,Continuous,Differentiable,Non-Separable,Non-Scalable,Multimodal,2,True,False,ThreeHumpCamelBack,3.0,2000,1000.0,1000.0,False,False,False,False,6.0,131.0,,,8
2,[ 1.17693434 -1.25135733],2000,NiaPySimulatedAnnealing,ThreeHumpCamelBack,1.7178677563329352,1.2917925953428293,421278.02485698176,0.08214600399992378,Continuous,Differentiable,Non-Separable,Non-Scalable,Multimodal,2,True,False,ThreeHumpCamelBack,3.0,2000,1000.0,1000.0,False,False,False,False,1497.0,1546.0,,,8
3,[ 0.13757849 -1.54533427],2000,NiaPyCuckooSearch,ThreeHumpCamelBack,1.551446376445951,2.21293389693021,621602.233163648,0.0559156780000194,Continuous,Differentiable,Non-Separable,Non-Scalable,Multimodal,2,True,False,ThreeHumpCamelBack,3.0,2000,1000.0,1000.0,False,False,False,False,6.0,,,,8
4,[ 1.35929202 -0.74748626],2000,NiaPyDifferentialEvolution,ThreeHumpCamelBack,1.5512609404883189,0.7047327598409366,176241.70153633965,0.31104516699997475,Continuous,Differentiable,Non-Separable,Non-Scalable,Multimodal,2,True,False,ThreeHumpCamelBack,3.0,2000,1000.0,1000.0,True,False,False,False,12.0,226.0,,,8
5,[-1.30892896  0.08898873],2000,RandomSearch1,ThreeHumpCamelBack,1.3119504657789685,1.0740755619087257,369601.9223764398,0.038809421999985716,Continuous,Differentiable,Non-Separable,Non-Scalable,Multimodal,2,True,False,ThreeHumpCamelBack,3.0,2000,1000.0,1000.0,False,False,False,False,5.0,397.0,,,8
6,[-0.44709701  0.23834381],1999,RandomSearch2,ThreeHumpCamelBack,0.5066591673365431,0.3094114713745523,358614.50586850895,0.04710109699999521,Continuous,Differentiable,Non-Separable,Non-Scalable,Multimodal,2,True,False,ThreeHumpCamelBack,3.0,2000,1000.0,999.5,True,False,False,False,24.0,638.0,,,8
7,[ 0.12973757 -0.54746978],2005,CMAES,ThreeHumpCamelBack,0.5626322075688281,0.26206275655638456,4493.849110090952,0.5537168060000113,Continuous,Differentiable,Non-Separable,Non-Scalable,Multimodal,2,True,False,ThreeHumpCamelBack,3.0,2000,1000.0,1002.5,True,False,False,False,20.0,50.0,,,8
