,BestArm,NumberFunctionEval,Algorithm,CostFunction,EuclideanDistance,TrueRewardDifference,CumulativeRegret,TimeToComplete,Continuous,Differentiability,Separability,Scalability,Modality,Ndimensions,OptimizationSuccessful,BBOB,BaseClass,SD,MaxFeval,MaxFevalPerDimensions,FevalPerDimensions,SolveAt1,SolveAt1e-1,SolveAt1e-3,SolveAt1e-6,SolveEarlierAt1,SolveEarlierAt1e-1,SolveEarlierAt1e-3,SolveEarlierAt1e-6,simNumber
0,[-0.78823253  2.5883279 ],2000,NiaPyNelderMead,ThreeHumpCamelBack,2.705688789785983,5.53650375397638,11392.020859869708,0.08572037199996885,Continuous,Differentiable,Non-Separable,Non-Scalable,Multimodal,2,True,False,ThreeHumpCamelBack,3.0,2000,1000.0,1000.0,False,False,False,False,,,,,9
1,[-0.64923471  0.39702891],2000,NiaPyPSO,ThreeHumpCamelBack,0.7610109517741235,0.5688092916912101,9294.027464711999,0.07530287700001281,Continuous,Differentiable,Non-Separable,Non-Scalable,Multimodal,2,True,False,ThreeHumpCamelBack,3.0,2000,1000.0,1000.0,True,False,False,False,7.0,7.0,854.0,,9
2,[1.38637211 0.71293394],2000,NiaPySimulatedAnnealing,ThreeHumpCamelBack,1.5589427304168681,2.645211350469195,704616.5039679703,0.08192932999997993,Continuous,Differentiable,Non-Separable,Non-Scalable,Multimodal,2,True,False,ThreeHumpCamelBack,3.0,2000,1000.0,1000.0,False,False,False,False,1041.0,,,,9
3,[0.23586584 0.24172405],2000,NiaPyCuckooSearch,ThreeHumpCamelBack,0.337732449933172,0.2234892961826992,537338.4361747152,0.05299547200002053,Continuous,Differentiable,Non-Separable,Non-Scalable,Multimodal,2,True,False,ThreeHumpCamelBack,3.0,2000,1000.0,1000.0,True,False,False,False,1328.0,,,,9
4,[ 1.89748574 -1.2281698 ],2000,NiaPyDifferentialEvolution,ThreeHumpCamelBack,2.2602772333277925,0.5463824847783589,199152.3513917102,0.303071583000019,Continuous,Differentiable,Non-Separable,Non-Scalable,Multimodal,2,True,False,ThreeHumpCamelBack,3.0,2000,1000.0,1000.0,True,False,False,False,1.0,167.0,,,9
5,[ 0.35195124 -0.82744026],2000,RandomSearch1,ThreeHumpCamelBack,0.8991813237258727,0.6253839925103932,344064.6138111206,0.03963342999998076,Continuous,Differentiable,Non-Separable,Non-Scalable,Multimodal,2,True,False,ThreeHumpCamelBack,3.0,2000,1000.0,1000.0,True,False,False,False,15.0,354.0,,,9
6,[0.97265711 0.08596724],1999,RandomSearch2,ThreeHumpCamelBack,0.9764487844615344,1.184472141788266,431370.5852765414,0.046706163000067136,Continuous,Differentiable,Non-Separable,Non-Scalable,Multimodal,2,True,False,ThreeHumpCamelBack,3.0,2000,1000.0,999.5,False,False,False,False,18.0,1570.0,,,9
7,[-0.05538767  0.33688116],2005,CMAES,ThreeHumpCamelBack,0.3414040290854801,0.10095556635196618,20757.089888811814,0.5725823499999478,Continuous,Differentiable,Non-Separable,Non-Scalable,Multimodal,2,True,False,ThreeHumpCamelBack,3.0,2000,1000.0,1002.5,True,False,False,False,97.0,158.0,394.0,,9
