,BestArm,NumberFunctionEval,Algorithm,CostFunction,EuclideanDistance,TrueRewardDifference,CumulativeRegret,TimeToComplete,Continuous,Differentiability,Separability,Scalability,Modality,Ndimensions,OptimizationSuccessful,BBOB,BaseClass,SD,MaxFeval,MaxFevalPerDimensions,FevalPerDimensions,SolveAt1,SolveAt1e-1,SolveAt1e-3,SolveAt1e-6,SolveEarlierAt1,SolveEarlierAt1e-1,SolveEarlierAt1e-3,SolveEarlierAt1e-6,simNumber
0,[0.69041341 0.59979239],2000,NiaPyNelderMead,ThreeHumpCamelBack,0.9145608714401127,1.506672408790616,4796.8776358878695,0.08189461799997844,Continuous,Differentiable,Non-Separable,Non-Scalable,Multimodal,2,True,False,ThreeHumpCamelBack,0.0,2000,1000.0,1000.0,False,False,False,False,,,,,4
1,[-0.00634247 -0.01254546],2000,NiaPyPSO,ThreeHumpCamelBack,0.01405757366462479,0.00031740978748453006,8942.838393792134,0.064718900999992,Continuous,Differentiable,Non-Separable,Non-Scalable,Multimodal,2,True,False,ThreeHumpCamelBack,0.0,2000,1000.0,1000.0,True,True,True,False,8.0,129.0,974.0,,4
2,[-0.09491055  0.12122736],2000,NiaPySimulatedAnnealing,ThreeHumpCamelBack,0.15396131484058945,0.021121263732325986,973658.9281496792,0.06891959799997949,Continuous,Differentiable,Non-Separable,Non-Scalable,Multimodal,2,True,False,ThreeHumpCamelBack,0.0,2000,1000.0,1000.0,True,True,False,False,546.0,779.0,,,4
3,[-0.28682812  0.1669373 ],2000,NiaPyCuckooSearch,ThreeHumpCamelBack,0.3318711107335228,0.13751246711210952,644385.5302704456,0.04254962799996065,Continuous,Differentiable,Non-Separable,Non-Scalable,Multimodal,2,True,False,ThreeHumpCamelBack,0.0,2000,1000.0,1000.0,True,False,False,False,12.0,,,,4
4,[ 4.65350316e-05 -4.05661839e-05],2000,NiaPyDifferentialEvolution,ThreeHumpCamelBack,6.173430521426901e-05,4.088884949295061e-09,92772.77242017354,0.29059096700007103,Continuous,Differentiable,Non-Separable,Non-Scalable,Multimodal,2,True,False,ThreeHumpCamelBack,0.0,2000,1000.0,1000.0,True,True,True,True,9.0,25.0,952.0,1431.0,4
5,[ 0.03074025 -0.04415068],2000,RandomSearch1,ThreeHumpCamelBack,0.05379819321106401,0.0024810680956332144,349144.77213440026,0.029359852999959912,Continuous,Differentiable,Non-Separable,Non-Scalable,Multimodal,2,True,False,ThreeHumpCamelBack,0.0,2000,1000.0,1000.0,True,True,False,False,6.0,177.0,,,4
6,[ 0.05720629 -0.02256403],1999,RandomSearch2,ThreeHumpCamelBack,0.061495491362392414,0.005752211562892942,364382.3538024783,0.03396388799990291,Continuous,Differentiable,Non-Separable,Non-Scalable,Multimodal,2,True,False,ThreeHumpCamelBack,0.0,2000,1000.0,999.5,True,True,False,False,58.0,134.0,,,4
7,[-1.74755234  0.87377619],517,CMAES,ThreeHumpCamelBack,1.9538229235007705,0.29863844223685765,1235.5468150365214,0.17223632599996108,Continuous,Differentiable,Non-Separable,Non-Scalable,Multimodal,2,True,False,ThreeHumpCamelBack,0.0,2000,1000.0,258.5,True,False,False,False,24.0,,,,4
