,BestArm,NumberFunctionEval,Algorithm,CostFunction,EuclideanDistance,TrueRewardDifference,CumulativeRegret,TimeToComplete,Continuous,Differentiability,Separability,Scalability,Modality,Ndimensions,OptimizationSuccessful,BBOB,BaseClass,SD,MaxFeval,MaxFevalPerDimensions,FevalPerDimensions,SolveAt1,SolveAt1e-1,SolveAt1e-3,SolveAt1e-6,SolveEarlierAt1,SolveEarlierAt1e-1,SolveEarlierAt1e-3,SolveEarlierAt1e-6,simNumber
0,[2.18380996 4.16116192],200,NiaPyNelderMead,ThreeHumpCamelBack,4.699392994123081,30.137194937618276,6468.294344782177,0.009472982000005459,Continuous,Differentiable,Non-Separable,Non-Scalable,Multimodal,2,True,False,ThreeHumpCamelBack,3.0,200,100.0,100.0,False,False,False,False,,,,,5
1,[ 1.41525248 -0.36662488],200,NiaPyPSO,ThreeHumpCamelBack,1.461969011620679,0.7482920194769657,12040.991585582455,0.007637743000003638,Continuous,Differentiable,Non-Separable,Non-Scalable,Multimodal,2,True,False,ThreeHumpCamelBack,3.0,200,100.0,100.0,True,False,False,False,25.0,91.0,,,5
2,[-0.00211961  0.6498539 ],200,NiaPySimulatedAnnealing,ThreeHumpCamelBack,0.6498573616136569,0.42094164778117876,766.7509174614775,0.008456577999993442,Continuous,Differentiable,Non-Separable,Non-Scalable,Multimodal,2,True,False,ThreeHumpCamelBack,3.0,200,100.0,100.0,True,False,False,False,53.0,197.0,,,5
3,[-0.40275307 -0.06269778],200,NiaPyCuckooSearch,ThreeHumpCamelBack,0.40760403160805775,0.3266864525367773,90910.90883325507,0.006244242000008171,Continuous,Differentiable,Non-Separable,Non-Scalable,Multimodal,2,True,False,ThreeHumpCamelBack,3.0,200,100.0,100.0,True,False,False,False,15.0,,,,5
4,[-0.81187524  0.34700041],200,NiaPyDifferentialEvolution,ThreeHumpCamelBack,0.8829216729253646,0.7485095302235724,64292.94066421386,0.029179784000007203,Continuous,Differentiable,Non-Separable,Non-Scalable,Multimodal,2,True,False,ThreeHumpCamelBack,3.0,200,100.0,100.0,True,False,False,False,2.0,53.0,,,5
5,[-2.01946653  0.99268315],200,RandomSearch1,ThreeHumpCamelBack,2.2502588521451776,0.978484233937398,30242.92122997639,0.004678452000007383,Continuous,Differentiable,Non-Separable,Non-Scalable,Multimodal,2,True,False,ThreeHumpCamelBack,3.0,200,100.0,100.0,True,False,False,False,5.0,47.0,,,5
6,[ 1.45717284 -0.54956578],199,RandomSearch2,ThreeHumpCamelBack,1.5573616260965373,0.6094250394256624,26081.97986774982,0.005336427000003141,Continuous,Differentiable,Non-Separable,Non-Scalable,Multimodal,2,True,False,ThreeHumpCamelBack,3.0,200,100.0,99.5,True,False,False,False,8.0,,,,5
7,[-1.62526408  0.58891233],205,CMAES,ThreeHumpCamelBack,1.7286703103600027,0.4181364631213452,238.28273183895294,0.09374033000000281,Continuous,Differentiable,Non-Separable,Non-Scalable,Multimodal,2,True,False,ThreeHumpCamelBack,3.0,200,100.0,102.5,True,False,False,False,1.0,,,,5
