,BestArm,NumberFunctionEval,Algorithm,CostFunction,EuclideanDistance,TrueRewardDifference,CumulativeRegret,TimeToComplete,Continuous,Differentiability,Separability,Scalability,Modality,Ndimensions,OptimizationSuccessful,BBOB,BaseClass,SD,MaxFeval,MaxFevalPerDimensions,FevalPerDimensions,SolveAt1,SolveAt1e-1,SolveAt1e-3,SolveAt1e-6,SolveEarlierAt1,SolveEarlierAt1e-1,SolveEarlierAt1e-3,SolveEarlierAt1e-6,simNumber
0,[-0.07425361 -1.02534317],2000,NiaPyNelderMead,ThreeHumpCamelBack,1.028028315853468,1.1384593519479291,3353.9382982691523,0.07922827700008384,Continuous,Differentiable,Non-Separable,Non-Scalable,Multimodal,2,True,False,ThreeHumpCamelBack,0.0,2000,1000.0,1000.0,False,False,False,False,,,,,3
1,[-0.01542218  0.00859779],2000,NiaPyPSO,ThreeHumpCamelBack,0.017656884596200864,0.0004169530016283389,11432.061777882329,0.06482188899997254,Continuous,Differentiable,Non-Separable,Non-Scalable,Multimodal,2,True,False,ThreeHumpCamelBack,0.0,2000,1000.0,1000.0,True,True,True,False,2.0,62.0,185.0,,3
2,[-0.01409691 -0.29569463],2000,NiaPySimulatedAnnealing,ThreeHumpCamelBack,0.29603046235387015,0.092001095711978,428786.21609323425,0.06693292800002837,Continuous,Differentiable,Non-Separable,Non-Scalable,Multimodal,2,True,False,ThreeHumpCamelBack,0.0,2000,1000.0,1000.0,True,True,False,False,1080.0,1975.0,,,3
3,[-1.79825683  1.00904507],2000,NiaPyCuckooSearch,ThreeHumpCamelBack,2.0620134725918375,0.32710619400898144,583621.0671173753,0.04144441900007223,Continuous,Differentiable,Non-Separable,Non-Scalable,Multimodal,2,True,False,ThreeHumpCamelBack,0.0,2000,1000.0,1000.0,True,False,False,False,7.0,,,,3
4,[-7.95859567e-05  4.22206304e-05],2000,NiaPyDifferentialEvolution,ThreeHumpCamelBack,9.009165404519061e-05,1.1090261320671023e-08,105983.05027625288,0.2939809490000016,Continuous,Differentiable,Non-Separable,Non-Scalable,Multimodal,2,True,False,ThreeHumpCamelBack,0.0,2000,1000.0,1000.0,True,True,True,True,20.0,374.0,978.0,1602.0,3
5,[-0.00165061 -0.04508437],2000,RandomSearch1,ThreeHumpCamelBack,0.04511458022581813,0.00211246633766979,352647.90172148554,0.030804337000063242,Continuous,Differentiable,Non-Separable,Non-Scalable,Multimodal,2,True,False,ThreeHumpCamelBack,0.0,2000,1000.0,1000.0,True,True,False,False,3.0,158.0,,,3
6,[ 0.08749015 -0.15498724],1999,RandomSearch2,ThreeHumpCamelBack,0.17797632154861717,0.025708793672718118,381033.1037140074,0.03526588699992317,Continuous,Differentiable,Non-Separable,Non-Scalable,Multimodal,2,True,False,ThreeHumpCamelBack,0.0,2000,1000.0,999.5,True,True,False,False,32.0,42.0,,,3
7,[-1.74755236  0.87377616],409,CMAES,ThreeHumpCamelBack,1.9538229266583862,0.2986384422368621,625.308520236629,0.15358209099997566,Continuous,Differentiable,Non-Separable,Non-Scalable,Multimodal,2,True,False,ThreeHumpCamelBack,0.0,2000,1000.0,204.5,True,False,False,False,19.0,,,,3
