,BestArm,NumberFunctionEval,Algorithm,CostFunction,EuclideanDistance,TrueRewardDifference,CumulativeRegret,TimeToComplete,Continuous,Differentiability,Separability,Scalability,Modality,Ndimensions,OptimizationSuccessful,BBOB,BaseClass,SD,MaxFeval,MaxFevalPerDimensions,FevalPerDimensions,SolveAt1,SolveAt1e-1,SolveAt1e-3,SolveAt1e-6,SolveEarlierAt1,SolveEarlierAt1e-1,SolveEarlierAt1e-3,SolveEarlierAt1e-6,simNumber
0,[2.09031471 1.71358736],2000,NiaPyNelderMead,ThreeHumpCamelBack,2.7029238328053107,9.11409686690811,18506.421664665504,0.07694614600006844,Continuous,Differentiable,Non-Separable,Non-Scalable,Multimodal,2,True,False,ThreeHumpCamelBack,0.0,2000,1000.0,1000.0,False,False,False,False,,,,,5
1,[-0.00588649  0.01094826],2000,NiaPyPSO,ThreeHumpCamelBack,0.01243041236706263,0.00012471784666140932,8211.326011544243,0.06301901000006183,Continuous,Differentiable,Non-Separable,Non-Scalable,Multimodal,2,True,False,ThreeHumpCamelBack,0.0,2000,1000.0,1000.0,True,True,True,False,23.0,79.0,360.0,,5
2,[ 0.31110886 -0.25488028],2000,NiaPySimulatedAnnealing,ThreeHumpCamelBack,0.4021848762932073,0.16956054516729072,449992.19029613386,0.06737690299996757,Continuous,Differentiable,Non-Separable,Non-Scalable,Multimodal,2,True,False,ThreeHumpCamelBack,0.0,2000,1000.0,1000.0,True,False,False,False,740.0,,,,5
3,[-0.23433836 -0.03113515],2000,NiaPyCuckooSearch,ThreeHumpCamelBack,0.23639768345649345,0.1149557139613091,515522.62244392745,0.04054959999996299,Continuous,Differentiable,Non-Separable,Non-Scalable,Multimodal,2,True,False,ThreeHumpCamelBack,0.0,2000,1000.0,1000.0,True,False,False,False,463.0,,,,5
4,[-2.01442034e-05 -2.34769249e-05],2000,NiaPyDifferentialEvolution,ThreeHumpCamelBack,3.093468822889034e-05,1.83566781834509e-09,61379.73723068981,0.2908214719999478,Continuous,Differentiable,Non-Separable,Non-Scalable,Multimodal,2,True,False,ThreeHumpCamelBack,0.0,2000,1000.0,1000.0,True,True,True,True,25.0,337.0,730.0,1570.0,5
5,[ 0.03179708 -0.10768684],2000,RandomSearch1,ThreeHumpCamelBack,0.11228317257663133,0.010193364651421965,363316.48463677574,0.029817629000035595,Continuous,Differentiable,Non-Separable,Non-Scalable,Multimodal,2,True,False,ThreeHumpCamelBack,0.0,2000,1000.0,1000.0,True,True,False,False,30.0,63.0,,,5
6,[0.09206973 0.00406662],1999,RandomSearch2,ThreeHumpCamelBack,0.09215949312582233,0.01726927122930869,354573.81276623986,0.03474997600005736,Continuous,Differentiable,Non-Separable,Non-Scalable,Multimodal,2,True,False,ThreeHumpCamelBack,0.0,2000,1000.0,999.5,True,True,False,False,4.0,614.0,,,5
7,[-2.73990958e-09 -2.20225482e-09],457,CMAES,ThreeHumpCamelBack,3.515256860166362e-09,2.589811438052899e-17,1896.934107398333,0.15723446600009083,Continuous,Differentiable,Non-Separable,Non-Scalable,Multimodal,2,True,False,ThreeHumpCamelBack,0.0,2000,1000.0,228.5,True,True,True,True,10.0,41.0,114.0,166.0,5
