,BestArm,NumberFunctionEval,Algorithm,CostFunction,EuclideanDistance,TrueRewardDifference,CumulativeRegret,TimeToComplete,Continuous,Differentiability,Separability,Scalability,Modality,Ndimensions,OptimizationSuccessful,BBOB,BaseClass,SD,MaxFeval,MaxFevalPerDimensions,FevalPerDimensions,SolveAt1,SolveAt1e-1,SolveAt1e-3,SolveAt1e-6,SolveEarlierAt1,SolveEarlierAt1e-1,SolveEarlierAt1e-3,SolveEarlierAt1e-6,simNumber
0,[0.08170974 2.95606329],200,NiaPyNelderMead,ThreeHumpCamelBack,2.957192359763066,8.99315553331944,1823.1177847217564,0.009798622000005253,Continuous,Differentiable,Non-Separable,Non-Scalable,Multimodal,2,True,False,ThreeHumpCamelBack,3.0,200,100.0,100.0,False,False,False,False,,,,,2
1,[ 1.22092638 -0.2894239 ],200,NiaPyPSO,ThreeHumpCamelBack,1.254761895209212,0.9306080927135906,7355.700627451661,0.007690075999988721,Continuous,Differentiable,Non-Separable,Non-Scalable,Multimodal,2,True,False,ThreeHumpCamelBack,3.0,200,100.0,100.0,True,False,False,False,24.0,,,,2
2,[ 1.40317426 -1.63591305],200,NiaPySimulatedAnnealing,ThreeHumpCamelBack,2.155251617544121,1.5202407773838709,12365.815849788965,0.008510164999989911,Continuous,Differentiable,Non-Separable,Non-Scalable,Multimodal,2,True,False,ThreeHumpCamelBack,3.0,200,100.0,100.0,False,False,False,False,186.0,,,,2
3,[-1.6744678   0.30540775],200,NiaPyCuckooSearch,ThreeHumpCamelBack,1.702091741474381,0.6087039893345975,48297.93565125469,0.0059125149999772475,Continuous,Differentiable,Non-Separable,Non-Scalable,Multimodal,2,True,False,ThreeHumpCamelBack,3.0,200,100.0,100.0,True,False,False,False,11.0,12.0,,,2
4,[-0.87907205 -0.00144652],200,NiaPyDifferentialEvolution,ThreeHumpCamelBack,0.8790732386659401,0.9966929222405045,61791.87667685879,0.02937897000001044,Continuous,Differentiable,Non-Separable,Non-Scalable,Multimodal,2,True,False,ThreeHumpCamelBack,3.0,200,100.0,100.0,True,False,False,False,22.0,198.0,,,2
5,[1.52810863 0.28130796],200,RandomSearch1,ThreeHumpCamelBack,1.5537857525690222,1.575970690335959,42281.55039083942,0.0040703329999871585,Continuous,Differentiable,Non-Separable,Non-Scalable,Multimodal,2,True,False,ThreeHumpCamelBack,3.0,200,100.0,100.0,False,False,False,False,2.0,,,,2
6,[-0.53010072 -0.58282967],199,RandomSearch2,ThreeHumpCamelBack,0.7878433879257134,1.131447636795359,38534.25832033573,0.004878157000007377,Continuous,Differentiable,Non-Separable,Non-Scalable,Multimodal,2,True,False,ThreeHumpCamelBack,3.0,200,100.0,99.5,False,False,False,False,2.0,,,,2
7,[-0.72476044  0.31322435],205,CMAES,ThreeHumpCamelBack,0.7895487209775874,0.6560952493467391,260.7500023398102,0.09239770299998895,Continuous,Differentiable,Non-Separable,Non-Scalable,Multimodal,2,True,False,ThreeHumpCamelBack,3.0,200,100.0,102.5,True,False,False,False,1.0,,,,2
