,BestArm,NumberFunctionEval,Algorithm,CostFunction,EuclideanDistance,TrueRewardDifference,CumulativeRegret,TimeToComplete,Continuous,Differentiability,Separability,Scalability,Modality,Ndimensions,OptimizationSuccessful,BBOB,BaseClass,SD,MaxFeval,MaxFevalPerDimensions,FevalPerDimensions,SolveAt1,SolveAt1e-1,SolveAt1e-3,SolveAt1e-6,SolveEarlierAt1,SolveEarlierAt1e-1,SolveEarlierAt1e-3,SolveEarlierAt1e-6,simNumber
0,[2.51013085 0.92123163],200,NiaPyNelderMead,ThreeHumpCamelBack,2.673840790207803,15.767601197596067,3245.4627681284883,0.009733700999987605,Continuous,Differentiable,Non-Separable,Non-Scalable,Multimodal,2,True,False,ThreeHumpCamelBack,3.0,200,100.0,100.0,False,False,False,False,,,,,1
1,[ 2.146422   -0.75350463],200,NiaPyPSO,ThreeHumpCamelBack,2.274839907420467,2.1759724987115048,16606.381115141252,0.007789860999992015,Continuous,Differentiable,Non-Separable,Non-Scalable,Multimodal,2,True,False,ThreeHumpCamelBack,3.0,200,100.0,100.0,False,False,False,False,3.0,111.0,,,1
2,[-2.7742381   0.38938364],200,NiaPySimulatedAnnealing,ThreeHumpCamelBack,2.8014311785959336,28.249990436809735,179785.9320508201,0.008863319999989017,Continuous,Differentiable,Non-Separable,Non-Scalable,Multimodal,2,True,False,ThreeHumpCamelBack,3.0,200,100.0,100.0,False,False,False,False,,,,,1
3,[-0.26906942 -0.39872683],200,NiaPyCuckooSearch,ThreeHumpCamelBack,0.4810212396554753,0.40562462692081014,19132.914586281022,0.006414997000007361,Continuous,Differentiable,Non-Separable,Non-Scalable,Multimodal,2,True,False,ThreeHumpCamelBack,3.0,200,100.0,100.0,True,False,False,False,152.0,,,,1
4,[1.80267105 0.07576837],200,NiaPyDifferentialEvolution,ThreeHumpCamelBack,1.8042626615856947,1.2728834885945979,91783.85072577576,0.030132340999983853,Continuous,Differentiable,Non-Separable,Non-Scalable,Multimodal,2,True,False,ThreeHumpCamelBack,3.0,200,100.0,100.0,False,False,False,False,25.0,136.0,,,1
5,[-0.8415435   0.89634877],200,RandomSearch1,ThreeHumpCamelBack,1.2294863073805324,0.9980958633575056,39477.6421987594,0.0051784000000054675,Continuous,Differentiable,Non-Separable,Non-Scalable,Multimodal,2,True,False,ThreeHumpCamelBack,3.0,200,100.0,100.0,True,False,False,False,19.0,,,,1
6,[ 1.9687197  -1.02802221],199,RandomSearch2,ThreeHumpCamelBack,2.220965311986861,0.7153023500771842,27610.742195216702,0.005449601999998777,Continuous,Differentiable,Non-Separable,Non-Scalable,Multimodal,2,True,False,ThreeHumpCamelBack,3.0,200,100.0,99.5,True,False,False,False,14.0,,,,1
7,[-1.6930332  -0.34076958],205,CMAES,ThreeHumpCamelBack,1.726987357533482,1.7239693058104928,583.5183356005729,0.0929897290000099,Continuous,Differentiable,Non-Separable,Non-Scalable,Multimodal,2,True,False,ThreeHumpCamelBack,3.0,200,100.0,102.5,False,False,False,False,1.0,78.0,,,1
