,BestArm,NumberFunctionEval,Algorithm,CostFunction,EuclideanDistance,TrueRewardDifference,CumulativeRegret,TimeToComplete,Continuous,Differentiability,Separability,Scalability,Modality,Ndimensions,OptimizationSuccessful,BBOB,BaseClass,SD,MaxFeval,MaxFevalPerDimensions,FevalPerDimensions,SolveAt1,SolveAt1e-1,SolveAt1e-3,SolveAt1e-6,SolveEarlierAt1,SolveEarlierAt1e-1,SolveEarlierAt1e-3,SolveEarlierAt1e-6,simNumber
0,[ 0.61462163 -0.20194565],2000,NiaPyNelderMead,ThreeHumpCamelBack,0.6469480651272733,0.5313283739582568,1078.6891996501317,0.07595790799996394,Continuous,Differentiable,Non-Separable,Non-Scalable,Multimodal,2,True,False,ThreeHumpCamelBack,0.0,2000,1000.0,1000.0,True,False,False,False,2,,,,6
1,[-0.00047985  0.00117365],2000,NiaPyPSO,ThreeHumpCamelBack,0.0012679595993726992,1.2747992328738278e-06,10633.957948338371,0.06924015599997801,Continuous,Differentiable,Non-Separable,Non-Scalable,Multimodal,2,True,False,ThreeHumpCamelBack,0.0,2000,1000.0,1000.0,True,True,True,False,24,90.0,355.0,,6
2,[-1.769      1.0143423],2000,NiaPySimulatedAnnealing,ThreeHumpCamelBack,2.0391790746823952,0.31828218646925954,630443.4192870784,0.06588696999995136,Continuous,Differentiable,Non-Separable,Non-Scalable,Multimodal,2,True,False,ThreeHumpCamelBack,0.0,2000,1000.0,1000.0,True,False,False,False,1744,,,,6
3,[0.19948542 0.04362446],2000,NiaPyCuckooSearch,ThreeHumpCamelBack,0.20419972084232216,0.08854212803522356,506895.0688251482,0.03959357100006855,Continuous,Differentiable,Non-Separable,Non-Scalable,Multimodal,2,True,False,ThreeHumpCamelBack,0.0,2000,1000.0,1000.0,True,True,False,False,2,2000.0,,,6
4,[ 4.82912471e-05 -7.16232335e-06],2000,NiaPyDifferentialEvolution,ThreeHumpCamelBack,4.881949835516602e-05,4.369510431500789e-09,109190.38847505048,0.29139163600007123,Continuous,Differentiable,Non-Separable,Non-Scalable,Multimodal,2,True,False,ThreeHumpCamelBack,0.0,2000,1000.0,1000.0,True,True,True,True,20,94.0,821.0,1502.0,6
5,[-0.01674662  0.19452337],2000,RandomSearch1,ThreeHumpCamelBack,0.19524290625889837,0.03514255087113254,382902.8780306078,0.02923122400000011,Continuous,Differentiable,Non-Separable,Non-Scalable,Multimodal,2,True,False,ThreeHumpCamelBack,0.0,2000,1000.0,1000.0,True,True,False,False,4,172.0,,,6
6,[-0.1487696   0.10980185],1999,RandomSearch2,ThreeHumpCamelBack,0.18490224052173787,0.039473526549558616,402499.8604558945,0.03441950599994925,Continuous,Differentiable,Non-Separable,Non-Scalable,Multimodal,2,True,False,ThreeHumpCamelBack,0.0,2000,1000.0,999.5,True,True,False,False,14,132.0,,,6
7,[ 5.10976940e-09 -4.25121741e-09],481,CMAES,ThreeHumpCamelBack,6.646998777763284e-09,4.856959544238514e-17,840.9386358709587,0.16211537100002715,Continuous,Differentiable,Non-Separable,Non-Scalable,Multimodal,2,True,False,ThreeHumpCamelBack,0.0,2000,1000.0,240.5,True,True,True,True,8,38.0,107.0,209.0,6
