,BestArm,NumberFunctionEval,Algorithm,CostFunction,EuclideanDistance,TrueRewardDifference,CumulativeRegret,TimeToComplete,Continuous,Differentiability,Separability,Scalability,Modality,Ndimensions,OptimizationSuccessful,BBOB,BaseClass,SD,MaxFeval,MaxFevalPerDimensions,FevalPerDimensions,SolveAt1,SolveAt1e-1,SolveAt1e-3,SolveAt1e-6,SolveEarlierAt1,SolveEarlierAt1e-1,SolveEarlierAt1e-3,SolveEarlierAt1e-6,simNumber
0,[ 0.49956959 -0.13805992],200,NiaPyNelderMead,ThreeHumpCamelBack,0.5182955916062048,0.38642098033820155,107.73614999012011,0.009010224999997263,Continuous,Differentiable,Non-Separable,Non-Scalable,Multimodal,2,True,False,ThreeHumpCamelBack,0.0,200,100.0,100.0,True,False,False,False,2.0,,,,2
1,[ 0.08034473 -0.0967531 ],200,NiaPyPSO,ThreeHumpCamelBack,0.12576342263322396,0.014454403075981516,6693.778512858456,0.007625551999979052,Continuous,Differentiable,Non-Separable,Non-Scalable,Multimodal,2,True,False,ThreeHumpCamelBack,0.0,200,100.0,100.0,True,True,False,False,11.0,114.0,,,2
2,[-1.98338871 -1.83184433],200,NiaPySimulatedAnnealing,ThreeHumpCamelBack,2.6999045185883386,8.753820053366628,14570.963843865511,0.008376123999994434,Continuous,Differentiable,Non-Separable,Non-Scalable,Multimodal,2,True,False,ThreeHumpCamelBack,0.0,200,100.0,100.0,False,False,False,False,,,,,2
3,[-1.80580789  1.0113917 ],200,NiaPyCuckooSearch,ThreeHumpCamelBack,2.0697476474437666,0.3323246413730463,41095.331990364626,0.0049212000000125045,Continuous,Differentiable,Non-Separable,Non-Scalable,Multimodal,2,True,False,ThreeHumpCamelBack,0.0,200,100.0,100.0,True,False,False,False,4.0,,,,2
4,[0.07830277 0.19713587],200,NiaPyDifferentialEvolution,ThreeHumpCamelBack,0.21211759703546998,0.06652204840501012,59073.49920617747,0.031173451000000796,Continuous,Differentiable,Non-Separable,Non-Scalable,Multimodal,2,True,False,ThreeHumpCamelBack,0.0,200,100.0,100.0,True,True,False,False,6.0,192.0,,,2
5,[-0.07231527 -0.01421191],200,RandomSearch1,ThreeHumpCamelBack,0.07369855283082449,0.011660021796795123,40877.29659991358,0.0038321560000156296,Continuous,Differentiable,Non-Separable,Non-Scalable,Multimodal,2,True,False,ThreeHumpCamelBack,0.0,200,100.0,100.0,True,True,False,False,9.0,9.0,,,2
6,[ 1.75520095 -0.93914893],199,RandomSearch2,ThreeHumpCamelBack,1.990660963351349,0.30277221233773266,50604.534953325056,0.004285880999987057,Continuous,Differentiable,Non-Separable,Non-Scalable,Multimodal,2,True,False,ThreeHumpCamelBack,0.0,200,100.0,99.5,True,False,False,False,42.0,,,,2
7,[ 1.74719744 -0.87343103],205,CMAES,ThreeHumpCamelBack,1.9533511371900385,0.2986392037789678,1297.503264336016,0.09644807399999422,Continuous,Differentiable,Non-Separable,Non-Scalable,Multimodal,2,True,False,ThreeHumpCamelBack,0.0,200,100.0,102.5,True,False,False,False,19.0,,,,2
