,BestArm,NumberFunctionEval,Algorithm,CostFunction,EuclideanDistance,TrueRewardDifference,CumulativeRegret,TimeToComplete,Continuous,Differentiability,Separability,Scalability,Modality,Ndimensions,OptimizationSuccessful,BBOB,BaseClass,SD,MaxFeval,MaxFevalPerDimensions,FevalPerDimensions,SolveAt1,SolveAt1e-1,SolveAt1e-3,SolveAt1e-6,SolveEarlierAt1,SolveEarlierAt1e-1,SolveEarlierAt1e-3,SolveEarlierAt1e-6,simNumber
0,[0.85070377 2.0744654 ],200,NiaPyNelderMead,ThreeHumpCamelBack,2.242120337730793,7.028803144152958,1418.5592803760724,0.008435109999993529,Continuous,Differentiable,Non-Separable,Non-Scalable,Multimodal,2,True,False,ThreeHumpCamelBack,0.0,200,100.0,100.0,False,False,False,False,,,,,1
1,[0.04829442 0.02941061],200,NiaPyPSO,ThreeHumpCamelBack,0.05654498141257661,0.006944344453381465,10655.438364635136,0.006625367999987475,Continuous,Differentiable,Non-Separable,Non-Scalable,Multimodal,2,True,False,ThreeHumpCamelBack,0.0,200,100.0,100.0,True,True,False,False,15.0,118.0,,,1
2,[ 2.57214284 -0.77503176],200,NiaPySimulatedAnnealing,ThreeHumpCamelBack,2.6863717235170625,14.143667291642576,132722.1840134614,0.007404581999992388,Continuous,Differentiable,Non-Separable,Non-Scalable,Multimodal,2,True,False,ThreeHumpCamelBack,0.0,200,100.0,100.0,False,False,False,False,,,,,1
3,[ 0.08696423 -0.50763501],200,NiaPyCuckooSearch,ThreeHumpCamelBack,0.5150301782584853,0.2286127910857389,54670.48599292259,0.0049754119999931845,Continuous,Differentiable,Non-Separable,Non-Scalable,Multimodal,2,True,False,ThreeHumpCamelBack,0.0,200,100.0,100.0,True,False,False,False,7.0,,,,1
4,[0.04760766 0.25909705],200,NiaPyDifferentialEvolution,ThreeHumpCamelBack,0.2634345682601107,0.08399387378128303,53504.41347401665,0.027685421000001043,Continuous,Differentiable,Non-Separable,Non-Scalable,Multimodal,2,True,False,ThreeHumpCamelBack,0.0,200,100.0,100.0,True,True,False,False,3.0,176.0,,,1
5,[0.01937438 0.2764797 ],200,RandomSearch1,ThreeHumpCamelBack,0.2771577007046262,0.08254823220501253,39099.111716448344,0.003062992999986136,Continuous,Differentiable,Non-Separable,Non-Scalable,Multimodal,2,True,False,ThreeHumpCamelBack,0.0,200,100.0,100.0,True,True,False,False,11.0,92.0,,,1
6,[ 0.1661018  -0.07130755],199,RandomSearch2,ThreeHumpCamelBack,0.18076110371950782,0.047624315381051587,30146.615586280175,0.004384845000004134,Continuous,Differentiable,Non-Separable,Non-Scalable,Multimodal,2,True,False,ThreeHumpCamelBack,0.0,200,100.0,99.5,True,True,False,False,12.0,30.0,,,1
7,[-0.00022716 -0.00020411],205,CMAES,ThreeHumpCamelBack,0.00030539204904693,1.9123433986947672e-07,595.4343023219341,0.09107269599999768,Continuous,Differentiable,Non-Separable,Non-Scalable,Multimodal,2,True,False,ThreeHumpCamelBack,0.0,200,100.0,102.5,True,True,True,True,33.0,52.0,109.0,184.0,1
