,BestArm,NumberFunctionEval,Algorithm,CostFunction,EuclideanDistance,TrueRewardDifference,CumulativeRegret,TimeToComplete,Continuous,Differentiability,Separability,Scalability,Modality,Ndimensions,OptimizationSuccessful,BBOB,BaseClass,SD,MaxFeval,MaxFevalPerDimensions,FevalPerDimensions,SolveAt1,SolveAt1e-1,SolveAt1e-3,SolveAt1e-6,SolveEarlierAt1,SolveEarlierAt1e-1,SolveEarlierAt1e-3,SolveEarlierAt1e-6,simNumber
0,[-5.29390657  7.98239802],200,NiaPyNelderMead,Trefethen,9.38979903013508,26.692845108189907,5331.860838631925,0.013203466999982538,Continuous,Differentiable,Non-Separable,Non-Scalable,Multimodal,2,True,False,Trefethen,3.0,200,100.0,100.0,False,False,False,False,,,,,5
1,[-3.07835329 -0.48970675],200,NiaPyPSO,Trefethen,3.1332185868864406,5.131751554664077,2414.800604865759,0.010625605000001315,Continuous,Differentiable,Non-Separable,Non-Scalable,Multimodal,2,True,False,Trefethen,3.0,200,100.0,100.0,False,False,False,False,,,,,5
2,[-5.16475305  6.72305442],200,NiaPySimulatedAnnealing,Trefethen,8.296692404339389,20.418535740500545,4991.559954878348,0.011566954000016949,Continuous,Differentiable,Non-Separable,Non-Scalable,Multimodal,2,True,False,Trefethen,3.0,200,100.0,100.0,False,False,False,False,,,,,5
3,[-3.09497447  2.60188107],200,NiaPyCuckooSearch,Trefethen,3.89186034580481,8.335727184921884,4081.1117328298296,0.008723854000010078,Continuous,Differentiable,Non-Separable,Non-Scalable,Multimodal,2,True,False,Trefethen,3.0,200,100.0,100.0,False,False,False,False,,,,,5
4,[-0.40888721 -0.73999094],200,NiaPyDifferentialEvolution,Trefethen,1.0254140878171711,1.744244379900677,4899.829923218507,0.03247856999999499,Continuous,Differentiable,Non-Separable,Non-Scalable,Multimodal,2,True,False,Trefethen,3.0,200,100.0,100.0,False,False,False,False,,,,,5
5,[2.06100898 1.34955609],200,RandomSearch1,Trefethen,2.376160086166863,5.183316451176845,3240.0131270550983,0.006917934000000514,Continuous,Differentiable,Non-Separable,Non-Scalable,Multimodal,2,True,False,Trefethen,3.0,200,100.0,100.0,False,False,False,False,,,,,5
6,[-1.01346261 -0.46891012],199,RandomSearch2,Trefethen,1.1999955058279246,4.811800700742101,3412.7350330329828,0.00802450100002261,Continuous,Differentiable,Non-Separable,Non-Scalable,Multimodal,2,True,False,Trefethen,3.0,200,100.0,99.5,False,False,False,False,,,,,5
7,[-1.01815359  2.26184452],205,CMAES,Trefethen,2.279275120922896,3.69108054992103,1552.5735375268387,0.09580480900001476,Continuous,Differentiable,Non-Separable,Non-Scalable,Multimodal,2,True,False,Trefethen,3.0,200,100.0,102.5,False,False,False,False,,,,,5
