,BestArm,NumberFunctionEval,Algorithm,CostFunction,EuclideanDistance,TrueRewardDifference,CumulativeRegret,TimeToComplete,Continuous,Differentiability,Separability,Scalability,Modality,Ndimensions,OptimizationSuccessful,BBOB,BaseClass,SD,MaxFeval,MaxFevalPerDimensions,FevalPerDimensions,SolveAt1,SolveAt1e-1,SolveAt1e-3,SolveAt1e-6,SolveEarlierAt1,SolveEarlierAt1e-1,SolveEarlierAt1e-3,SolveEarlierAt1e-6,simNumber
0,[1.29393598 2.87042765],40,NiaPyNelderMead,Trefethen,2.9686085914277043,7.884244258224234,328.53294842767014,0.003094219999994152,Continuous,Differentiable,Non-Separable,Non-Scalable,Multimodal,2,True,False,Trefethen,3.0,40,20.0,20.0,False,False,False,False,,,,,8
1,[2.34309197 3.9048286 ],40,NiaPyPSO,Trefethen,4.387740728414664,8.596810265186669,795.6293002725604,0.002516563999989785,Continuous,Differentiable,Non-Separable,Non-Scalable,Multimodal,2,True,False,Trefethen,3.0,40,20.0,20.0,False,False,False,False,,,,,8
2,[6.76520888 6.67920359],40,NiaPySimulatedAnnealing,Trefethen,9.377713294453017,27.838715453125232,1216.468076952215,0.0026778160000020534,Continuous,Differentiable,Non-Separable,Non-Scalable,Multimodal,2,True,False,Trefethen,3.0,40,20.0,20.0,False,False,False,False,,,,,8
3,[ 0.2441005 -3.069079 ],40,NiaPyCuckooSearch,Trefethen,3.2906636399788094,5.366971576531948,953.540517308003,0.001997462000005612,Continuous,Differentiable,Non-Separable,Non-Scalable,Multimodal,2,True,False,Trefethen,3.0,40,20.0,20.0,False,False,False,False,,,,,8
4,[1.07492558 1.07447561],40,NiaPyDifferentialEvolution,Trefethen,1.3981357871051023,2.164050007152868,863.9093682364442,0.006357159000003776,Continuous,Differentiable,Non-Separable,Non-Scalable,Multimodal,2,True,False,Trefethen,3.0,40,20.0,20.0,False,False,False,False,,,,,8
5,[2.50042699 1.90983172],40,RandomSearch1,Trefethen,3.043372169499162,6.2939389269102275,689.9585866773475,0.0014891029999972716,Continuous,Differentiable,Non-Separable,Non-Scalable,Multimodal,2,True,False,Trefethen,3.0,40,20.0,20.0,False,False,False,False,,,,,8
6,[-2.85437957 -2.24185372],39,RandomSearch2,Trefethen,3.7447770991157845,9.425908153963551,650.6093260008529,0.0016316020000033404,Continuous,Differentiable,Non-Separable,Non-Scalable,Multimodal,2,True,False,Trefethen,3.0,40,20.0,19.5,False,False,False,False,,,,,8
7,[-3.39379236  1.16870343],43,CMAES,Trefethen,3.502959295935847,4.624750860158551,699.7374266130265,0.05363743799999554,Continuous,Differentiable,Non-Separable,Non-Scalable,Multimodal,2,True,False,Trefethen,3.0,40,20.0,21.5,False,False,False,False,,,,,8
