,BestArm,NumberFunctionEval,Algorithm,CostFunction,EuclideanDistance,TrueRewardDifference,CumulativeRegret,TimeToComplete,Continuous,Differentiability,Separability,Scalability,Modality,Ndimensions,OptimizationSuccessful,BBOB,BaseClass,SD,MaxFeval,MaxFevalPerDimensions,FevalPerDimensions,SolveAt1,SolveAt1e-1,SolveAt1e-3,SolveAt1e-6,SolveEarlierAt1,SolveEarlierAt1e-1,SolveEarlierAt1e-3,SolveEarlierAt1e-6,simNumber
0,[-4.71017047 -4.31767878],200,NiaPyNelderMead,Trefethen,6.516274563989401,16.796008508789093,3357.403797668578,0.013841526000021531,Continuous,Differentiable,Non-Separable,Non-Scalable,Multimodal,2,True,False,Trefethen,3.0,200,100.0,100.0,False,False,False,False,,,,,7
1,[1.33244354 0.62230888],200,NiaPyPSO,Trefethen,1.4179304843395053,1.4521688080312904,2107.1924789674576,0.011279720000004545,Continuous,Differentiable,Non-Separable,Non-Scalable,Multimodal,2,True,False,Trefethen,3.0,200,100.0,100.0,False,False,False,False,,,,,7
2,[-6.1321918   4.37830581],200,NiaPySimulatedAnnealing,Trefethen,7.394238014503977,18.015802355646606,3773.683293729755,0.012247166999998171,Continuous,Differentiable,Non-Separable,Non-Scalable,Multimodal,2,True,False,Trefethen,3.0,200,100.0,100.0,False,False,False,False,,,,,7
3,[-1.20741764  2.78663548],200,NiaPyCuckooSearch,Trefethen,2.8346817466333967,6.868238524036096,4327.765317108353,0.009072327000012592,Continuous,Differentiable,Non-Separable,Non-Scalable,Multimodal,2,True,False,Trefethen,3.0,200,100.0,100.0,False,False,False,False,,,,,7
4,[-0.40936304  3.5730345 ],200,NiaPyDifferentialEvolution,Trefethen,3.384387581534945,7.258846225078985,4956.037598648463,0.03302685799999949,Continuous,Differentiable,Non-Separable,Non-Scalable,Multimodal,2,True,False,Trefethen,3.0,200,100.0,100.0,False,False,False,False,,,,,7
5,[-2.16907471  0.98199236],200,RandomSearch1,Trefethen,2.2791762548575307,3.505951829392257,3692.1330986039416,0.006828307999995786,Continuous,Differentiable,Non-Separable,Non-Scalable,Multimodal,2,True,False,Trefethen,3.0,200,100.0,100.0,False,False,False,False,,,,,7
6,[ 0.58707966 -0.34115024],199,RandomSearch2,Trefethen,0.8236216475223551,2.3765987332538416,3404.266510919545,0.007823451000007253,Continuous,Differentiable,Non-Separable,Non-Scalable,Multimodal,2,True,False,Trefethen,3.0,200,100.0,99.5,False,False,False,False,,,,,7
7,[2.48258774 2.13576031],205,CMAES,Trefethen,3.1608857279597995,4.55049986315611,1695.987541378081,0.09711486999998442,Continuous,Differentiable,Non-Separable,Non-Scalable,Multimodal,2,True,False,Trefethen,3.0,200,100.0,102.5,False,False,False,False,,,,,7
