,BestArm,NumberFunctionEval,Algorithm,CostFunction,EuclideanDistance,TrueRewardDifference,CumulativeRegret,TimeToComplete,Continuous,Differentiability,Separability,Scalability,Modality,Ndimensions,OptimizationSuccessful,BBOB,BaseClass,SD,MaxFeval,MaxFevalPerDimensions,FevalPerDimensions,SolveAt1,SolveAt1e-1,SolveAt1e-3,SolveAt1e-6,SolveEarlierAt1,SolveEarlierAt1e-1,SolveEarlierAt1e-3,SolveEarlierAt1e-6,simNumber
0,[-4.15597011  8.70707746],200,NiaPyNelderMead,Trefethen,9.447738989698617,24.78607650316554,5016.549470298825,0.011797093000012637,Continuous,Differentiable,Non-Separable,Non-Scalable,Multimodal,2,True,False,Trefethen,0.0,200,100.0,100.0,False,False,False,False,,,,,4
1,[ 0.08491442 -0.0136265 ],200,NiaPyPSO,Trefethen,0.24946583565683644,2.4311316076663854,2339.2460261438055,0.009294361999991452,Continuous,Differentiable,Non-Separable,Non-Scalable,Multimodal,2,True,False,Trefethen,0.0,200,100.0,100.0,False,False,False,False,,,,,4
2,[-9.31728467  7.66924689],200,NiaPySimulatedAnnealing,Trefethen,11.91590886926292,37.72492249631881,8861.555672536057,0.010119889000009152,Continuous,Differentiable,Non-Separable,Non-Scalable,Multimodal,2,True,False,Trefethen,0.0,200,100.0,100.0,False,False,False,False,,,,,4
3,[ 1.71001009 -0.8852581 ],200,NiaPyCuckooSearch,Trefethen,2.0516140078637823,2.846787689473138,3759.813040921661,0.007515520999987757,Continuous,Differentiable,Non-Separable,Non-Scalable,Multimodal,2,True,False,Trefethen,0.0,200,100.0,100.0,False,False,False,False,,,,,4
4,[-1.52371998 -1.57639267],200,NiaPyDifferentialEvolution,Trefethen,2.3326673748206335,3.2933044479566096,4528.393963921705,0.030554223000024194,Continuous,Differentiable,Non-Separable,Non-Scalable,Multimodal,2,True,False,Trefethen,0.0,200,100.0,100.0,False,False,False,False,,,,,4
5,[-1.01876638  0.61457099],200,RandomSearch1,Trefethen,1.0732853310391361,1.719542761001604,3454.7746567555014,0.005928602000011551,Continuous,Differentiable,Non-Separable,Non-Scalable,Multimodal,2,True,False,Trefethen,0.0,200,100.0,100.0,False,False,False,False,,,,,4
6,[ 0.55814333 -1.20918884],199,RandomSearch2,Trefethen,1.53466434360245,3.4402027971476996,3362.0344644126317,0.006721109000011438,Continuous,Differentiable,Non-Separable,Non-Scalable,Multimodal,2,True,False,Trefethen,0.0,200,100.0,99.5,False,False,False,False,,,,,4
7,[-0.29964501 -0.11169087],205,CMAES,Trefethen,0.423836414650354,1.3481675628026086,1188.4164572891714,0.10034909699999162,Continuous,Differentiable,Non-Separable,Non-Scalable,Multimodal,2,True,False,Trefethen,0.0,200,100.0,102.5,False,False,False,False,,,,,4
