,BestArm,NumberFunctionEval,Algorithm,CostFunction,EuclideanDistance,TrueRewardDifference,CumulativeRegret,TimeToComplete,Continuous,Differentiability,Separability,Scalability,Modality,Ndimensions,OptimizationSuccessful,BBOB,BaseClass,SD,MaxFeval,MaxFevalPerDimensions,FevalPerDimensions,SolveAt1,SolveAt1e-1,SolveAt1e-3,SolveAt1e-6,SolveEarlierAt1,SolveEarlierAt1e-1,SolveEarlierAt1e-3,SolveEarlierAt1e-6,simNumber
0,[0.99059165 0.36788667],200,NiaPyNelderMead,Trefethen,1.0271073296156321,2.4048667323164903,509.2474317907946,0.01216806299999007,Continuous,Differentiable,Non-Separable,Non-Scalable,Multimodal,2,True,False,Trefethen,0.0,200,100.0,100.0,False,False,False,False,,,,,7
1,[-1.68126672 -0.65352103],200,NiaPyPSO,Trefethen,1.8686688521945887,2.2162591385234975,2386.5711401017033,0.009351437000020724,Continuous,Differentiable,Non-Separable,Non-Scalable,Multimodal,2,True,False,Trefethen,0.0,200,100.0,100.0,False,False,False,False,,,,,7
2,[2.97069648 0.29163422],200,NiaPySimulatedAnnealing,Trefethen,2.9961951648977,2.642241909745667,1571.5812175614028,0.009907126000001654,Continuous,Differentiable,Non-Separable,Non-Scalable,Multimodal,2,True,False,Trefethen,0.0,200,100.0,100.0,False,False,False,False,,,,,7
3,[-2.43200263 -0.06943587],200,NiaPyCuckooSearch,Trefethen,2.423832255590333,4.1958444644635975,3829.307414208688,0.007438045000014881,Continuous,Differentiable,Non-Separable,Non-Scalable,Multimodal,2,True,False,Trefethen,0.0,200,100.0,100.0,False,False,False,False,,,,,7
4,[1.08766327 0.02042572],200,NiaPyDifferentialEvolution,Trefethen,1.128211948877839,4.129359567052859,4423.820257026536,0.030957051000001456,Continuous,Differentiable,Non-Separable,Non-Scalable,Multimodal,2,True,False,Trefethen,0.0,200,100.0,100.0,False,False,False,False,,,,,7
5,[1.8467437  0.91508916],200,RandomSearch1,Trefethen,1.9993694077593578,1.6114530418146455,3557.8776709569306,0.005929800000018304,Continuous,Differentiable,Non-Separable,Non-Scalable,Multimodal,2,True,False,Trefethen,0.0,200,100.0,100.0,False,False,False,False,,,,,7
6,[1.87676236 2.15776635],199,RandomSearch2,Trefethen,2.7213672658609216,4.334439385456753,3408.9572952094086,0.006473094000000401,Continuous,Differentiable,Non-Separable,Non-Scalable,Multimodal,2,True,False,Trefethen,0.0,200,100.0,99.5,False,False,False,False,,,,,7
7,[-2.15821008 -2.60703993],205,CMAES,Trefethen,3.5344440966956743,3.322114440074574,1570.1005056534104,0.09326583600000049,Continuous,Differentiable,Non-Separable,Non-Scalable,Multimodal,2,True,False,Trefethen,0.0,200,100.0,102.5,False,False,False,False,,,,,7
