,BestArm,NumberFunctionEval,Algorithm,CostFunction,EuclideanDistance,TrueRewardDifference,CumulativeRegret,TimeToComplete,Continuous,Differentiability,Separability,Scalability,Modality,Ndimensions,OptimizationSuccessful,BBOB,BaseClass,SD,MaxFeval,MaxFevalPerDimensions,FevalPerDimensions,SolveAt1,SolveAt1e-1,SolveAt1e-3,SolveAt1e-6,SolveEarlierAt1,SolveEarlierAt1e-1,SolveEarlierAt1e-3,SolveEarlierAt1e-6,simNumber
0,[-2.02443149 -1.2058666 ],200,NiaPyNelderMead,Trefethen,2.450821413358549,4.423495437379185,915.702884836966,0.012810591000004479,Continuous,Differentiable,Non-Separable,Non-Scalable,Multimodal,2,True,False,Trefethen,3.0,200,100.0,100.0,False,False,False,False,,,,,6
1,[-0.8662186   1.22630184],200,NiaPyPSO,Trefethen,1.3191964807284766,5.184415260889321,2286.3914990586827,0.011046801999981426,Continuous,Differentiable,Non-Separable,Non-Scalable,Multimodal,2,True,False,Trefethen,3.0,200,100.0,100.0,False,False,False,False,,,,,6
2,[-7.66028608 -4.05200639],200,NiaPySimulatedAnnealing,Trefethen,8.745091536303297,24.395412036302638,5244.801156945862,0.011966438000001745,Continuous,Differentiable,Non-Separable,Non-Scalable,Multimodal,2,True,False,Trefethen,3.0,200,100.0,100.0,False,False,False,False,,,,,6
3,[-2.1838267   2.61568358],200,NiaPyCuckooSearch,Trefethen,3.232256182341609,7.199386202318081,4592.643710983188,0.009132466000011163,Continuous,Differentiable,Non-Separable,Non-Scalable,Multimodal,2,True,False,Trefethen,3.0,200,100.0,100.0,False,False,False,False,,,,,6
4,[ 0.8667285 -0.0716649],200,NiaPyDifferentialEvolution,Trefethen,0.9347703494189044,2.9568184283453656,4181.640592735181,0.033122874000014235,Continuous,Differentiable,Non-Separable,Non-Scalable,Multimodal,2,True,False,Trefethen,3.0,200,100.0,100.0,False,False,False,False,,,,,6
5,[-0.11158082  2.01458835],200,RandomSearch1,Trefethen,1.8060815725021897,3.75899829594276,3602.0982582957936,0.007463306000005332,Continuous,Differentiable,Non-Separable,Non-Scalable,Multimodal,2,True,False,Trefethen,3.0,200,100.0,100.0,False,False,False,False,,,,,6
6,[ 0.46513427 -0.73196241],199,RandomSearch2,Trefethen,1.062117344373738,2.9802043259490105,3457.9658257472684,0.008285471000021971,Continuous,Differentiable,Non-Separable,Non-Scalable,Multimodal,2,True,False,Trefethen,3.0,200,100.0,99.5,False,False,False,False,,,,,6
7,[ 1.87260192 -0.46212206],205,CMAES,Trefethen,2.0127590016810233,3.753855775880294,1238.7803127447232,0.0958533980000027,Continuous,Differentiable,Non-Separable,Non-Scalable,Multimodal,2,True,False,Trefethen,3.0,200,100.0,102.5,False,False,False,False,135.0,,,,6
