,BestArm,NumberFunctionEval,Algorithm,CostFunction,EuclideanDistance,TrueRewardDifference,CumulativeRegret,TimeToComplete,Continuous,Differentiability,Separability,Scalability,Modality,Ndimensions,OptimizationSuccessful,BBOB,BaseClass,SD,MaxFeval,MaxFevalPerDimensions,FevalPerDimensions,SolveAt1,SolveAt1e-1,SolveAt1e-3,SolveAt1e-6,SolveEarlierAt1,SolveEarlierAt1e-1,SolveEarlierAt1e-3,SolveEarlierAt1e-6,simNumber
0,[2.87910136 2.12250537],200,NiaPyNelderMead,Trefethen,3.476445568790857,5.861995115088783,1227.882585782998,0.012044936000023654,Continuous,Differentiable,Non-Separable,Non-Scalable,Multimodal,2,True,False,Trefethen,0.0,200,100.0,100.0,False,False,False,False,,,,,6
1,[-0.00802009 -0.49843645],200,NiaPyPSO,Trefethen,0.7092376881337429,0.8928870165586478,2172.5370392437017,0.009921044999998685,Continuous,Differentiable,Non-Separable,Non-Scalable,Multimodal,2,True,False,Trefethen,0.0,200,100.0,100.0,True,False,False,False,162.0,,,,6
2,[ 4.10983873 -2.60340341],200,NiaPySimulatedAnnealing,Trefethen,5.001063625788713,6.4241066965965565,2807.7851674092462,0.010225905999988072,Continuous,Differentiable,Non-Separable,Non-Scalable,Multimodal,2,True,False,Trefethen,0.0,200,100.0,100.0,False,False,False,False,,,,,6
3,[-3.32751477 -2.06645469],200,NiaPyCuckooSearch,Trefethen,4.0119297159728875,8.046233719234896,4669.208719127825,0.00793513099998222,Continuous,Differentiable,Non-Separable,Non-Scalable,Multimodal,2,True,False,Trefethen,0.0,200,100.0,100.0,False,False,False,False,,,,,6
4,[-0.27753236  0.46457393],200,NiaPyDifferentialEvolution,Trefethen,0.3585681769919553,2.938384336476007,4411.407271813359,0.030932651999989957,Continuous,Differentiable,Non-Separable,Non-Scalable,Multimodal,2,True,False,Trefethen,0.0,200,100.0,100.0,False,False,False,False,,,,,6
5,[ 0.456182   -1.59743809],200,RandomSearch1,Trefethen,1.870830581999564,1.8587468246063747,3439.5770604977356,0.006542031000009274,Continuous,Differentiable,Non-Separable,Non-Scalable,Multimodal,2,True,False,Trefethen,0.0,200,100.0,100.0,False,False,False,False,,,,,6
6,[1.82528599 1.52007597],199,RandomSearch2,Trefethen,2.2662844574325716,3.551291485662845,3511.5608738852434,0.007166829999988522,Continuous,Differentiable,Non-Separable,Non-Scalable,Multimodal,2,True,False,Trefethen,0.0,200,100.0,99.5,False,False,False,False,,,,,6
7,[-0.02584058  0.19169988],205,CMAES,Trefethen,0.018966677035195396,1.6767003101711753,1276.8489559552886,0.0928430149999997,Continuous,Differentiable,Non-Separable,Non-Scalable,Multimodal,2,True,False,Trefethen,0.0,200,100.0,102.5,False,False,False,False,,,,,6
