,BestArm,NumberFunctionEval,Algorithm,CostFunction,EuclideanDistance,TrueRewardDifference,CumulativeRegret,TimeToComplete,Continuous,Differentiability,Separability,Scalability,Modality,Ndimensions,OptimizationSuccessful,BBOB,BaseClass,SD,MaxFeval,MaxFevalPerDimensions,FevalPerDimensions,SolveAt1,SolveAt1e-1,SolveAt1e-3,SolveAt1e-6,SolveEarlierAt1,SolveEarlierAt1e-1,SolveEarlierAt1e-3,SolveEarlierAt1e-6,simNumber
0,[-0.50399166 -2.68425564],200,NiaPyNelderMead,Trefethen,2.9343251254027916,4.275797276053168,887.4310402369417,0.011881393000010121,Continuous,Differentiable,Non-Separable,Non-Scalable,Multimodal,2,True,False,Trefethen,0.0,200,100.0,100.0,False,False,False,False,,,,,5
1,[-1.66835658 -0.73583019],200,NiaPyPSO,Trefethen,1.896928093376098,1.9750845719857553,2068.284501737257,0.009263226999991048,Continuous,Differentiable,Non-Separable,Non-Scalable,Multimodal,2,True,False,Trefethen,0.0,200,100.0,100.0,False,False,False,False,,,,,5
2,[-0.81203005 -4.11041371],200,NiaPySimulatedAnnealing,Trefethen,4.392222625095601,7.189311681733516,2842.587887959042,0.009931896000011875,Continuous,Differentiable,Non-Separable,Non-Scalable,Multimodal,2,True,False,Trefethen,0.0,200,100.0,100.0,False,False,False,False,,,,,5
3,[-0.82092631  1.93269637],200,NiaPyCuckooSearch,Trefethen,1.8973729125064196,5.020837274165039,4848.976075982599,0.007382229999990386,Continuous,Differentiable,Non-Separable,Non-Scalable,Multimodal,2,True,False,Trefethen,0.0,200,100.0,100.0,False,False,False,False,,,,,5
4,[-1.01088425 -0.67605342],200,NiaPyDifferentialEvolution,Trefethen,1.3263939193773155,2.95247206717065,4921.981212006033,0.03161800099999823,Continuous,Differentiable,Non-Separable,Non-Scalable,Multimodal,2,True,False,Trefethen,0.0,200,100.0,100.0,False,False,False,False,,,,,5
5,[-0.05383608  1.32285898],200,RandomSearch1,Trefethen,1.112636347184993,3.3025689243822542,3262.211436730331,0.005987091000008604,Continuous,Differentiable,Non-Separable,Non-Scalable,Multimodal,2,True,False,Trefethen,0.0,200,100.0,100.0,False,False,False,False,,,,,5
6,[-0.48298896 -1.19746979],199,RandomSearch2,Trefethen,1.4808765679601401,2.7343675733708066,3503.7256879628594,0.006695608999990554,Continuous,Differentiable,Non-Separable,Non-Scalable,Multimodal,2,True,False,Trefethen,0.0,200,100.0,99.5,False,False,False,False,,,,,5
7,[-1.95353241  0.28009126],205,CMAES,Trefethen,1.9303801797649929,2.7430784389961405,1389.8668843213832,0.09419584599999098,Continuous,Differentiable,Non-Separable,Non-Scalable,Multimodal,2,True,False,Trefethen,0.0,200,100.0,102.5,False,False,False,False,,,,,5
