,BestArm,NumberFunctionEval,Algorithm,CostFunction,EuclideanDistance,TrueRewardDifference,CumulativeRegret,TimeToComplete,Continuous,Differentiability,Separability,Scalability,Modality,Ndimensions,OptimizationSuccessful,BBOB,BaseClass,SD,MaxFeval,MaxFevalPerDimensions,FevalPerDimensions,SolveAt1,SolveAt1e-1,SolveAt1e-3,SolveAt1e-6,SolveEarlierAt1,SolveEarlierAt1e-1,SolveEarlierAt1e-3,SolveEarlierAt1e-6,simNumber
0,[ 0.2278114  -1.14714775],40,NiaPyNelderMead,Trefethen,1.3809864762789437,4.95499672958643,239.47123624693376,0.0031720359999951597,Continuous,Differentiable,Non-Separable,Non-Scalable,Multimodal,2,True,False,Trefethen,0.0,40,20.0,20.0,False,False,False,False,,,,,8
1,[ 1.75990684 -1.21465999],40,NiaPyPSO,Trefethen,2.283672884573103,4.788487619001627,946.8245278235861,0.0021166889999904015,Continuous,Differentiable,Non-Separable,Non-Scalable,Multimodal,2,True,False,Trefethen,0.0,40,20.0,20.0,False,False,False,False,,,,,8
2,[-0.30174073  0.29132711],40,NiaPySimulatedAnnealing,Trefethen,0.28884450055096444,1.2789158333042305,188.83975372632915,0.002322759999998425,Continuous,Differentiable,Non-Separable,Non-Scalable,Multimodal,2,True,False,Trefethen,0.0,40,20.0,20.0,False,False,False,False,,,,,8
3,[-0.97970497  2.87786582],40,NiaPyCuckooSearch,Trefethen,2.8331686874950286,5.3898709721057205,751.514741607141,0.0016819550000093386,Continuous,Differentiable,Non-Separable,Non-Scalable,Multimodal,2,True,False,Trefethen,0.0,40,20.0,20.0,False,False,False,False,,,,,8
4,[ 2.59940849 -0.73350029],40,NiaPyDifferentialEvolution,Trefethen,2.7885004484795783,3.4562461051809086,934.1762940124767,0.006060021999999776,Continuous,Differentiable,Non-Separable,Non-Scalable,Multimodal,2,True,False,Trefethen,0.0,40,20.0,20.0,False,False,False,False,,,,,8
5,[-0.0470313  -1.03926328],40,RandomSearch1,Trefethen,1.2500801005041697,3.0832597545389686,593.0486588493412,0.0012923290000088627,Continuous,Differentiable,Non-Separable,Non-Scalable,Multimodal,2,True,False,Trefethen,0.0,40,20.0,20.0,False,False,False,False,,,,,8
6,[ 1.32471225 -1.96896725],39,RandomSearch2,Trefethen,2.563333315089118,5.160216262101956,548.2378412490613,0.001464232999992987,Continuous,Differentiable,Non-Separable,Non-Scalable,Multimodal,2,True,False,Trefethen,0.0,40,20.0,19.5,False,False,False,False,,,,,8
7,[ 0.757471  -0.7049146],43,CMAES,Trefethen,1.2039584328022266,2.609685209963315,449.00127283982147,0.05329905800000745,Continuous,Differentiable,Non-Separable,Non-Scalable,Multimodal,2,True,False,Trefethen,0.0,40,20.0,21.5,False,False,False,False,,,,,8
