,BestArm,NumberFunctionEval,Algorithm,CostFunction,EuclideanDistance,TrueRewardDifference,CumulativeRegret,TimeToComplete,Continuous,Differentiability,Separability,Scalability,Modality,Ndimensions,OptimizationSuccessful,BBOB,BaseClass,SD,MaxFeval,MaxFevalPerDimensions,FevalPerDimensions,SolveAt1,SolveAt1e-1,SolveAt1e-3,SolveAt1e-6,SolveEarlierAt1,SolveEarlierAt1e-1,SolveEarlierAt1e-3,SolveEarlierAt1e-6,simNumber
0,[ 1.84143299 -4.98829858],200,NiaPyNelderMead,Trefethen,5.523587165670845,10.350896403031282,2042.3156899676978,0.013394181999984767,Continuous,Differentiable,Non-Separable,Non-Scalable,Multimodal,2,True,False,Trefethen,3.0,200,100.0,100.0,False,False,False,False,,,,,4
1,[1.20131985 0.36584029],200,NiaPyPSO,Trefethen,1.2355129820070887,3.262716833548816,2241.428036933721,0.01115229600000589,Continuous,Differentiable,Non-Separable,Non-Scalable,Multimodal,2,True,False,Trefethen,3.0,200,100.0,100.0,False,False,False,False,,,,,4
2,[ 6.64174208 -5.99259053],200,NiaPySimulatedAnnealing,Trefethen,9.105888856800476,22.35408242947217,6548.867613827523,0.012083252999985916,Continuous,Differentiable,Non-Separable,Non-Scalable,Multimodal,2,True,False,Trefethen,3.0,200,100.0,100.0,False,False,False,False,,,,,4
3,[2.39567208 2.81708622],200,NiaPyCuckooSearch,Trefethen,3.5567500937225214,5.205775609799355,3941.8551958262924,0.009143292999993946,Continuous,Differentiable,Non-Separable,Non-Scalable,Multimodal,2,True,False,Trefethen,3.0,200,100.0,100.0,False,False,False,False,,,,,4
4,[-1.0304814   2.67601057],200,NiaPyDifferentialEvolution,Trefethen,2.662777466807037,6.197961643160914,4141.627619363142,0.034007269999989376,Continuous,Differentiable,Non-Separable,Non-Scalable,Multimodal,2,True,False,Trefethen,3.0,200,100.0,100.0,False,False,False,False,,,,,4
5,[-0.20849539  0.32894833],200,RandomSearch1,Trefethen,0.21884582763253277,5.584323394254181,3456.1988483428136,0.007700688999989325,Continuous,Differentiable,Non-Separable,Non-Scalable,Multimodal,2,True,False,Trefethen,3.0,200,100.0,100.0,False,False,False,False,,,,,4
6,[ 1.97837611 -2.39544247],199,RandomSearch2,Trefethen,3.2867376023385964,5.492274900408497,3382.42111819007,0.008458172000018749,Continuous,Differentiable,Non-Separable,Non-Scalable,Multimodal,2,True,False,Trefethen,3.0,200,100.0,99.5,False,False,False,False,,,,,4
7,[-2.9067006   5.02567226],205,CMAES,Trefethen,5.611812964612103,12.544825823924873,2823.4894966657357,0.09660239299998352,Continuous,Differentiable,Non-Separable,Non-Scalable,Multimodal,2,True,False,Trefethen,3.0,200,100.0,102.5,False,False,False,False,,,,,4
