,BestArm,NumberFunctionEval,Algorithm,CostFunction,EuclideanDistance,TrueRewardDifference,CumulativeRegret,TimeToComplete,Continuous,Differentiability,Separability,Scalability,Modality,Ndimensions,OptimizationSuccessful,BBOB,BaseClass,SD,MaxFeval,MaxFevalPerDimensions,FevalPerDimensions,SolveAt1,SolveAt1e-1,SolveAt1e-3,SolveAt1e-6,SolveEarlierAt1,SolveEarlierAt1e-1,SolveEarlierAt1e-3,SolveEarlierAt1e-6,simNumber
0,[ 6.71801748 -6.38586451],200,NiaPyNelderMead,Trefethen,9.43258905759519,24.6026713990246,5010.013296397474,0.013107297999994216,Continuous,Differentiable,Non-Separable,Non-Scalable,Multimodal,2,True,False,Trefethen,3.0,200,100.0,100.0,False,False,False,False,,,,,1
1,[2.08942494 3.74164547],200,NiaPyPSO,Trefethen,4.115393773296715,4.943942552972274,2287.77063147282,0.01082782399998905,Continuous,Differentiable,Non-Separable,Non-Scalable,Multimodal,2,True,False,Trefethen,3.0,200,100.0,100.0,False,False,False,False,,,,,1
2,[ 2.95275661 -3.06965723],200,NiaPySimulatedAnnealing,Trefethen,4.429858417565291,10.187469355044055,2533.5728203239805,0.011744559000021582,Continuous,Differentiable,Non-Separable,Non-Scalable,Multimodal,2,True,False,Trefethen,3.0,200,100.0,100.0,False,False,False,False,,,,,1
3,[-1.26194033 -1.61057817],200,NiaPyCuckooSearch,Trefethen,2.2018701752337853,4.835160483705334,4533.282758513909,0.00900711299999557,Continuous,Differentiable,Non-Separable,Non-Scalable,Multimodal,2,True,False,Trefethen,3.0,200,100.0,100.0,False,False,False,False,,,,,1
4,[0.87967796 1.25216398],200,NiaPyDifferentialEvolution,Trefethen,1.3792000990606468,3.9967499580096963,3945.5889353150565,0.03322114499999884,Continuous,Differentiable,Non-Separable,Non-Scalable,Multimodal,2,True,False,Trefethen,3.0,200,100.0,100.0,False,False,False,False,,,,,1
5,[-1.16063008  1.89565777],200,RandomSearch1,Trefethen,2.032336396667444,3.322934826473533,3593.086817068155,0.007190537000013819,Continuous,Differentiable,Non-Separable,Non-Scalable,Multimodal,2,True,False,Trefethen,3.0,200,100.0,100.0,False,False,False,False,,,,,1
6,[-0.18306661 -0.87465962],199,RandomSearch2,Trefethen,1.0968083878703805,2.3830781219829555,3042.886070935691,0.008140425000021878,Continuous,Differentiable,Non-Separable,Non-Scalable,Multimodal,2,True,False,Trefethen,3.0,200,100.0,99.5,False,False,False,False,,,,,1
7,[-1.66718452 -1.35076823],205,CMAES,Trefethen,2.26641552974018,2.7044611115750286,1736.9486112156924,0.09663947600000711,Continuous,Differentiable,Non-Separable,Non-Scalable,Multimodal,2,True,False,Trefethen,3.0,200,100.0,102.5,False,False,False,False,,,,,1
