,BestArm,NumberFunctionEval,Algorithm,CostFunction,EuclideanDistance,TrueRewardDifference,CumulativeRegret,TimeToComplete,Continuous,Differentiability,Separability,Scalability,Modality,Ndimensions,OptimizationSuccessful,BBOB,BaseClass,SD,MaxFeval,MaxFevalPerDimensions,FevalPerDimensions,SolveAt1,SolveAt1e-1,SolveAt1e-3,SolveAt1e-6,SolveEarlierAt1,SolveEarlierAt1e-1,SolveEarlierAt1e-3,SolveEarlierAt1e-6,simNumber
0,[-2.54015143 -2.37107419],40,NiaPyNelderMead,Trefethen,3.6047321355135735,3.4156881658386418,156.69488904491084,0.0036707870000043386,Continuous,Differentiable,Non-Separable,Non-Scalable,Multimodal,2,True,False,Trefethen,3.0,40,20.0,20.0,False,False,False,False,,,,,9
1,[-1.61705816 -1.78684161],40,NiaPyPSO,Trefethen,2.554676378918322,6.876292968398086,837.7906961813429,0.00253984100000082,Continuous,Differentiable,Non-Separable,Non-Scalable,Multimodal,2,True,False,Trefethen,3.0,40,20.0,20.0,False,False,False,False,,,,,9
2,[-2.77716328 -0.89415381],40,NiaPySimulatedAnnealing,Trefethen,2.9661754257310715,4.1632095805979,285.8452105422656,0.0026690730000069607,Continuous,Differentiable,Non-Separable,Non-Scalable,Multimodal,2,True,False,Trefethen,3.0,40,20.0,20.0,False,False,False,False,,,,,9
3,[1.71528339 4.59936277],40,NiaPyCuckooSearch,Trefethen,4.720978926080079,9.844796843427945,970.2355125426027,0.0020378910000005135,Continuous,Differentiable,Non-Separable,Non-Scalable,Multimodal,2,True,False,Trefethen,3.0,40,20.0,20.0,False,False,False,False,,,,,9
4,[-0.7999441  -0.50551019],40,NiaPyDifferentialEvolution,Trefethen,1.0556017148102987,3.1492614923071263,1111.497219769021,0.006569200000001274,Continuous,Differentiable,Non-Separable,Non-Scalable,Multimodal,2,True,False,Trefethen,3.0,40,20.0,20.0,False,False,False,False,,,,,9
5,[-3.30870018  2.43386769],40,RandomSearch1,Trefethen,3.966040070263246,7.060996049137131,680.7558948387895,0.002030552999997326,Continuous,Differentiable,Non-Separable,Non-Scalable,Multimodal,2,True,False,Trefethen,3.0,40,20.0,20.0,False,False,False,False,,,,,9
6,[-1.95710742 -2.89504285],39,RandomSearch2,Trefethen,3.6579281592986423,6.55546445524736,727.7953330441393,0.002042226000000369,Continuous,Differentiable,Non-Separable,Non-Scalable,Multimodal,2,True,False,Trefethen,3.0,40,20.0,19.5,False,False,False,False,,,,,9
7,[-4.48948602  1.15727491],43,CMAES,Trefethen,4.564333145611963,11.41510144559017,786.3174620047406,0.053799416999993355,Continuous,Differentiable,Non-Separable,Non-Scalable,Multimodal,2,True,False,Trefethen,3.0,40,20.0,21.5,False,False,False,False,,,,,9
