,BestArm,NumberFunctionEval,Algorithm,CostFunction,EuclideanDistance,TrueRewardDifference,CumulativeRegret,TimeToComplete,Continuous,Differentiability,Separability,Scalability,Modality,Ndimensions,OptimizationSuccessful,BBOB,BaseClass,SD,MaxFeval,MaxFevalPerDimensions,FevalPerDimensions,SolveAt1,SolveAt1e-1,SolveAt1e-3,SolveAt1e-6,SolveEarlierAt1,SolveEarlierAt1e-1,SolveEarlierAt1e-3,SolveEarlierAt1e-6,simNumber
0,[4.37346404 1.13834208],200,NiaPyNelderMead,Trefethen,4.494654340350971,8.942503976849329,1846.5313131856824,0.012577670999974089,Continuous,Differentiable,Non-Separable,Non-Scalable,Multimodal,2,True,False,Trefethen,0.0,200,100.0,100.0,False,False,False,False,,,,,3
1,[ 1.84198009 -0.50055318],200,NiaPyPSO,Trefethen,1.9972835895562004,1.2797903699339344,2184.8201565117915,0.009711191999997482,Continuous,Differentiable,Non-Separable,Non-Scalable,Multimodal,2,True,False,Trefethen,0.0,200,100.0,100.0,False,False,False,False,,,,,3
2,[-2.43068851  2.57218687],200,NiaPySimulatedAnnealing,Trefethen,3.3715346352612987,4.314566927444662,2496.3080583239066,0.01027623999999605,Continuous,Differentiable,Non-Separable,Non-Scalable,Multimodal,2,True,False,Trefethen,0.0,200,100.0,100.0,False,False,False,False,,,,,3
3,[-2.12672905  1.5678777 ],200,NiaPyCuckooSearch,Trefethen,2.502387854255638,4.591309953187052,4357.270740080616,0.0073466599999960636,Continuous,Differentiable,Non-Separable,Non-Scalable,Multimodal,2,True,False,Trefethen,0.0,200,100.0,100.0,False,False,False,False,,,,,3
4,[-0.12913054  0.86802367],200,NiaPyDifferentialEvolution,Trefethen,0.6657011079743995,2.3635306982457536,4976.230541251865,0.030795120999982828,Continuous,Differentiable,Non-Separable,Non-Scalable,Multimodal,2,True,False,Trefethen,0.0,200,100.0,100.0,False,False,False,False,,,,,3
5,[ 0.20693462 -0.00224596],200,RandomSearch1,Trefethen,0.3143653973071877,3.4976717010693124,3650.519458635119,0.005798524000027783,Continuous,Differentiable,Non-Separable,Non-Scalable,Multimodal,2,True,False,Trefethen,0.0,200,100.0,100.0,False,False,False,False,,,,,3
6,[0.59930735 0.84353839],199,RandomSearch2,Trefethen,0.8886002597717118,4.070994040788943,3434.9126579335734,0.006661116000003631,Continuous,Differentiable,Non-Separable,Non-Scalable,Multimodal,2,True,False,Trefethen,0.0,200,100.0,99.5,False,False,False,False,,,,,3
7,[-1.44965205 -0.96421964],205,CMAES,Trefethen,1.8470420293732923,2.5060852244485483,1253.0685680247875,0.09329129500000022,Continuous,Differentiable,Non-Separable,Non-Scalable,Multimodal,2,True,False,Trefethen,0.0,200,100.0,102.5,False,False,False,False,,,,,3
