,BestArm,NumberFunctionEval,Algorithm,CostFunction,EuclideanDistance,TrueRewardDifference,CumulativeRegret,TimeToComplete,Continuous,Differentiability,Separability,Scalability,Modality,Ndimensions,OptimizationSuccessful,BBOB,BaseClass,SD,MaxFeval,MaxFevalPerDimensions,FevalPerDimensions,SolveAt1,SolveAt1e-1,SolveAt1e-3,SolveAt1e-6,SolveEarlierAt1,SolveEarlierAt1e-1,SolveEarlierAt1e-3,SolveEarlierAt1e-6,simNumber
0,[1.07711185 1.43275315 1.58323881 3.42233485 0.29045989 0.74904424],600,NiaPyNelderMead,Trigonometric1N6,4.251753370180708,2.5215293569718558e-05,410.3926169633352,0.03552162299999395,Continuous,Differentiable,Non-Separable,Scalable,Multimodal,6,True,False,Trigonometric1,3.0,600,100.0,100.0,True,True,True,False,12,16,25.0,,9
1,[0.16934481 1.00118213 1.21131781 0.11368447 1.29026347 2.4890151 ],600,NiaPyPSO,Trigonometric1N6,3.220440082080525,0.006226484942157081,11560.391312854721,0.03816975899999875,Continuous,Differentiable,Non-Separable,Scalable,Multimodal,6,True,False,Trigonometric1,3.0,600,100.0,100.0,True,True,False,False,4,4,44.0,,9
2,[1.37125259 1.97367092 1.29824848 3.02019249 0.20840405 0.07140627],600,NiaPySimulatedAnnealing,Trigonometric1N6,4.0781433840122405,1.6246849472713447,21818.295926607203,0.040321241000000896,Continuous,Differentiable,Non-Separable,Scalable,Multimodal,6,True,False,Trigonometric1,3.0,600,100.0,100.0,False,False,False,False,1,266,340.0,,9
3,[1.53543695 1.09402177 0.24017109 1.76817808 1.98298704 1.84174866],600,NiaPyCuckooSearch,Trigonometric1N6,3.7500482466909384,2.7128949307288606,30662.97816093603,0.03073685800001158,Continuous,Differentiable,Non-Separable,Scalable,Multimodal,6,True,False,Trigonometric1,3.0,600,100.0,100.0,False,False,False,False,5,27,,,9
4,[2.76898314 1.88901564 0.         0.42943371 2.61026132 0.82659016],600,NiaPyDifferentialEvolution,Trigonometric1N6,4.349342075474232,0.05260543649493121,23312.697582404162,0.11700884399999723,Continuous,Differentiable,Non-Separable,Scalable,Multimodal,6,True,False,Trigonometric1,3.0,600,100.0,100.0,True,True,False,False,2,3,355.0,,9
5,[0.76377562 1.72759168 0.23896606 1.78698761 0.49344564 2.20755623],600,RandomSearch1,Trigonometric1N6,3.4547284760005925,1.3686923401880464,23460.079886609637,0.03547586499999511,Continuous,Differentiable,Non-Separable,Scalable,Multimodal,6,True,False,Trigonometric1,3.0,600,100.0,100.0,False,False,False,False,6,15,158.0,,9
6,[0.36878306 2.35684311 0.53997808 3.12986466 0.72689478 1.17659938],599,RandomSearch2,Trigonometric1N6,4.206079127248098,0.020453215932382904,20531.018662204027,0.03331828400000347,Continuous,Differentiable,Non-Separable,Scalable,Multimodal,6,True,False,Trigonometric1,3.0,600,100.0,99.83333333333333,True,True,False,False,12,12,224.0,,9
7,[ 4.46784272 -0.13172872  1.72153171  2.5269927   0.56480534  1.5677367 ],604,CMAES,Trigonometric1N6,5.666139602166259,0.42268488537208515,4150.588437890505,0.18747981100000288,Continuous,Differentiable,Non-Separable,Scalable,Multimodal,6,True,False,Trigonometric1,3.0,600,100.0,100.66666666666667,True,False,False,False,16,16,79.0,361.0,9
