,BestArm,NumberFunctionEval,Algorithm,CostFunction,EuclideanDistance,TrueRewardDifference,CumulativeRegret,TimeToComplete,Continuous,Differentiability,Separability,Scalability,Modality,Ndimensions,OptimizationSuccessful,BBOB,BaseClass,SD,MaxFeval,MaxFevalPerDimensions,FevalPerDimensions,SolveAt1,SolveAt1e-1,SolveAt1e-3,SolveAt1e-6,SolveEarlierAt1,SolveEarlierAt1e-1,SolveEarlierAt1e-3,SolveEarlierAt1e-6,simNumber
0,[1.47553329 1.49397991 1.35629118 1.91026808 2.20965939 2.00324256],600000,NiaPyNelderMead,Trigonometric1N6,4.335135491959274,0.6773771491406184,404832.87284329336,33.87219875000119,Continuous,Differentiable,Non-Separable,Scalable,Multimodal,6,True,False,Trigonometric1,3.0,600000,100000.0,100000.0,True,False,False,False,4,8,,,4
1,[1.72739264 0.         0.         3.14159265 0.38250223 0.78106906],600000,NiaPyPSO,Trigonometric1N6,3.689155264020718,0.4356607179581101,4138352.4604797927,38.37490089899984,Continuous,Differentiable,Non-Separable,Scalable,Multimodal,6,True,False,Trigonometric1,3.0,600000,100000.0,100000.0,True,False,False,False,10,11,104.0,2643.0,4
2,[1.66277359 1.23412676 2.64473944 2.96504128 0.7731243  1.06727299],600000,NiaPySimulatedAnnealing,Trigonometric1N6,4.670202800941486,0.11728572309314574,24831267.315457977,40.246152774998336,Continuous,Differentiable,Non-Separable,Scalable,Multimodal,6,True,False,Trigonometric1,3.0,600000,100000.0,100000.0,True,False,False,False,72,81,320.0,1568.0,4
3,[0.85436495 1.67357484 2.78916452 0.57469073 0.06924013 1.94539204],600000,NiaPyCuckooSearch,Trigonometric1N6,3.9280841042500603,0.17419377158922322,30298946.281396225,30.45700050999949,Continuous,Differentiable,Non-Separable,Scalable,Multimodal,6,True,False,Trigonometric1,3.0,600000,100000.0,100000.0,True,False,False,False,3,488,5432.0,190976.0,4
4,[1.80475336 0.         2.76127301 1.32272311 0.         0.        ],600000,NiaPyDifferentialEvolution,Trigonometric1N6,3.554062429178434,0.02449988612818704,11802266.785738017,121.95740078999916,Continuous,Differentiable,Non-Separable,Scalable,Multimodal,6,True,False,Trigonometric1,3.0,600000,100000.0,100000.0,True,True,False,False,4,10,281.0,443.0,4
5,[1.10698561 0.10555377 2.81956546 2.30218638 1.22182371 0.23695646],600000,RandomSearch1,Trigonometric1N6,4.00444400761412,0.2914225012977979,23329940.465621766,36.07210382500125,Continuous,Differentiable,Non-Separable,Scalable,Multimodal,6,True,False,Trigonometric1,3.0,600000,100000.0,100000.0,True,False,False,False,12,37,883.0,9258.0,4
6,[0.76195165 1.14419349 0.99315412 2.25292657 0.20386263 2.0340264 ],599999,RandomSearch2,Trigonometric1N6,3.482901906587844,0.6508062382455637,23277986.846028343,33.63924110300104,Continuous,Differentiable,Non-Separable,Scalable,Multimodal,6,True,False,Trigonometric1,3.0,600000,100000.0,99999.83333333333,True,False,False,False,2,2,124.0,3246.0,4
7,[ 6.25685295  0.94783698 -2.17135038  1.63197424  1.38721455  1.46233785],5266,CMAES,Trigonometric1N6,7.175479242800797,0.21398242682769728,33247.600790991375,1.3303184329997748,Continuous,Differentiable,Non-Separable,Scalable,Multimodal,6,True,False,Trigonometric1,3.0,600000,100000.0,877.6666666666666,True,False,False,False,76,83,372.0,751.0,4
