,BestArm,NumberFunctionEval,Algorithm,CostFunction,EuclideanDistance,TrueRewardDifference,CumulativeRegret,TimeToComplete,Continuous,Differentiability,Separability,Scalability,Modality,Ndimensions,OptimizationSuccessful,BBOB,BaseClass,SD,MaxFeval,MaxFevalPerDimensions,FevalPerDimensions,SolveAt1,SolveAt1e-1,SolveAt1e-3,SolveAt1e-6,SolveEarlierAt1,SolveEarlierAt1e-1,SolveEarlierAt1e-3,SolveEarlierAt1e-6,simNumber
0,[1.91327864 2.52144915 0.48272578 3.2334879  0.43083766 0.46192563],600,NiaPyNelderMead,Trigonometric1N6,4.594105518872586,1.0553040357179033,1113.0016748803805,0.0344166940000008,Continuous,Differentiable,Non-Separable,Scalable,Multimodal,6,True,False,Trigonometric1,3.0,600,100.0,100.0,False,False,False,False,6,,,,8
1,[1.2089829  2.88300991 2.2186322  1.68029307 0.48239392 0.        ],600,NiaPyPSO,Trigonometric1N6,4.213288896892581,1.384010082548412,6216.845288700956,0.03708753499999773,Continuous,Differentiable,Non-Separable,Scalable,Multimodal,6,True,False,Trigonometric1,3.0,600,100.0,100.0,False,False,False,False,10,10.0,22.0,,8
2,[1.11646996 1.85978982 2.59337828 0.44114904 2.23859535 1.41223018],600,NiaPySimulatedAnnealing,Trigonometric1N6,4.316393164290063,0.0008382593686125491,17075.909159721505,0.0396182060000001,Continuous,Differentiable,Non-Separable,Scalable,Multimodal,6,True,False,Trigonometric1,3.0,600,100.0,100.0,True,True,True,False,82,108.0,253.0,,8
3,[0.4310408  0.69966664 0.94620132 0.70136032 0.89307867 2.7625645 ],600,NiaPyCuckooSearch,Trigonometric1N6,3.239117926319175,0.005633829844761669,24016.850544319135,0.030552844999988338,Continuous,Differentiable,Non-Separable,Scalable,Multimodal,6,True,False,Trigonometric1,3.0,600,100.0,100.0,True,True,False,False,7,13.0,,,8
4,[0.         2.2568645  0.         1.96467108 0.08399104 1.77767126],600,NiaPyDifferentialEvolution,Trigonometric1N6,3.4814565111372335,0.0859617251732668,20084.461845138052,0.11837113800000054,Continuous,Differentiable,Non-Separable,Scalable,Multimodal,6,True,False,Trigonometric1,3.0,600,100.0,100.0,True,True,False,False,1,43.0,403.0,,8
5,[2.01589369 3.06521388 2.82343757 0.88994958 0.93836965 0.03710345],600,RandomSearch1,Trigonometric1N6,4.806775197348696,0.5040204289440037,21953.163541076716,0.03505893000000526,Continuous,Differentiable,Non-Separable,Scalable,Multimodal,6,True,False,Trigonometric1,3.0,600,100.0,100.0,True,False,False,False,4,6.0,48.0,,8
6,[2.73263983 0.74057783 1.01908199 1.28964195 2.84639568 0.22078758],599,RandomSearch2,Trigonometric1N6,4.3437536692202166,0.17309817204968567,20985.872305595025,0.03817069000000117,Continuous,Differentiable,Non-Separable,Scalable,Multimodal,6,True,False,Trigonometric1,3.0,600,100.0,99.83333333333333,True,False,False,False,2,60.0,118.0,,8
7,[2.22412819 1.8900872  0.61801211 1.58054502 1.11213241 2.62697806],604,CMAES,Trigonometric1N6,4.420078008911142,0.1823522717594494,1747.9772797100597,0.18216153699999893,Continuous,Differentiable,Non-Separable,Scalable,Multimodal,6,True,False,Trigonometric1,3.0,600,100.0,100.66666666666667,True,False,False,False,3,36.0,181.0,411.0,8
