,BestArm,NumberFunctionEval,Algorithm,CostFunction,EuclideanDistance,TrueRewardDifference,CumulativeRegret,TimeToComplete,Continuous,Differentiability,Separability,Scalability,Modality,Ndimensions,OptimizationSuccessful,BBOB,BaseClass,SD,MaxFeval,MaxFevalPerDimensions,FevalPerDimensions,SolveAt1,SolveAt1e-1,SolveAt1e-3,SolveAt1e-6,SolveEarlierAt1,SolveEarlierAt1e-1,SolveEarlierAt1e-3,SolveEarlierAt1e-6,simNumber
0,[2.84867928 2.44771365 1.42438334 2.35785972 0.20440184 0.02718328],600000,NiaPyNelderMead,Trigonometric1N6,4.66231328506301,0.022369283336911797,13830.56359165453,28.634574495999914,Continuous,Differentiable,Non-Separable,Scalable,Multimodal,6,True,False,Trigonometric1,0.0,600000,100000.0,100000.0,True,True,False,False,2,35,,,0
1,[3.14159265 3.14159265 0.         0.92729527 0.         0.        ],600000,NiaPyPSO,Trigonometric1N6,4.538621521476133,2.8398992587956425e-29,1850591.9706846613,32.93324906599992,Continuous,Differentiable,Non-Separable,Scalable,Multimodal,6,True,False,Trigonometric1,0.0,600000,100000.0,100000.0,True,True,True,True,2,21,173.0,9590.0,0
2,[3.14159265 0.35003972 1.45244956 2.79406621 1.79472853 1.09066928],600000,NiaPySimulatedAnnealing,Trigonometric1N6,4.931445819293508,5.375496893834769e-13,25942738.013345964,34.53689411900086,Continuous,Differentiable,Non-Separable,Scalable,Multimodal,6,True,False,Trigonometric1,0.0,600000,100000.0,100000.0,True,True,True,True,56,56,332.0,626.0,0
3,[2.07172145 0.16077681 0.64816438 0.83442716 2.74876362 0.22508604],600000,NiaPyCuckooSearch,Trigonometric1N6,3.611181228102575,1.9438302780032312e-08,30100850.63548192,25.49980873200002,Continuous,Differentiable,Non-Separable,Scalable,Multimodal,6,True,False,Trigonometric1,0.0,600000,100000.0,100000.0,True,True,True,True,4,4,800.0,800.0,0
4,[3.14159265 3.14159265 0.         0.92729989 0.         0.        ],600000,NiaPyDifferentialEvolution,Trigonometric1N6,4.538622466908115,2.9899794346467384e-21,86775.76148451667,113.59386623099908,Continuous,Differentiable,Non-Separable,Scalable,Multimodal,6,True,False,Trigonometric1,0.0,600000,100000.0,100000.0,True,True,True,True,17,30,578.0,1197.0,0
5,[2.2535678  0.13977347 1.46748924 2.80245773 0.95686762 1.77323177],600000,RandomSearch1,Trigonometric1N6,4.377824238358241,1.1750209844923248e-10,23305884.273982987,31.626367655999275,Continuous,Differentiable,Non-Separable,Scalable,Multimodal,6,True,False,Trigonometric1,0.0,600000,100000.0,100000.0,True,True,True,True,18,18,18.0,15157.0,0
6,[0.92730147 2.23660704 0.64234568 0.31144008 2.38371917 0.03951289],599999,RandomSearch2,Trigonometric1N6,3.4721146718240483,1.8009327203763068e-09,23235396.97002526,29.090853568000966,Continuous,Differentiable,Non-Separable,Scalable,Multimodal,6,True,False,Trigonometric1,0.0,600000,100000.0,99999.83333333333,True,True,True,True,10,30,220.0,4696.0,0
7,[2.7023722  1.9642903  0.88371771 2.46886451 2.03529753 1.41610471],1693,CMAES,Trigonometric1N6,4.917854149331833,2.8939469002771554e-16,1015.4044993104102,0.4261936530001549,Continuous,Differentiable,Non-Separable,Scalable,Multimodal,6,True,False,Trigonometric1,0.0,600000,100000.0,282.1666666666667,True,True,True,True,5,10,170.0,426.0,0
