,BestArm,NumberFunctionEval,Algorithm,CostFunction,EuclideanDistance,TrueRewardDifference,CumulativeRegret,TimeToComplete,Continuous,Differentiability,Separability,Scalability,Modality,Ndimensions,OptimizationSuccessful,BBOB,BaseClass,SD,MaxFeval,MaxFevalPerDimensions,FevalPerDimensions,SolveAt1,SolveAt1e-1,SolveAt1e-3,SolveAt1e-6,SolveEarlierAt1,SolveEarlierAt1e-1,SolveEarlierAt1e-3,SolveEarlierAt1e-6,simNumber
0,[2.00359207 2.61864012 2.7080327  0.33646557 0.03992053 1.64859163],600000,NiaPyNelderMead,Trigonometric1N6,4.586693302894124,0.3275107916480383,196954.98918152956,28.7057112170005,Continuous,Differentiable,Non-Separable,Scalable,Multimodal,6,True,False,Trigonometric1,0.0,600000,100000.0,100000.0,True,False,False,False,1,,,,4
1,[3.14159265 2.31580918 3.14159265 0.83810395 0.17261507 1.48006634],600000,NiaPyPSO,Trigonometric1N6,5.2938635744579985,9.694297421248558e-12,7275230.03381898,32.97467595299895,Continuous,Differentiable,Non-Separable,Scalable,Multimodal,6,True,False,Trigonometric1,0.0,600000,100000.0,100000.0,True,True,True,True,4,13.0,172.0,5364.0,4
2,[0.50925398 0.77732003 0.56246703 2.750112   0.08963622 0.16557185],600000,NiaPySimulatedAnnealing,Trigonometric1N6,2.9628533429065955,1.0897902067842581e-10,26473625.000949234,34.27007512400087,Continuous,Differentiable,Non-Separable,Scalable,Multimodal,6,True,False,Trigonometric1,0.0,600000,100000.0,100000.0,True,True,True,True,59,101.0,299.0,10709.0,4
3,[2.91370255 2.44929797 1.08664252 0.30180695 1.5271423  2.25908471],600000,NiaPyCuckooSearch,Trigonometric1N6,4.816246442253311,1.995993316134291e-10,30778707.29694832,25.400045874999705,Continuous,Differentiable,Non-Separable,Scalable,Multimodal,6,True,False,Trigonometric1,0.0,600000,100000.0,100000.0,True,True,True,True,2,80.0,8144.0,8144.0,4
4,[0. 0. 0. 0. 0. 0.],600000,NiaPyDifferentialEvolution,Trigonometric1N6,0.0,0.0,49735.368418074206,112.62389025199991,Continuous,Differentiable,Non-Separable,Scalable,Multimodal,6,True,False,Trigonometric1,0.0,600000,100000.0,100000.0,True,True,True,True,6,38.0,332.0,1341.0,4
5,[0.75007736 1.98770381 1.21767556 0.36607123 2.77708332 0.44927731],600000,RandomSearch1,Trigonometric1N6,3.747581389951406,5.607502513380012e-10,23262162.427510154,31.825466771999345,Continuous,Differentiable,Non-Separable,Scalable,Multimodal,6,True,False,Trigonometric1,0.0,600000,100000.0,100000.0,True,True,True,True,8,36.0,548.0,10000.0,4
6,[1.96341565 0.82913005 2.89111708 2.58504005 0.49493159 0.67907333],599999,RandomSearch2,Trigonometric1N6,4.50439180327804,1.5738638409537843e-11,23196229.513594136,28.700368877000074,Continuous,Differentiable,Non-Separable,Scalable,Multimodal,6,True,False,Trigonometric1,0.0,600000,100000.0,99999.83333333333,True,True,True,True,2,122.0,1324.0,57548.0,4
7,[3.28816818 0.29482257 0.98073595 1.80083388 2.58330438 1.14189372],1801,CMAES,Trigonometric1N6,4.8042896221852915,9.172652665897473e-19,2308.2515634372935,0.4479793670016079,Continuous,Differentiable,Non-Separable,Scalable,Multimodal,6,True,False,Trigonometric1,0.0,600000,100000.0,300.1666666666667,True,True,True,True,14,19.0,123.0,400.0,4
