,BestArm,NumberFunctionEval,Algorithm,CostFunction,EuclideanDistance,TrueRewardDifference,CumulativeRegret,TimeToComplete,Continuous,Differentiability,Separability,Scalability,Modality,Ndimensions,OptimizationSuccessful,BBOB,BaseClass,SD,MaxFeval,MaxFevalPerDimensions,FevalPerDimensions,SolveAt1,SolveAt1e-1,SolveAt1e-3,SolveAt1e-6,SolveEarlierAt1,SolveEarlierAt1e-1,SolveEarlierAt1e-3,SolveEarlierAt1e-6,simNumber
0,[-0.33887636  2.02917606 -0.06695297  2.8820669   1.05051919  1.01702831],600000,NiaPyNelderMead,Trigonometric1N6,3.831595244521269,1.97270638232931e-09,1647.6132309499708,28.69592268100132,Continuous,Differentiable,Non-Separable,Scalable,Multimodal,6,True,False,Trigonometric1,0.0,600000,100000.0,100000.0,True,True,True,True,57,57,68,81,2
1,[0.38706479 1.66086722 0.34448906 3.14159265 0.2281741  0.9329365 ],600000,NiaPyPSO,Trigonometric1N6,3.717392920392822,3.999878210408181e-13,3707658.645569474,32.66224609499841,Continuous,Differentiable,Non-Separable,Scalable,Multimodal,6,True,False,Trigonometric1,0.0,600000,100000.0,100000.0,True,True,True,True,3,15,114,2409,2
2,[1.70127479 1.60325512 1.84676594 1.55501439 2.26204022 1.85592644],600000,NiaPySimulatedAnnealing,Trigonometric1N6,4.455857491866836,1.9354610396906853e-10,26192544.38692922,34.282550113999605,Continuous,Differentiable,Non-Separable,Scalable,Multimodal,6,True,False,Trigonometric1,0.0,600000,100000.0,100000.0,True,True,True,True,141,141,157,17447,2
3,[2.65326854 3.14159265 2.35002783 2.16321388 0.33478838 1.01216279],600000,NiaPyCuckooSearch,Trigonometric1N6,5.314896062606881,9.433705543340432e-09,30940887.946701985,25.221743635000166,Continuous,Differentiable,Non-Separable,Scalable,Multimodal,6,True,False,Trigonometric1,0.0,600000,100000.0,100000.0,True,True,True,True,12,12,1928,320167,2
4,[0. 0. 0. 0. 0. 0.],600000,NiaPyDifferentialEvolution,Trigonometric1N6,0.0,0.0,50444.01087098348,111.86948804500025,Continuous,Differentiable,Non-Separable,Scalable,Multimodal,6,True,False,Trigonometric1,0.0,600000,100000.0,100000.0,True,True,True,True,2,2,94,385,2
5,[0.44825557 1.63606879 2.12802383 1.76290594 2.457056   1.01840829],600000,RandomSearch1,Trigonometric1N6,4.193835537061364,1.0205705922797928e-10,23277412.004809696,31.519421779001277,Continuous,Differentiable,Non-Separable,Scalable,Multimodal,6,True,False,Trigonometric1,0.0,600000,100000.0,100000.0,True,True,True,True,2,8,8,1843,2
6,[2.73293867 2.9631106  1.18048648 2.97598272 0.7877673  1.09115263],599999,RandomSearch2,Trigonometric1N6,5.320732188909934,6.205255528418465e-11,23177162.98669873,28.773232020999785,Continuous,Differentiable,Non-Separable,Scalable,Multimodal,6,True,False,Trigonometric1,0.0,600000,100000.0,99999.83333333333,True,True,True,True,14,172,806,17830,2
7,[ 1.72248351 -1.55744927  7.67882563 -0.90461914  1.13316236  0.98707968],1657,CMAES,Trigonometric1N6,8.211801252526893,1.2076214074354442e-18,9356.147950797764,0.4142284940007812,Continuous,Differentiable,Non-Separable,Scalable,Multimodal,6,True,False,Trigonometric1,0.0,600000,100000.0,276.1666666666667,True,True,True,True,6,6,52,511,2
