,BestArm,NumberFunctionEval,Algorithm,CostFunction,EuclideanDistance,TrueRewardDifference,CumulativeRegret,TimeToComplete,Continuous,Differentiability,Separability,Scalability,Modality,Ndimensions,OptimizationSuccessful,BBOB,BaseClass,SD,MaxFeval,MaxFevalPerDimensions,FevalPerDimensions,SolveAt1,SolveAt1e-1,SolveAt1e-3,SolveAt1e-6,SolveEarlierAt1,SolveEarlierAt1e-1,SolveEarlierAt1e-3,SolveEarlierAt1e-6,simNumber
0,[ 2.48019213  2.12242719  1.15053873  0.98102941 -0.05528661  2.36010851],600,NiaPyNelderMead,Trigonometric1N6,4.302949807698434,0.06997743930892049,356.36741542171137,0.02706850399999894,Continuous,Differentiable,Non-Separable,Scalable,Multimodal,6,True,False,Trigonometric1,0.0,600,100.0,100.0,True,True,False,False,27,30,,,8
1,[2.17223136 1.25609991 0.         1.3048547  2.52424022 0.1198096 ],600,NiaPyPSO,Trigonometric1N6,3.7927779958764622,5.287161354011809e-06,12145.423776702726,0.03848607599999809,Continuous,Differentiable,Non-Separable,Scalable,Multimodal,6,True,False,Trigonometric1,0.0,600,100.0,100.0,True,True,True,False,4,38,102.0,,8
2,[2.57531203 0.78852742 1.03443746 1.47715513 2.9955298  0.70172804],600,NiaPySimulatedAnnealing,Trigonometric1N6,4.468968195096775,0.00019781941737452186,41126.638366247396,0.034006347000001824,Continuous,Differentiable,Non-Separable,Scalable,Multimodal,6,True,False,Trigonometric1,0.0,600,100.0,100.0,True,True,True,False,1,1,23.0,,8
3,"[2.54339224e+00 1.96194245e+00 1.95685656e+00 8.96759575e-04
 2.13976386e+00 1.56716684e-01]",600,NiaPyCuckooSearch,Trigonometric1N6,4.3301847767698,4.935353121340426e-05,25956.936436068223,0.025352034999997386,Continuous,Differentiable,Non-Separable,Scalable,Multimodal,6,True,False,Trigonometric1,0.0,600,100.0,100.0,True,True,True,False,5,18,18.0,,8
4,[0.         0.         2.550463   1.70008596 0.33807386 0.        ],600,NiaPyDifferentialEvolution,Trigonometric1N6,3.083739244128307,0.000530585465037122,24122.36006327797,0.11062485499999752,Continuous,Differentiable,Non-Separable,Scalable,Multimodal,6,True,False,Trigonometric1,0.0,600,100.0,100.0,True,True,True,False,13,13,168.0,,8
5,[1.2554917  1.72462832 1.70354421 1.09766611 2.95661889 0.64872896],600,RandomSearch1,Trigonometric1N6,4.221371875806671,5.629245682338687e-05,23689.778346237094,0.03149899299999959,Continuous,Differentiable,Non-Separable,Scalable,Multimodal,6,True,False,Trigonometric1,0.0,600,100.0,100.0,True,True,True,False,21,26,68.0,,8
6,[3.06033085 1.8219838  3.00450634 2.17271305 0.57762685 0.45442016],599,RandomSearch2,Trigonometric1N6,5.1935672387951435,1.9213957366708324e-05,21983.825944655746,0.029538599999995085,Continuous,Differentiable,Non-Separable,Scalable,Multimodal,6,True,False,Trigonometric1,0.0,600,100.0,99.83333333333333,True,True,True,False,44,60,182.0,,8
7,[-0.066447    0.645187    0.7117618   1.17279841 -1.17377883  0.84032101],604,CMAES,Trigonometric1N6,2.0944303684076204,1.9922227628020003e-08,2416.5396949092165,0.17560905899999568,Continuous,Differentiable,Non-Separable,Scalable,Multimodal,6,True,False,Trigonometric1,0.0,600,100.0,100.66666666666667,True,True,True,True,33,33,109.0,405.0,8
