,BestArm,NumberFunctionEval,Algorithm,CostFunction,EuclideanDistance,TrueRewardDifference,CumulativeRegret,TimeToComplete,Continuous,Differentiability,Separability,Scalability,Modality,Ndimensions,OptimizationSuccessful,BBOB,BaseClass,SD,MaxFeval,MaxFevalPerDimensions,FevalPerDimensions,SolveAt1,SolveAt1e-1,SolveAt1e-3,SolveAt1e-6,SolveEarlierAt1,SolveEarlierAt1e-1,SolveEarlierAt1e-3,SolveEarlierAt1e-6,simNumber
0,[ 1.46371698  2.5160854  -0.04778054 -0.1758772   0.03379569  0.0309074 ],600000,NiaPyNelderMead,Trigonometric1N6,2.9169275485878114,0.035127880495761335,21661.21849570851,28.917836801001613,Continuous,Differentiable,Non-Separable,Scalable,Multimodal,6,True,False,Trigonometric1,0.0,600000,100000.0,100000.0,True,True,False,False,17,17,,,3
1,[0. 0. 0. 0. 0. 0.],600000,NiaPyPSO,Trigonometric1N6,0.0,0.0,3446081.666494686,32.66414228800022,Continuous,Differentiable,Non-Separable,Scalable,Multimodal,6,True,False,Trigonometric1,0.0,600000,100000.0,100000.0,True,True,True,True,6,6,425.0,25758.0,3
2,[0.93774581 2.91297423 1.35181391 0.32761945 2.11211731 0.        ],600000,NiaPySimulatedAnnealing,Trigonometric1N6,3.969957303952552,9.518042732464124e-12,26334814.688605186,34.10191909399873,Continuous,Differentiable,Non-Separable,Scalable,Multimodal,6,True,False,Trigonometric1,0.0,600000,100000.0,100000.0,True,True,True,True,150,154,478.0,15340.0,3
3,[1.04347526 0.01733333 0.05288906 2.67295428 0.2680836  0.32002889],600000,NiaPyCuckooSearch,Trigonometric1N6,2.900156924846241,2.5171344043951502e-08,30333775.206703924,25.424075607001214,Continuous,Differentiable,Non-Separable,Scalable,Multimodal,6,True,False,Trigonometric1,0.0,600000,100000.0,100000.0,True,True,True,True,3,3,24.0,92096.0,3
4,[3.14159265 3.14159265 0.67257207 2.66378686 1.35324115 0.6711671 ],600000,NiaPyDifferentialEvolution,Trigonometric1N6,5.437743034102929,1.3214463130714345e-06,118498.81614326159,114.83941518200118,Continuous,Differentiable,Non-Separable,Scalable,Multimodal,6,True,False,Trigonometric1,0.0,600000,100000.0,100000.0,True,True,True,False,12,21,184.0,,3
5,[2.49509107 1.09398464 2.62788338 2.50767137 0.1758836  0.68231266],600000,RandomSearch1,Trigonometric1N6,4.594883483107516,2.6501065272351274e-09,23277168.894511323,32.079676662000566,Continuous,Differentiable,Non-Separable,Scalable,Multimodal,6,True,False,Trigonometric1,0.0,600000,100000.0,100000.0,True,True,True,True,8,25,25.0,8371.0,3
6,[2.65824543 1.27055627 0.53810413 0.39508895 2.95920978 0.80848457],599999,RandomSearch2,Trigonometric1N6,4.305438789346501,1.3922263013660179e-14,23217875.382289674,29.055027198999596,Continuous,Differentiable,Non-Separable,Scalable,Multimodal,6,True,False,Trigonometric1,0.0,600000,100000.0,99999.83333333333,True,True,True,True,6,38,38.0,3766.0,3
7,[1.62500894 1.44109943 2.11274877 1.26246105 1.88650267 2.17226942],2080,CMAES,Trigonometric1N6,4.364926537300454,3.806142055442822e-18,1061.8025643616334,0.5169919399995706,Continuous,Differentiable,Non-Separable,Scalable,Multimodal,6,True,False,Trigonometric1,0.0,600000,100000.0,346.6666666666667,True,True,True,True,1,4,57.0,117.0,3
