,BestArm,NumberFunctionEval,Algorithm,CostFunction,EuclideanDistance,TrueRewardDifference,CumulativeRegret,TimeToComplete,Continuous,Differentiability,Separability,Scalability,Modality,Ndimensions,OptimizationSuccessful,BBOB,BaseClass,SD,MaxFeval,MaxFevalPerDimensions,FevalPerDimensions,SolveAt1,SolveAt1e-1,SolveAt1e-3,SolveAt1e-6,SolveEarlierAt1,SolveEarlierAt1e-1,SolveEarlierAt1e-3,SolveEarlierAt1e-6,simNumber
0,[2.55706285 1.03953951 2.77581275 2.83368971 1.60651693 0.97841723],600000,NiaPyNelderMead,Trigonometric1N6,5.1857828312689636,4.142170399814789,2480783.973775915,34.09764904700023,Continuous,Differentiable,Non-Separable,Scalable,Multimodal,6,True,False,Trigonometric1,3.0,600000,100000.0,100000.0,False,False,False,False,,,,,1
1,[0.         3.14159265 1.51442114 0.28885406 1.77617614 0.        ],600000,NiaPyPSO,Trigonometric1N6,3.92445080648837,0.04089099172285832,5990753.422517625,38.00928887199916,Continuous,Differentiable,Non-Separable,Scalable,Multimodal,6,True,False,Trigonometric1,3.0,600000,100000.0,100000.0,True,True,False,False,14.0,14.0,188.0,9717.0,1
2,[0.55170262 1.895153   1.36216675 0.82355895 2.31006825 1.80120611],600000,NiaPySimulatedAnnealing,Trigonometric1N6,3.874336982871851,1.2606995029259283,26417047.908079997,39.799492816000566,Continuous,Differentiable,Non-Separable,Scalable,Multimodal,6,True,False,Trigonometric1,3.0,600000,100000.0,100000.0,False,False,False,False,11.0,11.0,11.0,27433.0,1
3,[0.60616501 0.67836505 0.11015048 2.18607073 0.93623376 2.32355945],600000,NiaPyCuckooSearch,Trigonometric1N6,3.4487846698210216,1.405600953860932,30670270.84665921,30.615585763000126,Continuous,Differentiable,Non-Separable,Scalable,Multimodal,6,True,False,Trigonometric1,3.0,600000,100000.0,100000.0,False,False,False,False,26.0,26.0,17048.0,18800.0,1
4,[3.14159265 1.78728829 3.14159265 0.         0.         1.09601006],600000,NiaPyDifferentialEvolution,Trigonometric1N6,4.9127228977574555,0.40884037758719166,8637292.15200112,122.50140330399881,Continuous,Differentiable,Non-Separable,Scalable,Multimodal,6,True,False,Trigonometric1,3.0,600000,100000.0,100000.0,True,False,False,False,2.0,26.0,219.0,2546.0,1
5,[0.81061409 2.20644958 1.75837791 2.34663422 1.82439281 1.50099757],600000,RandomSearch1,Trigonometric1N6,4.439088058224257,0.0575097367954784,23261338.330967195,35.950739686000816,Continuous,Differentiable,Non-Separable,Scalable,Multimodal,6,True,False,Trigonometric1,3.0,600000,100000.0,100000.0,True,True,False,False,7.0,15.0,329.0,1926.0,1
6,[1.83689843 2.48703008 1.03171573 2.87367567 1.48532435 0.22924502],599999,RandomSearch2,Trigonometric1N6,4.597902279916143,0.08286593470707639,23371088.797501825,33.52065996700003,Continuous,Differentiable,Non-Separable,Scalable,Multimodal,6,True,False,Trigonometric1,3.0,600000,100000.0,99999.83333333333,True,True,False,False,16.0,16.0,126.0,9822.0,1
7,[6.83937876 2.02237046 1.87747367 1.24697973 1.09856369 2.53219211],4546,CMAES,Trigonometric1N6,7.9728156246059445,0.24941229791298056,30525.41797214187,1.1682091980001132,Continuous,Differentiable,Non-Separable,Scalable,Multimodal,6,True,False,Trigonometric1,3.0,600000,100000.0,757.6666666666666,True,False,False,False,49.0,56.0,373.0,609.0,1
