,BestArm,NumberFunctionEval,Algorithm,CostFunction,EuclideanDistance,TrueRewardDifference,CumulativeRegret,TimeToComplete,Continuous,Differentiability,Separability,Scalability,Modality,Ndimensions,OptimizationSuccessful,BBOB,BaseClass,SD,MaxFeval,MaxFevalPerDimensions,FevalPerDimensions,SolveAt1,SolveAt1e-1,SolveAt1e-3,SolveAt1e-6,SolveEarlierAt1,SolveEarlierAt1e-1,SolveEarlierAt1e-3,SolveEarlierAt1e-6,simNumber
0,[3.1547346  2.84100583 0.21885709 2.9921091  1.18109143 0.69357865],600000,NiaPyNelderMead,Trigonometric1N6,5.375900681698449,1.7371248833352353,1046290.5153718621,33.98315129799994,Continuous,Differentiable,Non-Separable,Scalable,Multimodal,6,True,False,Trigonometric1,3.0,600000,100000.0,100000.0,False,False,False,False,2,6,,,5
1,[3.05344066 2.98201861 1.70079714 0.         2.03138221 0.42724096],600000,NiaPyPSO,Trigonometric1N6,5.04159640504133,0.016447262368983896,7824125.5814598985,38.19145863599988,Continuous,Differentiable,Non-Separable,Scalable,Multimodal,6,True,False,Trigonometric1,3.0,600000,100000.0,100000.0,True,True,False,False,5,13,390.0,4035.0,5
2,[0.26489367 1.06743142 1.11110282 1.41950252 1.84753023 2.41156023],600000,NiaPySimulatedAnnealing,Trigonometric1N6,3.699744051127042,0.279856308892264,26296106.59375543,40.0465540389996,Continuous,Differentiable,Non-Separable,Scalable,Multimodal,6,True,False,Trigonometric1,3.0,600000,100000.0,100000.0,True,False,False,False,2,30,169.0,4170.0,5
3,[1.41316998 0.38011491 2.03969826 1.08560311 2.82728177 1.13421114],600000,NiaPyCuckooSearch,Trigonometric1N6,4.093946381757445,0.11468571059333066,30797399.104540512,30.679299977000483,Continuous,Differentiable,Non-Separable,Scalable,Multimodal,6,True,False,Trigonometric1,3.0,600000,100000.0,100000.0,True,False,False,False,7,20,6560.0,181447.0,5
4,[0.         0.35064544 3.14159265 0.         1.00438949 0.1419898 ],600000,NiaPyDifferentialEvolution,Trigonometric1N6,3.3198668608171387,0.04388744412673246,16927473.28142733,122.38314265000008,Continuous,Differentiable,Non-Separable,Scalable,Multimodal,6,True,False,Trigonometric1,3.0,600000,100000.0,100000.0,True,True,False,False,3,66,148.0,10378.0,5
5,[1.20555529 0.43184235 1.15263045 0.49366646 0.12995086 2.43365875],600000,RandomSearch1,Trigonometric1N6,3.0251771877143683,0.23764927526718893,23236251.115463864,36.17928615500023,Continuous,Differentiable,Non-Separable,Scalable,Multimodal,6,True,False,Trigonometric1,3.0,600000,100000.0,100000.0,True,False,False,False,2,94,172.0,7780.0,5
6,[2.79588686 0.08087403 0.17926344 1.53196602 2.57066907 0.46127018],599999,RandomSearch2,Trigonometric1N6,4.125977323906834,0.16170975231874,23354320.185588375,33.29781429899958,Continuous,Differentiable,Non-Separable,Scalable,Multimodal,6,True,False,Trigonometric1,3.0,600000,100000.0,99999.83333333333,True,False,False,False,6,64,112.0,28224.0,5
7,[ 5.15506815 -1.35932952  1.82833217 -0.46196254  1.07649961  1.0144283 ],5581,CMAES,Trigonometric1N6,5.845222701956955,0.10241116186262664,21916.32088961991,1.4335292329997174,Continuous,Differentiable,Non-Separable,Scalable,Multimodal,6,True,False,Trigonometric1,3.0,600000,100000.0,930.1666666666666,True,False,False,False,34,37,87.0,940.0,5
