,BestArm,NumberFunctionEval,Algorithm,CostFunction,EuclideanDistance,TrueRewardDifference,CumulativeRegret,TimeToComplete,Continuous,Differentiability,Separability,Scalability,Modality,Ndimensions,OptimizationSuccessful,BBOB,BaseClass,SD,MaxFeval,MaxFevalPerDimensions,FevalPerDimensions,SolveAt1,SolveAt1e-1,SolveAt1e-3,SolveAt1e-6,SolveEarlierAt1,SolveEarlierAt1e-1,SolveEarlierAt1e-3,SolveEarlierAt1e-6,simNumber
0,[0.41760469 2.91253397 3.07752826 0.58389393 0.08993291 1.07554015],600000,NiaPyNelderMead,Trigonometric1N6,4.4310534478211645,0.014807596588739808,9243.311678403026,28.97149029100001,Continuous,Differentiable,Non-Separable,Scalable,Multimodal,6,True,False,Trigonometric1,0.0,600000,100000.0,100000.0,True,True,False,False,1,50,,,1
1,[1.24212824 2.87823684 2.07524774 0.23181749 0.         0.        ],600000,NiaPyPSO,Trigonometric1N6,3.766632762052276,1.727295167861091e-12,7362151.375108631,33.108616412999254,Continuous,Differentiable,Non-Separable,Scalable,Multimodal,6,True,False,Trigonometric1,0.0,600000,100000.0,100000.0,True,True,True,True,3,38,38.0,7681.0,1
2,[0.28464362 1.41996973 1.86814092 1.03273365 1.42501637 2.47131481],600000,NiaPySimulatedAnnealing,Trigonometric1N6,3.846023123052405,2.3178916243774675e-10,26848384.732201524,34.53604358300072,Continuous,Differentiable,Non-Separable,Scalable,Multimodal,6,True,False,Trigonometric1,0.0,600000,100000.0,100000.0,True,True,True,True,20,21,116.0,12149.0,1
3,[2.27391528 0.1219959  2.17863488 2.51320673 1.79303435 0.98831162],600000,NiaPyCuckooSearch,Trigonometric1N6,4.521057811162466,2.2095085340532653e-08,30677099.386130974,25.69948977400054,Continuous,Differentiable,Non-Separable,Scalable,Multimodal,6,True,False,Trigonometric1,0.0,600000,100000.0,100000.0,True,True,True,True,1,15,872.0,112760.0,1
4,[3.14159265 0.         3.01551557 0.         0.24037983 1.14469735],600000,NiaPyDifferentialEvolution,Trigonometric1N6,4.508996900433396,2.0400717380188443e-06,244215.36406884695,114.59832711700074,Continuous,Differentiable,Non-Separable,Scalable,Multimodal,6,True,False,Trigonometric1,0.0,600000,100000.0,100000.0,True,True,True,False,2,27,170.0,,1
5,[1.96023284 1.63568533 2.52645569 2.22392052 1.9798708  1.04733919],600000,RandomSearch1,Trigonometric1N6,4.781588430323915,5.352333223748985e-11,23308099.33915919,31.800450044000172,Continuous,Differentiable,Non-Separable,Scalable,Multimodal,6,True,False,Trigonometric1,0.0,600000,100000.0,100000.0,True,True,True,True,14,50,148.0,8088.0,1
6,[0.63151614 2.90553427 0.40725111 0.77411049 0.47406685 2.30469926],599999,RandomSearch2,Trigonometric1N6,3.891326328282272,4.477621338871276e-09,23343091.048020672,29.375452353999208,Continuous,Differentiable,Non-Separable,Scalable,Multimodal,6,True,False,Trigonometric1,0.0,600000,100000.0,99999.83333333333,True,True,True,True,8,8,50.0,3264.0,1
7,[0.99184373 1.30928534 1.61308172 2.63090888 1.01655423 2.00141342],1468,CMAES,Trigonometric1N6,4.154604005391781,1.2956040176637956e-15,784.7927191355594,0.38084676600010425,Continuous,Differentiable,Non-Separable,Scalable,Multimodal,6,True,False,Trigonometric1,0.0,600000,100000.0,244.66666666666666,True,True,True,True,1,17,17.0,413.0,1
