,BestArm,NumberFunctionEval,Algorithm,CostFunction,EuclideanDistance,TrueRewardDifference,CumulativeRegret,TimeToComplete,Continuous,Differentiability,Separability,Scalability,Modality,Ndimensions,OptimizationSuccessful,BBOB,BaseClass,SD,MaxFeval,MaxFevalPerDimensions,FevalPerDimensions,SolveAt1,SolveAt1e-1,SolveAt1e-3,SolveAt1e-6,SolveEarlierAt1,SolveEarlierAt1e-1,SolveEarlierAt1e-3,SolveEarlierAt1e-6,simNumber
0,[1.77174533 1.36298566 1.33891883 1.74042426 2.07579727 2.11124093],600000,NiaPyNelderMead,Trigonometric1N6,4.311016615367094,0.0008088154958253735,1960.0449340130451,33.80872697700033,Continuous,Differentiable,Non-Separable,Scalable,Multimodal,6,True,False,Trigonometric1,3.0,600000,100000.0,100000.0,True,True,True,False,1,15,17,,6
1,[1.0317517  0.         0.1464283  0.         1.96891117 0.        ],600000,NiaPyPSO,Trigonometric1N6,2.2276813050354525,0.11072619439065451,6096948.627234856,37.84505593299946,Continuous,Differentiable,Non-Separable,Scalable,Multimodal,6,True,False,Trigonometric1,3.0,600000,100000.0,100000.0,True,False,False,False,8,43,118,1843.0,6
2,[0.08855376 0.4853422  1.57399971 0.91647876 2.4204136  0.        ],600000,NiaPySimulatedAnnealing,Trigonometric1N6,3.069073022383394,0.038613454259870304,26379644.171624623,39.69932648000031,Continuous,Differentiable,Non-Separable,Scalable,Multimodal,6,True,False,Trigonometric1,3.0,600000,100000.0,100000.0,True,True,False,False,30,30,103,15093.0,6
3,[2.17517182 1.49669701 2.17401002 0.99061951 1.89881733 1.99913143],600000,NiaPyCuckooSearch,Trigonometric1N6,4.50346029905761,1.0883502826376275,30612177.22182101,30.519194421000066,Continuous,Differentiable,Non-Separable,Scalable,Multimodal,6,True,False,Trigonometric1,3.0,600000,100000.0,100000.0,False,False,False,False,5,24,3679,92720.0,6
4,[0.         0.         2.06063028 0.73265907 1.35706601 2.2085913 ],600000,NiaPyDifferentialEvolution,Trigonometric1N6,3.3915321236509146,0.03604740592740228,11848986.33300506,122.82502571800069,Continuous,Differentiable,Non-Separable,Scalable,Multimodal,6,True,False,Trigonometric1,3.0,600000,100000.0,100000.0,True,True,False,False,4,10,255,357.0,6
5,[0.61696726 0.25213834 1.233312   1.0905947  2.38839976 0.00307425],600000,RandomSearch1,Trigonometric1N6,2.976430832209078,0.9852984698572349,23284202.578935236,35.84334969199881,Continuous,Differentiable,Non-Separable,Scalable,Multimodal,6,True,False,Trigonometric1,3.0,600000,100000.0,100000.0,True,False,False,False,10,10,177,12530.0,6
6,[1.04792036 2.04588602 0.93247419 0.57120514 2.28503013 1.95115446],599999,RandomSearch2,Trigonometric1N6,3.938011749149434,0.12078526694143453,23256763.889837723,33.569364929000585,Continuous,Differentiable,Non-Separable,Scalable,Multimodal,6,True,False,Trigonometric1,3.0,600000,100000.0,99999.83333333333,True,False,False,False,4,4,602,1238.0,6
7,[-1.9444725  -3.50866151  0.52942635  0.16116571  1.52760989  1.91381866],4546,CMAES,Trigonometric1N6,4.732255208489588,0.027388681944978045,21740.45635676087,1.1292525959997874,Continuous,Differentiable,Non-Separable,Scalable,Multimodal,6,True,False,Trigonometric1,3.0,600000,100000.0,757.6666666666666,True,True,False,False,28,28,113,828.0,6
