,BestArm,NumberFunctionEval,Algorithm,CostFunction,EuclideanDistance,TrueRewardDifference,CumulativeRegret,TimeToComplete,Continuous,Differentiability,Separability,Scalability,Modality,Ndimensions,OptimizationSuccessful,BBOB,BaseClass,SD,MaxFeval,MaxFevalPerDimensions,FevalPerDimensions,SolveAt1,SolveAt1e-1,SolveAt1e-3,SolveAt1e-6,SolveEarlierAt1,SolveEarlierAt1e-1,SolveEarlierAt1e-3,SolveEarlierAt1e-6,simNumber
0,[2.10063087 2.03257187 0.54274582 2.57654861 2.10945669 0.65046817],600,NiaPyNelderMead,Trigonometric1N6,4.5111074684924555,0.004838121532588854,402.1447419428143,0.027344334000005688,Continuous,Differentiable,Non-Separable,Scalable,Multimodal,6,True,False,Trigonometric1,0.0,600,100.0,100.0,True,True,False,False,3,4,,,9
1,[0.52929938 0.94790154 2.58609893 1.17395944 2.49816333 0.9667408 ],600,NiaPyPSO,Trigonometric1N6,4.05218106739715,0.0004784012806066331,16896.39670026931,0.031994795000002796,Continuous,Differentiable,Non-Separable,Scalable,Multimodal,6,True,False,Trigonometric1,0.0,600,100.0,100.0,True,True,True,False,5,28,101.0,,9
2,[0.93290894 1.58143891 2.67229231 0.15574343 2.20204925 1.20506399],600,NiaPySimulatedAnnealing,Trigonometric1N6,4.103397428317425,0.0002863169729692615,63355.85920771597,0.03428931499999521,Continuous,Differentiable,Non-Separable,Scalable,Multimodal,6,True,False,Trigonometric1,0.0,600,100.0,100.0,True,True,True,False,283,343,373.0,,9
3,[1.21209729 2.33168725 2.62442602 1.3354297  0.2913489  1.94856286],600,NiaPyCuckooSearch,Trigonometric1N6,4.411202910794502,0.0008836124013686646,22487.91207987676,0.02620856500000457,Continuous,Differentiable,Non-Separable,Scalable,Multimodal,6,True,False,Trigonometric1,0.0,600,100.0,100.0,True,True,True,False,1,16,536.0,,9
4,[1.47113589 1.43606001 0.         2.20936889 2.35797157 1.00241603],600,NiaPyDifferentialEvolution,Trigonometric1N6,3.9588745741464475,0.0004554403592055208,27053.649297181415,0.1092249199999884,Continuous,Differentiable,Non-Separable,Scalable,Multimodal,6,True,False,Trigonometric1,0.0,600,100.0,100.0,True,True,True,False,1,34,216.0,,9
5,[2.56887114 2.02594656 1.96056242 2.18581202 2.18920401 0.90192534],600,RandomSearch1,Trigonometric1N6,4.993117373426202,0.0001588450958414072,24989.11940373078,0.03219950400000471,Continuous,Differentiable,Non-Separable,Scalable,Multimodal,6,True,False,Trigonometric1,0.0,600,100.0,100.0,True,True,True,False,7,63,297.0,,9
6,[1.31256514 1.375607   1.58296567 1.04057294 3.10361723 0.73948385],599,RandomSearch2,Trigonometric1N6,4.169288968468333,1.2604665290857083e-05,23454.191139901246,0.029626652000004583,Continuous,Differentiable,Non-Separable,Scalable,Multimodal,6,True,False,Trigonometric1,0.0,600,100.0,99.83333333333333,True,True,True,False,36,36,196.0,,9
7,[-0.11217658 -1.6513598  -0.96230474  0.75181392  0.93963383  1.27933503],604,CMAES,Trigonometric1N6,2.598160352134178,5.4922325951085924e-08,1830.435651749534,0.1764275089999927,Continuous,Differentiable,Non-Separable,Scalable,Multimodal,6,True,False,Trigonometric1,0.0,600,100.0,100.66666666666667,True,True,True,True,11,13,88.0,361.0,9
