,BestArm,NumberFunctionEval,Algorithm,CostFunction,EuclideanDistance,TrueRewardDifference,CumulativeRegret,TimeToComplete,Continuous,Differentiability,Separability,Scalability,Modality,Ndimensions,OptimizationSuccessful,BBOB,BaseClass,SD,MaxFeval,MaxFevalPerDimensions,FevalPerDimensions,SolveAt1,SolveAt1e-1,SolveAt1e-3,SolveAt1e-6,SolveEarlierAt1,SolveEarlierAt1e-1,SolveEarlierAt1e-3,SolveEarlierAt1e-6,simNumber
0,[0.16459609 2.60198222 1.70574817 0.94644982 0.88275645 2.36511803],600000,NiaPyNelderMead,Trigonometric1N6,4.120168646270088,0.005851998075066463,1623.594355202576,33.733097053000165,Continuous,Differentiable,Non-Separable,Scalable,Multimodal,6,True,False,Trigonometric1,3.0,600000,100000.0,100000.0,True,True,False,False,1,1,,,7
1,[3.14159265 0.         2.94307659 0.85794617 0.2515202  0.        ],600000,NiaPyPSO,Trigonometric1N6,4.396662171061531,0.06894348633319462,5568525.35982835,38.222324454000045,Continuous,Differentiable,Non-Separable,Scalable,Multimodal,6,True,False,Trigonometric1,3.0,600000,100000.0,100000.0,True,True,False,False,28,28,37.0,6590.0,7
2,[2.76325198 0.38926109 3.08229796 1.24236127 1.54930684 0.        ],600000,NiaPySimulatedAnnealing,Trigonometric1N6,4.607760806914244,0.005409549680857272,26884065.277250215,39.36894784500146,Continuous,Differentiable,Non-Separable,Scalable,Multimodal,6,True,False,Trigonometric1,3.0,600000,100000.0,100000.0,True,True,False,False,3,3,4.0,5912.0,7
3,[0.40904046 1.42312024 2.49876153 0.81252405 2.37066796 0.76433671],600000,NiaPyCuckooSearch,Trigonometric1N6,3.9116322693599135,1.1326892620753026,30590629.460724447,30.26791144500021,Continuous,Differentiable,Non-Separable,Scalable,Multimodal,6,True,False,Trigonometric1,3.0,600000,100000.0,100000.0,False,False,False,False,1,1,14240.0,326312.0,7
4,[3.14159265 1.68931493 3.14159265 0.         0.90370661 0.        ],600000,NiaPyDifferentialEvolution,Trigonometric1N6,4.8383550291514235,0.5319291756212483,8761647.903878415,121.23464630600029,Continuous,Differentiable,Non-Separable,Scalable,Multimodal,6,True,False,Trigonometric1,3.0,600000,100000.0,100000.0,True,False,False,False,1,1,124.0,2430.0,7
5,[0.42517175 1.85955721 0.23744085 3.01508713 1.47968335 0.50495984],600000,RandomSearch1,Trigonometric1N6,3.902601671474843,0.024055876066153142,23248803.846935663,35.59978351099926,Continuous,Differentiable,Non-Separable,Scalable,Multimodal,6,True,False,Trigonometric1,3.0,600000,100000.0,100000.0,True,True,False,False,10,20,127.0,14622.0,7
6,[1.58558726 0.21432892 1.79129222 0.27530572 1.04805446 2.48040696],599999,RandomSearch2,Trigonometric1N6,3.618754169194266,0.004353567138530455,23358107.22719712,33.240983011000935,Continuous,Differentiable,Non-Separable,Scalable,Multimodal,6,True,False,Trigonometric1,3.0,600000,100000.0,99999.83333333333,True,True,False,False,2,114,2098.0,13768.0,7
7,[2.98931549 4.06927424 0.13858113 2.1523571  1.33913705 1.21493755],4546,CMAES,Trigonometric1N6,5.7806753121453065,0.03689544615722458,20655.891044325475,1.144337732999702,Continuous,Differentiable,Non-Separable,Scalable,Multimodal,6,True,False,Trigonometric1,3.0,600000,100000.0,757.6666666666666,True,True,False,False,28,48,154.0,760.0,7
