,BestArm,NumberFunctionEval,Algorithm,CostFunction,EuclideanDistance,TrueRewardDifference,CumulativeRegret,TimeToComplete,Continuous,Differentiability,Separability,Scalability,Modality,Ndimensions,OptimizationSuccessful,BBOB,BaseClass,SD,MaxFeval,MaxFevalPerDimensions,FevalPerDimensions,SolveAt1,SolveAt1e-1,SolveAt1e-3,SolveAt1e-6,SolveEarlierAt1,SolveEarlierAt1e-1,SolveEarlierAt1e-3,SolveEarlierAt1e-6,simNumber
0,[-49.99672825  45.7509165 ],20000,NiaPyNelderMead,Tripod,108.01810425216748,5.252355249139804,105099.30030290532,0.9047846070000105,Discontinuous,Non-Differentiable,Non-Separable,Non-Scalable,Multimodal,2,True,False,Tripod,0.0,20000,10000.0,10000.0,False,False,False,False,,,,,2
1,[ 7.28696103e-04 -5.00000012e+01],20000,NiaPyPSO,Tripod,0.0007286970930687694,0.0007298974117371871,464985.15474684804,0.6971522639999534,Discontinuous,Non-Differentiable,Non-Separable,Non-Scalable,Multimodal,2,True,False,Tripod,0.0,20000,10000.0,10000.0,True,True,True,False,1077.0,1467.0,11714.0,,2
2,[23.60552114 62.52515385],20000,NiaPySimulatedAnnealing,Tripod,114.97447924015918,40.91963270163241,1477104.7575907311,0.7239373830000204,Discontinuous,Non-Differentiable,Non-Separable,Non-Scalable,Multimodal,2,True,False,Tripod,0.0,20000,10000.0,10000.0,False,False,False,False,,,,,2
3,[  3.61394415 -49.91277385],20000,NiaPyCuckooSearch,Tripod,3.61499663845696,3.7011702922396714,1263137.6146750408,0.46917770300001393,Discontinuous,Non-Differentiable,Non-Separable,Non-Scalable,Multimodal,2,True,False,Tripod,0.0,20000,10000.0,10000.0,False,False,False,False,,,,,2
4,[  0. -50.],20000,NiaPyDifferentialEvolution,Tripod,0.0,0.0,74058.93267599426,3.0508350050000104,Discontinuous,Non-Differentiable,Non-Separable,Non-Scalable,Multimodal,2,True,False,Tripod,0.0,20000,10000.0,10000.0,True,True,True,True,890.0,1635.0,2306.0,3681.0,2
5,[ -0.09473582 -50.24000402],20000,RandomSearch1,Tripod,0.25802481562519824,0.3347398378144675,1191169.7440124461,0.34193630600003644,Discontinuous,Non-Differentiable,Non-Separable,Non-Scalable,Multimodal,2,True,False,Tripod,0.0,20000,10000.0,10000.0,True,False,False,False,10912.0,,,,2
6,[  0.46231447 -49.25412827],19999,RandomSearch2,Tripod,0.8775302271820631,1.2081861944831331,1187136.952463611,0.4021575920000373,Discontinuous,Non-Differentiable,Non-Separable,Non-Scalable,Multimodal,2,True,False,Tripod,0.0,20000,10000.0,9999.5,False,False,False,False,,,,,2
7,[-50.  50.],733,CMAES,Tripod,111.8033988749875,1.0000000000042988,2387.638611332767,0.23601135500001647,Discontinuous,Non-Differentiable,Non-Separable,Non-Scalable,Multimodal,2,True,False,Tripod,0.0,20000,10000.0,366.5,False,False,False,False,,,,,2
