,BestArm,NumberFunctionEval,Algorithm,CostFunction,EuclideanDistance,TrueRewardDifference,CumulativeRegret,TimeToComplete,Continuous,Differentiability,Separability,Scalability,Modality,Ndimensions,OptimizationSuccessful,BBOB,BaseClass,SD,MaxFeval,MaxFevalPerDimensions,FevalPerDimensions,SolveAt1,SolveAt1e-1,SolveAt1e-3,SolveAt1e-6,SolveEarlierAt1,SolveEarlierAt1e-1,SolveEarlierAt1e-3,SolveEarlierAt1e-6,simNumber
0,[-59.99192081  73.99159487],20000,NiaPyNelderMead,Tripod,137.74231797625532,34.98351568083851,699717.2578659098,0.8661628790000009,Discontinuous,Non-Differentiable,Non-Separable,Non-Scalable,Multimodal,2,True,False,Tripod,0.0,20000,10000.0,10000.0,False,False,False,False,,,,,6
1,[-50.00112638  49.99680176],20000,NiaPyPSO,Tripod,111.80104203843915,1.0043246244638908,821488.6281472445,0.6897174110000037,Discontinuous,Non-Differentiable,Non-Separable,Non-Scalable,Multimodal,2,True,False,Tripod,0.0,20000,10000.0,10000.0,False,False,False,False,,,,,6
2,[-43.14773503  12.73385639],20000,NiaPySimulatedAnnealing,Tripod,76.13976474722884,45.1184085786073,1428859.9328261279,0.729136915999959,Discontinuous,Non-Differentiable,Non-Separable,Non-Scalable,Multimodal,2,True,False,Tripod,0.0,20000,10000.0,10000.0,False,False,False,False,,,,,6
3,[-49.20263168  52.12053894],20000,NiaPyCuckooSearch,Tripod,113.3556502236937,3.917907259948329,1280924.2360058578,0.46157483000001776,Discontinuous,Non-Differentiable,Non-Separable,Non-Scalable,Multimodal,2,True,False,Tripod,0.0,20000,10000.0,10000.0,False,False,False,False,,,,,6
4,[  0. -50.],20000,NiaPyDifferentialEvolution,Tripod,0.0,0.0,71598.11035890221,3.0109679730000494,Discontinuous,Non-Differentiable,Non-Separable,Non-Scalable,Multimodal,2,True,False,Tripod,0.0,20000,10000.0,10000.0,True,True,True,True,1264.0,1760.0,2778.0,4047.0,6
5,[ -0.39331835 -50.34195888],20000,RandomSearch1,Tripod,0.521186343911178,0.7352772368862546,1195118.5641782135,0.34222204400003875,Discontinuous,Non-Differentiable,Non-Separable,Non-Scalable,Multimodal,2,True,False,Tripod,0.0,20000,10000.0,10000.0,True,False,False,False,1047.0,,,,6
6,[  0.4205262  -49.21804671],19999,RandomSearch2,Tripod,0.8878587930648422,1.2024794909643575,1191694.174664749,0.40364865099996905,Discontinuous,Non-Differentiable,Non-Separable,Non-Scalable,Multimodal,2,True,False,Tripod,0.0,20000,10000.0,9999.5,False,False,False,False,,,,,6
7,[-50.  50.],775,CMAES,Tripod,111.80339887499065,1.000000000002089,2816.7285730742074,0.24128468199995723,Discontinuous,Non-Differentiable,Non-Separable,Non-Scalable,Multimodal,2,True,False,Tripod,0.0,20000,10000.0,387.5,False,False,False,False,,,,,6
