,BestArm,NumberFunctionEval,Algorithm,CostFunction,EuclideanDistance,TrueRewardDifference,CumulativeRegret,TimeToComplete,Continuous,Differentiability,Separability,Scalability,Modality,Ndimensions,OptimizationSuccessful,BBOB,BaseClass,SD,MaxFeval,MaxFevalPerDimensions,FevalPerDimensions,SolveAt1,SolveAt1e-1,SolveAt1e-3,SolveAt1e-6,SolveEarlierAt1,SolveEarlierAt1e-1,SolveEarlierAt1e-3,SolveEarlierAt1e-6,simNumber
0,[-62.49581274  28.91916629],40,NiaPyNelderMead,Tripod,100.66757877811473,34.57664645315603,1413.203954470927,0.0034434670000038636,Discontinuous,Non-Differentiable,Non-Separable,Non-Scalable,Multimodal,2,True,False,Tripod,0.0,40,20.0,20.0,False,False,False,False,,,,,9
1,[ -8.18242617 -47.30200637],40,NiaPyPSO,Tripod,8.615756937918135,10.88041979980516,2572.326934159103,0.0034309360000008837,Discontinuous,Non-Differentiable,Non-Separable,Non-Scalable,Multimodal,2,True,False,Tripod,0.0,40,20.0,20.0,False,False,False,False,,,,,9
2,[-57.81207166 -11.44100767],40,NiaPySimulatedAnnealing,Tripod,69.49123339240928,96.3710639827006,3873.2996678447253,0.0034419300000010367,Discontinuous,Non-Differentiable,Non-Separable,Non-Scalable,Multimodal,2,True,False,Tripod,0.0,40,20.0,20.0,False,False,False,False,,,,,9
3,[ -5.34405243 -55.60130009],40,NiaPyCuckooSearch,Tripod,7.741670300507881,10.94535251703335,2316.5887950354804,0.0023525259999956916,Discontinuous,Non-Differentiable,Non-Separable,Non-Scalable,Multimodal,2,True,False,Tripod,0.0,40,20.0,20.0,False,False,False,False,,,,,9
4,[-42.53064139  50.40370056],40,NiaPyDifferentialEvolution,Tripod,109.0401694044169,8.873059172504199,2512.4894104083123,0.009542144000000974,Discontinuous,Non-Differentiable,Non-Separable,Non-Scalable,Multimodal,2,True,False,Tripod,0.0,40,20.0,20.0,False,False,False,False,,,,,9
5,[-45.54583374  47.02619968],40,RandomSearch1,Tripod,107.1844503402692,8.427966582359495,2354.5428851882843,0.000825507000001835,Discontinuous,Non-Differentiable,Non-Separable,Non-Scalable,Multimodal,2,True,False,Tripod,0.0,40,20.0,20.0,False,False,False,False,,,,,9
6,[-57.84771786  48.41848847],39,RandomSearch2,Tripod,114.16022658764204,10.429229395354362,2122.6618965102534,0.0014076599999981454,Discontinuous,Non-Differentiable,Non-Separable,Non-Scalable,Multimodal,2,True,False,Tripod,0.0,40,20.0,19.5,False,False,False,False,,,,,9
7,[-50.71019275  26.28943076],43,CMAES,Tripod,91.60568156441649,25.420761983445907,1752.1425134622712,0.052423179000001596,Discontinuous,Non-Differentiable,Non-Separable,Non-Scalable,Multimodal,2,True,False,Tripod,0.0,40,20.0,21.5,False,False,False,False,,,,,9
