,BestArm,NumberFunctionEval,Algorithm,CostFunction,EuclideanDistance,TrueRewardDifference,CumulativeRegret,TimeToComplete,Continuous,Differentiability,Separability,Scalability,Modality,Ndimensions,OptimizationSuccessful,BBOB,BaseClass,SD,MaxFeval,MaxFevalPerDimensions,FevalPerDimensions,SolveAt1,SolveAt1e-1,SolveAt1e-3,SolveAt1e-6,SolveEarlierAt1,SolveEarlierAt1e-1,SolveEarlierAt1e-3,SolveEarlierAt1e-6,simNumber
0,[-76.44448489  49.90524343],40,NiaPyNelderMead,Tripod,125.7967286375353,27.539241460354937,1201.8918592436175,0.002124879999996665,Discontinuous,Non-Differentiable,Non-Separable,Non-Scalable,Multimodal,2,True,False,Tripod,0.0,40,20.0,20.0,False,False,False,False,,,,,8
1,[-57.01989789  47.50868307],40,NiaPyPSO,Tripod,112.95668209599808,10.511214814723843,2485.6493178345945,0.0015556950000004122,Discontinuous,Non-Differentiable,Non-Separable,Non-Scalable,Multimodal,2,True,False,Tripod,0.0,40,20.0,20.0,False,False,False,False,,,,,8
2,[ 35.59339297 -30.37750016],40,NiaPySimulatedAnnealing,Tripod,40.64396786135932,55.215892818017096,2256.941265353967,0.0016504100000034327,Discontinuous,Non-Differentiable,Non-Separable,Non-Scalable,Multimodal,2,True,False,Tripod,0.0,40,20.0,20.0,False,False,False,False,,,,,8
3,[ -2.17974104 -46.69837088],40,NiaPyCuckooSearch,Tripod,3.956264125596126,5.4813701567068875,2168.238778655921,0.0011534680000053754,Discontinuous,Non-Differentiable,Non-Separable,Non-Scalable,Multimodal,2,True,False,Tripod,0.0,40,20.0,20.0,False,False,False,False,,,,,8
4,[-57.99559455  56.17821462],40,NiaPyDifferentialEvolution,Tripod,120.98471906420448,15.173809169430228,2774.6363501638793,0.005884342000001652,Discontinuous,Non-Differentiable,Non-Separable,Non-Scalable,Multimodal,2,True,False,Tripod,0.0,40,20.0,20.0,False,False,False,False,,,,,8
5,[40.11430951 48.06472183],40,RandomSearch1,Tripod,105.95210000009132,13.820968661515792,2293.2806975162503,0.0008399960000033957,Discontinuous,Non-Differentiable,Non-Separable,Non-Scalable,Multimodal,2,True,False,Tripod,0.0,40,20.0,20.0,False,False,False,False,,,,,8
6,[ 13.9464312  -58.17268165],39,RandomSearch2,Tripod,16.164642542820292,22.119112846856908,2181.9550955120435,0.0010146269999964375,Discontinuous,Non-Differentiable,Non-Separable,Non-Scalable,Multimodal,2,True,False,Tripod,0.0,40,20.0,19.5,False,False,False,False,,,,,8
7,[-46.92665225  15.02453009],43,CMAES,Tripod,80.18915266630032,39.04881765621505,1905.9438834655266,0.052242865000003746,Discontinuous,Non-Differentiable,Non-Separable,Non-Scalable,Multimodal,2,True,False,Tripod,0.0,40,20.0,21.5,False,False,False,False,,,,,8
