,BestArm,NumberFunctionEval,Algorithm,CostFunction,EuclideanDistance,TrueRewardDifference,CumulativeRegret,TimeToComplete,Continuous,Differentiability,Separability,Scalability,Modality,Ndimensions,OptimizationSuccessful,BBOB,BaseClass,SD,MaxFeval,MaxFevalPerDimensions,FevalPerDimensions,SolveAt1,SolveAt1e-1,SolveAt1e-3,SolveAt1e-6,SolveEarlierAt1,SolveEarlierAt1e-1,SolveEarlierAt1e-3,SolveEarlierAt1e-6,simNumber
0,[-32.47505766  71.09425799],20000,NiaPyNelderMead,Tripod,125.37323752705457,39.61920032737654,792419.1691291069,0.8485051360000284,Discontinuous,Non-Differentiable,Non-Separable,Non-Scalable,Multimodal,2,True,False,Tripod,0.0,20000,10000.0,10000.0,False,False,False,False,,,,,7
1,[-49.99889422  49.99954079],20000,NiaPyPSO,Tripod,111.80249362952186,1.0015649861254587,525016.3211507538,0.7019698500000118,Discontinuous,Non-Differentiable,Non-Separable,Non-Scalable,Multimodal,2,True,False,Tripod,0.0,20000,10000.0,10000.0,False,False,False,False,,,,,7
2,[-87.83805391  61.56383706],20000,NiaPySimulatedAnnealing,Tripod,141.99300494777466,50.40189096987159,1395096.0999007765,0.7167638600000146,Discontinuous,Non-Differentiable,Non-Separable,Non-Scalable,Multimodal,2,True,False,Tripod,0.0,20000,10000.0,10000.0,False,False,False,False,,,,,7
3,[  0.06595266 -49.39544365],20000,NiaPyCuckooSearch,Tripod,0.6081431841795887,0.670509009129574,1291898.420632502,0.46578942700000425,Discontinuous,Non-Differentiable,Non-Separable,Non-Scalable,Multimodal,2,True,False,Tripod,0.0,20000,10000.0,10000.0,True,False,False,False,2863.0,,,,7
4,[  0. -50.],20000,NiaPyDifferentialEvolution,Tripod,0.0,0.0,80505.03742296105,2.9864290350000147,Discontinuous,Non-Differentiable,Non-Separable,Non-Scalable,Multimodal,2,True,False,Tripod,0.0,20000,10000.0,10000.0,True,True,True,True,939.0,1955.0,2859.0,4143.0,7
5,[ -0.43334194 -50.00908781],20000,RandomSearch1,Tripod,0.4334372170689282,0.4424297419338714,1188652.6983173108,0.33877403200000344,Discontinuous,Non-Differentiable,Non-Separable,Non-Scalable,Multimodal,2,True,False,Tripod,0.0,20000,10000.0,10000.0,True,False,False,False,10241.0,,,,7
6,[ -0.8279221  -50.18885853],19999,RandomSearch2,Tripod,0.8491893515062062,1.016780633246242,1192064.7646080279,0.4108746379999957,Discontinuous,Non-Differentiable,Non-Separable,Non-Scalable,Multimodal,2,True,False,Tripod,0.0,20000,10000.0,9999.5,False,False,False,False,,,,,7
7,[-50.  50.],763,CMAES,Tripod,111.80339887498906,1.0000000000024514,3219.5439294606585,0.23754198500000712,Discontinuous,Non-Differentiable,Non-Separable,Non-Scalable,Multimodal,2,True,False,Tripod,0.0,20000,10000.0,381.5,False,False,False,False,,,,,7
