,BestArm,NumberFunctionEval,Algorithm,CostFunction,EuclideanDistance,TrueRewardDifference,CumulativeRegret,TimeToComplete,Continuous,Differentiability,Separability,Scalability,Modality,Ndimensions,OptimizationSuccessful,BBOB,BaseClass,SD,MaxFeval,MaxFevalPerDimensions,FevalPerDimensions,SolveAt1,SolveAt1e-1,SolveAt1e-3,SolveAt1e-6,SolveEarlierAt1,SolveEarlierAt1e-1,SolveEarlierAt1e-3,SolveEarlierAt1e-6,simNumber
0,[63.07715554 47.91917567],20000,NiaPyNelderMead,Tripod,116.47700422880224,17.157979874767996,343198.8166242118,0.8688657729999818,Discontinuous,Non-Differentiable,Non-Separable,Non-Scalable,Multimodal,2,True,False,Tripod,0.0,20000,10000.0,10000.0,False,False,False,False,,,,,4
1,[-50.00032147  50.0017584 ],20000,NiaPyPSO,Tripod,111.80511539944303,1.0020798662656318,517932.0807388717,0.6862501020000309,Discontinuous,Non-Differentiable,Non-Separable,Non-Scalable,Multimodal,2,True,False,Tripod,0.0,20000,10000.0,10000.0,False,False,False,False,,,,,4
2,[ 88.05386843 -48.33933094],20000,NiaPySimulatedAnnealing,Tripod,88.06952688986821,89.71453748355091,2078361.1099536282,0.7285980450000125,Discontinuous,Non-Differentiable,Non-Separable,Non-Scalable,Multimodal,2,True,False,Tripod,0.0,20000,10000.0,10000.0,False,False,False,False,,,,,4
3,[  1.96011357 -50.09940427],20000,NiaPyCuckooSearch,Tripod,1.9626325226562842,2.0595178449525795,1266408.048376902,0.44708834400000796,Discontinuous,Non-Differentiable,Non-Separable,Non-Scalable,Multimodal,2,True,False,Tripod,0.0,20000,10000.0,10000.0,False,False,False,False,,,,,4
4,[  0. -50.],20000,NiaPyDifferentialEvolution,Tripod,0.0,0.0,71348.79225066345,3.0491611949999538,Discontinuous,Non-Differentiable,Non-Separable,Non-Scalable,Multimodal,2,True,False,Tripod,0.0,20000,10000.0,10000.0,True,True,True,True,996.0,1871.0,2569.0,3898.0,4
5,[  0.24521697 -49.98147655],20000,RandomSearch1,Tripod,0.24591559192395285,0.2637404193670747,1194523.7485781799,0.3396029580000004,Discontinuous,Non-Differentiable,Non-Separable,Non-Scalable,Multimodal,2,True,False,Tripod,0.0,20000,10000.0,10000.0,True,False,False,False,1620.0,,,,4
6,[-49.8006614   50.03647291],19999,RandomSearch2,Tripod,111.74704375553567,1.2358115067059003,1194374.3671162871,0.4023693480000361,Discontinuous,Non-Differentiable,Non-Separable,Non-Scalable,Multimodal,2,True,False,Tripod,0.0,20000,10000.0,9999.5,False,False,False,False,,,,,4
7,[-50.  50.],793,CMAES,Tripod,111.80339887499147,1.0000000000054712,3519.612885618433,0.2460366780000527,Discontinuous,Non-Differentiable,Non-Separable,Non-Scalable,Multimodal,2,True,False,Tripod,0.0,20000,10000.0,396.5,False,False,False,False,,,,,4
