,BestArm,NumberFunctionEval,Algorithm,CostFunction,EuclideanDistance,TrueRewardDifference,CumulativeRegret,TimeToComplete,Continuous,Differentiability,Separability,Scalability,Modality,Ndimensions,OptimizationSuccessful,BBOB,BaseClass,SD,MaxFeval,MaxFevalPerDimensions,FevalPerDimensions,SolveAt1,SolveAt1e-1,SolveAt1e-3,SolveAt1e-6,SolveEarlierAt1,SolveEarlierAt1e-1,SolveEarlierAt1e-3,SolveEarlierAt1e-6,simNumber
0,[  3.10068887 -51.65627892],20000,NiaPyNelderMead,Tripod,3.515328057089921,4.75696779378821,95238.97700995966,0.8692393119999906,Discontinuous,Non-Differentiable,Non-Separable,Non-Scalable,Multimodal,2,True,False,Tripod,0.0,20000,10000.0,10000.0,False,False,False,False,,,,,5
1,[ 6.93255988e-04 -5.00048485e+01],20000,NiaPyPSO,Tripod,0.004897772211424451,0.005541716441194111,389297.36675853055,0.6964267129999939,Discontinuous,Non-Differentiable,Non-Separable,Non-Scalable,Multimodal,2,True,False,Tripod,0.0,20000,10000.0,10000.0,True,True,False,False,142.0,1233.0,,,5
2,[-50.05167035  86.65679023],20000,NiaPySimulatedAnnealing,Tripod,145.53435340449832,37.70846057972347,1046227.619752186,0.7209887529999719,Discontinuous,Non-Differentiable,Non-Separable,Non-Scalable,Multimodal,2,True,False,Tripod,0.0,20000,10000.0,10000.0,False,False,False,False,,,,,5
3,[  1.22618587 -50.15869943],20000,NiaPyCuckooSearch,Tripod,1.2364130785389875,1.3848852996283512,1250716.3135493905,0.45674090899996145,Discontinuous,Non-Differentiable,Non-Separable,Non-Scalable,Multimodal,2,True,False,Tripod,0.0,20000,10000.0,10000.0,False,False,False,False,,,,,5
4,[  0. -50.],20000,NiaPyDifferentialEvolution,Tripod,0.0,0.0,78670.35415210889,2.975268526999969,Discontinuous,Non-Differentiable,Non-Separable,Non-Scalable,Multimodal,2,True,False,Tripod,0.0,20000,10000.0,10000.0,True,True,True,True,1258.0,1406.0,2422.0,4036.0,5
5,[  0.47376977 -50.12945584],20000,RandomSearch1,Tripod,0.4911380757812354,0.6032256092517301,1189125.4927059407,0.3414282809999918,Discontinuous,Non-Differentiable,Non-Separable,Non-Scalable,Multimodal,2,True,False,Tripod,0.0,20000,10000.0,10000.0,True,False,False,False,10694.0,,,,5
6,[ -0.96238203 -49.72865918],19999,RandomSearch2,Tripod,0.9999024998307913,1.2337228475128512,1185485.7258790145,0.40648718599999256,Discontinuous,Non-Differentiable,Non-Separable,Non-Scalable,Multimodal,2,True,False,Tripod,0.0,20000,10000.0,9999.5,False,False,False,False,,,,,5
7,[-50.  50.],757,CMAES,Tripod,111.80339887498532,1.000000000005393,3538.8646141839804,0.2363371160000156,Discontinuous,Non-Differentiable,Non-Separable,Non-Scalable,Multimodal,2,True,False,Tripod,0.0,20000,10000.0,378.5,False,False,False,False,,,,,5
