,BestArm,NumberFunctionEval,Algorithm,CostFunction,EuclideanDistance,TrueRewardDifference,CumulativeRegret,TimeToComplete,Continuous,Differentiability,Separability,Scalability,Modality,Ndimensions,OptimizationSuccessful,BBOB,BaseClass,SD,MaxFeval,MaxFevalPerDimensions,FevalPerDimensions,SolveAt1,SolveAt1e-1,SolveAt1e-3,SolveAt1e-6,SolveEarlierAt1,SolveEarlierAt1e-1,SolveEarlierAt1e-3,SolveEarlierAt1e-6,simNumber
0,[-0.89786049 -4.12769751 -1.84870996 -3.54625205 -2.01305596 -1.11486077],120,NiaPyNelderMead,WhitleyN6,8.498814891465436,10663.894399695555,2202893.395573588,0.019288303999999812,Continuous,Differentiable,Non-Separable,Scalable,Multimodal,6,True,False,Whitley,0.0,120,20.0,20.0,False,False,False,False,,,,,6
1,[-1.88699116 -1.79297264 -1.71554211 -0.42869707 -0.68870309 -3.07836156],120,NiaPyPSO,WhitleyN6,6.710850137763446,3187.2444177806346,7917109.968299329,0.01884930300001031,Continuous,Differentiable,Non-Separable,Scalable,Multimodal,6,True,False,Whitley,0.0,120,20.0,20.0,False,False,False,False,,,,,6
2,[-2.49194085  2.62310519 -6.26498082 -8.40890531  1.51791424 -2.97175613],120,NiaPySimulatedAnnealing,WhitleyN6,13.121686198681237,114952.38756036518,18964683.84621058,0.021358456000001524,Continuous,Differentiable,Non-Separable,Scalable,Multimodal,6,True,False,Whitley,0.0,120,20.0,20.0,False,False,False,False,,,,,6
3,[ 0.27183273  0.73563402  2.02370919 -0.74323345 -0.06804962  1.01066794],120,NiaPyCuckooSearch,WhitleyN6,2.4140845274155516,307.36611634136784,26625608.308545202,0.018390588000002595,Continuous,Differentiable,Non-Separable,Scalable,Multimodal,6,True,False,Whitley,0.0,120,20.0,20.0,False,False,False,False,,,,,6
4,[ 3.         -0.41339261 -0.43426087  1.22753217  1.87361326 -0.34826133],120,NiaPyDifferentialEvolution,WhitleyN6,3.2691837699805606,1334.5481122431952,21510857.394940864,0.03208928200000116,Continuous,Differentiable,Non-Separable,Scalable,Multimodal,6,True,False,Whitley,0.0,120,20.0,20.0,False,False,False,False,,,,,6
5,[-0.36760405  1.52916161  1.91130835 -0.24379338 -1.23501564  1.02254596],120,RandomSearch1,WhitleyN6,3.08604292452745,390.1676616966032,19864272.646995965,0.019118704999996794,Continuous,Differentiable,Non-Separable,Scalable,Multimodal,6,True,False,Whitley,0.0,120,20.0,20.0,False,False,False,False,,,,,6
6,[ 1.60115581 -1.88706663 -3.43912233 -2.37977476 -2.18843685 -3.7852154 ],119,RandomSearch2,WhitleyN6,8.537543120282944,9773.147733248745,16769571.669325879,0.01879918099999145,Continuous,Differentiable,Non-Separable,Scalable,Multimodal,6,True,False,Whitley,0.0,120,20.0,19.833333333333332,False,False,False,False,,,,,6
7,[-2.10485805 -0.0756639   1.70678192  0.03933127  0.27763645 -1.9155288 ],127,CMAES,WhitleyN6,4.608876075597537,959.5799773040093,7897121.971068817,0.08538316899999643,Continuous,Differentiable,Non-Separable,Scalable,Multimodal,6,True,False,Whitley,0.0,120,20.0,21.166666666666668,False,False,False,False,,,,,6
