,BestArm,NumberFunctionEval,Algorithm,CostFunction,EuclideanDistance,TrueRewardDifference,CumulativeRegret,TimeToComplete,Continuous,Differentiability,Separability,Scalability,Modality,Ndimensions,OptimizationSuccessful,BBOB,BaseClass,SD,MaxFeval,MaxFevalPerDimensions,FevalPerDimensions,SolveAt1,SolveAt1e-1,SolveAt1e-3,SolveAt1e-6,SolveEarlierAt1,SolveEarlierAt1e-1,SolveEarlierAt1e-3,SolveEarlierAt1e-6,simNumber
0,[-3.63154874 -0.71845327 -3.96910847  1.44005272  0.444946   -3.66112225],120,NiaPyNelderMead,WhitleyN6,8.445363005135269,12320.868834153493,2595677.240982579,0.018606992000002265,Continuous,Differentiable,Non-Separable,Scalable,Multimodal,6,True,False,Whitley,0.0,120,20.0,20.0,False,False,False,False,,,,,4
1,[-0.7716606  -0.55717686 -1.25531772 -1.7968978   0.71959599  0.69316445],120,NiaPyPSO,WhitleyN6,4.31803784742245,455.7253355926841,5119352.225309788,0.018405727000001093,Continuous,Differentiable,Non-Separable,Scalable,Multimodal,6,True,False,Whitley,0.0,120,20.0,20.0,False,False,False,False,,,,,4
2,[-2.42925485 -0.689388   -5.86588771 -0.49065663  0.89255309  2.30572751],120,NiaPySimulatedAnnealing,WhitleyN6,8.10510709463155,21194.120507007552,4346316.467740545,0.01971554200000014,Continuous,Differentiable,Non-Separable,Scalable,Multimodal,6,True,False,Whitley,0.0,120,20.0,20.0,False,False,False,False,,,,,4
3,[ 1.62404102 -4.3250917  -0.46602226 -2.4683116  -1.07052666 -2.43815263],120,NiaPyCuckooSearch,WhitleyN6,7.6832551437643195,8766.495628678209,16076984.746560492,0.018327474000003008,Continuous,Differentiable,Non-Separable,Scalable,Multimodal,6,True,False,Whitley,0.0,120,20.0,20.0,False,False,False,False,,,,,4
4,[-2.06681995  1.85860425 -0.84380278 -1.73486599 -3.18800895  0.48166189],120,NiaPyDifferentialEvolution,WhitleyN6,6.2313545780856,3184.7204988526005,25326707.846375532,0.03165463999999929,Continuous,Differentiable,Non-Separable,Scalable,Multimodal,6,True,False,Whitley,0.0,120,20.0,20.0,False,False,False,False,,,,,4
5,[ 0.60265781 -0.52594078  1.95889927 -0.85771231  1.79512822  2.92112275],120,RandomSearch1,WhitleyN6,3.343635808620269,1276.641855306365,20148746.122321606,0.018716101000009644,Continuous,Differentiable,Non-Separable,Scalable,Multimodal,6,True,False,Whitley,0.0,120,20.0,20.0,False,False,False,False,,,,,4
6,[-2.84213206 -1.77087182  0.33363014 -0.89058248  1.56475571  2.408938  ],119,RandomSearch2,WhitleyN6,5.363032316802561,2242.600941997304,19544721.54783551,0.018096881000005283,Continuous,Differentiable,Non-Separable,Scalable,Multimodal,6,True,False,Whitley,0.0,120,20.0,19.833333333333332,False,False,False,False,,,,,4
7,[-0.12453886 -0.08268014 -0.35060782  0.11396948  0.28298228 -0.66206505],127,CMAES,WhitleyN6,2.884883036315231,55.21911525148513,7713057.525285013,0.089081199000006,Continuous,Differentiable,Non-Separable,Scalable,Multimodal,6,True,False,Whitley,0.0,120,20.0,21.166666666666668,False,False,False,False,,,,,4
