,BestArm,NumberFunctionEval,Algorithm,CostFunction,EuclideanDistance,TrueRewardDifference,CumulativeRegret,TimeToComplete,Continuous,Differentiability,Separability,Scalability,Modality,Ndimensions,OptimizationSuccessful,BBOB,BaseClass,SD,MaxFeval,MaxFevalPerDimensions,FevalPerDimensions,SolveAt1,SolveAt1e-1,SolveAt1e-3,SolveAt1e-6,SolveEarlierAt1,SolveEarlierAt1e-1,SolveEarlierAt1e-3,SolveEarlierAt1e-6,simNumber
0,[-2.7335897  -2.95381834 -3.40499903  0.30073818 -2.5349248   1.77721866],6000,NiaPyNelderMead,WhitleyN6,7.909811456131573,7324.5867203349735,44682159.771674186,0.891977025000017,Continuous,Differentiable,Non-Separable,Scalable,Multimodal,6,True,False,Whitley,0.0,6000,1000.0,1000.0,False,False,False,False,,,,,9
1,[ 0.12984922  0.44919835 -0.04382321 -0.43379954  0.0861116   0.06926962],6000,NiaPyPSO,WhitleyN6,2.4305028032576064,27.263049150575295,12659413.861482166,0.9439767610000445,Continuous,Differentiable,Non-Separable,Scalable,Multimodal,6,True,False,Whitley,0.0,6000,1000.0,1000.0,False,False,False,False,,,,,9
2,[-3.58923812  0.55163629 -0.66091561 -0.88869293 -6.90960864 -4.53965309],6000,NiaPySimulatedAnnealing,WhitleyN6,10.992615854555,51676.990608696775,1353603163.866898,0.9677154309999878,Continuous,Differentiable,Non-Separable,Scalable,Multimodal,6,True,False,Whitley,0.0,6000,1000.0,1000.0,False,False,False,False,,,,,9
3,[-2.22542123  2.13202429  1.90062878  1.70010051  2.80597066  0.05762775],6000,NiaPyCuckooSearch,WhitleyN6,4.139527697035548,1585.4823427664426,990562765.8863089,0.8549173950000295,Continuous,Differentiable,Non-Separable,Scalable,Multimodal,6,True,False,Whitley,0.0,6000,1000.0,1000.0,False,False,False,False,,,,,9
4,[-0.04894243  0.08565931  0.44640287 -0.04463571 -0.34727922  0.43750035],6000,NiaPyDifferentialEvolution,WhitleyN6,2.337862233868408,19.18384254493834,71434716.29844013,1.7674176550000311,Continuous,Differentiable,Non-Separable,Scalable,Multimodal,6,True,False,Whitley,0.0,6000,1000.0,1000.0,False,False,False,False,,,,,9
5,[ 0.26803041 -1.2194002   0.65347917  0.42835628 -0.38332676 -1.24471859],6000,RandomSearch1,WhitleyN6,3.5861852247641814,202.01493144785485,971050922.2464405,0.9178128980000224,Continuous,Differentiable,Non-Separable,Scalable,Multimodal,6,True,False,Whitley,0.0,6000,1000.0,1000.0,False,False,False,False,,,,,9
6,[ 0.17468619  0.74441836 -0.25862291 -0.14728281 -0.12492808  2.27896154],5999,RandomSearch2,WhitleyN6,2.558917764559315,457.63366736074335,966313823.798368,0.9143727179999814,Continuous,Differentiable,Non-Separable,Scalable,Multimodal,6,True,False,Whitley,0.0,6000,1000.0,999.8333333333334,False,False,False,False,,,,,9
7,[-0.10570884  0.07828258 -0.10570884  0.0166898  -0.10570884  0.01668979],2386,CMAES,WhitleyN6,2.539908858861491,5.007117852078389,443888.18755348324,0.8306693220000056,Continuous,Differentiable,Non-Separable,Scalable,Multimodal,6,True,False,Whitley,0.0,6000,1000.0,397.6666666666667,False,False,False,False,,,,,9
