,BestArm,NumberFunctionEval,Algorithm,CostFunction,EuclideanDistance,TrueRewardDifference,CumulativeRegret,TimeToComplete,Continuous,Differentiability,Separability,Scalability,Modality,Ndimensions,OptimizationSuccessful,BBOB,BaseClass,SD,MaxFeval,MaxFevalPerDimensions,FevalPerDimensions,SolveAt1,SolveAt1e-1,SolveAt1e-3,SolveAt1e-6,SolveEarlierAt1,SolveEarlierAt1e-1,SolveEarlierAt1e-3,SolveEarlierAt1e-6,simNumber
0,[-1.09004194 -1.40424691 -3.26577758 -2.54886676 -3.20335872 -3.76995514],6000,NiaPyNelderMead,WhitleyN6,9.020016002421457,11415.188736213635,69159697.276683,0.946550378999973,Continuous,Differentiable,Non-Separable,Scalable,Multimodal,6,True,False,Whitley,3.0,6000,1000.0,1000.0,False,False,False,False,,,,,7
1,[-0.04993585  0.56717341  0.02534746  0.08263976  0.24647046 -0.00460935],6000,NiaPyPSO,WhitleyN6,2.1582975363844903,25.253687334031827,7899642.625522431,0.978375177000089,Continuous,Differentiable,Non-Separable,Scalable,Multimodal,6,True,False,Whitley,3.0,6000,1000.0,1000.0,False,False,False,False,,,,,7
2,[-1.91484028 -1.49192249  1.90419956 -2.02994082 -1.79736717 -1.08908928],6000,NiaPySimulatedAnnealing,WhitleyN6,6.07401406925238,1852.7846742306137,662333488.4342324,1.0003332740000133,Continuous,Differentiable,Non-Separable,Scalable,Multimodal,6,True,False,Whitley,3.0,6000,1000.0,1000.0,False,False,False,False,,,,,7
3,[3.         2.21799773 3.         1.86875358 1.04528321 1.69511254],6000,NiaPyCuckooSearch,WhitleyN6,3.2746730028383255,1672.956537106885,940302907.2496417,0.9152723759999617,Continuous,Differentiable,Non-Separable,Scalable,Multimodal,6,True,False,Whitley,3.0,6000,1000.0,1000.0,False,False,False,False,,,,,7
4,[ 0.15620468 -0.45507986  0.28076668 -0.15254183 -0.15186094  0.03639782],6000,NiaPyDifferentialEvolution,WhitleyN6,2.6325291895070775,20.700190095200092,45787868.95801846,1.8144627320000382,Continuous,Differentiable,Non-Separable,Scalable,Multimodal,6,True,False,Whitley,3.0,6000,1000.0,1000.0,False,False,False,False,,,,,7
5,[ 2.09304577  0.00533797  0.60085121 -0.57343424  0.95591351  1.60894983],6000,RandomSearch1,WhitleyN6,2.2785697697248875,370.25148807051204,980009283.8553247,0.934212369000079,Continuous,Differentiable,Non-Separable,Scalable,Multimodal,6,True,False,Whitley,3.0,6000,1000.0,1000.0,False,False,False,False,,,,,7
6,[-1.34054226  0.07058999  0.03854187  0.34494813 -0.07596314  1.02166789],5999,RandomSearch2,WhitleyN6,2.975500274539254,151.0081321443739,964266286.1544836,0.9343939440000213,Continuous,Differentiable,Non-Separable,Scalable,Multimodal,6,True,False,Whitley,3.0,6000,1000.0,999.8333333333334,False,False,False,False,,,,,7
7,[ 0.01405392 -0.10926303  0.07074836  0.01145978  0.01154707  0.26013356],4726,CMAES,WhitleyN6,2.359600826412915,5.0791354078082795,38137810.38784724,1.6511389319999807,Continuous,Differentiable,Non-Separable,Scalable,Multimodal,6,True,False,Whitley,3.0,6000,1000.0,787.6666666666666,False,False,False,False,,,,,7
