,BestArm,NumberFunctionEval,Algorithm,CostFunction,EuclideanDistance,TrueRewardDifference,CumulativeRegret,TimeToComplete,Continuous,Differentiability,Separability,Scalability,Modality,Ndimensions,OptimizationSuccessful,BBOB,BaseClass,SD,MaxFeval,MaxFevalPerDimensions,FevalPerDimensions,SolveAt1,SolveAt1e-1,SolveAt1e-3,SolveAt1e-6,SolveEarlierAt1,SolveEarlierAt1e-1,SolveEarlierAt1e-3,SolveEarlierAt1e-6,simNumber
0,[-2.81299285 -3.39800474 -3.18033599 -1.34046482 -3.74549456 -2.51791453],6000,NiaPyNelderMead,WhitleyN6,9.577566806327814,13599.920281702038,82306511.97352292,0.9477690889999622,Continuous,Differentiable,Non-Separable,Scalable,Multimodal,6,True,False,Whitley,3.0,6000,1000.0,1000.0,False,False,False,False,,,,,3
1,[ 0.20225719 -0.06335542  0.07392155  0.14435553 -0.27302585  0.26596076],6000,NiaPyPSO,WhitleyN6,2.348675262190533,29.003426157927546,9897380.52595238,0.9703721789999804,Continuous,Differentiable,Non-Separable,Scalable,Multimodal,6,True,False,Whitley,3.0,6000,1000.0,1000.0,False,False,False,False,,,,,3
2,[ 1.84373255 -0.93427863 -0.84880043 -2.3832946  -2.18603486  1.42471003],6000,NiaPySimulatedAnnealing,WhitleyN6,5.445113458157335,1691.5268645237059,844880589.3154318,1.010233618999962,Continuous,Differentiable,Non-Separable,Scalable,Multimodal,6,True,False,Whitley,3.0,6000,1000.0,1000.0,False,False,False,False,,,,,3
3,[ 0.13038301  2.5707474  -0.34205793  1.72865546  1.5452444   1.56272547],6000,NiaPyCuckooSearch,WhitleyN6,2.4838459664075634,699.6554716442153,1038511592.9479729,0.9138641539999526,Continuous,Differentiable,Non-Separable,Scalable,Multimodal,6,True,False,Whitley,3.0,6000,1000.0,1000.0,False,False,False,False,,,,,3
4,[0.07435397 0.07996414 0.20116078 0.01285003 0.44003993 0.02129695],6000,NiaPyDifferentialEvolution,WhitleyN6,2.1418007981259968,18.504231476317972,46245255.43506844,1.8246689850000166,Continuous,Differentiable,Non-Separable,Scalable,Multimodal,6,True,False,Whitley,3.0,6000,1000.0,1000.0,False,False,False,False,,,,,3
5,[ 0.90394017  0.33481141 -0.26515744 -0.97665758  0.81191422 -0.50582027],6000,RandomSearch1,WhitleyN6,2.8744343493830407,112.20506235544691,990115788.1066053,0.9464057569999795,Continuous,Differentiable,Non-Separable,Scalable,Multimodal,6,True,False,Whitley,3.0,6000,1000.0,1000.0,False,False,False,False,,,,,3
6,[-0.30801645  0.3456191  -0.33679794  0.30333729 -2.06557666  1.36950505],5999,RandomSearch2,WhitleyN6,3.7344053448144003,488.7425339095839,993415792.9913251,0.9330890219999901,Continuous,Differentiable,Non-Separable,Scalable,Multimodal,6,True,False,Whitley,3.0,6000,1000.0,999.8333333333334,False,False,False,False,,,,,3
7,[ 0.26728149  0.14566656  0.14529583  0.08650764  0.26815403 -0.04495052],6004,CMAES,WhitleyN6,2.1116982883725104,11.590176064667663,37176805.91851643,2.1169078179999588,Continuous,Differentiable,Non-Separable,Scalable,Multimodal,6,True,False,Whitley,3.0,6000,1000.0,1000.6666666666666,False,False,False,False,,,,,3
