,BestArm,NumberFunctionEval,Algorithm,CostFunction,EuclideanDistance,TrueRewardDifference,CumulativeRegret,TimeToComplete,Continuous,Differentiability,Separability,Scalability,Modality,Ndimensions,OptimizationSuccessful,BBOB,BaseClass,SD,MaxFeval,MaxFevalPerDimensions,FevalPerDimensions,SolveAt1,SolveAt1e-1,SolveAt1e-3,SolveAt1e-6,SolveEarlierAt1,SolveEarlierAt1e-1,SolveEarlierAt1e-3,SolveEarlierAt1e-6,simNumber
0,[ 1.33659162 -5.2871941  -2.40542561 -2.09497398 -4.53932349 -5.19526294],120,NiaPyNelderMead,WhitleyN6,11.396634535992444,39915.37926080703,6067679.053951707,0.019406281999991393,Continuous,Differentiable,Non-Separable,Scalable,Multimodal,6,True,False,Whitley,3.0,120,20.0,20.0,False,False,False,False,,,,,0
1,[-2.01768931 -1.05049265 -2.64101515 -0.57819494  0.43817376  0.34270465],120,NiaPyPSO,WhitleyN6,5.459518782498894,1618.8361238832892,9177263.736269977,0.019915084000004413,Continuous,Differentiable,Non-Separable,Scalable,Multimodal,6,True,False,Whitley,3.0,120,20.0,20.0,False,False,False,False,,,,,0
2,[ 2.89669807 -4.57605083 -7.24319245 -7.92814067 -7.06676029 -2.61494832],120,NiaPySimulatedAnnealing,WhitleyN6,16.139770662864926,179245.99927472725,27741405.1718032,0.020627543000003357,Continuous,Differentiable,Non-Separable,Scalable,Multimodal,6,True,False,Whitley,3.0,120,20.0,20.0,False,False,False,False,,,,,0
3,[-1.77816643 -0.50735082 -2.14582624  2.11549522 -2.6299377   0.03300199],120,NiaPyCuckooSearch,WhitleyN6,5.936531006537913,2344.590325646015,16445102.703146722,0.01832391199999961,Continuous,Differentiable,Non-Separable,Scalable,Multimodal,6,True,False,Whitley,3.0,120,20.0,20.0,False,False,False,False,,,,,0
4,[3.         1.80709774 3.         3.         3.         2.01608499],120,NiaPyDifferentialEvolution,WhitleyN6,4.205215270464208,2542.0263427222426,22736480.07495839,0.034205165000003035,Continuous,Differentiable,Non-Separable,Scalable,Multimodal,6,True,False,Whitley,3.0,120,20.0,20.0,False,False,False,False,,,,,0
5,[-3.39971058  1.80881922  1.46605435  0.20014102 -2.03978154 -0.78313478],120,RandomSearch1,WhitleyN6,5.769615605267175,3219.6867894901243,20789788.99700134,0.019604544000003443,Continuous,Differentiable,Non-Separable,Scalable,Multimodal,6,True,False,Whitley,3.0,120,20.0,20.0,False,False,False,False,,,,,0
6,[-1.55163877 -3.73485438 -0.34266089 -1.88947942  2.3956631  -1.35840393],119,RandomSearch2,WhitleyN6,6.825795229896556,5187.091911080253,15882658.501412695,0.018948811000001342,Continuous,Differentiable,Non-Separable,Scalable,Multimodal,6,True,False,Whitley,3.0,120,20.0,19.833333333333332,False,False,False,False,,,,,0
7,[ 2.70178222 -0.94810604  1.36520098  1.09675928 -0.69302592  1.11250138],127,CMAES,WhitleyN6,3.1165537523963054,844.2758858466174,6123599.46011736,0.08464818299999877,Continuous,Differentiable,Non-Separable,Scalable,Multimodal,6,True,False,Whitley,3.0,120,20.0,21.166666666666668,False,False,False,False,,,,,0
