,BestArm,NumberFunctionEval,Algorithm,CostFunction,EuclideanDistance,TrueRewardDifference,CumulativeRegret,TimeToComplete,Continuous,Differentiability,Separability,Scalability,Modality,Ndimensions,OptimizationSuccessful,BBOB,BaseClass,SD,MaxFeval,MaxFevalPerDimensions,FevalPerDimensions,SolveAt1,SolveAt1e-1,SolveAt1e-3,SolveAt1e-6,SolveEarlierAt1,SolveEarlierAt1e-1,SolveEarlierAt1e-3,SolveEarlierAt1e-6,simNumber
0,[-1.22280495 -1.65331721 -3.05750564 -0.60302384 -1.12145914 -1.45506927],60000,NiaPyNelderMead,WhitleyN6,6.445304144748209,2685.6840623095586,161790278.68959877,9.566049324999767,Continuous,Differentiable,Non-Separable,Scalable,Multimodal,6,True,False,Whitley,3.0,60000,10000.0,10000.0,False,False,False,False,,,,,4
1,[-0.15350906 -0.03397797 -0.16115993  0.02478491  0.08479987 -0.14544617],60000,NiaPyPSO,WhitleyN6,2.616996114875809,24.1800775508259,18360033.81293843,9.773377713000173,Continuous,Differentiable,Non-Separable,Scalable,Multimodal,6,True,False,Whitley,3.0,60000,10000.0,10000.0,False,False,False,False,,,,,4
2,[-1.15144436  1.78127396  2.03325992  0.57718287 -2.21190284 -1.79057748],60000,NiaPySimulatedAnnealing,WhitleyN6,4.95874426861315,1335.1605711093673,9022052383.349173,10.145697600999938,Continuous,Differentiable,Non-Separable,Scalable,Multimodal,6,True,False,Whitley,3.0,60000,10000.0,10000.0,False,False,False,False,,,,,4
3,[ 1.52546891  2.14769358 -0.01648236  0.80424677 -0.07260311 -0.08847725],60000,NiaPyCuckooSearch,WhitleyN6,2.2360979375565413,398.94723061569647,9499719912.468277,9.120595934999983,Continuous,Differentiable,Non-Separable,Scalable,Multimodal,6,True,False,Whitley,3.0,60000,10000.0,10000.0,False,False,False,False,,,,,4
4,[ 0.0082818  -0.04835352  0.01293775 -0.05290118  0.00581827  0.01391633],60000,NiaPyDifferentialEvolution,WhitleyN6,2.475116398056415,2.063183969884579,63629669.1768093,18.569949928999904,Continuous,Differentiable,Non-Separable,Scalable,Multimodal,6,True,False,Whitley,3.0,60000,10000.0,10000.0,False,False,False,False,40679.0,,,,4
5,[-0.52395747  0.59082699  0.61378979  0.32736948  0.51962445  1.11471355],60000,RandomSearch1,WhitleyN6,1.8263019861889096,71.43539256045771,9758331911.926472,9.498995001000367,Continuous,Differentiable,Non-Separable,Scalable,Multimodal,6,True,False,Whitley,3.0,60000,10000.0,10000.0,False,False,False,False,,,,,4
6,[-0.07102672  0.78332795 -0.611182    0.82810073  1.40276028  0.54217331],59999,RandomSearch2,WhitleyN6,2.047272072374796,116.33280700423234,9835205524.300499,9.3240879949999,Continuous,Differentiable,Non-Separable,Scalable,Multimodal,6,True,False,Whitley,3.0,60000,10000.0,9999.833333333334,False,False,False,False,,,,,4
7,[-0.17014723  0.01197448 -0.05338753  0.25314714 -0.24109886  0.00207196],4546,CMAES,WhitleyN6,2.559109257752763,18.270114442373615,2203117.4101743186,1.60132032599995,Continuous,Differentiable,Non-Separable,Scalable,Multimodal,6,True,False,Whitley,3.0,60000,10000.0,757.6666666666666,False,False,False,False,,,,,4
