,BestArm,NumberFunctionEval,Algorithm,CostFunction,EuclideanDistance,TrueRewardDifference,CumulativeRegret,TimeToComplete,Continuous,Differentiability,Separability,Scalability,Modality,Ndimensions,OptimizationSuccessful,BBOB,BaseClass,SD,MaxFeval,MaxFevalPerDimensions,FevalPerDimensions,SolveAt1,SolveAt1e-1,SolveAt1e-3,SolveAt1e-6,SolveEarlierAt1,SolveEarlierAt1e-1,SolveEarlierAt1e-3,SolveEarlierAt1e-6,simNumber
0,[-4.20574952 -3.01390847 -1.35217612 -4.1776916  -3.27200276 -4.68493589],120,NiaPyNelderMead,WhitleyN6,11.230361335748993,29507.36139254733,4704516.76691446,0.020111352000000693,Continuous,Differentiable,Non-Separable,Scalable,Multimodal,6,True,False,Whitley,3.0,120,20.0,20.0,False,False,False,False,,,,,1
1,[-3.47843334 -2.25651166 -1.90242691 -1.09208999 -2.18999362 -0.92222101],120,NiaPyPSO,WhitleyN6,7.57186560406811,5365.565048441075,10639339.266772674,0.01934645600000806,Continuous,Differentiable,Non-Separable,Scalable,Multimodal,6,True,False,Whitley,3.0,120,20.0,20.0,False,False,False,False,,,,,1
2,[-5.58528099 -7.48747792 -8.5545778  -5.82796131 -6.36714219 -6.98211473],120,NiaPySimulatedAnnealing,WhitleyN6,19.269228300102604,287942.5233082536,46693000.18409488,0.022197356000006607,Continuous,Differentiable,Non-Separable,Scalable,Multimodal,6,True,False,Whitley,3.0,120,20.0,20.0,False,False,False,False,,,,,1
3,[-0.48481193  1.44177636 -0.95077889  1.80047287 -2.06320561  1.57567753],120,NiaPyCuckooSearch,WhitleyN6,4.069491510564101,765.2581794692743,29389118.485549115,0.02022006899998985,Continuous,Differentiable,Non-Separable,Scalable,Multimodal,6,True,False,Whitley,3.0,120,20.0,20.0,False,False,False,False,,,,,1
4,[ 0.17179101 -2.5784573   3.          0.65198207 -2.20375222  3.        ],120,NiaPyDifferentialEvolution,WhitleyN6,5.645921672211699,3684.9969053058085,24824827.01435806,0.03585292500000037,Continuous,Differentiable,Non-Separable,Scalable,Multimodal,6,True,False,Whitley,3.0,120,20.0,20.0,False,False,False,False,,,,,1
5,[-1.10906688 -1.32621937 -0.31951181 -0.58286685  0.53615369  0.10261349],120,RandomSearch1,WhitleyN6,3.8892794271930047,216.4195184978582,18272333.805969752,0.02157088800001361,Continuous,Differentiable,Non-Separable,Scalable,Multimodal,6,True,False,Whitley,3.0,120,20.0,20.0,False,False,False,False,,,,,1
6,[-0.02882814  0.24234695 -2.3665425   1.80295392  2.97202112  2.9043307 ],119,RandomSearch2,WhitleyN6,4.596325885665617,2606.286765341362,17810001.097355075,0.020830255000007014,Continuous,Differentiable,Non-Separable,Scalable,Multimodal,6,True,False,Whitley,3.0,120,20.0,19.833333333333332,False,False,False,False,,,,,1
7,[ 0.20999176 -0.45728862  0.39235461 -0.86420227  0.19199115  0.55715523],127,CMAES,WhitleyN6,2.7278702218289848,72.1526713839351,6055517.949301277,0.08865355700000066,Continuous,Differentiable,Non-Separable,Scalable,Multimodal,6,True,False,Whitley,3.0,120,20.0,21.166666666666668,False,False,False,False,,,,,1
