,BestArm,NumberFunctionEval,Algorithm,CostFunction,EuclideanDistance,TrueRewardDifference,CumulativeRegret,TimeToComplete,Continuous,Differentiability,Separability,Scalability,Modality,Ndimensions,OptimizationSuccessful,BBOB,BaseClass,SD,MaxFeval,MaxFevalPerDimensions,FevalPerDimensions,SolveAt1,SolveAt1e-1,SolveAt1e-3,SolveAt1e-6,SolveEarlierAt1,SolveEarlierAt1e-1,SolveEarlierAt1e-3,SolveEarlierAt1e-6,simNumber
0,[-0.071945   -2.29807231 -0.51199937 -4.06004007 -2.8236016  -3.19666432],6000,NiaPyNelderMead,WhitleyN6,8.494022324841536,10482.561290714693,63686498.37916296,0.9581967219999683,Continuous,Differentiable,Non-Separable,Scalable,Multimodal,6,True,False,Whitley,3.0,6000,1000.0,1000.0,False,False,False,False,,,,,4
1,[-0.35871482  0.44592663  0.13722514 -0.28046443 -0.08571576  0.26399598],6000,NiaPyPSO,WhitleyN6,2.5015102448374384,26.273760053527166,9175595.834049428,0.9751837170000499,Continuous,Differentiable,Non-Separable,Scalable,Multimodal,6,True,False,Whitley,3.0,6000,1000.0,1000.0,False,False,False,False,,,,,4
2,[-2.439574   -3.19493065  1.93627059 -5.43344198  2.54724408 -4.46865544],6000,NiaPySimulatedAnnealing,WhitleyN6,10.19774717504696,27894.88018971655,1102984182.930023,1.010894683999993,Continuous,Differentiable,Non-Separable,Scalable,Multimodal,6,True,False,Whitley,3.0,6000,1000.0,1000.0,False,False,False,False,,,,,4
3,[ 0.95163711 -0.47445934  2.52449637  0.89098128  1.30947882  3.        ],6000,NiaPyCuckooSearch,WhitleyN6,2.9339599052895053,1445.5797635320262,938502728.1714721,0.9083781329999852,Continuous,Differentiable,Non-Separable,Scalable,Multimodal,6,True,False,Whitley,3.0,6000,1000.0,1000.0,False,False,False,False,,,,,4
4,[0.26498197 0.08949254 0.38060513 0.07300872 0.09501068 0.01633272],6000,NiaPyDifferentialEvolution,WhitleyN6,2.0973424048964233,18.578251555413882,68431563.60718219,1.8225872249999497,Continuous,Differentiable,Non-Separable,Scalable,Multimodal,6,True,False,Whitley,3.0,6000,1000.0,1000.0,False,False,False,False,,,,,4
5,[ 0.08970386  0.69268548 -1.59494039 -0.26808224  0.51579764 -0.30138563],6000,RandomSearch1,WhitleyN6,3.3455770755308514,207.3405985023896,970603606.4210274,0.9538267180000162,Continuous,Differentiable,Non-Separable,Scalable,Multimodal,6,True,False,Whitley,3.0,6000,1000.0,1000.0,False,False,False,False,,,,,4
6,[-0.3478408  -1.11859797 -1.20020502 -0.57021362  0.08552511 -0.74934211],5999,RandomSearch2,WhitleyN6,4.1842642413209195,240.72671276311797,998685106.7313018,0.9369748880000088,Continuous,Differentiable,Non-Separable,Scalable,Multimodal,6,True,False,Whitley,3.0,6000,1000.0,999.8333333333334,False,False,False,False,,,,,4
7,[-0.04729523  0.26630633  0.08363222 -0.10536107 -0.10524911  0.08115215],5311,CMAES,WhitleyN6,2.4005298724312905,4.429796926337822,65816021.45647592,1.8489507559999652,Continuous,Differentiable,Non-Separable,Scalable,Multimodal,6,True,False,Whitley,3.0,6000,1000.0,885.1666666666666,False,False,False,False,,,,,4
