,BestArm,NumberFunctionEval,Algorithm,CostFunction,EuclideanDistance,TrueRewardDifference,CumulativeRegret,TimeToComplete,Continuous,Differentiability,Separability,Scalability,Modality,Ndimensions,OptimizationSuccessful,BBOB,BaseClass,SD,MaxFeval,MaxFevalPerDimensions,FevalPerDimensions,SolveAt1,SolveAt1e-1,SolveAt1e-3,SolveAt1e-6,SolveEarlierAt1,SolveEarlierAt1e-1,SolveEarlierAt1e-3,SolveEarlierAt1e-6,simNumber
0,[-0.0351395  -2.14187456  1.32174319 -3.75800052 -3.78658309 -2.52363993],120,NiaPyNelderMead,WhitleyN6,8.307369808453604,10156.438526327494,3536385.2550126687,0.020904993000002037,Continuous,Differentiable,Non-Separable,Scalable,Multimodal,6,True,False,Whitley,3.0,120,20.0,20.0,False,False,False,False,,,,,7
1,[-1.63161442 -1.29929101 -1.10443599  0.87893072  0.06116339 -1.93241002],120,NiaPyPSO,WhitleyN6,5.112326761494828,864.1730473791049,7201521.049382199,0.020678261000000475,Continuous,Differentiable,Non-Separable,Scalable,Multimodal,6,True,False,Whitley,3.0,120,20.0,20.0,False,False,False,False,,,,,7
2,[-2.2157317   0.43145419 -2.12966776 -4.21151417 -4.95050035 -5.71616247],120,NiaPySimulatedAnnealing,WhitleyN6,11.319636373869473,40397.46775721852,7581174.53276143,0.02080322700000181,Continuous,Differentiable,Non-Separable,Scalable,Multimodal,6,True,False,Whitley,3.0,120,20.0,20.0,False,False,False,False,,,,,7
3,[-5.40862593 -2.56961619  1.65792821 -2.14537086 -1.28339676  1.02294877],120,NiaPyCuckooSearch,WhitleyN6,8.327862919183474,16951.55073117258,18892253.40700367,0.018673761000002287,Continuous,Differentiable,Non-Separable,Scalable,Multimodal,6,True,False,Whitley,3.0,120,20.0,20.0,False,False,False,False,,,,,7
4,[ 0.51911032 -0.79522062  3.          0.98711676 -1.35914058 -1.15789572],120,NiaPyDifferentialEvolution,WhitleyN6,4.204318750099026,1495.7911018921068,22954890.009085968,0.032821144999999774,Continuous,Differentiable,Non-Separable,Scalable,Multimodal,6,True,False,Whitley,3.0,120,20.0,20.0,False,False,False,False,,,,,7
5,[-1.98385628 -0.09327692 -1.65869434  0.03538552  0.63715206 -1.58613995],120,RandomSearch1,WhitleyN6,4.99174998263087,873.0561984285752,17834086.080026135,0.019425990000002002,Continuous,Differentiable,Non-Separable,Scalable,Multimodal,6,True,False,Whitley,3.0,120,20.0,20.0,False,False,False,False,,,,,7
6,[-0.38031903  0.23624341  0.55745865  1.15782628  1.61079147  1.73358465],119,RandomSearch2,WhitleyN6,1.90277938658105,236.80965448267176,21501074.979660735,0.018845056000003524,Continuous,Differentiable,Non-Separable,Scalable,Multimodal,6,True,False,Whitley,3.0,120,20.0,19.833333333333332,False,False,False,False,,,,,7
7,[-1.36231637  0.107544   -0.61473553  0.86458601 -0.04001306 -0.13457367],127,CMAES,WhitleyN6,3.3721815971609286,171.39644465030716,8120798.681071003,0.08370129300000428,Continuous,Differentiable,Non-Separable,Scalable,Multimodal,6,True,False,Whitley,3.0,120,20.0,21.166666666666668,False,False,False,False,,,,,7
