,BestArm,NumberFunctionEval,Algorithm,CostFunction,EuclideanDistance,TrueRewardDifference,CumulativeRegret,TimeToComplete,Continuous,Differentiability,Separability,Scalability,Modality,Ndimensions,OptimizationSuccessful,BBOB,BaseClass,SD,MaxFeval,MaxFevalPerDimensions,FevalPerDimensions,SolveAt1,SolveAt1e-1,SolveAt1e-3,SolveAt1e-6,SolveEarlierAt1,SolveEarlierAt1e-1,SolveEarlierAt1e-3,SolveEarlierAt1e-6,simNumber
0,[-2.10325601 -1.53597857  0.37804213 -2.84520225 -4.33368068 -3.97014451],60000,NiaPyNelderMead,WhitleyN6,9.18609183083448,15027.695862167026,902558201.7703583,9.542623939999885,Continuous,Differentiable,Non-Separable,Scalable,Multimodal,6,True,False,Whitley,3.0,60000,10000.0,10000.0,False,False,False,False,,,,,1
1,[ 0.08214396  0.0879031   0.45495839  0.13595055 -0.11099402  0.25620744],60000,NiaPyPSO,WhitleyN6,2.122632175828526,17.282408691523663,15639082.978230126,9.655131016999803,Continuous,Differentiable,Non-Separable,Scalable,Multimodal,6,True,False,Whitley,3.0,60000,10000.0,10000.0,False,False,False,False,,,,,1
2,[-2.59145184 -1.1564141   1.03597481  0.70497103 -1.59883899 -1.31433237],60000,NiaPySimulatedAnnealing,WhitleyN6,5.454088631339715,1493.1834442540658,10609827294.615799,10.061022069000046,Continuous,Differentiable,Non-Separable,Scalable,Multimodal,6,True,False,Whitley,3.0,60000,10000.0,10000.0,False,False,False,False,,,,,1
3,[-0.27598122  0.59977353 -0.5497553   0.80450683  0.81198574 -0.25693999],60000,NiaPyCuckooSearch,WhitleyN6,2.4173365219076253,74.06568548258981,9465942981.389612,9.029528290999679,Continuous,Differentiable,Non-Separable,Scalable,Multimodal,6,True,False,Whitley,3.0,60000,10000.0,10000.0,False,False,False,False,,,,,1
4,[ 0.00967886 -0.04923556  0.01330074 -0.04763213  0.074086    0.06896214],60000,NiaPyDifferentialEvolution,WhitleyN6,2.4242293517264537,2.0405411675704963,54790538.071318574,18.275620102000175,Continuous,Differentiable,Non-Separable,Scalable,Multimodal,6,True,False,Whitley,3.0,60000,10000.0,10000.0,False,False,False,False,,,,,1
5,[-0.63967398  0.21693089  0.64137527 -0.67409258  1.29300824 -0.07444902],60000,RandomSearch1,WhitleyN6,2.733719110860278,118.16402175950766,9811317872.112297,9.558181008999782,Continuous,Differentiable,Non-Separable,Scalable,Multimodal,6,True,False,Whitley,3.0,60000,10000.0,10000.0,False,False,False,False,,,,,1
6,[-0.54720232 -0.48799754  0.02660224  0.31609746  0.89965584 -0.55908181],59999,RandomSearch2,WhitleyN6,2.9092958955285204,75.20644438534327,9766620302.192291,9.346347444999992,Continuous,Differentiable,Non-Separable,Scalable,Multimodal,6,True,False,Whitley,3.0,60000,10000.0,9999.833333333334,False,False,False,False,,,,,1
7,[ 0.07816609  0.01229283  0.01604307 -0.10819226  0.13157164  0.01208855],4951,CMAES,WhitleyN6,2.398278841344898,9.57224153893371,3243307.787149492,1.7237508660000458,Continuous,Differentiable,Non-Separable,Scalable,Multimodal,6,True,False,Whitley,3.0,60000,10000.0,825.1666666666666,False,False,False,False,,,,,1
