,BestArm,NumberFunctionEval,Algorithm,CostFunction,EuclideanDistance,TrueRewardDifference,CumulativeRegret,TimeToComplete,Continuous,Differentiability,Separability,Scalability,Modality,Ndimensions,OptimizationSuccessful,BBOB,BaseClass,SD,MaxFeval,MaxFevalPerDimensions,FevalPerDimensions,SolveAt1,SolveAt1e-1,SolveAt1e-3,SolveAt1e-6,SolveEarlierAt1,SolveEarlierAt1e-1,SolveEarlierAt1e-3,SolveEarlierAt1e-6,simNumber
0,[-4.06868378  0.56239233  0.08329373 -3.70218449 -3.96281567 -0.1019218 ],6000,NiaPyNelderMead,WhitleyN6,8.641626938783327,14199.967843205877,86069678.28111434,0.9520922699999801,Continuous,Differentiable,Non-Separable,Scalable,Multimodal,6,True,False,Whitley,3.0,6000,1000.0,1000.0,False,False,False,False,,,,,6
1,[-0.10549999 -0.02569311 -0.35409267 -0.05791112  0.08177576 -0.16685036],6000,NiaPyPSO,WhitleyN6,2.726095189948996,25.204752660336304,10122345.048596537,0.9700461370000539,Continuous,Differentiable,Non-Separable,Scalable,Multimodal,6,True,False,Whitley,3.0,6000,1000.0,1000.0,False,False,False,False,,,,,6
2,[-0.36087348  0.82236815  0.44434242  1.15159128 -1.39756283  1.95524039],6000,NiaPySimulatedAnnealing,WhitleyN6,2.9792711687904223,352.75486199254647,775007882.986732,1.0077204440000287,Continuous,Differentiable,Non-Separable,Scalable,Multimodal,6,True,False,Whitley,3.0,6000,1000.0,1000.0,False,False,False,False,,,,,6
3,[1.8245734  2.57233817 1.91278612 0.0151731  2.80708332 3.        ],6000,NiaPyCuckooSearch,WhitleyN6,3.495823399959066,1814.639908188767,1080824947.6725788,0.910718260000067,Continuous,Differentiable,Non-Separable,Scalable,Multimodal,6,True,False,Whitley,3.0,6000,1000.0,1000.0,False,False,False,False,,,,,6
4,[ 0.0779639  -0.04375292 -0.05235604 -0.05858064  0.01768736  0.06328098],6000,NiaPyDifferentialEvolution,WhitleyN6,2.451529637738876,9.272499487280461,49481958.444638036,1.8290976069999942,Continuous,Differentiable,Non-Separable,Scalable,Multimodal,6,True,False,Whitley,3.0,6000,1000.0,1000.0,False,False,False,False,,,,,6
5,[ 0.84816831  0.02801135  1.784028   -1.28310845 -1.0184288  -1.15695537],6000,RandomSearch1,WhitleyN6,3.9397474833382327,438.7915316730791,979618553.3260709,0.9474354239999911,Continuous,Differentiable,Non-Separable,Scalable,Multimodal,6,True,False,Whitley,3.0,6000,1000.0,1000.0,False,False,False,False,,,,,6
6,[-0.33353534 -0.13469566  1.11018979  1.08349703  2.33845574  0.56008796],5999,RandomSearch2,WhitleyN6,2.2516550959807518,461.5749393890018,978139695.144209,0.928456256000004,Continuous,Differentiable,Non-Separable,Scalable,Multimodal,6,True,False,Whitley,3.0,6000,1000.0,999.8333333333334,False,False,False,False,,,,,6
7,[ 0.01562036  0.07501422 -0.10751336  0.07453494 -0.10418492  0.01317588],4861,CMAES,WhitleyN6,2.469963477884932,4.887749552219876,49933923.11317541,1.6812165950000235,Continuous,Differentiable,Non-Separable,Scalable,Multimodal,6,True,False,Whitley,3.0,6000,1000.0,810.1666666666666,False,False,False,False,,,,,6
