,BestArm,NumberFunctionEval,Algorithm,CostFunction,EuclideanDistance,TrueRewardDifference,CumulativeRegret,TimeToComplete,Continuous,Differentiability,Separability,Scalability,Modality,Ndimensions,OptimizationSuccessful,BBOB,BaseClass,SD,MaxFeval,MaxFevalPerDimensions,FevalPerDimensions,SolveAt1,SolveAt1e-1,SolveAt1e-3,SolveAt1e-6,SolveEarlierAt1,SolveEarlierAt1e-1,SolveEarlierAt1e-3,SolveEarlierAt1e-6,simNumber
0,[-0.48131073 -2.12356027  1.63627239 -0.97605571  1.56321276 -1.52282007],120,NiaPyNelderMead,WhitleyN6,4.7898203112241715,967.3562291631175,1294223.008735516,0.01857247799999584,Continuous,Differentiable,Non-Separable,Scalable,Multimodal,6,True,False,Whitley,0.0,120,20.0,20.0,False,False,False,False,,,,,7
1,[-0.21106949 -1.28461969  0.82014603 -0.86401249  0.65260375  0.51690176],120,NiaPyPSO,WhitleyN6,3.2476352196437346,166.09516975063858,8476980.170486959,0.018497558000007075,Continuous,Differentiable,Non-Separable,Scalable,Multimodal,6,True,False,Whitley,0.0,120,20.0,20.0,False,False,False,False,,,,,7
2,[-5.82305389 -7.45647794 -8.284064    0.3868095   2.04256659 -6.06494328],120,NiaPySimulatedAnnealing,WhitleyN6,15.988630306495732,186059.52887266435,28586056.697634194,0.019531474000004323,Continuous,Differentiable,Non-Separable,Scalable,Multimodal,6,True,False,Whitley,0.0,120,20.0,20.0,False,False,False,False,,,,,7
3,[ 0.92799277 -1.48801708  2.42657623  0.07142978  0.42865815  3.        ],120,NiaPyCuckooSearch,WhitleyN6,3.6632237097466924,1649.5646896201029,17763085.466395542,0.017688265000003867,Continuous,Differentiable,Non-Separable,Scalable,Multimodal,6,True,False,Whitley,0.0,120,20.0,20.0,False,False,False,False,,,,,7
4,[ 3.         -0.99635393  2.21271261 -0.94637396  1.40284168 -1.70786335],120,NiaPyDifferentialEvolution,WhitleyN6,4.554039723158624,1846.7604027953685,22939467.747841626,0.031869026000009626,Continuous,Differentiable,Non-Separable,Scalable,Multimodal,6,True,False,Whitley,0.0,120,20.0,20.0,False,False,False,False,,,,,7
5,[0.0387688  1.46593571 0.01112226 1.9372994  1.9879791  0.28293293],120,RandomSearch1,WhitleyN6,2.118433086091408,423.22045990993206,17512502.406215414,0.018399200000004612,Continuous,Differentiable,Non-Separable,Scalable,Multimodal,6,True,False,Whitley,0.0,120,20.0,20.0,False,False,False,False,,,,,7
6,[ 1.54456417  1.55643086  2.48929152  1.56468014  2.34447876 -3.98386587],119,RandomSearch2,WhitleyN6,5.457981352046105,4744.502295097947,18284644.673946258,0.017925446000006673,Continuous,Differentiable,Non-Separable,Scalable,Multimodal,6,True,False,Whitley,0.0,120,20.0,19.833333333333332,False,False,False,False,,,,,7
7,[ 2.11590441 -0.10026244 -0.85676424 -1.19918039  0.64614082  0.1713332 ],127,CMAES,WhitleyN6,3.3987781485051722,463.3255067893769,8615870.537928786,0.08518066499999577,Continuous,Differentiable,Non-Separable,Scalable,Multimodal,6,True,False,Whitley,0.0,120,20.0,21.166666666666668,False,False,False,False,,,,,7
