,BestArm,NumberFunctionEval,Algorithm,CostFunction,EuclideanDistance,TrueRewardDifference,CumulativeRegret,TimeToComplete,Continuous,Differentiability,Separability,Scalability,Modality,Ndimensions,OptimizationSuccessful,BBOB,BaseClass,SD,MaxFeval,MaxFevalPerDimensions,FevalPerDimensions,SolveAt1,SolveAt1e-1,SolveAt1e-3,SolveAt1e-6,SolveEarlierAt1,SolveEarlierAt1e-1,SolveEarlierAt1e-3,SolveEarlierAt1e-6,simNumber
0,[-4.26356573 -4.08953534 -3.17866481 -3.3329957  -4.71967025 -3.65769299],60000,NiaPyNelderMead,WhitleyN6,12.010550245464454,35577.91297131867,2135868828.7606688,9.45976612100003,Continuous,Differentiable,Non-Separable,Scalable,Multimodal,6,True,False,Whitley,3.0,60000,10000.0,10000.0,False,False,False,False,,,,,7
1,[ 0.26080698  0.45918161  0.08549492 -0.04243357 -0.36657091  0.08460285],60000,NiaPyPSO,WhitleyN6,2.3382356907394444,22.08875282387496,17141230.659809377,9.755184887999803,Continuous,Differentiable,Non-Separable,Scalable,Multimodal,6,True,False,Whitley,3.0,60000,10000.0,10000.0,False,False,False,False,,,,,7
2,[-0.80002158 -0.16754832 -1.24513532  1.60159533 -2.46532458 -2.7205464 ],60000,NiaPySimulatedAnnealing,WhitleyN6,5.988049453723789,2411.464064902351,9648154156.136269,10.143273533999945,Continuous,Differentiable,Non-Separable,Scalable,Multimodal,6,True,False,Whitley,3.0,60000,10000.0,10000.0,False,False,False,False,,,,,7
3,[ 0.96244825 -1.15271402  0.50039587  0.81111538  1.63547947 -0.3249987 ],60000,NiaPyCuckooSearch,WhitleyN6,2.6608880449194925,210.84964178867742,9823738634.946306,9.110549881000225,Continuous,Differentiable,Non-Separable,Scalable,Multimodal,6,True,False,Whitley,3.0,60000,10000.0,10000.0,False,False,False,False,,,,,7
4,[-0.04658439  0.06875524 -0.05103553  0.07369641  0.07528505  0.01383681],60000,NiaPyDifferentialEvolution,WhitleyN6,2.3985173095522523,2.459635321762631,54985763.301024064,18.463435837999896,Continuous,Differentiable,Non-Separable,Scalable,Multimodal,6,True,False,Whitley,3.0,60000,10000.0,10000.0,False,False,False,False,,,,,7
5,[ 0.20388672 -0.4161552   0.07957797  0.5364671  -0.35262966  0.22098383],60000,RandomSearch1,WhitleyN6,2.477459296115297,55.40173357972116,9753739360.334787,9.429801426999802,Continuous,Differentiable,Non-Separable,Scalable,Multimodal,6,True,False,Whitley,3.0,60000,10000.0,10000.0,False,False,False,False,,,,,7
6,[-0.71557216  1.34848019  0.82940499  0.21947728  0.02449619  0.3534211 ],59999,RandomSearch2,WhitleyN6,2.2522470178102036,123.62115858604542,9803533056.597855,9.383008983000309,Continuous,Differentiable,Non-Separable,Scalable,Multimodal,6,True,False,Whitley,3.0,60000,10000.0,9999.833333333334,False,False,False,False,,,,,7
7,[ 0.25631917 -0.35984127  0.33074779  0.07872871 -0.04940368  0.07522865],4546,CMAES,WhitleyN6,2.3780914373904363,16.674173320393162,1949396.1673061063,1.5928808970002137,Continuous,Differentiable,Non-Separable,Scalable,Multimodal,6,True,False,Whitley,3.0,60000,10000.0,757.6666666666666,False,False,False,False,,,,,7
