,BestArm,NumberFunctionEval,Algorithm,CostFunction,EuclideanDistance,TrueRewardDifference,CumulativeRegret,TimeToComplete,Continuous,Differentiability,Separability,Scalability,Modality,Ndimensions,OptimizationSuccessful,BBOB,BaseClass,SD,MaxFeval,MaxFevalPerDimensions,FevalPerDimensions,SolveAt1,SolveAt1e-1,SolveAt1e-3,SolveAt1e-6,SolveEarlierAt1,SolveEarlierAt1e-1,SolveEarlierAt1e-3,SolveEarlierAt1e-6,simNumber
0,[-3.46358361 -1.41567333 -1.17838266 -0.02737052  0.25343526 -0.76196827],60000,NiaPyNelderMead,WhitleyN6,5.934794739755845,3125.6398102863436,188088869.7382798,9.530173447999914,Continuous,Differentiable,Non-Separable,Scalable,Multimodal,6,True,False,Whitley,3.0,60000,10000.0,10000.0,False,False,False,False,,,,,5
1,[ 0.00896295  0.25650609  0.252411   -0.04655049  0.06861118  0.03627648],60000,NiaPyPSO,WhitleyN6,2.2327881692607727,15.469652935903401,16744695.044810338,9.716881469999862,Continuous,Differentiable,Non-Separable,Scalable,Multimodal,6,True,False,Whitley,3.0,60000,10000.0,10000.0,False,False,False,False,,,,,5
2,[ 0.36136659 -0.54681169  1.08027601  1.53930575 -2.13475906  0.38962232],60000,NiaPySimulatedAnnealing,WhitleyN6,3.646511931254839,567.1298518957504,9979129042.778784,10.117506010999932,Continuous,Differentiable,Non-Separable,Scalable,Multimodal,6,True,False,Whitley,3.0,60000,10000.0,10000.0,False,False,False,False,,,,,5
3,[ 0.98679656  0.37850011 -0.2189855  -0.42668793  1.44329961  0.08022417],60000,NiaPyCuckooSearch,WhitleyN6,2.2249275592327185,127.60428580659756,9567856074.342192,9.103300079999826,Continuous,Differentiable,Non-Separable,Scalable,Multimodal,6,True,False,Whitley,3.0,60000,10000.0,10000.0,False,False,False,False,,,,,5
4,[ 0.01141007  0.00831952 -0.05217113  0.00984007  0.07216154  0.00916493],60000,NiaPyDifferentialEvolution,WhitleyN6,2.4271092599803645,1.33055967454044,45876333.99966193,18.45888065700001,Continuous,Differentiable,Non-Separable,Scalable,Multimodal,6,True,False,Whitley,3.0,60000,10000.0,10000.0,False,False,False,False,56491.0,,,,5
5,[ 0.39486784  0.63075682 -0.08229123  0.89321759  1.30289014  1.3321661 ],60000,RandomSearch1,WhitleyN6,1.3738118471210568,100.04020480594463,9818819947.590492,9.445400008999968,Continuous,Differentiable,Non-Separable,Scalable,Multimodal,6,True,False,Whitley,3.0,60000,10000.0,10000.0,False,False,False,False,,,,,5
6,[ 0.98106356 -0.15992786  1.73796151  1.09618597  0.58132551  0.42895573],59999,RandomSearch2,WhitleyN6,1.5495192980230048,163.8105971853443,9739332756.143492,9.250024002999908,Continuous,Differentiable,Non-Separable,Scalable,Multimodal,6,True,False,Whitley,3.0,60000,10000.0,9999.833333333334,False,False,False,False,,,,,5
7,[-0.10615026  0.14340624  0.08170538 -0.10907408  0.0799006   0.01850328],4591,CMAES,WhitleyN6,2.4167230552720613,8.112237851002309,2020568.3432851408,1.5862968270002966,Continuous,Differentiable,Non-Separable,Scalable,Multimodal,6,True,False,Whitley,3.0,60000,10000.0,765.1666666666666,False,False,False,False,,,,,5
