,BestArm,NumberFunctionEval,Algorithm,CostFunction,EuclideanDistance,TrueRewardDifference,CumulativeRegret,TimeToComplete,Continuous,Differentiability,Separability,Scalability,Modality,Ndimensions,OptimizationSuccessful,BBOB,BaseClass,SD,MaxFeval,MaxFevalPerDimensions,FevalPerDimensions,SolveAt1,SolveAt1e-1,SolveAt1e-3,SolveAt1e-6,SolveEarlierAt1,SolveEarlierAt1e-1,SolveEarlierAt1e-3,SolveEarlierAt1e-6,simNumber
0,[-1.79149159 -2.64315975 -2.24346241  1.71125802 -2.5677593  -0.63548849],120,NiaPyNelderMead,WhitleyN6,6.891640127924914,3581.308682549985,1316861.604687618,0.020859108999999876,Continuous,Differentiable,Non-Separable,Scalable,Multimodal,6,True,False,Whitley,3.0,120,20.0,20.0,False,False,False,False,,,,,3
1,[-1.53023567 -1.10102615 -0.71495271 -1.19626183 -2.77224919 -1.33181506],120,NiaPyPSO,WhitleyN6,6.1845175801020655,2032.2921605866181,9207882.964602627,0.019767884999993157,Continuous,Differentiable,Non-Separable,Scalable,Multimodal,6,True,False,Whitley,3.0,120,20.0,20.0,False,False,False,False,,,,,3
2,[-4.78164254 -8.33982231  2.52483965 -7.74744562 -4.61409894 -5.95001346],120,NiaPySimulatedAnnealing,WhitleyN6,16.712971195919636,198682.10503500837,34888928.97593212,0.020571927000005985,Continuous,Differentiable,Non-Separable,Scalable,Multimodal,6,True,False,Whitley,3.0,120,20.0,20.0,False,False,False,False,,,,,3
3,[3.         3.         3.         0.59792618 3.         1.12280765],120,NiaPyCuckooSearch,WhitleyN6,4.022032456094446,2912.6672206015123,21533118.895074666,0.018583879999994224,Continuous,Differentiable,Non-Separable,Scalable,Multimodal,6,True,False,Whitley,3.0,120,20.0,20.0,False,False,False,False,,,,,3
4,[ 0.51350866 -0.48531184  0.6475497   1.95108931  1.17845821  2.73834121],120,NiaPyDifferentialEvolution,WhitleyN6,2.554465626118346,892.9755977248033,21717743.27265199,0.03303092999999535,Continuous,Differentiable,Non-Separable,Scalable,Multimodal,6,True,False,Whitley,3.0,120,20.0,20.0,False,False,False,False,,,,,3
5,[-3.0484562  -3.43261512  1.50515542  2.76823905  0.55626319 -0.40612517],120,RandomSearch1,WhitleyN6,6.449342302756791,5265.423009229955,19781848.72654851,0.01916314000000341,Continuous,Differentiable,Non-Separable,Scalable,Multimodal,6,True,False,Whitley,3.0,120,20.0,20.0,False,False,False,False,,,,,3
6,[-4.35804375  1.16765826  1.44834942 -2.31794327  0.0676515  -0.28207824],119,RandomSearch2,WhitleyN6,6.516095855632503,7093.6780084401025,17850710.33438297,0.018745366999993962,Continuous,Differentiable,Non-Separable,Scalable,Multimodal,6,True,False,Whitley,3.0,120,20.0,19.833333333333332,False,False,False,False,,,,,3
7,[-0.33344667 -1.91889278 -1.51324978 -1.55250296  0.4817574   1.47775827],127,CMAES,WhitleyN6,4.860713857806054,848.5700174833509,7834893.767879914,0.08508891500000004,Continuous,Differentiable,Non-Separable,Scalable,Multimodal,6,True,False,Whitley,3.0,120,20.0,21.166666666666668,False,False,False,False,,,,,3
