,BestArm,NumberFunctionEval,Algorithm,CostFunction,EuclideanDistance,TrueRewardDifference,CumulativeRegret,TimeToComplete,Continuous,Differentiability,Separability,Scalability,Modality,Ndimensions,OptimizationSuccessful,BBOB,BaseClass,SD,MaxFeval,MaxFevalPerDimensions,FevalPerDimensions,SolveAt1,SolveAt1e-1,SolveAt1e-3,SolveAt1e-6,SolveEarlierAt1,SolveEarlierAt1e-1,SolveEarlierAt1e-3,SolveEarlierAt1e-6,simNumber
0,[-5.47434982 -4.65661322 -1.20791146 -3.47293815 -1.37753291 -1.98124883],6000,NiaPyNelderMead,WhitleyN6,10.645986790616549,31119.438886148582,187828340.10240176,0.9091861729999664,Continuous,Differentiable,Non-Separable,Scalable,Multimodal,6,True,False,Whitley,0.0,6000,1000.0,1000.0,False,False,False,False,,,,,8
1,[ 0.27199321 -0.04492887 -0.71314683  0.26115181  0.0714155  -0.10463282],6000,NiaPyPSO,WhitleyN6,2.680507743102607,21.831064253574837,11839592.739537174,0.9402709030000551,Continuous,Differentiable,Non-Separable,Scalable,Multimodal,6,True,False,Whitley,0.0,6000,1000.0,1000.0,False,False,False,False,,,,,8
2,[-1.59499761 -2.19868518 -1.12125437 -3.88139762 -5.68746183  0.54606702],6000,NiaPySimulatedAnnealing,WhitleyN6,9.49850321173742,24764.3841974558,1042159948.6971234,0.9776479750000249,Continuous,Differentiable,Non-Separable,Scalable,Multimodal,6,True,False,Whitley,0.0,6000,1000.0,1000.0,False,False,False,False,,,,,8
3,[ 2.13196303  1.48300032  2.19169918 -1.02560298  3.         -0.87513313],6000,NiaPyCuckooSearch,WhitleyN6,3.8149663483161973,1584.30045724454,1001045276.6680353,0.8730756499999757,Continuous,Differentiable,Non-Separable,Scalable,Multimodal,6,True,False,Whitley,0.0,6000,1000.0,1000.0,False,False,False,False,,,,,8
4,[-0.10564736  0.25288477 -0.04155517  0.25713473  0.25807625  0.05322902],6000,NiaPyDifferentialEvolution,WhitleyN6,2.205481662727087,17.636856719332954,60306171.07939314,1.7827053170000227,Continuous,Differentiable,Non-Separable,Scalable,Multimodal,6,True,False,Whitley,0.0,6000,1000.0,1000.0,False,False,False,False,,,,,8
5,[-0.12055837  0.2597409  -0.27323127  1.31915354 -0.48383651  1.25536639],6000,RandomSearch1,WhitleyN6,2.406988624907946,134.0519004395831,982526578.7998983,0.9159285469999645,Continuous,Differentiable,Non-Separable,Scalable,Multimodal,6,True,False,Whitley,0.0,6000,1000.0,1000.0,False,False,False,False,,,,,8
6,[-1.57620399  1.1244205  -0.90530439 -1.23623525  0.20658738  0.1632107 ],5999,RandomSearch2,WhitleyN6,4.075899929902514,371.3063151850225,971587441.9653171,0.9032017189999806,Continuous,Differentiable,Non-Separable,Scalable,Multimodal,6,True,False,Whitley,0.0,6000,1000.0,999.8333333333334,False,False,False,False,,,,,8
7,[ 0.08896584  0.08896584 -0.09919043  0.14734662 -0.39273716  0.14734662],2422,CMAES,WhitleyN6,2.5023865450147946,17.699592423198308,596119.2819016967,0.8610272290000012,Continuous,Differentiable,Non-Separable,Scalable,Multimodal,6,True,False,Whitley,0.0,6000,1000.0,403.6666666666667,False,False,False,False,,,,,8
