,BestArm,NumberFunctionEval,Algorithm,CostFunction,EuclideanDistance,TrueRewardDifference,CumulativeRegret,TimeToComplete,Continuous,Differentiability,Separability,Scalability,Modality,Ndimensions,OptimizationSuccessful,BBOB,BaseClass,SD,MaxFeval,MaxFevalPerDimensions,FevalPerDimensions,SolveAt1,SolveAt1e-1,SolveAt1e-3,SolveAt1e-6,SolveEarlierAt1,SolveEarlierAt1e-1,SolveEarlierAt1e-3,SolveEarlierAt1e-6,simNumber
0,[-0.38600691 -1.00450365 -4.97617996 -6.94487617 -5.00207768 -2.44760047],120,NiaPyNelderMead,WhitleyN6,12.356606322166302,67623.69357246993,9131525.528842507,0.017860767999991367,Continuous,Differentiable,Non-Separable,Scalable,Multimodal,6,True,False,Whitley,0.0,120,20.0,20.0,False,False,False,False,,,,,5
1,[ 1.3350404   0.07660112  0.62467359 -2.1733462   1.29018461 -0.0571504 ],120,NiaPyPSO,WhitleyN6,3.5181938010601446,556.0230270109234,9888055.619783858,0.018544352999995795,Continuous,Differentiable,Non-Separable,Scalable,Multimodal,6,True,False,Whitley,0.0,120,20.0,20.0,False,False,False,False,,,,,5
2,[-0.35450545  0.08923242 -1.46252057  0.7599118  -0.0375049  -0.60643081],120,NiaPySimulatedAnnealing,WhitleyN6,3.5274450891765783,177.48496706827342,66303.72676712878,0.023707875999988914,Continuous,Differentiable,Non-Separable,Scalable,Multimodal,6,True,False,Whitley,0.0,120,20.0,20.0,False,False,False,False,,,,,5
3,[-0.20147312 -3.39229609  2.35045647 -3.08994001 -2.68274214 -0.54911086],120,NiaPyCuckooSearch,WhitleyN6,7.432999301707598,6567.670825439672,14207321.988995135,0.01903619299999093,Continuous,Differentiable,Non-Separable,Scalable,Multimodal,6,True,False,Whitley,0.0,120,20.0,20.0,False,False,False,False,,,,,5
4,[ 1.00146689 -1.85449594  3.          1.11288878  3.          1.1565296 ],120,NiaPyDifferentialEvolution,WhitleyN6,4.023107585256262,2171.5579266757163,23690321.59732524,0.03096615699999461,Continuous,Differentiable,Non-Separable,Scalable,Multimodal,6,True,False,Whitley,0.0,120,20.0,20.0,False,False,False,False,,,,,5
5,[ 0.8760622  -0.21100773 -1.47220635 -1.91894904 -1.41663898 -3.34466469],120,RandomSearch1,WhitleyN6,6.389853148014989,3367.2891274030103,17590460.73570613,0.01817943199999661,Continuous,Differentiable,Non-Separable,Scalable,Multimodal,6,True,False,Whitley,0.0,120,20.0,20.0,False,False,False,False,,,,,5
6,[ 0.28920743  2.75101808 -1.0935434  -1.06289229 -1.62133176  2.30311378],119,RandomSearch2,WhitleyN6,4.5584234890763415,1609.5534181061491,20147126.10841663,0.017540390000007733,Continuous,Differentiable,Non-Separable,Scalable,Multimodal,6,True,False,Whitley,0.0,120,20.0,19.833333333333332,False,False,False,False,,,,,5
7,[ 0.25192435 -0.22398658  0.93882233 -1.37190063  0.31553516  0.18864654],127,CMAES,WhitleyN6,2.9688722124803784,143.2335335407876,9198763.207488598,0.0829869169999995,Continuous,Differentiable,Non-Separable,Scalable,Multimodal,6,True,False,Whitley,0.0,120,20.0,21.166666666666668,False,False,False,False,,,,,5
