,BestArm,NumberFunctionEval,Algorithm,CostFunction,EuclideanDistance,TrueRewardDifference,CumulativeRegret,TimeToComplete,Continuous,Differentiability,Separability,Scalability,Modality,Ndimensions,OptimizationSuccessful,BBOB,BaseClass,SD,MaxFeval,MaxFevalPerDimensions,FevalPerDimensions,SolveAt1,SolveAt1e-1,SolveAt1e-3,SolveAt1e-6,SolveEarlierAt1,SolveEarlierAt1e-1,SolveEarlierAt1e-3,SolveEarlierAt1e-6,simNumber
0,[-1.07794555 -1.61008149 -1.25175123  1.11548241 -1.13219042 -1.9516862 ],120,NiaPyNelderMead,WhitleyN6,5.4288848110935914,1009.1894947827492,1370013.4755460653,0.019954053999995836,Continuous,Differentiable,Non-Separable,Scalable,Multimodal,6,True,False,Whitley,3.0,120,20.0,20.0,False,False,False,False,,,,,2
1,[-0.77499223 -0.65863149  1.96113522  0.04232647 -0.12521733  1.56185426],120,NiaPyPSO,WhitleyN6,3.0535830735929865,392.8432382402642,7785640.599985153,0.019797480999997674,Continuous,Differentiable,Non-Separable,Scalable,Multimodal,6,True,False,Whitley,3.0,120,20.0,20.0,False,False,False,False,,,,,2
2,[-1.20348834 -6.35508789 -0.27419565  0.21431878  1.86569692 -3.07251638],120,NiaPySimulatedAnnealing,WhitleyN6,8.861623385952807,29636.46436211742,4812578.547609396,0.02050497799999107,Continuous,Differentiable,Non-Separable,Scalable,Multimodal,6,True,False,Whitley,3.0,120,20.0,20.0,False,False,False,False,,,,,2
3,[-0.59203507 -5.35286667  2.90880952 -2.91937552  0.30707978 -4.00879965],120,NiaPyCuckooSearch,WhitleyN6,9.352366607355838,22710.291235681572,19788363.690503277,0.01962438300000713,Continuous,Differentiable,Non-Separable,Scalable,Multimodal,6,True,False,Whitley,3.0,120,20.0,20.0,False,False,False,False,,,,,2
4,[-2.75539427  3.         -3.28778781  2.33502722 -0.60496011 -0.90083561],120,NiaPyDifferentialEvolution,WhitleyN6,6.667794313800222,5301.089987409765,22656157.07025334,0.04379244899999435,Continuous,Differentiable,Non-Separable,Scalable,Multimodal,6,True,False,Whitley,3.0,120,20.0,20.0,False,False,False,False,,,,,2
5,[ 0.84322864 -2.45642821 -1.18260395  2.17516943 -1.83769247  1.90952246],120,RandomSearch1,WhitleyN6,5.19576617022653,1715.8869439822454,19928048.489737052,0.021828678999995077,Continuous,Differentiable,Non-Separable,Scalable,Multimodal,6,True,False,Whitley,3.0,120,20.0,20.0,False,False,False,False,,,,,2
6,[ 0.11799957 -1.21281832 -2.61294725 -1.70854012 -3.53154068 -1.77770037],119,RandomSearch2,WhitleyN6,7.3698403915486494,5332.772522245884,20649189.673988856,0.02086839300000065,Continuous,Differentiable,Non-Separable,Scalable,Multimodal,6,True,False,Whitley,3.0,120,20.0,19.833333333333332,False,False,False,False,,,,,2
7,[ 1.15028747  0.73489918 -0.60059881  0.5206264   1.39299908  0.1459068 ],127,CMAES,WhitleyN6,1.9412634601165841,120.11985072413897,6768571.593085114,0.09274959900000113,Continuous,Differentiable,Non-Separable,Scalable,Multimodal,6,True,False,Whitley,3.0,120,20.0,21.166666666666668,False,False,False,False,,,,,2
