,BestArm,NumberFunctionEval,Algorithm,CostFunction,EuclideanDistance,TrueRewardDifference,CumulativeRegret,TimeToComplete,Continuous,Differentiability,Separability,Scalability,Modality,Ndimensions,OptimizationSuccessful,BBOB,BaseClass,SD,MaxFeval,MaxFevalPerDimensions,FevalPerDimensions,SolveAt1,SolveAt1e-1,SolveAt1e-3,SolveAt1e-6,SolveEarlierAt1,SolveEarlierAt1e-1,SolveEarlierAt1e-3,SolveEarlierAt1e-6,simNumber
0,[-2.76995547 -2.32353656 -3.25582438 -0.32069207 -4.75984998 -2.64311088],60000,NiaPyNelderMead,WhitleyN6,9.568848256162529,16909.684354386933,1015568948.0895526,9.439904000000297,Continuous,Differentiable,Non-Separable,Scalable,Multimodal,6,True,False,Whitley,3.0,60000,10000.0,10000.0,False,False,False,False,,,,,6
1,[ 0.50119282  0.08173371  0.25807197 -0.05774593  0.01742638  0.38114155],60000,NiaPyPSO,WhitleyN6,2.027249846291375,18.70820618837297,16258638.588478155,9.746442936999756,Continuous,Differentiable,Non-Separable,Scalable,Multimodal,6,True,False,Whitley,3.0,60000,10000.0,10000.0,False,False,False,False,,,,,6
2,[ 1.84439497 -1.69404353 -0.68414495  1.22354906  0.38912051  1.40424432],60000,NiaPySimulatedAnnealing,WhitleyN6,3.3754672338436884,463.5821911711924,9962430909.388842,10.004221396000048,Continuous,Differentiable,Non-Separable,Scalable,Multimodal,6,True,False,Whitley,3.0,60000,10000.0,10000.0,False,False,False,False,,,,,6
3,[ 2.33098698  0.2505255   1.93454462 -0.91218414  1.38031905  1.62888012],60000,NiaPyCuckooSearch,WhitleyN6,2.7208809184921177,613.6558323822966,9555105632.054022,9.083448714000042,Continuous,Differentiable,Non-Separable,Scalable,Multimodal,6,True,False,Whitley,3.0,60000,10000.0,10000.0,False,False,False,False,,,,,6
4,[ 0.07069301 -0.05550032 -0.04635413 -0.05050193  0.00779055  0.01246436],60000,NiaPyDifferentialEvolution,WhitleyN6,2.477056701168342,2.919551287197084,59529538.72624945,18.339213621,Continuous,Differentiable,Non-Separable,Scalable,Multimodal,6,True,False,Whitley,3.0,60000,10000.0,10000.0,False,False,False,False,28684.0,,,,6
5,[1.30542773 0.34618793 0.69051162 1.36444032 1.24650045 0.50339775],60000,RandomSearch1,WhitleyN6,1.0279748962173623,92.76238094574245,9784346673.608805,9.402686625000115,Continuous,Differentiable,Non-Separable,Scalable,Multimodal,6,True,False,Whitley,3.0,60000,10000.0,10000.0,False,False,False,False,,,,,6
6,[-0.61932358 -0.57721906 -0.01327828 -0.4738425  -0.27412304  1.04641606],59999,RandomSearch2,WhitleyN6,3.1518752147848885,104.16864998155351,9852320129.803976,9.24074448500005,Continuous,Differentiable,Non-Separable,Scalable,Multimodal,6,True,False,Whitley,3.0,60000,10000.0,9999.833333333334,False,False,False,False,,,,,6
7,[-0.10668059 -0.28251882 -0.04140301  0.13551041  0.01509313  0.01048104],6211,CMAES,WhitleyN6,2.5788850835651824,15.453179325934462,2765938.307490462,2.2069273020001674,Continuous,Differentiable,Non-Separable,Scalable,Multimodal,6,True,False,Whitley,3.0,60000,10000.0,1035.1666666666667,False,False,False,False,,,,,6
