,BestArm,NumberFunctionEval,Algorithm,CostFunction,EuclideanDistance,TrueRewardDifference,CumulativeRegret,TimeToComplete,Continuous,Differentiability,Separability,Scalability,Modality,Ndimensions,OptimizationSuccessful,BBOB,BaseClass,SD,MaxFeval,MaxFevalPerDimensions,FevalPerDimensions,SolveAt1,SolveAt1e-1,SolveAt1e-3,SolveAt1e-6,SolveEarlierAt1,SolveEarlierAt1e-1,SolveEarlierAt1e-3,SolveEarlierAt1e-6,simNumber
0,[-4.47520156 -2.31208141 -2.94375331 -0.05327422 -4.42201872  0.57661764],6000,NiaPyNelderMead,WhitleyN6,9.337442459263958,18162.477367943167,110715629.30501482,0.9577851559999999,Continuous,Differentiable,Non-Separable,Scalable,Multimodal,6,True,False,Whitley,3.0,6000,1000.0,1000.0,False,False,False,False,,,,,5
1,[ 0.19342978  0.16986754  0.47323939 -0.31751296  0.39880393 -0.14536878],6000,NiaPyPSO,WhitleyN6,2.241940884031456,30.855241950806786,9099089.343165137,0.9747395049998886,Continuous,Differentiable,Non-Separable,Scalable,Multimodal,6,True,False,Whitley,3.0,6000,1000.0,1000.0,False,False,False,False,,,,,5
2,[ 2.53812301 -2.71466722 -5.04246138 -2.30793725  0.40505031 -0.38172181],6000,NiaPySimulatedAnnealing,WhitleyN6,8.116740948354423,14171.775391760373,1534897886.9595132,1.0060693009999113,Continuous,Differentiable,Non-Separable,Scalable,Multimodal,6,True,False,Whitley,3.0,6000,1000.0,1000.0,False,False,False,False,,,,,5
3,[0.39521465 1.52658217 0.1174197  0.72442405 0.63531937 2.68346116],6000,NiaPyCuckooSearch,WhitleyN6,2.1130493707756526,732.5290722197017,969130110.0113314,0.9062641759999224,Continuous,Differentiable,Non-Separable,Scalable,Multimodal,6,True,False,Whitley,3.0,6000,1000.0,1000.0,False,False,False,False,,,,,5
4,[-0.04546599  0.25214109 -0.04117176  0.00724071  0.07443433 -0.18177832],6000,NiaPyDifferentialEvolution,WhitleyN6,2.4444168095072922,18.925412860278556,56659242.95857797,1.8250189789999922,Continuous,Differentiable,Non-Separable,Scalable,Multimodal,6,True,False,Whitley,3.0,6000,1000.0,1000.0,False,False,False,False,,,,,5
5,[ 1.7434603   1.03352875 -0.84817879 -0.25871394  0.36171091 -0.99240877],6000,RandomSearch1,WhitleyN6,3.15136298831994,282.69784900096494,962763090.0703733,0.9429216860000906,Continuous,Differentiable,Non-Separable,Scalable,Multimodal,6,True,False,Whitley,3.0,6000,1000.0,1000.0,False,False,False,False,,,,,5
6,[ 0.88277585  0.09430093 -0.22174328 -0.29981831  0.45918617  0.77443155],5999,RandomSearch2,WhitleyN6,2.0879600846612543,60.62715011441981,968394663.2222073,0.924776536999957,Continuous,Differentiable,Non-Separable,Scalable,Multimodal,6,True,False,Whitley,3.0,6000,1000.0,999.8333333333334,False,False,False,False,,,,,5
7,[ 0.4496956   0.2601471   0.07957532  0.07438946 -0.04904815  0.0770772 ],5176,CMAES,WhitleyN6,2.1228382448524235,6.859701278141357,36190491.007534035,1.8063968459999842,Continuous,Differentiable,Non-Separable,Scalable,Multimodal,6,True,False,Whitley,3.0,6000,1000.0,862.6666666666666,False,False,False,False,,,,,5
