,BestArm,NumberFunctionEval,Algorithm,CostFunction,EuclideanDistance,TrueRewardDifference,CumulativeRegret,TimeToComplete,Continuous,Differentiability,Separability,Scalability,Modality,Ndimensions,OptimizationSuccessful,BBOB,BaseClass,SD,MaxFeval,MaxFevalPerDimensions,FevalPerDimensions,SolveAt1,SolveAt1e-1,SolveAt1e-3,SolveAt1e-6,SolveEarlierAt1,SolveEarlierAt1e-1,SolveEarlierAt1e-3,SolveEarlierAt1e-6,simNumber
0,[-1.69097419 -0.23197811 -0.33316434 -0.07011514 -4.90126306 -1.81694091],120,NiaPyNelderMead,WhitleyN6,7.378458345225509,10949.866498146512,2393898.6358510964,0.01883280799999909,Continuous,Differentiable,Non-Separable,Scalable,Multimodal,6,True,False,Whitley,0.0,120,20.0,20.0,False,False,False,False,,,,,3
1,[-0.08652459 -1.68000385 -1.63844484  2.21982283 -1.22103057 -1.92572969],120,NiaPyPSO,WhitleyN6,5.505014649587273,1474.088244403441,10586085.594841648,0.018356738000008477,Continuous,Differentiable,Non-Separable,Scalable,Multimodal,6,True,False,Whitley,0.0,120,20.0,20.0,False,False,False,False,,,,,3
2,[ 1.65554861 -3.59186833 -8.60078655  1.53422143 -6.90944397 -2.23605171],120,NiaPySimulatedAnnealing,WhitleyN6,13.675043995685916,136437.30631087944,22770923.996037304,0.019458125999989306,Continuous,Differentiable,Non-Separable,Scalable,Multimodal,6,True,False,Whitley,0.0,120,20.0,20.0,False,False,False,False,,,,,3
3,[ 3.          1.93276624  3.         -0.53814006  2.47939281  3.        ],120,NiaPyCuckooSearch,WhitleyN6,4.174270091807656,2642.445327372803,23491366.244073927,0.018115780000002246,Continuous,Differentiable,Non-Separable,Scalable,Multimodal,6,True,False,Whitley,0.0,120,20.0,20.0,False,False,False,False,,,,,3
4,[-0.68330422  0.14504908  0.64859849  3.          2.87809546 -1.93912037],120,NiaPyDifferentialEvolution,WhitleyN6,4.455738808146882,2404.783336205296,26109661.43181977,0.0317009540000015,Continuous,Differentiable,Non-Separable,Scalable,Multimodal,6,True,False,Whitley,0.0,120,20.0,20.0,False,False,False,False,,,,,3
5,[ 0.81931965 -3.41537591 -2.38089907 -0.88015083 -3.41754875 -0.23443586],120,RandomSearch1,WhitleyN6,7.45199330915053,6666.895386453967,19221165.344653387,0.01872524199998793,Continuous,Differentiable,Non-Separable,Scalable,Multimodal,6,True,False,Whitley,0.0,120,20.0,20.0,False,False,False,False,,,,,3
6,[ 2.38114778  0.73092126  2.10414244  0.15279662  1.52132664 -0.50938763],119,RandomSearch2,WhitleyN6,2.5430078908128055,670.4138592097762,16445199.254869865,0.018129186000010122,Continuous,Differentiable,Non-Separable,Scalable,Multimodal,6,True,False,Whitley,0.0,120,20.0,19.833333333333332,False,False,False,False,,,,,3
7,[-1.64454029 -2.84617233 -0.45640092  0.75678437 -1.61662153  0.831892  ],127,CMAES,WhitleyN6,5.553544895933122,1880.0609648425916,12448788.384841727,0.08403443800000332,Continuous,Differentiable,Non-Separable,Scalable,Multimodal,6,True,False,Whitley,0.0,120,20.0,21.166666666666668,False,False,False,False,,,,,3
