,BestArm,NumberFunctionEval,Algorithm,CostFunction,EuclideanDistance,TrueRewardDifference,CumulativeRegret,TimeToComplete,Continuous,Differentiability,Separability,Scalability,Modality,Ndimensions,OptimizationSuccessful,BBOB,BaseClass,SD,MaxFeval,MaxFevalPerDimensions,FevalPerDimensions,SolveAt1,SolveAt1e-1,SolveAt1e-3,SolveAt1e-6,SolveEarlierAt1,SolveEarlierAt1e-1,SolveEarlierAt1e-3,SolveEarlierAt1e-6,simNumber
0,[-2.41138715 -1.26429232],200000,NiaPyNelderMead,XinSheYang2N2,2.722723467934112,2.1245854987321326,424923.8945917407,11.100661750002473,Continuous,Differentiable,Non-Separable,Scalable,Multimodal,2,True,False,XinSheYang2,0.0,200000,100000.0,100000.0,False,False,False,False,,,,,6
1,[ 1.97806678e-05 -6.81928930e-04],200000,NiaPyPSO,XinSheYang2N2,0.0006822157577207812,0.0007017092710314563,88742.22556119929,8.624090599994815,Continuous,Differentiable,Non-Separable,Scalable,Multimodal,2,True,False,XinSheYang2,0.0,200000,100000.0,100000.0,True,True,True,False,1.0,164.0,190929.0,,6
2,[-0.0010057  -0.01523559],200000,NiaPySimulatedAnnealing,XinSheYang2N2,0.015268749576179602,0.01623750647132622,673699.9581466937,8.735567561998323,Continuous,Differentiable,Non-Separable,Scalable,Multimodal,2,True,False,XinSheYang2,0.0,200000,100000.0,100000.0,True,True,False,False,46.0,17455.0,,,6
3,[-0.04017259  0.00117904],200000,NiaPyCuckooSearch,XinSheYang2N2,0.04018989140347009,0.04128489476209798,649738.9980111986,6.719413370003167,Continuous,Differentiable,Non-Separable,Scalable,Multimodal,2,True,False,XinSheYang2,0.0,200000,100000.0,100000.0,True,True,False,False,1.0,40280.0,,,6
4,[0. 0.],200000,NiaPyDifferentialEvolution,XinSheYang2N2,0.0,0.0,3005.30237149669,31.710295087003033,Continuous,Differentiable,Non-Separable,Scalable,Multimodal,2,True,False,XinSheYang2,0.0,200000,100000.0,100000.0,True,True,True,True,1.0,735.0,1824.0,3137.0,6
5,[ 0.00058153 -0.00942925],200000,RandomSearch1,XinSheYang2N2,0.009447165363024174,0.010009883639329888,622089.8878773507,5.418290492001688,Continuous,Differentiable,Non-Separable,Scalable,Multimodal,2,True,False,XinSheYang2,0.0,200000,100000.0,100000.0,True,True,False,False,3.0,6600.0,,,6
6,[-0.00756469 -0.0085406 ],199999,RandomSearch2,XinSheYang2N2,0.011409042387964122,0.016103185310676917,622535.959819865,5.98211052500119,Continuous,Differentiable,Non-Separable,Scalable,Multimodal,2,True,False,XinSheYang2,0.0,200000,100000.0,99999.5,True,True,False,False,6.0,4578.0,,,6
7,[-2.79678666 -2.79678653],451,CMAES,XinSheYang2N2,3.955253529415042,0.7577816892199595,498.762781222283,0.16287527200620389,Continuous,Differentiable,Non-Separable,Scalable,Multimodal,2,True,False,XinSheYang2,0.0,200000,100000.0,225.5,True,False,False,False,24.0,,,,6
