,BestArm,NumberFunctionEval,Algorithm,CostFunction,EuclideanDistance,TrueRewardDifference,CumulativeRegret,TimeToComplete,Continuous,Differentiability,Separability,Scalability,Modality,Ndimensions,OptimizationSuccessful,BBOB,BaseClass,SD,MaxFeval,MaxFevalPerDimensions,FevalPerDimensions,SolveAt1,SolveAt1e-1,SolveAt1e-3,SolveAt1e-6,SolveEarlierAt1,SolveEarlierAt1e-1,SolveEarlierAt1e-3,SolveEarlierAt1e-6,simNumber
0,[-0.46404358  1.49191904],200000,NiaPyNelderMead,XinSheYang2N2,1.5624208392244627,0.7147476949175317,142957.40594363768,11.071004771001753,Continuous,Differentiable,Non-Separable,Scalable,Multimodal,2,True,False,XinSheYang2,0.0,200000,100000.0,100000.0,True,False,False,False,4,,,,7
1,[-3.57099507e-04  9.85074317e-05],200000,NiaPyPSO,XinSheYang2N2,0.0003704372715310197,0.00045560687636360983,89008.18342771083,8.459447676999844,Continuous,Differentiable,Non-Separable,Scalable,Multimodal,2,True,False,XinSheYang2,0.0,200000,100000.0,100000.0,True,True,True,False,4,238.0,65800.0,,7
2,[-0.00611875 -0.00805157],200000,NiaPySimulatedAnnealing,XinSheYang2N2,0.01011270375005234,0.014168863922915317,677813.5329730379,8.807113866998407,Continuous,Differentiable,Non-Separable,Scalable,Multimodal,2,True,False,XinSheYang2,0.0,200000,100000.0,100000.0,True,True,False,False,26,1810.0,,,7
3,[-0.01923332  0.01136063],200000,NiaPyCuckooSearch,XinSheYang2N2,0.022337963382655923,0.030578689438804086,643452.0812741098,6.717386421005358,Continuous,Differentiable,Non-Separable,Scalable,Multimodal,2,True,False,XinSheYang2,0.0,200000,100000.0,100000.0,True,True,False,False,4,22160.0,,,7
4,[0. 0.],200000,NiaPyDifferentialEvolution,XinSheYang2N2,0.0,0.0,2220.5997154943516,31.6835463469979,Continuous,Differentiable,Non-Separable,Scalable,Multimodal,2,True,False,XinSheYang2,0.0,200000,100000.0,100000.0,True,True,True,True,4,452.0,1425.0,3133.0,7
5,[-0.00181025 -0.0040774 ],200000,RandomSearch1,XinSheYang2N2,0.004461191655464471,0.005887538772733312,618221.0428723277,5.491425063999486,Continuous,Differentiable,Non-Separable,Scalable,Multimodal,2,True,False,XinSheYang2,0.0,200000,100000.0,100000.0,True,True,False,False,2,599.0,,,7
6,[-0.004437   -0.00604279],199999,RandomSearch2,XinSheYang2N2,0.007496823052786055,0.01047920797609376,623285.0779375043,6.116692643998249,Continuous,Differentiable,Non-Separable,Scalable,Multimodal,2,True,False,XinSheYang2,0.0,200000,100000.0,99999.5,True,True,False,False,6,336.0,,,7
7,[-2.79678657 -2.79678657],463,CMAES,XinSheYang2N2,3.9552534956931487,0.7577816892198445,480.8789167104014,0.16845430999819655,Continuous,Differentiable,Non-Separable,Scalable,Multimodal,2,True,False,XinSheYang2,0.0,200000,100000.0,231.5,True,False,False,False,10,,,,7
