,BestArm,NumberFunctionEval,Algorithm,CostFunction,EuclideanDistance,TrueRewardDifference,CumulativeRegret,TimeToComplete,Continuous,Differentiability,Separability,Scalability,Modality,Ndimensions,OptimizationSuccessful,BBOB,BaseClass,SD,MaxFeval,MaxFevalPerDimensions,FevalPerDimensions,SolveAt1,SolveAt1e-1,SolveAt1e-3,SolveAt1e-6,SolveEarlierAt1,SolveEarlierAt1e-1,SolveEarlierAt1e-3,SolveEarlierAt1e-6,simNumber
0,[ 2.78910116 -0.13243148],40,NiaPyNelderMead,XinSheYang2N2,2.7922434353676326,1.0590524338318794,48.58664112880726,0.002620472000003815,Continuous,Differentiable,Non-Separable,Scalable,Multimodal,2,True,False,XinSheYang2,0.0,40,20.0,20.0,False,False,False,False,,,,,9
1,[ 0.00950305 -0.11204421],40,NiaPyPSO,XinSheYang2N2,0.11244648565869428,0.12002009755937307,114.10417182875773,0.0021006879999987405,Continuous,Differentiable,Non-Separable,Scalable,Multimodal,2,True,False,XinSheYang2,0.0,40,20.0,20.0,True,False,False,False,7.0,,,,9
2,[-2.73656895 -0.7360651 ],40,NiaPySimulatedAnnealing,XinSheYang2N2,2.8338315838650288,0.8147931646878145,70.78972939994537,0.0020559739999868043,Continuous,Differentiable,Non-Separable,Scalable,Multimodal,2,True,False,XinSheYang2,0.0,40,20.0,20.0,True,False,False,False,30.0,,,,9
3,[-1.22672295 -0.99628496],40,NiaPyCuckooSearch,XinSheYang2N2,1.5803268420000933,0.35472730742750286,146.01462436332642,0.002281941000006782,Continuous,Differentiable,Non-Separable,Scalable,Multimodal,2,True,False,XinSheYang2,0.0,40,20.0,20.0,True,False,False,False,4.0,,,,9
4,[-1.11455331 -1.34676298],40,NiaPyDifferentialEvolution,XinSheYang2N2,1.74814175581388,0.3618823671077569,139.20812799139017,0.0057836600000058525,Continuous,Differentiable,Non-Separable,Scalable,Multimodal,2,True,False,XinSheYang2,0.0,40,20.0,20.0,True,False,False,False,5.0,,,,9
5,[-0.01775712 -0.14732733],40,RandomSearch1,XinSheYang2N2,0.14839358565418378,0.1614891843856661,102.69058371445809,0.0017644680000046264,Continuous,Differentiable,Non-Separable,Scalable,Multimodal,2,True,False,XinSheYang2,0.0,40,20.0,20.0,True,False,False,False,1.0,,,,9
6,[0.33093456 0.33093456],39,RandomSearch2,XinSheYang2N2,0.46801214446845457,0.5319077445962243,124.13545694689088,0.0018209209999895393,Continuous,Differentiable,Non-Separable,Scalable,Multimodal,2,True,False,XinSheYang2,0.0,40,20.0,19.5,True,False,False,False,1.0,,,,9
7,[1.13734736 1.16535434],43,CMAES,XinSheYang2N2,1.6283764190167815,0.33114893383246996,24.887272129891347,0.05355066699999611,Continuous,Differentiable,Non-Separable,Scalable,Multimodal,2,True,False,XinSheYang2,0.0,40,20.0,21.5,True,False,False,False,1.0,,,,9
