,BestArm,NumberFunctionEval,Algorithm,CostFunction,EuclideanDistance,TrueRewardDifference,CumulativeRegret,TimeToComplete,Continuous,Differentiability,Separability,Scalability,Modality,Ndimensions,OptimizationSuccessful,BBOB,BaseClass,SD,MaxFeval,MaxFevalPerDimensions,FevalPerDimensions,SolveAt1,SolveAt1e-1,SolveAt1e-3,SolveAt1e-6,SolveEarlierAt1,SolveEarlierAt1e-1,SolveEarlierAt1e-3,SolveEarlierAt1e-6,simNumber
0,[-0.92342671  0.94913183],200000,NiaPyNelderMead,XinSheYang2N2,1.3242235915266576,0.40267689364633713,79412.92839628065,11.522899654999492,Continuous,Differentiable,Non-Separable,Scalable,Multimodal,2,True,False,XinSheYang2,3.0,200000,100000.0,100000.0,True,False,False,False,1,,,,2
1,[-1.33849208 -0.20269984],200000,NiaPyPSO,XinSheYang2N2,1.3537534060195675,0.5575239323508614,233107.3137901971,9.94705809700099,Continuous,Differentiable,Non-Separable,Scalable,Multimodal,2,True,False,XinSheYang2,3.0,200000,100000.0,100000.0,True,False,False,False,3,1359.0,,,2
2,[ 0.44099376 -1.23467261],200000,NiaPySimulatedAnnealing,XinSheYang2N2,1.3110651944667688,0.5086649786149909,658400.7061909155,10.511842508996779,Continuous,Differentiable,Non-Separable,Scalable,Multimodal,2,True,False,XinSheYang2,3.0,200000,100000.0,100000.0,True,False,False,False,1,121.0,,,2
3,[-1.40930742  1.12684881],200000,NiaPyCuckooSearch,XinSheYang2N2,1.8044211337174698,0.39087667644938506,652106.8027400265,8.144679405995703,Continuous,Differentiable,Non-Separable,Scalable,Multimodal,2,True,False,XinSheYang2,3.0,200000,100000.0,100000.0,True,False,False,False,1,22016.0,,,2
4,[-0.99467223  1.24129578],200000,NiaPyDifferentialEvolution,XinSheYang2N2,1.5906564860842034,0.3568077885205459,713041.9308125288,34.45344757300336,Continuous,Differentiable,Non-Separable,Scalable,Multimodal,2,True,False,XinSheYang2,3.0,200000,100000.0,100000.0,True,False,False,False,4,2310.0,,,2
5,[ 0.16360191 -0.02596269],200000,RandomSearch1,XinSheYang2N2,0.16564916662142912,0.18443432104966656,621956.7153208628,6.603619825997157,Continuous,Differentiable,Non-Separable,Scalable,Multimodal,2,True,False,XinSheYang2,3.0,200000,100000.0,100000.0,True,False,False,False,1,925.0,,,2
6,[-1.53852338 -0.09724036],199999,RandomSearch2,XinSheYang2N2,1.541593296269033,0.8051457272834467,618381.4790897592,7.368826995007112,Continuous,Differentiable,Non-Separable,Scalable,Multimodal,2,True,False,XinSheYang2,3.0,200000,100000.0,99999.5,True,False,False,False,1,946.0,,,2
7,[-1.38245618 -1.11437114],3271,CMAES,XinSheYang2N2,1.7756711794650197,0.3775778018542119,1357.4170631039117,0.9530252320037107,Continuous,Differentiable,Non-Separable,Scalable,Multimodal,2,True,False,XinSheYang2,3.0,200000,100000.0,1635.5,True,False,False,False,1,,,,2
