,BestArm,NumberFunctionEval,Algorithm,CostFunction,EuclideanDistance,TrueRewardDifference,CumulativeRegret,TimeToComplete,Continuous,Differentiability,Separability,Scalability,Modality,Ndimensions,OptimizationSuccessful,BBOB,BaseClass,SD,MaxFeval,MaxFevalPerDimensions,FevalPerDimensions,SolveAt1,SolveAt1e-1,SolveAt1e-3,SolveAt1e-6,SolveEarlierAt1,SolveEarlierAt1e-1,SolveEarlierAt1e-3,SolveEarlierAt1e-6,simNumber
0,[ 2.18542621 -0.93456253],40,NiaPyNelderMead,XinSheYang2N2,2.376866600800223,3.932517543359176,149.5034021531456,0.0034107670000054213,Continuous,Differentiable,Non-Separable,Scalable,Multimodal,2,True,False,XinSheYang2,3.0,40,20.0,20.0,False,False,False,False,,,,,9
1,[ 1.44069334 -1.66198917],40,NiaPyPSO,XinSheYang2N2,2.199501150151761,0.8928357701234184,150.45688082111153,0.0028281860000021197,Continuous,Differentiable,Non-Separable,Scalable,Multimodal,2,True,False,XinSheYang2,3.0,40,20.0,20.0,True,False,False,False,2.0,,,,9
2,[ 0.92194925 -1.40145875],40,NiaPySimulatedAnnealing,XinSheYang2N2,1.6775211019660319,0.43522500375799034,90.3887006042375,0.002851945999992722,Continuous,Differentiable,Non-Separable,Scalable,Multimodal,2,True,False,XinSheYang2,3.0,40,20.0,20.0,True,False,False,False,1.0,,,,9
3,[-1.25112303 -0.84979729],40,NiaPyCuckooSearch,XinSheYang2N2,1.5124365321393995,0.39907214693218396,144.2400562359246,0.0020521919999936244,Continuous,Differentiable,Non-Separable,Scalable,Multimodal,2,True,False,XinSheYang2,3.0,40,20.0,20.0,True,False,False,False,4.0,,,,9
4,[1.16413434 1.0594137 ],40,NiaPyDifferentialEvolution,XinSheYang2N2,1.5740286409835629,0.33997889104808104,132.65239601947448,0.006317046999996023,Continuous,Differentiable,Non-Separable,Scalable,Multimodal,2,True,False,XinSheYang2,3.0,40,20.0,20.0,True,False,False,False,4.0,,,,9
5,[-2.77767927  3.0099743 ],40,RandomSearch1,XinSheYang2N2,4.0957841011138845,1.504569676754975,90.00786816403172,0.001996099999999501,Continuous,Differentiable,Non-Separable,Scalable,Multimodal,2,True,False,XinSheYang2,3.0,40,20.0,20.0,False,False,False,False,1.0,,,,9
6,[-0.58034283  0.11373356],39,RandomSearch2,XinSheYang2N2,0.5913823855838496,0.4923454316893204,89.6698691107375,0.0020284229999987247,Continuous,Differentiable,Non-Separable,Scalable,Multimodal,2,True,False,XinSheYang2,3.0,40,20.0,19.5,True,False,False,False,1.0,,,,9
7,[-0.76987831 -0.86480665],43,CMAES,XinSheYang2N2,1.1578441890995044,0.47366418690771256,-8.715268652558883,0.05313091300000394,Continuous,Differentiable,Non-Separable,Scalable,Multimodal,2,True,False,XinSheYang2,3.0,40,20.0,21.5,True,False,False,False,1.0,,,,9
