,BestArm,NumberFunctionEval,Algorithm,CostFunction,EuclideanDistance,TrueRewardDifference,CumulativeRegret,TimeToComplete,Continuous,Differentiability,Separability,Scalability,Modality,Ndimensions,OptimizationSuccessful,BBOB,BaseClass,SD,MaxFeval,MaxFevalPerDimensions,FevalPerDimensions,SolveAt1,SolveAt1e-1,SolveAt1e-3,SolveAt1e-6,SolveEarlierAt1,SolveEarlierAt1e-1,SolveEarlierAt1e-3,SolveEarlierAt1e-6,simNumber
0,[-1.51056882  4.05348586],200000,NiaPyNelderMead,XinSheYang2N2,4.3258023266170795,5.053631451130875,1009398.6010476002,11.598621566001384,Continuous,Differentiable,Non-Separable,Scalable,Multimodal,2,True,False,XinSheYang2,3.0,200000,100000.0,100000.0,False,False,False,False,,,,,3
1,[-0.56765485  0.68984801],200000,NiaPyPSO,XinSheYang2N2,0.8933769117999532,0.5794438111204426,221868.25591630323,10.002113567003107,Continuous,Differentiable,Non-Separable,Scalable,Multimodal,2,True,False,XinSheYang2,3.0,200000,100000.0,100000.0,True,False,False,False,1.0,5563.0,,,3
2,[-1.3811664   1.44036481],200000,NiaPySimulatedAnnealing,XinSheYang2N2,1.995562932869434,0.45737239024123144,661568.2265444314,10.58610573400074,Continuous,Differentiable,Non-Separable,Scalable,Multimodal,2,True,False,XinSheYang2,3.0,200000,100000.0,100000.0,True,False,False,False,3.0,5619.0,,,3
3,[-0.49120745 -0.7078882 ],200000,NiaPyCuckooSearch,XinSheYang2N2,0.8616208338145251,0.5840443787081422,636372.6205079174,8.253196070996637,Continuous,Differentiable,Non-Separable,Scalable,Multimodal,2,True,False,XinSheYang2,3.0,200000,100000.0,100000.0,True,False,False,False,1.0,16.0,,,3
4,[-0.22707722 -1.34318262],200000,NiaPyDifferentialEvolution,XinSheYang2N2,1.362242125408561,0.5637192777795519,751265.653315384,34.370215431998076,Continuous,Differentiable,Non-Separable,Scalable,Multimodal,2,True,False,XinSheYang2,3.0,200000,100000.0,100000.0,True,False,False,False,6.0,1045.0,,,3
5,[-0.79174467 -0.98873834],200000,RandomSearch1,XinSheYang2N2,1.266674037778344,0.43219441974413253,620710.2099726327,6.738045253994642,Continuous,Differentiable,Non-Separable,Scalable,Multimodal,2,True,False,XinSheYang2,3.0,200000,100000.0,100000.0,True,False,False,False,1.0,524.0,,,3
6,[0.87340317 1.01851492],199999,RandomSearch2,XinSheYang2N2,1.341717461411519,0.4007360634815309,624613.7998107009,7.495652052995865,Continuous,Differentiable,Non-Separable,Scalable,Multimodal,2,True,False,XinSheYang2,3.0,200000,100000.0,99999.5,True,False,False,False,1.0,4846.0,,,3
7,[-1.56754936 -1.16511014],2863,CMAES,XinSheYang2N2,1.9531238139034273,0.5464823341506287,1979.550307659154,0.8292273300030502,Continuous,Differentiable,Non-Separable,Scalable,Multimodal,2,True,False,XinSheYang2,3.0,200000,100000.0,1431.5,True,False,False,False,1.0,,,,3
