,BestArm,NumberFunctionEval,Algorithm,CostFunction,EuclideanDistance,TrueRewardDifference,CumulativeRegret,TimeToComplete,Continuous,Differentiability,Separability,Scalability,Modality,Ndimensions,OptimizationSuccessful,BBOB,BaseClass,SD,MaxFeval,MaxFevalPerDimensions,FevalPerDimensions,SolveAt1,SolveAt1e-1,SolveAt1e-3,SolveAt1e-6,SolveEarlierAt1,SolveEarlierAt1e-1,SolveEarlierAt1e-3,SolveEarlierAt1e-6,simNumber
0,[ 1.92321355 -1.0906933 ],200000,NiaPyNelderMead,XinSheYang2N2,2.2109640961868275,2.021396189356153,402434.3330592945,11.718424337996112,Continuous,Differentiable,Non-Separable,Scalable,Multimodal,2,True,False,XinSheYang2,3.0,200000,100000.0,100000.0,False,False,False,False,1,,,,1
1,[-0.30018928  0.40518246],200000,NiaPyPSO,XinSheYang2N2,0.5042682135903382,0.5474641215797721,167853.17893346763,9.938667225003883,Continuous,Differentiable,Non-Separable,Scalable,Multimodal,2,True,False,XinSheYang2,3.0,200000,100000.0,100000.0,True,False,False,False,1,149.0,,,1
2,[2.90803203 0.11937065],200000,NiaPySimulatedAnnealing,XinSheYang2N2,2.9104809985021305,1.3094802984079204,686311.6627014434,10.465980430002674,Continuous,Differentiable,Non-Separable,Scalable,Multimodal,2,True,False,XinSheYang2,3.0,200000,100000.0,100000.0,False,False,False,False,1,420.0,,,1
3,[1.02183958 1.29837012],200000,NiaPyCuckooSearch,XinSheYang2N2,1.65224728574298,0.3619527873280843,647309.0057727556,8.072462905998691,Continuous,Differentiable,Non-Separable,Scalable,Multimodal,2,True,False,XinSheYang2,3.0,200000,100000.0,100000.0,True,False,False,False,2,62360.0,,,1
4,[-0.33215142 -0.75370747],200000,NiaPyDifferentialEvolution,XinSheYang2N2,0.8236501218993699,0.5679397327348347,680328.460201194,33.83237420899968,Continuous,Differentiable,Non-Separable,Scalable,Multimodal,2,True,False,XinSheYang2,3.0,200000,100000.0,100000.0,True,False,False,False,2,1746.0,,,1
5,[ 1.29656346 -2.96084898],200000,RandomSearch1,XinSheYang2N2,3.2322907489235115,0.8547732683809579,620944.3901497524,6.660913582993089,Continuous,Differentiable,Non-Separable,Scalable,Multimodal,2,True,False,XinSheYang2,3.0,200000,100000.0,100000.0,True,False,False,False,1,569.0,,,1
6,[-2.74045156 -0.83154467],199999,RandomSearch2,XinSheYang2N2,2.863833325673338,0.7363957961782777,621896.4625374121,7.389620849004132,Continuous,Differentiable,Non-Separable,Scalable,Multimodal,2,True,False,XinSheYang2,3.0,200000,100000.0,99999.5,True,False,False,False,1,1534.0,,,1
7,[-0.73547363 -1.09577323],3241,CMAES,XinSheYang2N2,1.3197122488227522,0.4307495681105304,1444.6570136942819,0.9513195129984524,Continuous,Differentiable,Non-Separable,Scalable,Multimodal,2,True,False,XinSheYang2,3.0,200000,100000.0,1620.5,True,False,False,False,1,,,,1
