,BestArm,NumberFunctionEval,Algorithm,CostFunction,EuclideanDistance,TrueRewardDifference,CumulativeRegret,TimeToComplete,Continuous,Differentiability,Separability,Scalability,Modality,Ndimensions,OptimizationSuccessful,BBOB,BaseClass,SD,MaxFeval,MaxFevalPerDimensions,FevalPerDimensions,SolveAt1,SolveAt1e-1,SolveAt1e-3,SolveAt1e-6,SolveEarlierAt1,SolveEarlierAt1e-1,SolveEarlierAt1e-3,SolveEarlierAt1e-6,simNumber
0,[1.15899066 1.18161676],200000,NiaPyNelderMead,XinSheYang2N2,1.65513671014623,0.33001592261551926,66003.59720435004,11.144049262999033,Continuous,Differentiable,Non-Separable,Scalable,Multimodal,2,True,False,XinSheYang2,0.0,200000,100000.0,100000.0,True,False,False,False,1,,,,5
1,[-0.00031085  0.00048186],200000,NiaPyPSO,XinSheYang2N2,0.0005734248982912077,0.0007927091653242555,87958.29911745395,8.460942136996891,Continuous,Differentiable,Non-Separable,Scalable,Multimodal,2,True,False,XinSheYang2,0.0,200000,100000.0,100000.0,True,True,True,False,2,218.0,39397.0,,5
2,[-0.00142701 -0.00734876],200000,NiaPySimulatedAnnealing,XinSheYang2N2,0.007486030837881582,0.008775278991344735,660970.347986835,8.64265508200333,Continuous,Differentiable,Non-Separable,Scalable,Multimodal,2,True,False,XinSheYang2,0.0,200000,100000.0,100000.0,True,True,False,False,1,6566.0,,,5
3,[ 0.00591652 -0.01753267],200000,NiaPyCuckooSearch,XinSheYang2N2,0.018504048191918643,0.02344116420829856,635055.8221292957,6.65620062599919,Continuous,Differentiable,Non-Separable,Scalable,Multimodal,2,True,False,XinSheYang2,0.0,200000,100000.0,100000.0,True,True,False,False,2,4376.0,,,5
4,[0. 0.],200000,NiaPyDifferentialEvolution,XinSheYang2N2,0.0,0.0,2665.9107989489016,31.449148050000076,Continuous,Differentiable,Non-Separable,Scalable,Multimodal,2,True,False,XinSheYang2,0.0,200000,100000.0,100000.0,True,True,True,True,1,479.0,1601.0,3202.0,5
5,[-0.00049151  0.00856036],200000,RandomSearch1,XinSheYang2N2,0.008574457458825305,0.009051202210805505,618816.7597115712,5.452658826005063,Continuous,Differentiable,Non-Separable,Scalable,Multimodal,2,True,False,XinSheYang2,0.0,200000,100000.0,100000.0,True,True,False,False,5,1106.0,,,5
6,[-0.00224565  0.00875028],199999,RandomSearch2,XinSheYang2N2,0.009033844281791163,0.0109950290054882,619972.0473836384,6.020998508996854,Continuous,Differentiable,Non-Separable,Scalable,Multimodal,2,True,False,XinSheYang2,0.0,200000,100000.0,99999.5,True,True,False,False,6,592.0,,,5
7,[-2.79678657 -2.79678657],427,CMAES,XinSheYang2N2,3.9552534984315537,0.7577816892198443,598.6775113747732,0.15395795600488782,Continuous,Differentiable,Non-Separable,Scalable,Multimodal,2,True,False,XinSheYang2,0.0,200000,100000.0,213.5,True,False,False,False,28,,,,5
