,BestArm,NumberFunctionEval,Algorithm,CostFunction,EuclideanDistance,TrueRewardDifference,CumulativeRegret,TimeToComplete,Continuous,Differentiability,Separability,Scalability,Modality,Ndimensions,OptimizationSuccessful,BBOB,BaseClass,SD,MaxFeval,MaxFevalPerDimensions,FevalPerDimensions,SolveAt1,SolveAt1e-1,SolveAt1e-3,SolveAt1e-6,SolveEarlierAt1,SolveEarlierAt1e-1,SolveEarlierAt1e-3,SolveEarlierAt1e-6,simNumber
0,[1.97685308 0.87398584],200000,NiaPyNelderMead,XinSheYang2N2,2.1614345557286807,2.8559930374284583,572090.4079664695,11.480972757999552,Continuous,Differentiable,Non-Separable,Scalable,Multimodal,2,True,False,XinSheYang2,3.0,200000,100000.0,100000.0,False,False,False,False,1,,,,0
1,[0.0745825  1.11188949],200000,NiaPyPSO,XinSheYang2N2,1.114388082135915,0.45879420198479515,227810.82690847994,10.001791415001207,Continuous,Differentiable,Non-Separable,Scalable,Multimodal,2,True,False,XinSheYang2,3.0,200000,100000.0,100000.0,True,False,False,False,3,40.0,,,0
2,[-0.17589768 -1.37198462],200000,NiaPySimulatedAnnealing,XinSheYang2N2,1.3832142988687013,0.5793153578736119,656141.0459656046,10.531982390006306,Continuous,Differentiable,Non-Separable,Scalable,Multimodal,2,True,False,XinSheYang2,3.0,200000,100000.0,100000.0,True,False,False,False,1,4457.0,,,0
3,[0.82208654 2.77238631],200000,NiaPyCuckooSearch,XinSheYang2N2,2.891704021798366,0.7174226751224888,644357.5176506325,8.219689900004596,Continuous,Differentiable,Non-Separable,Scalable,Multimodal,2,True,False,XinSheYang2,3.0,200000,100000.0,100000.0,True,False,False,False,2,26191.0,,,0
4,[-1.38987366  1.23911878],200000,NiaPyDifferentialEvolution,XinSheYang2N2,1.8620322643062577,0.3797149827552458,563055.4008970556,34.23927598300361,Continuous,Differentiable,Non-Separable,Scalable,Multimodal,2,True,False,XinSheYang2,3.0,200000,100000.0,100000.0,True,False,False,False,2,3245.0,,,0
5,[1.05081149 1.50442407],200000,RandomSearch1,XinSheYang2N2,1.835073989490544,0.4845098538206466,620111.9092380655,6.631054377998225,Continuous,Differentiable,Non-Separable,Scalable,Multimodal,2,True,False,XinSheYang2,3.0,200000,100000.0,100000.0,True,False,False,False,1,495.0,,,0
6,[ 0.86273749 -0.99027642],199999,RandomSearch2,XinSheYang2N2,1.3133786038552735,0.4100348249102734,621608.7580279373,7.427075104002142,Continuous,Differentiable,Non-Separable,Scalable,Multimodal,2,True,False,XinSheYang2,3.0,200000,100000.0,99999.5,True,False,False,False,1,288.0,,,0
7,[-1.35802408 -1.76080632],3733,CMAES,XinSheYang2N2,2.223661011549871,1.1427828743689925,4295.53289048757,1.1047383530021762,Continuous,Differentiable,Non-Separable,Scalable,Multimodal,2,True,False,XinSheYang2,3.0,200000,100000.0,1866.5,False,False,False,False,2,,,,0
