,BestArm,NumberFunctionEval,Algorithm,CostFunction,EuclideanDistance,TrueRewardDifference,CumulativeRegret,TimeToComplete,Continuous,Differentiability,Separability,Scalability,Modality,Ndimensions,OptimizationSuccessful,BBOB,BaseClass,SD,MaxFeval,MaxFevalPerDimensions,FevalPerDimensions,SolveAt1,SolveAt1e-1,SolveAt1e-3,SolveAt1e-6,SolveEarlierAt1,SolveEarlierAt1e-1,SolveEarlierAt1e-3,SolveEarlierAt1e-6,simNumber
0,[2.60114156 0.18502881],200000,NiaPyNelderMead,XinSheYang2N2,2.6077141502954833,1.6925233321681254,338525.1537886075,10.98519043399574,Continuous,Differentiable,Non-Separable,Scalable,Multimodal,2,True,False,XinSheYang2,0.0,200000,100000.0,100000.0,False,False,False,False,,,,,0
1,[-8.18098950e-05  5.98687526e-04],200000,NiaPyPSO,XinSheYang2N2,0.0006042512823209419,0.0006804971721024756,89060.94330810214,8.50886136599729,Continuous,Differentiable,Non-Separable,Scalable,Multimodal,2,True,False,XinSheYang2,0.0,200000,100000.0,100000.0,True,True,True,False,2.0,66.0,24348.0,,0
2,[ 0.00035834 -0.00795064],200000,NiaPySimulatedAnnealing,XinSheYang2N2,0.007958710935113926,0.008308453872268333,683905.57454258,8.698167593000107,Continuous,Differentiable,Non-Separable,Scalable,Multimodal,2,True,False,XinSheYang2,0.0,200000,100000.0,100000.0,True,True,False,False,7.0,6011.0,,,0
3,[-0.00753491 -0.0479005 ],200000,NiaPyCuckooSearch,XinSheYang2N2,0.048489516047456056,0.055305222934476886,637470.0645701315,6.598900782999408,Continuous,Differentiable,Non-Separable,Scalable,Multimodal,2,True,False,XinSheYang2,0.0,200000,100000.0,100000.0,True,True,False,False,3.0,31736.0,,,0
4,[0. 0.],200000,NiaPyDifferentialEvolution,XinSheYang2N2,0.0,0.0,2745.5311920140894,31.352545204994385,Continuous,Differentiable,Non-Separable,Scalable,Multimodal,2,True,False,XinSheYang2,0.0,200000,100000.0,100000.0,True,True,True,True,4.0,651.0,1755.0,3189.0,0
5,[-0.01416129  0.00135461],200000,RandomSearch1,XinSheYang2N2,0.014225926134155612,0.01551275614218827,619763.9757466516,5.418269697998767,Continuous,Differentiable,Non-Separable,Scalable,Multimodal,2,True,False,XinSheYang2,0.0,200000,100000.0,100000.0,True,True,False,False,2.0,3164.0,,,0
6,[0.00655563 0.00155359],199999,RandomSearch2,XinSheYang2N2,0.0067372041323181244,0.00810884927050257,620910.5005296252,6.018482831001165,Continuous,Differentiable,Non-Separable,Scalable,Multimodal,2,True,False,XinSheYang2,0.0,200000,100000.0,99999.5,True,True,False,False,2.0,3198.0,,,0
7,[-2.79678657 -2.79678657],439,CMAES,XinSheYang2N2,3.955253499080097,0.7577816892198442,573.0710391925531,0.16802617000212194,Continuous,Differentiable,Non-Separable,Scalable,Multimodal,2,True,False,XinSheYang2,0.0,200000,100000.0,219.5,True,False,False,False,7.0,,,,0
