,BestArm,NumberFunctionEval,Algorithm,CostFunction,EuclideanDistance,TrueRewardDifference,CumulativeRegret,TimeToComplete,Continuous,Differentiability,Separability,Scalability,Modality,Ndimensions,OptimizationSuccessful,BBOB,BaseClass,SD,MaxFeval,MaxFevalPerDimensions,FevalPerDimensions,SolveAt1,SolveAt1e-1,SolveAt1e-3,SolveAt1e-6,SolveEarlierAt1,SolveEarlierAt1e-1,SolveEarlierAt1e-3,SolveEarlierAt1e-6,simNumber
0,[-1.28105707  1.20861255],200000,NiaPyNelderMead,XinSheYang2N2,1.7612073977410316,0.3398232752524849,68160.56306601869,11.672392729000421,Continuous,Differentiable,Non-Separable,Scalable,Multimodal,2,True,False,XinSheYang2,3.0,200000,100000.0,100000.0,True,False,False,False,2,,,,5
1,[-0.10360457 -0.44478425],200000,NiaPyPSO,XinSheYang2N2,0.4566912879901795,0.44572660124554786,171742.26887968465,9.92295974100125,Continuous,Differentiable,Non-Separable,Scalable,Multimodal,2,True,False,XinSheYang2,3.0,200000,100000.0,100000.0,True,False,False,False,4,789.0,,,5
2,[ 2.88809728 -1.42250151],200000,NiaPySimulatedAnnealing,XinSheYang2N2,3.2194124395863106,0.724793155042519,639258.0833811214,10.562598501004686,Continuous,Differentiable,Non-Separable,Scalable,Multimodal,2,True,False,XinSheYang2,3.0,200000,100000.0,100000.0,True,False,False,False,1,2253.0,,,5
3,[-0.70268222  2.55304062],200000,NiaPyCuckooSearch,XinSheYang2N2,2.6479763402244756,1.6060752242391514,647103.7436128717,8.091685390005296,Continuous,Differentiable,Non-Separable,Scalable,Multimodal,2,True,False,XinSheYang2,3.0,200000,100000.0,100000.0,False,False,False,False,5,11312.0,,,5
4,[ 2.74095749 -0.6534003 ],200000,NiaPyDifferentialEvolution,XinSheYang2N2,2.8177615027301313,0.8742914420571154,774292.4448241694,34.08622768599889,Continuous,Differentiable,Non-Separable,Scalable,Multimodal,2,True,False,XinSheYang2,3.0,200000,100000.0,100000.0,True,False,False,False,3,7141.0,,,5
5,[-0.34105216  1.22186821],200000,RandomSearch1,XinSheYang2N2,1.2685734060696652,0.5135176910378016,622015.1944198881,6.629887022005278,Continuous,Differentiable,Non-Separable,Scalable,Multimodal,2,True,False,XinSheYang2,3.0,200000,100000.0,100000.0,True,False,False,False,1,72.0,,,5
6,[-0.29801629 -0.71499224],199999,RandomSearch2,XinSheYang2N2,0.7746144939283485,0.5683552220270671,623839.1176414435,7.363679578003939,Continuous,Differentiable,Non-Separable,Scalable,Multimodal,2,True,False,XinSheYang2,3.0,200000,100000.0,99999.5,True,False,False,False,1,8898.0,,,5
7,[-0.488477   -0.84896107],3451,CMAES,XinSheYang2N2,0.9794614219384978,0.5457833803144392,2129.8445805216897,0.9989193680012249,Continuous,Differentiable,Non-Separable,Scalable,Multimodal,2,True,False,XinSheYang2,3.0,200000,100000.0,1725.5,True,False,False,False,1,,,,5
