,BestArm,NumberFunctionEval,Algorithm,CostFunction,EuclideanDistance,TrueRewardDifference,CumulativeRegret,TimeToComplete,Continuous,Differentiability,Separability,Scalability,Modality,Ndimensions,OptimizationSuccessful,BBOB,BaseClass,SD,MaxFeval,MaxFevalPerDimensions,FevalPerDimensions,SolveAt1,SolveAt1e-1,SolveAt1e-3,SolveAt1e-6,SolveEarlierAt1,SolveEarlierAt1e-1,SolveEarlierAt1e-3,SolveEarlierAt1e-6,simNumber
0,[2.25062974 1.11076051],40,NiaPyNelderMead,XinSheYang2N2,2.5098053956146558,3.343322080057445,143.02582766598812,0.0032821149999904264,Continuous,Differentiable,Non-Separable,Scalable,Multimodal,2,True,False,XinSheYang2,3.0,40,20.0,20.0,False,False,False,False,,,,,8
1,[ 0.52221401 -0.14014629],40,NiaPyPSO,XinSheYang2N2,0.5406925641448179,0.4961260874530347,85.96924340702682,0.0026543110000005754,Continuous,Differentiable,Non-Separable,Scalable,Multimodal,2,True,False,XinSheYang2,3.0,40,20.0,20.0,True,False,False,False,1.0,,,,8
2,[1.62520075 0.88786787],40,NiaPySimulatedAnnealing,XinSheYang2N2,1.8519143691775564,0.7653975944177238,104.73443450030055,0.002695959999996944,Continuous,Differentiable,Non-Separable,Scalable,Multimodal,2,True,False,XinSheYang2,3.0,40,20.0,20.0,True,False,False,False,22.0,,,,8
3,[-0.36492677  0.3642916 ],40,NiaPyCuckooSearch,XinSheYang2N2,0.5156354526622403,0.5594061562158827,198.12689271457367,0.0023790879999978642,Continuous,Differentiable,Non-Separable,Scalable,Multimodal,2,True,False,XinSheYang2,3.0,40,20.0,20.0,True,False,False,False,2.0,,,,8
4,[ 3.14159265 -0.73653627],40,NiaPyDifferentialEvolution,XinSheYang2N2,3.2267770412871046,3.5586726809534204,167.28917309733623,0.007690381000003299,Continuous,Differentiable,Non-Separable,Scalable,Multimodal,2,True,False,XinSheYang2,3.0,40,20.0,20.0,False,False,False,False,1.0,,,,8
5,[2.78551377 0.78077294],40,RandomSearch1,XinSheYang2N2,2.892869396872956,0.7434001979785198,101.3738799037751,0.0021024469999986195,Continuous,Differentiable,Non-Separable,Scalable,Multimodal,2,True,False,XinSheYang2,3.0,40,20.0,20.0,True,False,False,False,1.0,,,,8
6,[-2.97847018  1.21033833],39,RandomSearch2,XinSheYang2N2,3.2149966557751664,0.9160850459470997,111.23795826601324,0.0025166249999983847,Continuous,Differentiable,Non-Separable,Scalable,Multimodal,2,True,False,XinSheYang2,3.0,40,20.0,19.5,True,False,False,False,1.0,,,,8
7,[-0.88322607 -2.81939782],43,CMAES,XinSheYang2N2,2.9545037407274113,0.6771995997088307,68.69211751858386,0.05662647900000195,Continuous,Differentiable,Non-Separable,Scalable,Multimodal,2,True,False,XinSheYang2,3.0,40,20.0,21.5,True,False,False,False,1.0,,,,8
