,BestArm,NumberFunctionEval,Algorithm,CostFunction,EuclideanDistance,TrueRewardDifference,CumulativeRegret,TimeToComplete,Continuous,Differentiability,Separability,Scalability,Modality,Ndimensions,OptimizationSuccessful,BBOB,BaseClass,SD,MaxFeval,MaxFevalPerDimensions,FevalPerDimensions,SolveAt1,SolveAt1e-1,SolveAt1e-3,SolveAt1e-6,SolveEarlierAt1,SolveEarlierAt1e-1,SolveEarlierAt1e-3,SolveEarlierAt1e-6,simNumber
0,[0.02997011 1.11559854],200000,NiaPyNelderMead,XinSheYang2N2,1.1160010397589302,0.4438572312863088,88773.21951256707,11.096135982996202,Continuous,Differentiable,Non-Separable,Scalable,Multimodal,2,True,False,XinSheYang2,0.0,200000,100000.0,100000.0,True,False,False,False,1,,,,4
1,[ 6.15043091e-05 -1.12915558e-04],200000,NiaPyPSO,XinSheYang2N2,0.0001285795598171283,0.00017441986390063943,88359.94235487319,8.42173303400341,Continuous,Differentiable,Non-Separable,Scalable,Multimodal,2,True,False,XinSheYang2,0.0,200000,100000.0,100000.0,True,True,True,False,2,93.0,124051.0,,4
2,[ 0.00525778 -0.00188381],200000,NiaPySimulatedAnnealing,XinSheYang2N2,0.005585063111998417,0.007141358281354624,675261.2854792133,8.815270990002318,Continuous,Differentiable,Non-Separable,Scalable,Multimodal,2,True,False,XinSheYang2,0.0,200000,100000.0,100000.0,True,True,False,False,1,13165.0,,,4
3,[0.02364852 0.02305773],200000,NiaPyCuckooSearch,XinSheYang2N2,0.033028949026949694,0.046655326784717,640652.1851700267,6.662410841003293,Continuous,Differentiable,Non-Separable,Scalable,Multimodal,2,True,False,XinSheYang2,0.0,200000,100000.0,100000.0,True,True,False,False,2,15631.0,,,4
4,[0. 0.],200000,NiaPyDifferentialEvolution,XinSheYang2N2,0.0,0.0,2579.2005699695765,31.58686332400248,Continuous,Differentiable,Non-Separable,Scalable,Multimodal,2,True,False,XinSheYang2,0.0,200000,100000.0,100000.0,True,True,True,True,1,696.0,1452.0,3029.0,4
5,[ 0.00981626 -0.00444786],200000,RandomSearch1,XinSheYang2N2,0.010776937124997775,0.014262463306476158,619124.7227229952,5.476049415003217,Continuous,Differentiable,Non-Separable,Scalable,Multimodal,2,True,False,XinSheYang2,0.0,200000,100000.0,100000.0,True,True,False,False,2,4316.0,,,4
6,[0.00538823 0.00555903],199999,RandomSearch2,XinSheYang2N2,0.007741822059065655,0.0109466014200807,621234.2131904574,6.079074947003392,Continuous,Differentiable,Non-Separable,Scalable,Multimodal,2,True,False,XinSheYang2,0.0,200000,100000.0,99999.5,True,True,False,False,10,20380.0,,,4
7,[-2.79451296  1.21143856],529,CMAES,XinSheYang2N2,3.0457981020626805,0.545583618564617,775.3569543645237,0.1810736499974155,Continuous,Differentiable,Non-Separable,Scalable,Multimodal,2,True,False,XinSheYang2,0.0,200000,100000.0,264.5,True,False,False,False,12,,,,4
