,BestArm,NumberFunctionEval,Algorithm,CostFunction,EuclideanDistance,TrueRewardDifference,CumulativeRegret,TimeToComplete,Continuous,Differentiability,Separability,Scalability,Modality,Ndimensions,OptimizationSuccessful,BBOB,BaseClass,SD,MaxFeval,MaxFevalPerDimensions,FevalPerDimensions,SolveAt1,SolveAt1e-1,SolveAt1e-3,SolveAt1e-6,SolveEarlierAt1,SolveEarlierAt1e-1,SolveEarlierAt1e-3,SolveEarlierAt1e-6,simNumber
0,[-2.50241815  2.72069212],20000,NiaPyNelderMead,ZakharovN2,3.696520285636991,20.486566498871888,409361.6230145957,1.2805733729996973,Continuous,Differentiable,Non-Separable,Scalable,Multimodal,2,True,False,Zakharov,3.0,20000,10000.0,10000.0,False,False,False,False,,,,,3
1,[ 0.632561   -0.20741167],20000,NiaPyPSO,ZakharovN2,0.6656973886406534,0.455145915697988,186302.35741558802,1.1629038640003273,Continuous,Differentiable,Non-Separable,Scalable,Multimodal,2,True,False,Zakharov,3.0,20000,10000.0,10000.0,True,False,False,False,13.0,13.0,4496.0,,3
2,[-1.86002195  0.39115963],20000,NiaPySimulatedAnnealing,ZakharovN2,1.9007071053737836,3.987357646565961,63350899.71263676,1.2402525359998435,Continuous,Differentiable,Non-Separable,Scalable,Multimodal,2,True,False,Zakharov,3.0,20000,10000.0,10000.0,False,False,False,False,664.0,979.0,,,3
3,[-0.01932464  0.60032385],20000,NiaPyCuckooSearch,ZakharovN2,0.6006348039886549,0.831361195552407,76454117.05802277,0.9311031150000417,Continuous,Differentiable,Non-Separable,Scalable,Multimodal,2,True,False,Zakharov,3.0,20000,10000.0,10000.0,True,False,False,False,512.0,1423.0,,,3
4,[0.84039323 0.01077364],20000,NiaPyDifferentialEvolution,ZakharovN2,0.8404622859285845,0.9266098398882501,356641.51936601003,3.6485438959998646,Continuous,Differentiable,Non-Separable,Scalable,Multimodal,2,True,False,Zakharov,3.0,20000,10000.0,10000.0,True,False,False,False,239.0,418.0,1371.0,,3
5,[-0.9523978   0.98312733],20000,RandomSearch1,ZakharovN2,1.368795428294474,2.196614252731052,70575557.82683925,0.773080143000243,Continuous,Differentiable,Non-Separable,Scalable,Multimodal,2,True,False,Zakharov,3.0,20000,10000.0,10000.0,False,False,False,False,17.0,1275.0,18938.0,,3
6,[ 0.27343704 -0.29811681],19999,RandomSearch2,ZakharovN2,0.404526202296544,0.19036942686134822,69133474.12688398,0.8463983259998713,Continuous,Differentiable,Non-Separable,Scalable,Multimodal,2,True,False,Zakharov,3.0,20000,10000.0,9999.5,True,False,False,False,196.0,4782.0,,,3
7,[ 0.88158535 -0.49845175],3337,CMAES,ZakharovN2,1.012742255118601,1.0289824964407657,830402.1419566649,0.9864755049998166,Continuous,Differentiable,Non-Separable,Scalable,Multimodal,2,True,False,Zakharov,3.0,20000,10000.0,1668.5,False,False,False,False,85.0,93.0,,,3
