,BestArm,NumberFunctionEval,Algorithm,CostFunction,EuclideanDistance,TrueRewardDifference,CumulativeRegret,TimeToComplete,Continuous,Differentiability,Separability,Scalability,Modality,Ndimensions,OptimizationSuccessful,BBOB,BaseClass,SD,MaxFeval,MaxFevalPerDimensions,FevalPerDimensions,SolveAt1,SolveAt1e-1,SolveAt1e-3,SolveAt1e-6,SolveEarlierAt1,SolveEarlierAt1e-1,SolveEarlierAt1e-3,SolveEarlierAt1e-6,simNumber
0,[1.27320701 1.58534763],200,NiaPyNelderMead,ZakharovN2,2.033318278770978,33.446079414960856,6816.726532769149,0.014109134999998219,Continuous,Differentiable,Non-Separable,Scalable,Multimodal,2,True,False,Zakharov,3.0,200,100.0,100.0,False,False,False,False,,,,,2
1,[-0.55740605  0.30863092],200,NiaPyPSO,ZakharovN2,0.6371456281684299,0.40685103235676406,127221.93862108602,0.011554584999998951,Continuous,Differentiable,Non-Separable,Scalable,Multimodal,2,True,False,Zakharov,3.0,200,100.0,100.0,True,False,False,False,26.0,189.0,,,2
2,[ 3.25572559 -3.13839637],200,NiaPySimulatedAnnealing,ZakharovN2,4.522088112982313,27.93720086904111,30987.80826726657,0.013160215999988623,Continuous,Differentiable,Non-Separable,Scalable,Multimodal,2,True,False,Zakharov,3.0,200,100.0,100.0,False,False,False,False,,,,,2
3,[1.04891773 0.60446939],200,NiaPyCuckooSearch,ZakharovN2,1.2106244895856213,4.364387421933246,484514.7165820783,0.010119887999991306,Continuous,Differentiable,Non-Separable,Scalable,Multimodal,2,True,False,Zakharov,3.0,200,100.0,100.0,False,False,False,False,,,,,2
4,[ 0.37901834 -0.55136106],200,NiaPyDifferentialEvolution,ZakharovN2,0.6690694451949226,0.5957351534399363,438366.3393070181,0.03446924600000045,Continuous,Differentiable,Non-Separable,Scalable,Multimodal,2,True,False,Zakharov,3.0,200,100.0,100.0,True,False,False,False,6.0,,,,2
5,[-0.04567553  0.10774613],200,RandomSearch1,ZakharovN2,0.11702770373825441,0.020956889995415603,628127.7261053087,0.008435703000003514,Continuous,Differentiable,Non-Separable,Scalable,Multimodal,2,True,False,Zakharov,3.0,200,100.0,100.0,True,True,False,False,58.0,58.0,,,2
6,[-1.7505764   0.46513381],199,RandomSearch2,ZakharovN2,1.8113164235494974,3.4773940036844118,829570.2313607906,0.009156559999993874,Continuous,Differentiable,Non-Separable,Scalable,Multimodal,2,True,False,Zakharov,3.0,200,100.0,99.5,False,False,False,False,142.0,,,,2
7,[-0.62621668  0.19372869],205,CMAES,ZakharovN2,0.6554983821840277,0.4441327351510514,186186.99062526046,0.0968433060000109,Continuous,Differentiable,Non-Separable,Scalable,Multimodal,2,True,False,Zakharov,3.0,200,100.0,102.5,True,False,False,False,54.0,,,,2
