,BestArm,NumberFunctionEval,Algorithm,CostFunction,EuclideanDistance,TrueRewardDifference,CumulativeRegret,TimeToComplete,Continuous,Differentiability,Separability,Scalability,Modality,Ndimensions,OptimizationSuccessful,BBOB,BaseClass,SD,MaxFeval,MaxFevalPerDimensions,FevalPerDimensions,SolveAt1,SolveAt1e-1,SolveAt1e-3,SolveAt1e-6,SolveEarlierAt1,SolveEarlierAt1e-1,SolveEarlierAt1e-3,SolveEarlierAt1e-6,simNumber
0,[ 1.19687138 -0.14693545],2000,NiaPyNelderMead,ZakharovN2,1.2058570043516088,1.6994994098314142,4043.363413917941,0.1231368580000094,Continuous,Differentiable,Non-Separable,Scalable,Multimodal,2,True,False,Zakharov,0.0,2000,1000.0,1000.0,False,False,False,False,,,,,1
1,[-0.01653224 -0.00455477],2000,NiaPyPSO,ZakharovN2,0.017148206847747902,0.00045846320403729085,212729.22861375587,0.09851251300000285,Continuous,Differentiable,Non-Separable,Scalable,Multimodal,2,True,False,Zakharov,0.0,2000,1000.0,1000.0,True,True,True,False,14.0,104.0,1614.0,,1
2,[ 0.85510683 -1.04347248],2000,NiaPySimulatedAnnealing,ZakharovN2,1.3490895130814569,2.3433100030230576,924479.5180597685,0.10953770100002203,Continuous,Differentiable,Non-Separable,Scalable,Multimodal,2,True,False,Zakharov,0.0,2000,1000.0,1000.0,False,False,False,False,,,,,1
3,[ 0.68209073 -0.34031557],2000,NiaPyCuckooSearch,ZakharovN2,0.7622745279264089,0.5810629885213295,6581799.938593732,0.07617162499997221,Continuous,Differentiable,Non-Separable,Scalable,Multimodal,2,True,False,Zakharov,0.0,2000,1000.0,1000.0,True,False,False,False,271.0,,,,1
4,[-2.78568168e-06  2.52736646e-05],2000,NiaPyDifferentialEvolution,ZakharovN2,2.542672112013184e-05,1.2168118927933358e-09,179813.555718699,0.33978748900000255,Continuous,Differentiable,Non-Separable,Scalable,Multimodal,2,True,False,Zakharov,0.0,2000,1000.0,1000.0,True,True,True,True,42.0,239.0,803.0,1308.0,1
5,[-0.23961274  0.02185394],2000,RandomSearch1,ZakharovN2,0.2406072777963268,0.06757859879456694,6872845.236096885,0.06668990299999678,Continuous,Differentiable,Non-Separable,Scalable,Multimodal,2,True,False,Zakharov,0.0,2000,1000.0,1000.0,True,True,False,False,82.0,1051.0,,,1
6,[0.08210047 0.11391906],1999,RandomSearch2,ZakharovN2,0.14042093524191795,0.04431026449317961,7236208.01698693,0.07133084399998779,Continuous,Differentiable,Non-Separable,Scalable,Multimodal,2,True,False,Zakharov,0.0,2000,1000.0,999.5,True,True,False,False,80.0,1854.0,,,1
7,[-4.47596736e-09 -1.52011235e-09],547,CMAES,ZakharovN2,4.727052501917591e-09,3.6468311123295405e-17,603916.9068952632,0.18937249700002212,Continuous,Differentiable,Non-Separable,Scalable,Multimodal,2,True,False,Zakharov,0.0,2000,1000.0,273.5,True,True,True,True,127.0,127.0,180.0,245.0,1
