,BestArm,NumberFunctionEval,Algorithm,CostFunction,EuclideanDistance,TrueRewardDifference,CumulativeRegret,TimeToComplete,Continuous,Differentiability,Separability,Scalability,Modality,Ndimensions,OptimizationSuccessful,BBOB,BaseClass,SD,MaxFeval,MaxFevalPerDimensions,FevalPerDimensions,SolveAt1,SolveAt1e-1,SolveAt1e-3,SolveAt1e-6,SolveEarlierAt1,SolveEarlierAt1e-1,SolveEarlierAt1e-3,SolveEarlierAt1e-6,simNumber
0,[8.96640888 0.7599059 ],200,NiaPyNelderMead,ZakharovN2,8.998552390815561,864.1755776653779,209168.05109722947,0.013845248999999171,Continuous,Differentiable,Non-Separable,Scalable,Multimodal,2,True,False,Zakharov,3.0,200,100.0,100.0,False,False,False,False,,,,,1
1,[-1.48255605  0.17324694],200,NiaPyPSO,ZakharovN2,1.4926442815495766,2.6547552946833797,133847.7972793583,0.011994729999997844,Continuous,Differentiable,Non-Separable,Scalable,Multimodal,2,True,False,Zakharov,3.0,200,100.0,100.0,False,False,False,False,90.0,144.0,,,1
2,[-2.11727033  3.34041116],200,NiaPySimulatedAnnealing,ZakharovN2,3.9548932236739454,47.955342143056136,45499.63997367789,0.013018536000004133,Continuous,Differentiable,Non-Separable,Scalable,Multimodal,2,True,False,Zakharov,3.0,200,100.0,100.0,False,False,False,False,,,,,1
3,[-0.12986994  0.70218052],200,NiaPyCuckooSearch,ZakharovN2,0.7140894068203243,1.0809080697202558,205172.36853031043,0.010202092000000107,Continuous,Differentiable,Non-Separable,Scalable,Multimodal,2,True,False,Zakharov,3.0,200,100.0,100.0,False,False,False,False,,,,,1
4,[-0.66562571 -0.37938584],200,NiaPyDifferentialEvolution,ZakharovN2,0.7661535081456827,1.3514973768847187,357997.6961292039,0.0348462660000024,Continuous,Differentiable,Non-Separable,Scalable,Multimodal,2,True,False,Zakharov,3.0,200,100.0,100.0,False,False,False,False,131.0,,,,1
5,[-1.72934489  1.10465242],200,RandomSearch1,ZakharovN2,2.0520454967393778,4.271797764044388,827782.8330488128,0.008525431999999,Continuous,Differentiable,Non-Separable,Scalable,Multimodal,2,True,False,Zakharov,3.0,200,100.0,100.0,False,False,False,False,3.0,,,,1
6,[-0.46115196  0.7829573 ],199,RandomSearch2,ZakharovN2,0.9086711565254103,1.2239097367774976,776839.911808613,0.009238517999989426,Continuous,Differentiable,Non-Separable,Scalable,Multimodal,2,True,False,Zakharov,3.0,200,100.0,99.5,False,False,False,False,,,,,1
7,[-0.47165099  0.42340848],205,CMAES,ZakharovN2,0.633821265122871,0.4381549240981183,132168.99622667095,0.09770017600000358,Continuous,Differentiable,Non-Separable,Scalable,Multimodal,2,True,False,Zakharov,3.0,200,100.0,102.5,True,False,False,False,42.0,91.0,,,1
