,BestArm,NumberFunctionEval,Algorithm,CostFunction,EuclideanDistance,TrueRewardDifference,CumulativeRegret,TimeToComplete,Continuous,Differentiability,Separability,Scalability,Modality,Ndimensions,OptimizationSuccessful,BBOB,BaseClass,SD,MaxFeval,MaxFevalPerDimensions,FevalPerDimensions,SolveAt1,SolveAt1e-1,SolveAt1e-3,SolveAt1e-6,SolveEarlierAt1,SolveEarlierAt1e-1,SolveEarlierAt1e-3,SolveEarlierAt1e-6,simNumber
0,[1.35261499 5.26724341],2000,NiaPyNelderMead,ZakharovN2,5.438144945757356,1312.8111763559684,2630262.0936705787,0.1168565259999923,Continuous,Differentiable,Non-Separable,Scalable,Multimodal,2,True,False,Zakharov,0.0,2000,1000.0,1000.0,False,False,False,False,,,,,3
1,[-0.00812878  0.00693715],2000,NiaPyPSO,ZakharovN2,0.010686491895243825,0.00012245391084087455,106580.8865429751,0.09773666500001355,Continuous,Differentiable,Non-Separable,Scalable,Multimodal,2,True,False,Zakharov,0.0,2000,1000.0,1000.0,True,True,True,False,72.0,140.0,1758.0,,3
2,[ 0.23780978 -0.03188972],2000,NiaPySimulatedAnnealing,ZakharovN2,0.2399384182612775,0.06519941359357101,2464086.7081081793,0.10876955100002306,Continuous,Differentiable,Non-Separable,Scalable,Multimodal,2,True,False,Zakharov,0.0,2000,1000.0,1000.0,True,True,False,False,1932.0,1957.0,,,3
3,[ 0.69342346 -0.28734186],2000,NiaPyCuckooSearch,ZakharovN2,0.7506007251664765,0.5669386539028448,8021261.3128163,0.07804787599997098,Continuous,Differentiable,Non-Separable,Scalable,Multimodal,2,True,False,Zakharov,0.0,2000,1000.0,1000.0,True,False,False,False,1663.0,,,,3
4,[-2.93908726e-05  6.78162102e-05],2000,NiaPyDifferentialEvolution,ZakharovN2,7.391117477590426e-05,8.284678380142528e-09,630377.4475290157,0.3457090390000417,Continuous,Differentiable,Non-Separable,Scalable,Multimodal,2,True,False,Zakharov,0.0,2000,1000.0,1000.0,True,True,True,True,260.0,454.0,651.0,1577.0,3
5,[0.11252826 0.00720532],2000,RandomSearch1,ZakharovN2,0.11275870297771451,0.016759124147441868,7151689.9145306125,0.06920817799999668,Continuous,Differentiable,Non-Separable,Scalable,Multimodal,2,True,False,Zakharov,0.0,2000,1000.0,1000.0,True,True,False,False,184.0,534.0,,,3
6,[ 0.12807383 -0.2963222 ],1999,RandomSearch2,ZakharovN2,0.32281535633576175,0.16107750919027064,6515779.095512861,0.0713867570000275,Continuous,Differentiable,Non-Separable,Scalable,Multimodal,2,True,False,Zakharov,0.0,2000,1000.0,999.5,True,False,False,False,182.0,,,,3
7,[-9.12934210e-09 -1.64733456e-08],523,CMAES,ZakharovN2,1.883390566272288e-08,7.973141471868522e-16,774110.668653868,0.18229543899997225,Continuous,Differentiable,Non-Separable,Scalable,Multimodal,2,True,False,Zakharov,0.0,2000,1000.0,261.5,True,True,True,True,103.0,115.0,188.0,274.0,3
