,BestArm,NumberFunctionEval,Algorithm,CostFunction,EuclideanDistance,TrueRewardDifference,CumulativeRegret,TimeToComplete,Continuous,Differentiability,Separability,Scalability,Modality,Ndimensions,OptimizationSuccessful,BBOB,BaseClass,SD,MaxFeval,MaxFevalPerDimensions,FevalPerDimensions,SolveAt1,SolveAt1e-1,SolveAt1e-3,SolveAt1e-6,SolveEarlierAt1,SolveEarlierAt1e-1,SolveEarlierAt1e-3,SolveEarlierAt1e-6,simNumber
0,[-1.92358041  8.36872909],200,NiaPyNelderMead,ZakharovN2,8.586954530950004,3138.519171068541,632105.7776083627,0.01441551700000332,Continuous,Differentiable,Non-Separable,Scalable,Multimodal,2,True,False,Zakharov,3.0,200,100.0,100.0,False,False,False,False,,,,,5
1,[-0.00037522  0.16617736],200,NiaPyPSO,ZakharovN2,0.1661777864017969,0.05592680052949903,134960.8045635384,0.012125412000003166,Continuous,Differentiable,Non-Separable,Scalable,Multimodal,2,True,False,Zakharov,3.0,200,100.0,100.0,True,True,False,False,44.0,44.0,,,5
2,[1.58456357 5.97230101],200,NiaPySimulatedAnnealing,ZakharovN2,6.178933648986875,2177.8779958721248,1167248.6816883653,0.013678876999989598,Continuous,Differentiable,Non-Separable,Scalable,Multimodal,2,True,False,Zakharov,3.0,200,100.0,100.0,False,False,False,False,,,,,5
3,[ 1.36144308 -0.20338284],200,NiaPyCuckooSearch,ZakharovN2,1.37655069982964,2.174660698091318,2132668.5856754654,0.010232086000002028,Continuous,Differentiable,Non-Separable,Scalable,Multimodal,2,True,False,Zakharov,3.0,200,100.0,100.0,False,False,False,False,,,,,5
4,[ 1.05920819 -0.82706666],200,NiaPyDifferentialEvolution,ZakharovN2,1.3438605707630074,1.9022746242912354,347089.9221404777,0.03426392700001202,Continuous,Differentiable,Non-Separable,Scalable,Multimodal,2,True,False,Zakharov,3.0,200,100.0,100.0,False,False,False,False,105.0,,,,5
5,[-1.31940722  1.30019255],200,RandomSearch1,ZakharovN2,1.8523865905229668,4.009847612579975,788530.391876128,0.008090043999999352,Continuous,Differentiable,Non-Separable,Scalable,Multimodal,2,True,False,Zakharov,3.0,200,100.0,100.0,False,False,False,False,187.0,,,,5
6,[-0.10889759 -0.75573312],199,RandomSearch2,ZakharovN2,0.7635386314180648,1.670240048375338,706600.909601717,0.008836934000001406,Continuous,Differentiable,Non-Separable,Scalable,Multimodal,2,True,False,Zakharov,3.0,200,100.0,99.5,False,False,False,False,,,,,5
7,[ 0.52768704 -0.23009329],205,CMAES,ZakharovN2,0.5756705108845859,0.3325369125883345,214125.7211723717,0.09912272099998631,Continuous,Differentiable,Non-Separable,Scalable,Multimodal,2,True,False,Zakharov,3.0,200,100.0,102.5,True,False,False,False,80.0,104.0,,,5
