,BestArm,NumberFunctionEval,Algorithm,CostFunction,EuclideanDistance,TrueRewardDifference,CumulativeRegret,TimeToComplete,Continuous,Differentiability,Separability,Scalability,Modality,Ndimensions,OptimizationSuccessful,BBOB,BaseClass,SD,MaxFeval,MaxFevalPerDimensions,FevalPerDimensions,SolveAt1,SolveAt1e-1,SolveAt1e-3,SolveAt1e-6,SolveEarlierAt1,SolveEarlierAt1e-1,SolveEarlierAt1e-3,SolveEarlierAt1e-6,simNumber
0,[ 5.84410009 -2.44356563],200,NiaPyNelderMead,ZakharovN2,6.334391754733316,40.4058831153683,12962.589218508023,0.013162899999997535,Continuous,Differentiable,Non-Separable,Scalable,Multimodal,2,True,False,Zakharov,0.0,200,100.0,100.0,False,False,False,False,,,,,7
1,[-0.11251209  0.0402286 ],200,NiaPyPSO,ZakharovN2,0.11948769829182021,0.014534254948041279,325903.09126862325,0.0101324989999938,Continuous,Differentiable,Non-Separable,Scalable,Multimodal,2,True,False,Zakharov,0.0,200,100.0,100.0,True,True,False,False,63.0,137.0,,,7
2,[ 7.5983833  -3.89502136],200,NiaPySimulatedAnnealing,ZakharovN2,8.538537360794109,72.91588792856454,19127.96288010465,0.010928023000005282,Continuous,Differentiable,Non-Separable,Scalable,Multimodal,2,True,False,Zakharov,0.0,200,100.0,100.0,False,False,False,False,,,,,7
3,[ 2.10915055 -1.92736795],200,NiaPyCuckooSearch,ZakharovN2,2.8571424988986127,9.505319350233231,743887.1417137294,0.00812820100000522,Continuous,Differentiable,Non-Separable,Scalable,Multimodal,2,True,False,Zakharov,0.0,200,100.0,100.0,False,False,False,False,,,,,7
4,[0.17768357 0.32487575],200,NiaPyDifferentialEvolution,ZakharovN2,0.37029137302539245,0.3375743929050535,472870.21835879865,0.03258169500000463,Continuous,Differentiable,Non-Separable,Scalable,Multimodal,2,True,False,Zakharov,0.0,200,100.0,100.0,True,False,False,False,15.0,,,,7
5,[-0.19149011  0.46244564],200,RandomSearch1,ZakharovN2,0.5005241548319175,0.40307574222966036,591216.3716238516,0.006713189999999258,Continuous,Differentiable,Non-Separable,Scalable,Multimodal,2,True,False,Zakharov,0.0,200,100.0,100.0,True,False,False,False,20.0,,,,7
6,[0.81995684 0.11404859],199,RandomSearch2,ZakharovN2,0.8278504082031911,1.0353481360480208,727930.2325073525,0.0074113339999968275,Continuous,Differentiable,Non-Separable,Scalable,Multimodal,2,True,False,Zakharov,0.0,200,100.0,99.5,False,False,False,False,,,,,7
7,[ 0.00013373 -0.00013254],205,CMAES,ZakharovN2,0.00018828635152093098,3.976525599015602e-08,442.23982181970354,0.09467523499999686,Continuous,Differentiable,Non-Separable,Scalable,Multimodal,2,True,False,Zakharov,0.0,200,100.0,102.5,True,True,True,True,11.0,33.0,123.0,198.0,7
