,BestArm,NumberFunctionEval,Algorithm,CostFunction,EuclideanDistance,TrueRewardDifference,CumulativeRegret,TimeToComplete,Continuous,Differentiability,Separability,Scalability,Modality,Ndimensions,OptimizationSuccessful,BBOB,BaseClass,SD,MaxFeval,MaxFevalPerDimensions,FevalPerDimensions,SolveAt1,SolveAt1e-1,SolveAt1e-3,SolveAt1e-6,SolveEarlierAt1,SolveEarlierAt1e-1,SolveEarlierAt1e-3,SolveEarlierAt1e-6,simNumber
0,[ 8.70889012 -0.63033152],200,NiaPyNelderMead,ZakharovN2,8.731671374917111,282.46086950709736,86889.9427480213,0.013857807999997362,Continuous,Differentiable,Non-Separable,Scalable,Multimodal,2,True,False,Zakharov,3.0,200,100.0,100.0,False,False,False,False,,,,,3
1,[-0.55118513  0.43839918],200,NiaPyPSO,ZakharovN2,0.7042718838720875,0.5232074461036919,133740.44325495168,0.011684506999998234,Continuous,Differentiable,Non-Separable,Scalable,Multimodal,2,True,False,Zakharov,3.0,200,100.0,100.0,True,False,False,False,33.0,171.0,,,3
2,[ 8.12053756 -3.30616185],200,NiaPySimulatedAnnealing,ZakharovN2,8.767772603827694,77.76590751752944,33478.05550749961,0.012614666999994029,Continuous,Differentiable,Non-Separable,Scalable,Multimodal,2,True,False,Zakharov,3.0,200,100.0,100.0,False,False,False,False,,,,,3
3,[-0.20674905  0.30385308],200,NiaPyCuckooSearch,ZakharovN2,0.36752124303829087,0.17687888308680827,689166.6653221846,0.009835346000002687,Continuous,Differentiable,Non-Separable,Scalable,Multimodal,2,True,False,Zakharov,3.0,200,100.0,100.0,True,False,False,False,4.0,,,,3
4,[ 0.28194603 -0.87994555],200,NiaPyDifferentialEvolution,ZakharovN2,0.9240117651266054,1.698081980392611,201219.79394143354,0.034024162999998,Continuous,Differentiable,Non-Separable,Scalable,Multimodal,2,True,False,Zakharov,3.0,200,100.0,100.0,False,False,False,False,77.0,122.0,,,3
5,[ 1.20192904 -0.69894028],200,RandomSearch1,ZakharovN2,1.390377979423617,1.9428423199533535,771282.674750054,0.007946289000003048,Continuous,Differentiable,Non-Separable,Scalable,Multimodal,2,True,False,Zakharov,3.0,200,100.0,100.0,False,False,False,False,25.0,,,,3
6,[ 1.1306047  -0.13505291],199,RandomSearch2,ZakharovN2,1.1386422975629154,1.5158882656820538,765548.6521606613,0.008758772999996722,Continuous,Differentiable,Non-Separable,Scalable,Multimodal,2,True,False,Zakharov,3.0,200,100.0,99.5,False,False,False,False,,,,,3
7,[-0.22108552 -0.17331064],205,CMAES,ZakharovN2,0.28091882157093956,0.1659801029925242,327661.87501713063,0.09670064200000184,Continuous,Differentiable,Non-Separable,Scalable,Multimodal,2,True,False,Zakharov,3.0,200,100.0,102.5,True,False,False,False,74.0,109.0,,,3
