,BestArm,NumberFunctionEval,Algorithm,CostFunction,EuclideanDistance,TrueRewardDifference,CumulativeRegret,TimeToComplete,Continuous,Differentiability,Separability,Scalability,Modality,Ndimensions,OptimizationSuccessful,BBOB,BaseClass,SD,MaxFeval,MaxFevalPerDimensions,FevalPerDimensions,SolveAt1,SolveAt1e-1,SolveAt1e-3,SolveAt1e-6,SolveEarlierAt1,SolveEarlierAt1e-1,SolveEarlierAt1e-3,SolveEarlierAt1e-6,simNumber
0,[ 1.66609853 -1.95672315],2000,NiaPyNelderMead,ZakharovN2,2.5699513275479,9.461560196951693,20277.98062533522,0.11892687599998908,Continuous,Differentiable,Non-Separable,Scalable,Multimodal,2,True,False,Zakharov,0.0,2000,1000.0,1000.0,False,False,False,False,,,,,2
1,[-0.00486178  0.00742389],2000,NiaPyPSO,ZakharovN2,0.008874179280620348,0.00010368172370201747,248265.15338141483,0.09835741000000553,Continuous,Differentiable,Non-Separable,Scalable,Multimodal,2,True,False,Zakharov,0.0,2000,1000.0,1000.0,True,True,True,False,58.0,164.0,536.0,,2
2,[ 1.9100101  -0.03598539],2000,NiaPySimulatedAnnealing,ZakharovN2,1.9103490570747907,5.207374962921968,132023.28211613873,0.1089967979999642,Continuous,Differentiable,Non-Separable,Scalable,Multimodal,2,True,False,Zakharov,0.0,2000,1000.0,1000.0,False,False,False,False,,,,,2
3,[ 0.53435813 -0.36374163],2000,NiaPyCuckooSearch,ZakharovN2,0.6464105394309796,0.4272578584787604,7881672.086050887,0.07656430999998065,Continuous,Differentiable,Non-Separable,Scalable,Multimodal,2,True,False,Zakharov,0.0,2000,1000.0,1000.0,True,False,False,False,656.0,,,,2
4,[-1.18555275e-04  5.25128111e-05],2000,NiaPyDifferentialEvolution,ZakharovN2,0.0001296647547215539,1.6858711495462287e-08,700114.6241638182,0.34584961900003464,Continuous,Differentiable,Non-Separable,Scalable,Multimodal,2,True,False,Zakharov,0.0,2000,1000.0,1000.0,True,True,True,True,13.0,310.0,1082.0,1730.0,2
5,[-0.0348917  -0.02842849],2000,RandomSearch1,ZakharovN2,0.045006774333235716,0.004134493412308013,7082061.302642122,0.0660780329999966,Continuous,Differentiable,Non-Separable,Scalable,Multimodal,2,True,False,Zakharov,0.0,2000,1000.0,1000.0,True,True,False,False,41.0,755.0,,,2
6,[0.16055697 0.09653319],1999,RandomSearch2,ZakharovN2,0.18734245779158107,0.06733689926705354,7711698.744603366,0.07191796999995859,Continuous,Differentiable,Non-Separable,Scalable,Multimodal,2,True,False,Zakharov,0.0,2000,1000.0,999.5,True,True,False,False,16.0,464.0,,,2
7,[-1.14270770e-09  5.76226796e-10],559,CMAES,ZakharovN2,1.2797727188306598e-09,1.637841957458466e-18,855148.2718450029,0.19497787400001698,Continuous,Differentiable,Non-Separable,Scalable,Multimodal,2,True,False,Zakharov,0.0,2000,1000.0,279.5,True,True,True,True,113.0,142.0,166.0,268.0,2
