,BestArm,NumberFunctionEval,Algorithm,CostFunction,EuclideanDistance,TrueRewardDifference,CumulativeRegret,TimeToComplete,Continuous,Differentiability,Separability,Scalability,Modality,Ndimensions,OptimizationSuccessful,BBOB,BaseClass,SD,MaxFeval,MaxFevalPerDimensions,FevalPerDimensions,SolveAt1,SolveAt1e-1,SolveAt1e-3,SolveAt1e-6,SolveEarlierAt1,SolveEarlierAt1e-1,SolveEarlierAt1e-3,SolveEarlierAt1e-6,simNumber
0,[ 1.80976905 -0.88136319],20000,NiaPyNelderMead,ZakharovN2,2.0129741903067617,4.052618650086748,80801.12596179424,1.2750163050000083,Continuous,Differentiable,Non-Separable,Scalable,Multimodal,2,True,False,Zakharov,3.0,20000,10000.0,10000.0,False,False,False,False,,,,,4
1,[ 0.43711871 -0.04851446],20000,NiaPyPSO,ZakharovN2,0.4398027009068131,0.22317777518813725,243817.20993108605,1.1667545459999928,Continuous,Differentiable,Non-Separable,Scalable,Multimodal,2,True,False,Zakharov,3.0,20000,10000.0,10000.0,True,False,False,False,43.0,176.0,6428.0,,4
2,[ 0.19151495 -0.88748109],20000,NiaPySimulatedAnnealing,ZakharovN2,0.9079100486297774,1.844038115622963,58293600.5656165,1.2436624800002392,Continuous,Differentiable,Non-Separable,Scalable,Multimodal,2,True,False,Zakharov,3.0,20000,10000.0,10000.0,False,False,False,False,4794.0,4808.0,4820.0,,4
3,[-0.07647632  0.11860673],20000,NiaPyCuckooSearch,ZakharovN2,0.1411247081586797,0.02641700979233418,71044565.550826,0.923535204000018,Continuous,Differentiable,Non-Separable,Scalable,Multimodal,2,True,False,Zakharov,3.0,20000,10000.0,10000.0,True,True,False,False,991.0,4784.0,,,4
4,[ 0.04436828 -0.27028794],20000,NiaPyDifferentialEvolution,ZakharovN2,0.273905298907229,0.14036868637887076,416385.82579905767,3.6943035539998164,Continuous,Differentiable,Non-Separable,Scalable,Multimodal,2,True,False,Zakharov,3.0,20000,10000.0,10000.0,True,False,False,False,10.0,209.0,9134.0,,4
5,[-0.74450431 -0.06173827],20000,RandomSearch1,ZakharovN2,0.7470597618141359,0.7819208327525531,70044911.78257325,0.762619206999716,Continuous,Differentiable,Non-Separable,Scalable,Multimodal,2,True,False,Zakharov,3.0,20000,10000.0,10000.0,True,False,False,False,20.0,258.0,,,4
6,[-0.28867827 -0.26305701],19999,RandomSearch2,ZakharovN2,0.3905561838479018,0.3460523275165569,69312839.92691681,0.8450436200000695,Continuous,Differentiable,Non-Separable,Scalable,Multimodal,2,True,False,Zakharov,3.0,20000,10000.0,9999.5,True,False,False,False,120.0,5014.0,,,4
7,[-0.79517795 -0.0108874 ],3391,CMAES,ZakharovN2,0.7952524784798496,0.827119358948445,800940.6145908067,1.007053519999772,Continuous,Differentiable,Non-Separable,Scalable,Multimodal,2,True,False,Zakharov,3.0,20000,10000.0,1695.5,True,False,False,False,89.0,106.0,,,4
