,BestArm,NumberFunctionEval,Algorithm,CostFunction,EuclideanDistance,TrueRewardDifference,CumulativeRegret,TimeToComplete,Continuous,Differentiability,Separability,Scalability,Modality,Ndimensions,OptimizationSuccessful,BBOB,BaseClass,SD,MaxFeval,MaxFevalPerDimensions,FevalPerDimensions,SolveAt1,SolveAt1e-1,SolveAt1e-3,SolveAt1e-6,SolveEarlierAt1,SolveEarlierAt1e-1,SolveEarlierAt1e-3,SolveEarlierAt1e-6,simNumber
0,[ 1.07456945 -1.88315873],20000,NiaPyNelderMead,ZakharovN2,2.168175802149276,9.793449202860172,196441.42348833784,1.2556784100002005,Continuous,Differentiable,Non-Separable,Scalable,Multimodal,2,True,False,Zakharov,3.0,20000,10000.0,10000.0,False,False,False,False,,,,,1
1,[0.34317241 0.21442226],20000,NiaPyPSO,ZakharovN2,0.4046531995743945,0.33494850781494023,254931.99137656303,1.1656631759997254,Continuous,Differentiable,Non-Separable,Scalable,Multimodal,2,True,False,Zakharov,3.0,20000,10000.0,10000.0,True,False,False,False,90.0,90.0,3738.0,,1
2,[ 2.26033585 -0.43360889],20000,NiaPySimulatedAnnealing,ZakharovN2,2.301550526180683,6.017743020943418,5603025.0342974905,1.252559884999755,Continuous,Differentiable,Non-Separable,Scalable,Multimodal,2,True,False,Zakharov,3.0,20000,10000.0,10000.0,False,False,False,False,,,,,1
3,[ 0.47297875 -0.78677343],20000,NiaPyCuckooSearch,ZakharovN2,0.9179985438303306,1.2372292960016242,72381226.88137138,0.9417868400000771,Continuous,Differentiable,Non-Separable,Scalable,Multimodal,2,True,False,Zakharov,3.0,20000,10000.0,10000.0,False,False,False,False,944.0,14792.0,,,1
4,[0.17708958 0.16613388],20000,NiaPyDifferentialEvolution,ZakharovN2,0.24281924414004352,0.12802938884343493,606485.8799625316,3.6476120480001555,Continuous,Differentiable,Non-Separable,Scalable,Multimodal,2,True,False,Zakharov,3.0,20000,10000.0,10000.0,True,False,False,False,165.0,228.0,2525.0,,1
5,[-0.17608277  0.37280548],20000,RandomSearch1,ZakharovN2,0.4122973058598697,0.25765534023585057,71605262.53482686,0.7651708939997661,Continuous,Differentiable,Non-Separable,Scalable,Multimodal,2,True,False,Zakharov,3.0,20000,10000.0,10000.0,True,False,False,False,3.0,2030.0,,,1
6,[ 0.37991972 -0.38555145],19999,RandomSearch2,ZakharovN2,0.5412845066548031,0.3327085153281587,68861683.76858063,0.8472660319998795,Continuous,Differentiable,Non-Separable,Scalable,Multimodal,2,True,False,Zakharov,3.0,20000,10000.0,9999.5,True,False,False,False,236.0,4130.0,,,1
7,[ 0.45593497 -0.20401353],3121,CMAES,ZakharovN2,0.49949796782695155,0.25007234134312406,894447.5338970729,0.9109532289999152,Continuous,Differentiable,Non-Separable,Scalable,Multimodal,2,True,False,Zakharov,3.0,20000,10000.0,1560.5,True,False,False,False,67.0,139.0,151.0,,1
