,BestArm,NumberFunctionEval,Algorithm,CostFunction,EuclideanDistance,TrueRewardDifference,CumulativeRegret,TimeToComplete,Continuous,Differentiability,Separability,Scalability,Modality,Ndimensions,OptimizationSuccessful,BBOB,BaseClass,SD,MaxFeval,MaxFevalPerDimensions,FevalPerDimensions,SolveAt1,SolveAt1e-1,SolveAt1e-3,SolveAt1e-6,SolveEarlierAt1,SolveEarlierAt1e-1,SolveEarlierAt1e-3,SolveEarlierAt1e-6,simNumber
0,[9.68270627 6.67433088],20000,NiaPyNelderMead,ZakharovN2,11.76016554171461,17856.584091592784,357137901.42619765,1.2788454980000097,Continuous,Differentiable,Non-Separable,Scalable,Multimodal,2,True,False,Zakharov,3.0,20000,10000.0,10000.0,False,False,False,False,,,,,0
1,[ 0.00061111 -0.45251247],20000,NiaPyPSO,ZakharovN2,0.45251288677687634,0.4510756223941214,370434.9408023029,1.1724135740000747,Continuous,Differentiable,Non-Separable,Scalable,Multimodal,2,True,False,Zakharov,3.0,20000,10000.0,10000.0,True,False,False,False,63.0,96.0,1246.0,,0
2,[ 1.45546479 -0.96243116],20000,NiaPySimulatedAnnealing,ZakharovN2,1.7448929767262693,3.102769204274822,126384480.19502848,1.2493833970002015,Continuous,Differentiable,Non-Separable,Scalable,Multimodal,2,True,False,Zakharov,3.0,20000,10000.0,10000.0,False,False,False,False,,,,,0
3,[0.28201728 0.60669841],20000,NiaPyCuckooSearch,ZakharovN2,0.6690416305644734,1.3192371324513215,84732656.4257235,0.9194706879998193,Continuous,Differentiable,Non-Separable,Scalable,Multimodal,2,True,False,Zakharov,3.0,20000,10000.0,10000.0,False,False,False,False,4880.0,10760.0,,,0
4,[ 0.50514492 -0.3445665 ],20000,NiaPyDifferentialEvolution,ZakharovN2,0.6114715539974026,0.3824319847487735,369501.48324767966,3.6327866560000075,Continuous,Differentiable,Non-Separable,Scalable,Multimodal,2,True,False,Zakharov,3.0,20000,10000.0,10000.0,True,False,False,False,6.0,486.0,644.0,,0
5,[ 0.31862338 -0.42174596],20000,RandomSearch1,ZakharovN2,0.5285740372736122,0.35300557399969495,68645959.10771215,0.7932583690003412,Continuous,Differentiable,Non-Separable,Scalable,Multimodal,2,True,False,Zakharov,3.0,20000,10000.0,10000.0,True,False,False,False,9.0,9.0,,,0
6,[ 0.28229261 -0.12548101],19999,RandomSearch2,ZakharovN2,0.30892491283027185,0.09568006353579404,67881673.49049827,0.8512801269998818,Continuous,Differentiable,Non-Separable,Scalable,Multimodal,2,True,False,Zakharov,3.0,20000,10000.0,9999.5,True,True,False,False,202.0,2418.0,,,0
7,[ 0.83708018 -0.87102411],3061,CMAES,ZakharovN2,1.2080505943928652,1.706047226872628,805358.2268855623,0.9250710719998096,Continuous,Differentiable,Non-Separable,Scalable,Multimodal,2,True,False,Zakharov,3.0,20000,10000.0,1530.5,False,False,False,False,69.0,76.0,,,0
