,BestArm,NumberFunctionEval,Algorithm,CostFunction,EuclideanDistance,TrueRewardDifference,CumulativeRegret,TimeToComplete,Continuous,Differentiability,Separability,Scalability,Modality,Ndimensions,OptimizationSuccessful,BBOB,BaseClass,SD,MaxFeval,MaxFevalPerDimensions,FevalPerDimensions,SolveAt1,SolveAt1e-1,SolveAt1e-3,SolveAt1e-6,SolveEarlierAt1,SolveEarlierAt1e-1,SolveEarlierAt1e-3,SolveEarlierAt1e-6,simNumber
0,[-2.58195387  0.09087789],200,NiaPyNelderMead,ZakharovN2,2.5835527048955913,10.189266965225348,10092.419805030568,0.01384704800000236,Continuous,Differentiable,Non-Separable,Scalable,Multimodal,2,True,False,Zakharov,3.0,200,100.0,100.0,False,False,False,False,,,,,0
1,[0.49097429 0.23513772],200,NiaPyPSO,ZakharovN2,0.5443762479584326,0.5807068756237648,107891.47468686641,0.011919696999996177,Continuous,Differentiable,Non-Separable,Scalable,Multimodal,2,True,False,Zakharov,3.0,200,100.0,100.0,True,False,False,False,27.0,52.0,,,0
2,[2.94961869 0.3456731 ],200,NiaPySimulatedAnnealing,ZakharovN2,2.9698047583558,23.117528849893297,102124.35342725157,0.012931468999994422,Continuous,Differentiable,Non-Separable,Scalable,Multimodal,2,True,False,Zakharov,3.0,200,100.0,100.0,False,False,False,False,,,,,0
3,[ 0.83579535 -0.23962961],200,NiaPyCuckooSearch,ZakharovN2,0.8694689292375276,0.788765659397535,667163.2213792681,0.010152773000001503,Continuous,Differentiable,Non-Separable,Scalable,Multimodal,2,True,False,Zakharov,3.0,200,100.0,100.0,True,False,False,False,128.0,,,,0
4,[-0.37624719 -0.02584291],200,NiaPyDifferentialEvolution,ZakharovN2,0.37713367297319994,0.1901074360689178,348575.7691663622,0.03518463500000735,Continuous,Differentiable,Non-Separable,Scalable,Multimodal,2,True,False,Zakharov,3.0,200,100.0,100.0,True,False,False,False,66.0,,,,0
5,[ 1.72114378 -1.19818068],200,RandomSearch1,ZakharovN2,2.0971344413081394,4.524943927808021,642714.1842314429,0.008006394999995337,Continuous,Differentiable,Non-Separable,Scalable,Multimodal,2,True,False,Zakharov,3.0,200,100.0,100.0,False,False,False,False,,,,,0
6,[ 0.03064158 -0.00141886],199,RandomSearch2,ZakharovN2,0.030674410721923832,0.0011342205878938397,488558.53584185767,0.00881936400000427,Continuous,Differentiable,Non-Separable,Scalable,Multimodal,2,True,False,Zakharov,3.0,200,100.0,99.5,True,True,False,False,180.0,180.0,,,0
7,[0.14193272 0.3887986 ],205,CMAES,ZakharovN2,0.413895210442919,0.42737617669803973,145723.10305417117,0.0977903499999968,Continuous,Differentiable,Non-Separable,Scalable,Multimodal,2,True,False,Zakharov,3.0,200,100.0,102.5,True,False,False,False,52.0,101.0,201.0,,0
