,BestArm,NumberFunctionEval,Algorithm,CostFunction,EuclideanDistance,TrueRewardDifference,CumulativeRegret,TimeToComplete,Continuous,Differentiability,Separability,Scalability,Modality,Ndimensions,OptimizationSuccessful,BBOB,BaseClass,SD,MaxFeval,MaxFevalPerDimensions,FevalPerDimensions,SolveAt1,SolveAt1e-1,SolveAt1e-3,SolveAt1e-6,SolveEarlierAt1,SolveEarlierAt1e-1,SolveEarlierAt1e-3,SolveEarlierAt1e-6,simNumber
0,[ 0.47369473 -0.01374045],200,NiaPyNelderMead,ZakharovN2,0.47389396788102417,0.2768299049614753,8370.06208526386,0.012460951000008436,Continuous,Differentiable,Non-Separable,Scalable,Multimodal,2,True,False,Zakharov,0.0,200,100.0,100.0,True,False,False,False,2.0,,,,2
1,[ 0.04310741 -0.02354443],200,NiaPyPSO,ZakharovN2,0.04911810977083299,0.0024165516928290323,106363.3458790435,0.009971942999996486,Continuous,Differentiable,Non-Separable,Scalable,Multimodal,2,True,False,Zakharov,0.0,200,100.0,100.0,True,True,False,False,28.0,68.0,,,2
2,[-1.87679166 -1.67636068],200,NiaPySimulatedAnnealing,ZakharovN2,2.51645228296991,59.91339139335941,50840.33156531049,0.01099109899999462,Continuous,Differentiable,Non-Separable,Scalable,Multimodal,2,True,False,Zakharov,0.0,200,100.0,100.0,False,False,False,False,,,,,2
3,[0.23554146 0.39872191],200,NiaPyCuckooSearch,ZakharovN2,0.46309712111352913,0.5523869724254282,712840.3327984401,0.008055016000000137,Continuous,Differentiable,Non-Separable,Scalable,Multimodal,2,True,False,Zakharov,0.0,200,100.0,100.0,True,False,False,False,11.0,,,,2
4,[-0.89668898  0.5587885 ],200,NiaPyDifferentialEvolution,ZakharovN2,1.0565489632533318,1.1286423794273905,392926.05612588784,0.032543868999994174,Continuous,Differentiable,Non-Separable,Scalable,Multimodal,2,True,False,Zakharov,0.0,200,100.0,100.0,False,False,False,False,,,,,2
5,[-0.32809577  0.4164784 ],200,RandomSearch1,ZakharovN2,0.5301896753313231,0.34888264371963373,833593.8924091931,0.006864742000004753,Continuous,Differentiable,Non-Separable,Scalable,Multimodal,2,True,False,Zakharov,0.0,200,100.0,100.0,True,False,False,False,95.0,,,,2
6,[-0.91019203  0.4185958 ],199,RandomSearch2,ZakharovN2,1.0018343013511972,1.0050060081071015,586414.7343603609,0.007339810000004832,Continuous,Differentiable,Non-Separable,Scalable,Multimodal,2,True,False,Zakharov,0.0,200,100.0,99.5,False,False,False,False,,,,,2
7,[ 0.00046492 -0.00065362],205,CMAES,ZakharovN2,0.0008021037505205185,8.207425898990817e-07,366.9420975249446,0.09594255000000373,Continuous,Differentiable,Non-Separable,Scalable,Multimodal,2,True,False,Zakharov,0.0,200,100.0,102.5,True,True,True,True,10.0,38.0,79.0,205.0,2
