,BestArm,NumberFunctionEval,Algorithm,CostFunction,EuclideanDistance,TrueRewardDifference,CumulativeRegret,TimeToComplete,Continuous,Differentiability,Separability,Scalability,Modality,Ndimensions,OptimizationSuccessful,BBOB,BaseClass,SD,MaxFeval,MaxFevalPerDimensions,FevalPerDimensions,SolveAt1,SolveAt1e-1,SolveAt1e-3,SolveAt1e-6,SolveEarlierAt1,SolveEarlierAt1e-1,SolveEarlierAt1e-3,SolveEarlierAt1e-6,simNumber
0,[ 6.82853297 -3.22026406],200,NiaPyNelderMead,ZakharovN2,7.549765772387345,57.03801669771948,11684.660455059573,0.012094398000002116,Continuous,Differentiable,Non-Separable,Scalable,Multimodal,2,True,False,Zakharov,0.0,200,100.0,100.0,False,False,False,False,,,,,1
1,[-0.07466333 -0.01740414],200,NiaPyPSO,ZakharovN2,0.07666496815781178,0.008882501666162314,206900.748464829,0.010020312999998282,Continuous,Differentiable,Non-Separable,Scalable,Multimodal,2,True,False,Zakharov,0.0,200,100.0,100.0,True,True,False,False,77.0,81.0,,,1
2,[-2.7205027   4.83641156],200,NiaPySimulatedAnnealing,ZakharovN2,5.549055028114251,188.89126017956627,94134.17994561492,0.011402478000007932,Continuous,Differentiable,Non-Separable,Scalable,Multimodal,2,True,False,Zakharov,0.0,200,100.0,100.0,False,False,False,False,,,,,1
3,[ 2.68487589 -0.64152465],200,NiaPyCuckooSearch,ZakharovN2,2.760455110731591,8.352747356796815,615010.8668088894,0.008159772000013277,Continuous,Differentiable,Non-Separable,Scalable,Multimodal,2,True,False,Zakharov,0.0,200,100.0,100.0,False,False,False,False,,,,,1
4,[0.28162887 0.17015813],200,NiaPyDifferentialEvolution,ZakharovN2,0.32904195599177016,0.2143241954873958,370769.97772284405,0.031834692000003884,Continuous,Differentiable,Non-Separable,Scalable,Multimodal,2,True,False,Zakharov,0.0,200,100.0,100.0,True,False,False,False,150.0,,,,1
5,[-0.47688472 -0.15632543],200,RandomSearch1,ZakharovN2,0.5018532376404349,0.4319848855740683,751525.4288768477,0.006779253999994239,Continuous,Differentiable,Non-Separable,Scalable,Multimodal,2,True,False,Zakharov,0.0,200,100.0,100.0,True,False,False,False,38.0,,,,1
6,[-1.06325407 -0.139167  ],199,RandomSearch2,ZakharovN2,1.0723230295398423,1.8023095012693695,507451.94107659574,0.007157176999996295,Continuous,Differentiable,Non-Separable,Scalable,Multimodal,2,True,False,Zakharov,0.0,200,100.0,99.5,False,False,False,False,,,,,1
7,[ 8.94034929e-05 -1.39435335e-04],205,CMAES,ZakharovN2,0.00016563573683265313,3.6409650280205415e-08,247.81635378083632,0.09508860500000083,Continuous,Differentiable,Non-Separable,Scalable,Multimodal,2,True,False,Zakharov,0.0,200,100.0,102.5,True,True,True,True,18.0,44.0,86.0,162.0,1
