,BestArm,NumberFunctionEval,Algorithm,CostFunction,EuclideanDistance,TrueRewardDifference,CumulativeRegret,TimeToComplete,Continuous,Differentiability,Separability,Scalability,Modality,Ndimensions,OptimizationSuccessful,BBOB,BaseClass,SD,MaxFeval,MaxFevalPerDimensions,FevalPerDimensions,SolveAt1,SolveAt1e-1,SolveAt1e-3,SolveAt1e-6,SolveEarlierAt1,SolveEarlierAt1e-1,SolveEarlierAt1e-3,SolveEarlierAt1e-6,simNumber
0,[-4.55274648  4.67593401],20000,NiaPyNelderMead,ZakharovN2,6.526243893560677,81.50307021386666,1634876.0269858364,1.2566464029996496,Continuous,Differentiable,Non-Separable,Scalable,Multimodal,2,True,False,Zakharov,3.0,20000,10000.0,10000.0,False,False,False,False,,,,,2
1,[-0.08791527  0.35844597],20000,NiaPyPSO,ZakharovN2,0.3690699203758499,0.24489730475050286,227654.49656010917,1.154014363999977,Continuous,Differentiable,Non-Separable,Scalable,Multimodal,2,True,False,Zakharov,3.0,20000,10000.0,10000.0,True,False,False,False,53.0,174.0,2941.0,,2
2,[0.6128062  0.08763003],20000,NiaPySimulatedAnnealing,ZakharovN2,0.619039951575884,0.5625788905144252,47455824.59560338,1.2311711399997876,Continuous,Differentiable,Non-Separable,Scalable,Multimodal,2,True,False,Zakharov,3.0,20000,10000.0,10000.0,True,False,False,False,74.0,81.0,,,2
3,[-0.35786805  0.30183764],20000,NiaPyCuckooSearch,ZakharovN2,0.4681618324015617,0.23450897113212085,71364703.7995421,0.9334047749998717,Continuous,Differentiable,Non-Separable,Scalable,Multimodal,2,True,False,Zakharov,3.0,20000,10000.0,10000.0,True,False,False,False,13.0,2672.0,,,2
4,[-0.12962959  0.36379664],20000,NiaPyDifferentialEvolution,ZakharovN2,0.38620179327586857,0.24653256281890945,409244.94780908735,3.661563277999903,Continuous,Differentiable,Non-Separable,Scalable,Multimodal,2,True,False,Zakharov,3.0,20000,10000.0,10000.0,True,False,False,False,233.0,233.0,568.0,,2
5,[ 0.67641947 -0.18709887],20000,RandomSearch1,ZakharovN2,0.7018185545115071,0.5159051908075681,69405417.30529341,0.7463070059998245,Continuous,Differentiable,Non-Separable,Scalable,Multimodal,2,True,False,Zakharov,3.0,20000,10000.0,10000.0,True,False,False,False,103.0,535.0,,,2
6,[-0.31451179  0.17123994],19999,RandomSearch2,ZakharovN2,0.3581072218491628,0.12843637397742974,70764944.59826523,0.8399748950000685,Continuous,Differentiable,Non-Separable,Scalable,Multimodal,2,True,False,Zakharov,3.0,20000,10000.0,9999.5,True,False,False,False,240.0,9512.0,,,2
7,[0.14563737 0.10992803],3421,CMAES,ZakharovN2,0.18246757685022277,0.06780609696521653,798351.8290492418,1.012870575999841,Continuous,Differentiable,Non-Separable,Scalable,Multimodal,2,True,False,Zakharov,3.0,20000,10000.0,1710.5,True,True,False,False,61.0,109.0,345.0,,2
