,BestArm,NumberFunctionEval,Algorithm,CostFunction,EuclideanDistance,TrueRewardDifference,CumulativeRegret,TimeToComplete,Continuous,Differentiability,Separability,Scalability,Modality,Ndimensions,OptimizationSuccessful,BBOB,BaseClass,SD,MaxFeval,MaxFevalPerDimensions,FevalPerDimensions,SolveAt1,SolveAt1e-1,SolveAt1e-3,SolveAt1e-6,SolveEarlierAt1,SolveEarlierAt1e-1,SolveEarlierAt1e-3,SolveEarlierAt1e-6,simNumber
0,[-0.89423058 -0.28281638],2000,NiaPyNelderMead,ZakharovN2,0.9378877554154968,1.6963097852775204,40943.314926790525,0.11947751100001369,Continuous,Differentiable,Non-Separable,Scalable,Multimodal,2,True,False,Zakharov,0.0,2000,1000.0,1000.0,False,False,False,False,,,,,0
1,[-0.01436958  0.02866661],2000,NiaPyPSO,ZakharovN2,0.032066480454345424,0.0014899406429304746,250424.23630570166,0.100042717000008,Continuous,Differentiable,Non-Separable,Scalable,Multimodal,2,True,False,Zakharov,0.0,2000,1000.0,1000.0,True,True,False,False,49.0,105.0,,,0
2,[4.23822548 0.04545282],2000,NiaPySimulatedAnnealing,ZakharovN2,4.238469198393203,44.60241433160063,6007743.051145406,0.11459063500001321,Continuous,Differentiable,Non-Separable,Scalable,Multimodal,2,True,False,Zakharov,0.0,2000,1000.0,1000.0,False,False,False,False,,,,,0
3,[ 0.50702851 -0.51054259],2000,NiaPyCuckooSearch,ZakharovN2,0.719535716885758,0.588159608396439,8492283.63871956,0.07738716299996895,Continuous,Differentiable,Non-Separable,Scalable,Multimodal,2,True,False,Zakharov,0.0,2000,1000.0,1000.0,True,False,False,False,14.0,,,,0
4,[-1.76871813e-04  5.70700884e-05],2000,NiaPyDifferentialEvolution,ZakharovN2,0.0001858511050717018,3.552444780847753e-08,494083.93032005965,0.3486940870000126,Continuous,Differentiable,Non-Separable,Scalable,Multimodal,2,True,False,Zakharov,0.0,2000,1000.0,1000.0,True,True,True,True,189.0,294.0,849.0,1637.0,0
5,[0.03202825 0.09258136],2000,RandomSearch1,ZakharovN2,0.09796487828878575,0.021529171658031535,7419366.552266593,0.06577985199999148,Continuous,Differentiable,Non-Separable,Scalable,Multimodal,2,True,False,Zakharov,0.0,2000,1000.0,1000.0,True,True,False,False,246.0,834.0,,,0
6,[ 0.19854729 -0.12250412],1999,RandomSearch2,ZakharovN2,0.23329870532405855,0.05496823210053361,6660669.456049465,0.0727715379999836,Continuous,Differentiable,Non-Separable,Scalable,Multimodal,2,True,False,Zakharov,0.0,2000,1000.0,999.5,True,True,False,False,6.0,818.0,,,0
7,[ 8.47968915e-09 -1.69535216e-08],535,CMAES,ZakharovN2,1.8955923159445763e-08,5.209646062903403e-16,720263.3692887034,0.18937210499996127,Continuous,Differentiable,Non-Separable,Scalable,Multimodal,2,True,False,Zakharov,0.0,2000,1000.0,267.5,True,True,True,True,117.0,123.0,183.0,257.0,0
