,BestArm,NumberFunctionEval,Algorithm,CostFunction,EuclideanDistance,TrueRewardDifference,CumulativeRegret,TimeToComplete,Continuous,Differentiability,Separability,Scalability,Modality,Ndimensions,OptimizationSuccessful,BBOB,BaseClass,SD,MaxFeval,MaxFevalPerDimensions,FevalPerDimensions,SolveAt1,SolveAt1e-1,SolveAt1e-3,SolveAt1e-6,SolveEarlierAt1,SolveEarlierAt1e-1,SolveEarlierAt1e-3,SolveEarlierAt1e-6,simNumber
0,[ 7.43531184 -1.58853814],200,NiaPyNelderMead,ZakharovN2,7.603112231370654,82.88983932769005,25160.12152362466,0.01216576300001293,Continuous,Differentiable,Non-Separable,Scalable,Multimodal,2,True,False,Zakharov,0.0,200,100.0,100.0,False,False,False,False,,,,,3
1,[ 0.04310618 -0.00511586],200,NiaPyPSO,ZakharovN2,0.0434086926427578,0.002154570010429553,160305.71034612015,0.010369694999994294,Continuous,Differentiable,Non-Separable,Scalable,Multimodal,2,True,False,Zakharov,0.0,200,100.0,100.0,True,True,False,False,41.0,64.0,,,3
2,[ 2.73053801 -0.33967038],200,NiaPySimulatedAnnealing,ZakharovN2,2.751583865156316,9.729460036583207,21793.0621244511,0.011354979000003596,Continuous,Differentiable,Non-Separable,Scalable,Multimodal,2,True,False,Zakharov,0.0,200,100.0,100.0,False,False,False,False,,,,,3
3,[-1.53314811  1.35282887],200,NiaPyCuckooSearch,ZakharovN2,2.0446733467666647,4.642509855983843,979055.3181109218,0.008430098999994584,Continuous,Differentiable,Non-Separable,Scalable,Multimodal,2,True,False,Zakharov,0.0,200,100.0,100.0,False,False,False,False,,,,,3
4,[ 0.83111892 -0.32039248],200,NiaPyDifferentialEvolution,ZakharovN2,0.8907356540838259,0.80254878394643,480173.9063988388,0.032837759000003075,Continuous,Differentiable,Non-Separable,Scalable,Multimodal,2,True,False,Zakharov,0.0,200,100.0,100.0,True,False,False,False,23.0,,,,3
5,[ 0.02008638 -0.25766185],200,RandomSearch1,ZakharovN2,0.2584435958690108,0.13186762449783673,567899.9771235576,0.007356122999993886,Continuous,Differentiable,Non-Separable,Scalable,Multimodal,2,True,False,Zakharov,0.0,200,100.0,100.0,True,False,False,False,134.0,,,,3
6,[ 0.60983381 -0.28042214],199,RandomSearch2,ZakharovN2,0.671218180749636,0.4511341995708386,510031.2979759829,0.0077967830000034155,Continuous,Differentiable,Non-Separable,Scalable,Multimodal,2,True,False,Zakharov,0.0,200,100.0,99.5,True,False,False,False,66.0,,,,3
7,[-5.51005828e-05 -3.75145682e-05],205,CMAES,ZakharovN2,6.665896080856897e-05,8.67685303091511e-09,425.08519542461516,0.0949000629999972,Continuous,Differentiable,Non-Separable,Scalable,Multimodal,2,True,False,Zakharov,0.0,200,100.0,102.5,True,True,True,True,17.0,42.0,81.0,166.0,3
