,BestArm,NumberFunctionEval,Algorithm,CostFunction,EuclideanDistance,TrueRewardDifference,CumulativeRegret,TimeToComplete,Continuous,Differentiability,Separability,Scalability,Modality,Ndimensions,OptimizationSuccessful,BBOB,BaseClass,SD,MaxFeval,MaxFevalPerDimensions,FevalPerDimensions,SolveAt1,SolveAt1e-1,SolveAt1e-3,SolveAt1e-6,SolveEarlierAt1,SolveEarlierAt1e-1,SolveEarlierAt1e-3,SolveEarlierAt1e-6,simNumber
0,[-1.9979587  -1.20197626],200,NiaPyNelderMead,ZakharovN2,2.3316487517516014,33.747119340992796,12539.229566318081,0.012250046000005455,Continuous,Differentiable,Non-Separable,Scalable,Multimodal,2,True,False,Zakharov,0.0,200,100.0,100.0,False,False,False,False,,,,,0
1,[-0.31086577  0.23922838],200,NiaPyPSO,ZakharovN2,0.39225979400717137,0.16093873407464585,150281.00794148853,0.010015106000011542,Continuous,Differentiable,Non-Separable,Scalable,Multimodal,2,True,False,Zakharov,0.0,200,100.0,100.0,True,False,False,False,69.0,,,,0
2,[-2.60775878  0.22574944],200,NiaPySimulatedAnnealing,ZakharovN2,2.6175119231776147,9.364823348589045,11233.659350931768,0.010988496999999597,Continuous,Differentiable,Non-Separable,Scalable,Multimodal,2,True,False,Zakharov,0.0,200,100.0,100.0,False,False,False,False,,,,,0
3,[0.39859163 0.48233533],200,NiaPyCuckooSearch,ZakharovN2,0.6257177138778918,1.0720163602969355,435060.24183500017,0.0079848099999964,Continuous,Differentiable,Non-Separable,Scalable,Multimodal,2,True,False,Zakharov,0.0,200,100.0,100.0,False,False,False,False,,,,,0
4,[0.95989144 0.11316031],200,NiaPyDifferentialEvolution,ZakharovN2,0.9665385787086022,1.4097170585613288,205380.18687017582,0.03196669999999813,Continuous,Differentiable,Non-Separable,Scalable,Multimodal,2,True,False,Zakharov,0.0,200,100.0,100.0,False,False,False,False,,,,,0
5,[-0.48528995  0.38040794],200,RandomSearch1,ZakharovN2,0.6166170143219531,0.39955536634001476,613386.0840207146,0.006648850999994238,Continuous,Differentiable,Non-Separable,Scalable,Multimodal,2,True,False,Zakharov,0.0,200,100.0,100.0,True,False,False,False,41.0,,,,0
6,[1.24973842 0.14567766],199,RandomSearch2,ZakharovN2,1.2582003393363936,2.5293406887233982,646009.4688542918,0.007266737000009016,Continuous,Differentiable,Non-Separable,Scalable,Multimodal,2,True,False,Zakharov,0.0,200,100.0,99.5,False,False,False,False,,,,,0
7,[-0.00157723  0.00039212],205,CMAES,ZakharovN2,0.001625245400317805,2.79863022203479e-06,447.4103191131703,0.0957388779999917,Continuous,Differentiable,Non-Separable,Scalable,Multimodal,2,True,False,Zakharov,0.0,200,100.0,102.5,True,True,True,False,7.0,7.0,51.0,,0
